run_id,project,model_family,framework,git_commit,branch,data_version,seed,start_time,end_time,status,failure_reason,train_metric_primary,val_metric_primary,test_metric_primary,metric_name,train_loss_final,epochs,max_lr,batch_size,num_params_millions,hardware_type,gpu_type,cpu_hours,gpu_hours,cloud_provider,triggered_by,registry_model_name,registry_version
9669a7d7-b3c3-4be0-8783-baeef9400174,fraud_detection,xgboost,tensorflow,321b890,main,fraud_v2,123,2024-07-03T10:54:44.365628,2024-07-03T11:39:21.154181,success,,0.8786424838868658,0.8658520709648645,0.8810098002369624,roc_auc,0.1097,60,0.02138,512,1.836,cpu,,1.556,0.0,gcp,ci_pipeline,fraud_detection_model,9
fc8b6454-d389-497d-baf9-bd7912f09d6c,fraud_detection,lightgbm,lightgbm,52f511d,bugfix/data_issue,fraud_v3,42,2024-09-23T08:27:01.625176,2024-09-23T08:51:11.514752,failed,early_stopped,,,,roc_auc,,40,0.00091,2048,0.982,cpu,,1.882,0.0,on_prem,scheduled_job,fraud_detection_model,19
cd1b8811-ec97-48b2-8b55-ce3884e26891,recsys_clickthrough,xgboost,sklearn,acfdd67,experiment/hyperparam,recsys_v2,456,2024-05-09T16:10:16.802375,2024-05-09T16:22:02.646102,failed,nan_loss,,,,roc_auc,,34,0.01071,2048,0.505,single_gpu,A100,0.368,0.186,aws,scheduled_job,recsys_clickthrough_model,13
b926e825-c2f7-4c38-8df0-0b6e371bc66d,energy_forecasting,tabnet,pytorch,adc3054,develop,energy_5,2024,2024-04-24T20:34:41.648861,2024-04-24T20:58:19.605382,failed,nan_loss,,,,rmse,,20,0.00082,512,7.959,multi_gpu,V100,1.26,2.003,on_prem,ci_pipeline,energy_forecasting_model,18
ca8f2edd-0048-4a84-9be8-16ed1d1839e7,energy_forecasting,tabnet,lightgbm,e63f810,main,energy_2,2024,2024-02-28T09:26:32.406319,2024-02-28T09:50:25.677898,success,,0.23110280346898426,0.2355461294854933,0.25090576179931506,rmse,0.0474,79,0.00164,512,2.12,multi_gpu,A100,0.952,3.063,aws,scheduled_job,energy_forecasting_model,17
dfad3513-7f89-49a8-b9fe-a554a8e522d3,energy_forecasting,tabnet,sklearn,a1ecc54,develop,energy_4,42,2024-12-14T03:25:39.090305,2024-12-14T05:06:16.386090,failed,early_stopped,,,,rmse,,67,0.00018,512,5.204,single_gpu,A100,1.85,1.952,gcp,user,energy_forecasting_model,5
43c0f077-66e1-4979-bcd6-7eeaa26ddfd6,energy_forecasting,lightgbm,xgboost,fee9715,experiment/hyperparam,energy_2,42,2024-03-28T22:02:06.539416,2024-03-28T22:56:21.291898,success,,0.17520859105534103,0.1689578175014489,0.16703685865791593,rmse,0.0206,71,0.0019,512,1.608,cpu,,4.364,0.0,aws,user,energy_forecasting_model,5
b42c2554-075c-4dba-8090-4017bf6c0fec,rag_qa_service,tabnet,pytorch,4d638b3,experiment/hyperparam,rag_corpus_4,2024,2024-08-25T04:55:54.425718,2024-08-25T05:08:42.869982,failed,oom,,,,f1,,31,0.00035,256,8.373,multi_gpu,A100,0.884,0.787,on_prem,scheduled_job,rag_qa_service_model,1
755a94ab-3989-473c-8cdf-5332a881ad78,recsys_clickthrough,tabnet,pytorch,0b01058,experiment/hyperparam,recsys_v4,123,2024-07-15T19:41:21.260465,2024-07-15T19:58:09.552556,success,,0.8411983832522512,0.8253771553051208,0.8431321244969879,roc_auc,0.1767,15,0.00402,256,1.208,multi_gpu,T4,2.219,1.858,on_prem,user,recsys_clickthrough_model,14
791f9f29-7aac-4e75-822a-40a81b940f5c,energy_forecasting,transformer,lightgbm,7baf165,main,energy_2,123,2024-03-10T10:13:48.136589,2024-03-10T11:05:53.616871,failed,nan_loss,,,,rmse,,62,1.4e-05,32,120.37,multi_gpu,T4,2.34,6.232,on_prem,user,energy_forecasting_model,15
c6485c07-542d-481d-9038-929e752b13fa,fraud_detection,xgboost,xgboost,dfed273,experiment/new_arch,fraud_v1,123,2024-05-18T07:48:16.280056,2024-05-18T08:01:40.162133,success,,0.9213373634658489,0.9029894092735447,0.9074378300384792,roc_auc,0.0579,74,0.00046,1024,1.002,multi_gpu,V100,0.882,1.424,on_prem,ci_pipeline,fraud_detection_model,16
d6856aba-1629-4c1b-8d85-30f70c25fd5d,recsys_clickthrough,lightgbm,tensorflow,30b0507,bugfix/data_issue,recsys_v2,42,2024-12-16T16:25:23.493663,2024-12-16T16:57:02.075178,failed,nan_loss,,,,roc_auc,,11,0.01919,2048,2.306,cpu,,2.599,0.0,gcp,scheduled_job,recsys_clickthrough_model,4
2e7d1064-a69e-4b6a-a378-84b1a4cddbfb,recsys_clickthrough,tabnet,xgboost,01a954a,experiment/hyperparam,recsys_v2,456,2024-05-24T11:05:02.464409,2024-05-24T11:37:27.137059,failed,early_stopped,,,,roc_auc,,61,0.00111,256,4.562,single_gpu,V100,0.581,0.455,azure,ci_pipeline,recsys_clickthrough_model,4
fe3a7db0-801c-4470-81e7-cd70e828abe0,fraud_detection,tabnet,pytorch,8251347,bugfix/data_issue,fraud_v3,1337,2024-12-25T02:33:17.992091,2024-12-25T03:57:58.318314,failed,oom,,,,roc_auc,,36,0.00012,256,6.546,cpu,,4.517,0.0,azure,user,fraud_detection_model,18
5b049743-767a-46ba-8684-a85ee7eaa740,recsys_clickthrough,cnn,tensorflow,9b3a47e,main,recsys_v1,2024,2024-06-03T14:31:25.563570,2024-06-03T15:28:22.378389,success,,0.8286383990253696,0.8207600132424859,0.8122226373616914,roc_auc,0.1814,36,0.00032,64,8.797,single_gpu,T4,3.1,0.846,aws,user,recsys_clickthrough_model,15
084b13e2-de21-42c7-81e9-282cd8d9be0b,rag_qa_service,tabnet,sklearn,1fb2058,experiment/new_arch,rag_corpus_2,42,2024-04-22T12:20:35.323397,2024-04-22T13:26:56.196927,success,,0.804540327372731,0.7848538774674021,0.7673025501204683,f1,0.1889,16,0.00553,256,8.135,cpu,,2.55,0.0,azure,scheduled_job,rag_qa_service_model,18
c139aae3-718a-4d2c-a9db-c760f36cc013,rag_qa_service,tabnet,pytorch,e32c262,experiment/hyperparam,rag_corpus_4,2024,2024-11-11T09:12:03.198843,2024-11-11T09:38:13.589464,failed,infra_error,,,,f1,,7,0.00433,512,8.677,single_gpu,V100,0.445,0.438,gcp,user,rag_qa_service_model,7
18ef2022-69d2-4324-8210-365efd6e3783,rag_qa_service,cnn,tensorflow,dd3a641,experiment/hyperparam,rag_corpus_3,2024,2024-07-04T22:23:37.383452,2024-07-04T22:37:23.086822,success,,0.785976222984845,0.7719357144166996,0.8190903619469628,f1,0.2175,77,0.00068,64,5.22,single_gpu,T4,0.312,0.214,aws,scheduled_job,rag_qa_service_model,2
c17cd35d-5c68-4573-82aa-26f8c71156ad,fraud_detection,tabnet,lightgbm,5c6f1e3,main,fraud_v4,42,2024-07-08T18:30:08.112396,2024-07-08T19:08:47.074039,failed,oom,,,,roc_auc,,43,0.00841,512,2.892,single_gpu,V100,1.605,0.593,on_prem,ci_pipeline,fraud_detection_model,10
e781e349-ab7a-4486-a693-6ef2fa0f2d7b,energy_forecasting,transformer,tensorflow,6426fae,bugfix/data_issue,energy_5,456,2024-05-28T05:13:06.521957,2024-05-28T05:44:46.650872,success,,0.18567094088334712,0.19704088487817611,0.19966593752526185,rmse,0.0303,58,3.7e-05,16,30.328,cpu,,2.78,0.0,azure,ci_pipeline,energy_forecasting_model,20
779d9c77-20e5-48f5-b2b1-7f3cd4992e50,energy_forecasting,transformer,lightgbm,737ec21,bugfix/data_issue,energy_5,456,2024-02-04T02:04:18.741583,2024-02-04T02:44:55.044913,success,,0.26682090745916953,0.22963099250277136,0.20492487474712848,rmse,0.0624,21,3e-05,16,208.198,single_gpu,A100,2.223,0.606,azure,user,energy_forecasting_model,2
7d76a8e2-d70a-4fd2-86fd-43b79fadf33e,recsys_clickthrough,transformer,xgboost,d16a3b7,develop,recsys_v2,2024,2024-09-07T23:34:20.418907,2024-09-08T00:09:01.164427,success,,0.8289512980623436,0.8239860546035056,0.7929727859821829,roc_auc,0.1724,69,0.000468,16,109.818,cpu,,1.333,0.0,on_prem,scheduled_job,recsys_clickthrough_model,2
424aa74f-6d1e-4d2b-acaf-2483276a67c8,recsys_clickthrough,xgboost,lightgbm,27885c7,bugfix/data_issue,recsys_v4,1337,2024-06-11T18:12:11.670451,2024-06-11T18:29:42.108278,success,,0.8411111643020448,0.8389436972254072,0.8325024669012937,roc_auc,0.1752,34,0.01688,1024,1.222,single_gpu,A100,1.112,0.249,on_prem,ci_pipeline,recsys_clickthrough_model,9
8f9120a2-0c93-47c1-a743-d4d3936d4d7f,rag_qa_service,lightgbm,tensorflow,7b35e12,experiment/new_arch,rag_corpus_2,2024,2024-03-19T02:13:37.932414,2024-03-19T02:29:27.328394,success,,0.8108123684301942,0.7929941397124212,0.7620703719404691,f1,0.1628,10,0.03492,1024,1.71,multi_gpu,V100,1.366,0.91,azure,user,rag_qa_service_model,14
05e14645-0f4e-49cb-9c42-672b6a768052,rag_qa_service,tabnet,sklearn,dc605cd,experiment/new_arch,rag_corpus_5,2024,2024-09-25T03:23:39.740012,2024-09-25T04:08:57.353830,success,,0.8077799583946462,0.7948492336616594,0.7769904482110002,f1,0.2295,65,0.00595,512,7.909,single_gpu,V100,2.209,0.629,gcp,user,rag_qa_service_model,13
97ae1784-a1c7-47d0-88ec-7796951e1d35,energy_forecasting,transformer,pytorch,def8e9a,main,energy_4,123,2024-11-12T09:37:04.350048,2024-11-12T10:21:04.640777,success,,0.2666770416497733,0.2879297789503702,0.33076230033217424,rmse,0.0901,30,0.000201,32,82.795,single_gpu,T4,2.3,0.656,azure,scheduled_job,energy_forecasting_model,11
5e9d6385-c094-4265-b56a-0719993031b0,energy_forecasting,transformer,tensorflow,cd4108f,experiment/hyperparam,energy_2,2024,2024-01-26T01:05:48.930599,2024-01-26T01:34:23.833418,success,,0.19133882430410684,0.19231319178212553,0.2263050182162108,rmse,0.064,5,3.4e-05,16,88.317,cpu,,3.721,0.0,aws,ci_pipeline,energy_forecasting_model,5
cf7b43c9-e1b7-424a-bd27-296e1bbe585b,recsys_clickthrough,lightgbm,lightgbm,a93bc29,main,recsys_v2,456,2024-02-09T10:56:42.169202,2024-02-09T11:31:44.083587,success,,0.7919890242299873,0.7771643000775554,0.7726950443710384,roc_auc,0.2223,28,0.00539,1024,0.666,cpu,,3.537,0.0,azure,user,recsys_clickthrough_model,19
be3b21d0-d920-4461-9d91-41172d965dfa,recsys_clickthrough,xgboost,tensorflow,d91fc56,experiment/hyperparam,recsys_v1,1337,2024-08-24T08:28:44.059935,2024-08-24T09:12:43.407779,success,,0.8375425551771882,0.8170868434937251,0.8102440092416174,roc_auc,0.1439,58,0.08111,512,2.574,cpu,,2.244,0.0,on_prem,scheduled_job,recsys_clickthrough_model,15
ffade0df-21b9-4116-8360-ce78fa0fc429,recsys_clickthrough,transformer,pytorch,bf4c876,bugfix/data_issue,recsys_v3,456,2024-11-06T21:00:26.214370,2024-11-06T21:24:46.760011,success,,0.7961829536114099,0.7846457025519546,0.7858098769208747,roc_auc,0.181,62,0.00013,16,282.123,cpu,,2.382,0.0,azure,ci_pipeline,recsys_clickthrough_model,20
394be6f3-6e6c-435d-ad79-2b8d66b004e2,rag_qa_service,cnn,sklearn,7575449,experiment/hyperparam,rag_corpus_5,42,2024-07-07T13:39:17.010082,2024-07-07T14:20:19.718432,success,,0.8231895789904984,0.8080392263184117,0.820883875091217,f1,0.1871,74,0.00248,128,14.347,single_gpu,T4,1.422,0.628,gcp,user,rag_qa_service_model,16
b3d120fe-8878-4a6c-93e9-1adf4e26ecd5,rag_qa_service,transformer,sklearn,13b4978,experiment/new_arch,rag_corpus_5,456,2024-05-08T09:51:36.798840,2024-05-08T14:51:36.798840,success,,0.7818262299729154,0.7642365377679827,0.7449159074045434,f1,0.2134,18,0.000395,16,201.99,multi_gpu,V100,31.059,33.874,azure,ci_pipeline,rag_qa_service_model,7
c94f8519-a8d2-4675-911f-82c68c643b86,energy_forecasting,xgboost,xgboost,fb3b49c,bugfix/data_issue,energy_3,42,2024-10-30T21:49:28.065882,2024-10-30T22:14:13.001111,failed,early_stopped,,,,rmse,,4,0.00461,1024,1.674,single_gpu,T4,0.767,0.427,azure,user,energy_forecasting_model,9
e301bd7b-8fcb-4dd4-94d3-58db1de5fcc5,fraud_detection,xgboost,xgboost,4fac104,experiment/new_arch,fraud_v4,456,2024-03-08T07:01:32.709422,2024-03-08T07:36:19.680494,success,,0.849858219317176,0.8432063917911233,0.8666120939081166,roc_auc,0.1527,11,0.00038,512,0.208,cpu,,3.918,0.0,azure,scheduled_job,fraud_detection_model,16
de8ec752-a9b6-407e-996a-c701e93803d6,fraud_detection,tabnet,sklearn,2cf1386,bugfix/data_issue,fraud_v5,123,2024-10-10T03:04:31.467923,2024-10-10T03:50:34.517780,success,,0.8555082007032359,0.8318738457937188,0.844305335457792,roc_auc,0.1448,42,0.00015,512,0.991,multi_gpu,V100,3.982,4.025,on_prem,ci_pipeline,fraud_detection_model,20
19a78d35-6704-4408-946c-c10dacb49609,fraud_detection,tabnet,sklearn,f33a221,main,fraud_v4,789,2024-09-08T14:53:28.138108,2024-09-08T15:36:38.593516,success,,0.8734584449733789,0.8468454276672973,0.8418317213000418,roc_auc,0.1202,39,0.00044,512,8.054,multi_gpu,V100,2.608,3.334,aws,ci_pipeline,fraud_detection_model,15
df628d08-82d6-49cd-a6b9-96016226e6c8,fraud_detection,lightgbm,tensorflow,caae68a,experiment/hyperparam,fraud_v2,42,2024-01-22T18:25:45.214109,2024-01-22T19:05:49.491753,success,,0.8354061434393685,0.8216331807847643,0.8464034455819567,roc_auc,0.1381,62,0.01934,512,2.015,single_gpu,A100,1.229,0.789,azure,ci_pipeline,fraud_detection_model,10
46f9cb69-e79f-4e2d-994e-1cb6af585b21,rag_qa_service,cnn,xgboost,879eb90,develop,rag_corpus_5,1337,2024-12-13T00:53:16.056901,2024-12-13T02:33:22.416024,failed,infra_error,,,,f1,,69,0.00031,128,7.763,single_gpu,A100,5.462,1.344,aws,scheduled_job,rag_qa_service_model,6
f9d798af-2089-46ac-847c-ecad2ed45345,rag_qa_service,transformer,sklearn,7651267,experiment/new_arch,rag_corpus_5,42,2024-06-15T00:16:29.853664,2024-06-15T00:45:13.003828,failed,oom,,,,f1,,68,1.6e-05,32,157.652,single_gpu,V100,1.159,0.416,azure,ci_pipeline,rag_qa_service_model,18
b4e21d17-2991-4b0a-bfdd-270ad0fd797c,rag_qa_service,transformer,sklearn,35cac38,experiment/hyperparam,rag_corpus_4,2024,2024-06-25T22:04:31.228615,2024-06-25T23:46:20.409431,failed,oom,,,,f1,,73,7.4e-05,32,131.581,cpu,,9.013,0.0,gcp,ci_pipeline,rag_qa_service_model,14
e0bc1f8c-1346-4ec4-ac8f-220c0c4da1b5,fraud_detection,lightgbm,sklearn,71d7b84,experiment/new_arch,fraud_v4,123,2024-06-15T17:26:58.204086,2024-06-15T17:52:24.070808,failed,infra_error,,,,roc_auc,,38,0.00273,512,1.915,single_gpu,V100,1.064,0.484,gcp,scheduled_job,fraud_detection_model,17
38733eaf-1f85-4ed5-8412-adc173846651,energy_forecasting,xgboost,tensorflow,bd9ad77,experiment/hyperparam,energy_5,1337,2024-05-17T16:21:36.269689,2024-05-17T16:57:25.336335,success,,0.23343842246633387,0.23349010424950095,0.28162114830842994,rmse,0.0421,55,0.01402,512,0.573,single_gpu,T4,0.723,0.631,gcp,user,energy_forecasting_model,11
258b43c3-1a13-4d95-be08-4c2e82fe78c1,rag_qa_service,transformer,lightgbm,fca2f2f,experiment/hyperparam,rag_corpus_1,789,2024-02-06T09:28:28.099991,2024-02-06T11:27:33.074960,success,,0.6952055287012253,0.6823956100238749,0.6668281220283601,f1,0.3006,22,0.000764,64,128.109,multi_gpu,T4,15.416,14.751,gcp,user,rag_qa_service_model,16
d0d686e8-e2d2-4ba5-ae77-514f12d40d5a,energy_forecasting,cnn,xgboost,baddd65,experiment/new_arch,energy_5,42,2024-08-13T08:56:41.581103,2024-08-13T09:21:19.727284,success,,0.22912555272147195,0.24785077429825236,0.2884021062509728,rmse,0.0588,14,0.00489,256,1.442,single_gpu,A100,1.414,0.375,azure,scheduled_job,energy_forecasting_model,4
6e3d16c4-7a18-4d8f-b421-a25c8816a212,fraud_detection,transformer,pytorch,be0c452,bugfix/data_issue,fraud_v4,1337,2024-09-05T20:34:16.510980,2024-09-05T20:54:24.784233,failed,early_stopped,,,,roc_auc,,51,0.000317,64,245.914,single_gpu,T4,1.333,0.324,gcp,ci_pipeline,fraud_detection_model,8
b4146162-621c-4a9f-87f8-e1032aaa9069,rag_qa_service,tabnet,pytorch,3a7ae74,bugfix/data_issue,rag_corpus_2,42,2024-06-10T05:33:10.455730,2024-06-10T05:56:50.205530,success,,0.790103708358511,0.769115939838639,0.7897513485633397,f1,0.2262,61,0.00055,512,7.876,single_gpu,A100,0.798,0.462,azure,scheduled_job,rag_qa_service_model,7
a255ef27-55c2-4b5d-b813-d1e1a47f038d,rag_qa_service,transformer,sklearn,399f4fa,experiment/hyperparam,rag_corpus_1,1337,2024-11-11T17:59:25.453781,2024-11-11T19:11:54.152118,success,,0.7883397874587526,0.781050192081638,0.7657228250089285,f1,0.2499,80,4.4e-05,16,270.747,cpu,,4.499,0.0,on_prem,scheduled_job,rag_qa_service_model,8
7801c576-ff87-4c2d-aef5-823b5262a834,recsys_clickthrough,tabnet,tensorflow,abadaea,experiment/hyperparam,recsys_v4,42,2024-07-30T13:03:59.526098,2024-07-30T14:06:44.442032,success,,0.8674976942156223,0.8508271331809244,0.836844201619086,roc_auc,0.1323,25,0.00079,512,3.286,single_gpu,T4,2.077,1.118,azure,user,recsys_clickthrough_model,5
c30344ff-429d-4bdc-b7d7-8baacdd1a1bb,energy_forecasting,tabnet,xgboost,ed4d7cb,experiment/hyperparam,energy_1,789,2024-12-17T10:56:42.883913,2024-12-17T11:06:09.869517,success,,0.3024975433200437,0.31852157582833596,0.31270615218746256,rmse,0.0872,53,0.00596,256,3.834,single_gpu,T4,0.213,0.135,on_prem,user,energy_forecasting_model,9
60d17b66-abd0-40b2-813f-bbce433852aa,fraud_detection,transformer,tensorflow,aa9df13,main,fraud_v5,1337,2024-04-29T17:20:06.103393,2024-04-29T17:57:31.501688,success,,0.9098568128465145,0.9046306301522677,0.8946672185027014,roc_auc,0.1173,41,0.00044,64,217.748,single_gpu,A100,0.776,0.52,aws,ci_pipeline,fraud_detection_model,14
59a7c6c8-4a4b-4094-b406-5aa7f9bc95b4,fraud_detection,lightgbm,sklearn,f471e27,bugfix/data_issue,fraud_v4,1337,2024-09-27T22:16:35.649639,2024-09-27T22:26:20.934694,success,,0.9202775424050786,0.9171009684162802,0.916378036133243,roc_auc,0.1051,55,0.05833,2048,0.422,single_gpu,V100,0.403,0.131,aws,scheduled_job,fraud_detection_model,2
a6f1ff94-ce8e-4d60-987d-23fdca844df7,energy_forecasting,lightgbm,lightgbm,735f5ea,main,energy_4,456,2024-03-10T06:43:22.816312,2024-03-10T07:35:58.190669,failed,early_stopped,,,,rmse,,30,0.00909,2048,2.89,cpu,,3.176,0.0,on_prem,user,energy_forecasting_model,2
3b70978b-0b1d-48fa-84ae-606887c25915,energy_forecasting,lightgbm,pytorch,c3d89d3,develop,energy_5,42,2024-04-11T04:55:39.542689,2024-04-11T05:45:45.739249,failed,nan_loss,,,,rmse,,6,0.00115,512,2.893,single_gpu,T4,0.866,0.992,azure,user,energy_forecasting_model,12
77a32284-8834-41f1-b8d5-90b2d0ef9230,recsys_clickthrough,tabnet,tensorflow,0426117,experiment/hyperparam,recsys_v5,1337,2024-02-09T19:18:47.259481,2024-02-09T19:44:49.087590,success,,0.8261769461033985,0.8239070439419532,0.824397247427132,roc_auc,0.1838,6,0.00012,512,8.966,single_gpu,A100,1.121,0.519,aws,user,recsys_clickthrough_model,16
938509d4-2e55-46be-9c1a-c8922538c8ac,rag_qa_service,transformer,sklearn,7e11914,bugfix/data_issue,rag_corpus_5,2024,2024-04-28T16:37:28.140498,2024-04-28T17:56:34.013734,failed,early_stopped,,,,f1,,17,8.1e-05,64,195.716,single_gpu,V100,3.629,1.53,on_prem,ci_pipeline,rag_qa_service_model,7
bafb6990-6ec5-42f3-aabe-983f99ae87d0,rag_qa_service,transformer,pytorch,6d6b554,develop,rag_corpus_4,42,2024-02-03T07:07:44.925912,2024-02-03T08:06:37.941494,success,,0.7942164944833355,0.7744534032185245,0.7381321667417154,f1,0.2215,50,1.2e-05,16,98.67,cpu,,7.51,0.0,aws,user,rag_qa_service_model,18
ba4b97f1-5e9c-4fe8-85bd-fd4f7a8a06ca,fraud_detection,tabnet,xgboost,8a6df6e,main,fraud_v3,1337,2024-04-24T01:03:08.481628,2024-04-24T01:33:16.000125,failed,oom,,,,roc_auc,,31,0.00051,512,6.045,cpu,,0.775,0.0,gcp,scheduled_job,fraud_detection_model,18
19b00b1f-0b9e-43e8-988b-fe1bd8abc9f5,energy_forecasting,xgboost,tensorflow,9cdfd9a,main,energy_5,2024,2024-10-29T18:04:35.472168,2024-10-29T18:19:16.694352,success,,0.2638505929985032,0.2775211919093025,0.23740874916306687,rmse,0.0879,42,0.0863,2048,2.96,single_gpu,T4,0.757,0.248,gcp,scheduled_job,energy_forecasting_model,12
a987ff4a-d369-4dd6-9aae-8895292116a0,fraud_detection,lightgbm,pytorch,962a0b3,experiment/new_arch,fraud_v4,456,2024-02-27T10:54:18.923051,2024-02-27T12:01:30.886057,failed,nan_loss,,,,roc_auc,,22,0.09294,512,0.536,single_gpu,A100,3.116,1.067,azure,ci_pipeline,fraud_detection_model,2
c841c035-fb9a-42e3-b153-955c386955c3,fraud_detection,cnn,lightgbm,a774c16,experiment/hyperparam,fraud_v5,789,2024-07-11T07:56:34.003024,2024-07-11T08:21:33.431309,success,,0.8261734200066313,0.822167170236169,0.8222458257319418,roc_auc,0.1748,10,0.00871,256,17.0,single_gpu,T4,1.464,0.411,gcp,user,fraud_detection_model,7
3cb2b201-ead6-444b-ba7f-c644c59663af,energy_forecasting,lightgbm,pytorch,c417628,develop,energy_5,1337,2024-10-31T04:10:58.127513,2024-10-31T04:36:14.847349,success,,0.2704956702678154,0.26114249661737493,0.3006493726668149,rmse,0.0765,5,0.00423,1024,0.475,single_gpu,T4,1.627,0.439,on_prem,scheduled_job,energy_forecasting_model,3
54ade3bd-da86-49df-b11f-a83e6565a1d1,energy_forecasting,tabnet,lightgbm,9b6105c,bugfix/data_issue,energy_4,2024,2024-12-01T17:10:58.890916,2024-12-01T17:32:06.962567,failed,early_stopped,,,,rmse,,58,0.0011,256,7.837,cpu,,1.635,0.0,on_prem,scheduled_job,energy_forecasting_model,17
ce30cda3-54ac-4348-8cd9-e9f457b1a567,fraud_detection,transformer,tensorflow,b3c1a83,experiment/hyperparam,fraud_v3,2024,2024-12-15T18:02:11.533974,2024-12-15T18:38:51.788451,failed,nan_loss,,,,roc_auc,,28,0.000132,32,265.463,single_gpu,T4,1.351,0.522,aws,ci_pipeline,fraud_detection_model,5
5a79257e-609c-4bea-b8dc-e3a7a5645c89,fraud_detection,lightgbm,lightgbm,799aeaf,experiment/hyperparam,fraud_v3,123,2024-06-09T12:19:20.176157,2024-06-09T13:25:29.264354,success,,0.8635674038106006,0.8569904901968446,0.831027393640361,roc_auc,0.1653,10,0.00037,2048,2.29,multi_gpu,V100,6.308,6.863,azure,scheduled_job,fraud_detection_model,17
7b785e23-4383-4890-9bb8-af6b1a20137b,fraud_detection,cnn,lightgbm,70d1dd9,bugfix/data_issue,fraud_v4,789,2024-07-30T19:41:08.192119,2024-07-30T20:37:29.381108,success,,0.8921738208244573,0.8658876653687444,0.845186143495521,roc_auc,0.0738,80,0.0005,128,10.766,cpu,,6.091,0.0,on_prem,scheduled_job,fraud_detection_model,17
677c934e-23bf-405c-85c3-a839ce451642,recsys_clickthrough,xgboost,lightgbm,1e5b823,experiment/new_arch,recsys_v4,1337,2024-07-09T19:16:22.040134,2024-07-09T19:48:23.837092,success,,0.7845179454681062,0.7678212199798058,0.7751531849017428,roc_auc,0.1967,55,0.00444,1024,2.942,single_gpu,V100,1.323,0.497,azure,scheduled_job,recsys_clickthrough_model,20
5533bfd1-ca0d-4da0-b2c5-337f29042ca4,fraud_detection,cnn,sklearn,5864df9,develop,fraud_v3,42,2024-07-31T16:47:53.331997,2024-07-31T17:12:13.087755,success,,0.8429210181596071,0.8382235943433315,0.8263305018593964,roc_auc,0.1549,79,0.00622,64,10.005,single_gpu,V100,1.218,0.352,azure,ci_pipeline,fraud_detection_model,3
b597dc14-2103-4a33-a1f0-7657e16ff5ae,energy_forecasting,tabnet,lightgbm,a52bffe,main,energy_4,1337,2024-05-12T01:36:50.846392,2024-05-12T01:54:38.479223,success,,0.20641582309143872,0.19501372460037072,0.20939225063449046,rmse,0.0404,65,0.00026,512,3.961,single_gpu,V100,0.744,0.319,gcp,user,energy_forecasting_model,8
1af0359a-ff49-42ab-81b2-1dfa44952c80,recsys_clickthrough,lightgbm,sklearn,4c88b8a,bugfix/data_issue,recsys_v2,1337,2024-05-17T12:03:57.846259,2024-05-17T12:51:50.077901,success,,0.8451483977799067,0.8503003084018922,0.8776377937507827,roc_auc,0.1878,55,0.00091,512,0.707,single_gpu,T4,1.685,0.793,gcp,scheduled_job,recsys_clickthrough_model,8
f4637f10-cb53-444c-a26a-8047d9109d8f,rag_qa_service,tabnet,tensorflow,cc33fce,develop,rag_corpus_3,2024,2024-12-11T16:51:37.048819,2024-12-11T17:20:08.202242,success,,0.9551397895371077,0.9339440404227619,0.9307461006357427,f1,0.0257,23,0.00012,512,2.898,multi_gpu,V100,2.985,3.504,azure,user,rag_qa_service_model,20
12b77ae2-e4e5-4d28-98d7-5018b7156c63,recsys_clickthrough,cnn,sklearn,ad81dd4,develop,recsys_v3,789,2024-11-26T10:28:56.606338,2024-11-26T10:41:34.449740,success,,0.8316728165922637,0.8281385454346889,0.806507585362401,roc_auc,0.2021,47,0.00035,128,8.168,single_gpu,V100,0.223,0.196,aws,user,recsys_clickthrough_model,14
c7217203-5dce-43df-a870-1ae1787d2c43,fraud_detection,transformer,xgboost,561351b,experiment/hyperparam,fraud_v2,123,2024-01-14T23:32:09.435067,2024-01-15T00:28:21.661327,success,,0.9310828227549363,0.9156937223180897,0.9001350300031928,roc_auc,0.0651,3,0.000379,32,159.564,multi_gpu,A100,2.362,4.892,gcp,user,fraud_detection_model,1
2da4bc9f-f4bd-4746-a82d-e57dad7dbe65,energy_forecasting,lightgbm,pytorch,8b81440,experiment/new_arch,energy_5,789,2024-01-23T22:11:26.314285,2024-01-23T22:31:01.255752,success,,0.1503551829595055,0.1608600134517832,0.15054301707240553,rmse,0.0161,21,0.01303,2048,1.755,multi_gpu,A100,1.35,2.585,aws,scheduled_job,energy_forecasting_model,14
683b1200-2a82-4d77-bc7b-cc685634d2d9,fraud_detection,tabnet,tensorflow,36a1f18,bugfix/data_issue,fraud_v5,1337,2024-01-08T10:07:42.683104,2024-01-08T10:32:26.049435,success,,0.8731461476742345,0.8714556488383448,0.8755125012250424,roc_auc,0.1258,5,0.00024,512,3.208,multi_gpu,T4,1.253,3.041,on_prem,scheduled_job,fraud_detection_model,3
57576058-490e-4d5f-bedb-95fa39ad8e89,energy_forecasting,lightgbm,sklearn,cb508d2,experiment/new_arch,energy_4,2024,2024-03-07T12:45:18.957980,2024-03-07T13:14:00.500073,success,,0.18409998697927593,0.18462181689792012,0.19599689971543863,rmse,0.0172,28,0.08388,1024,2.61,single_gpu,T4,1.65,0.432,on_prem,user,energy_forecasting_model,7
e6fad155-1213-412d-91ed-896a02f4f563,fraud_detection,cnn,tensorflow,8f84c35,main,fraud_v3,456,2024-02-15T10:24:03.859995,2024-02-15T11:09:56.623722,success,,0.831654576330119,0.8211737268635051,0.8250695643893273,roc_auc,0.1503,46,0.00346,128,4.554,single_gpu,V100,1.507,0.742,on_prem,user,fraud_detection_model,16
0794f97d-b564-4d46-9bd1-497838ad94d4,rag_qa_service,cnn,xgboost,4166f24,main,rag_corpus_1,456,2024-08-29T05:39:08.567904,2024-08-29T06:27:43.203373,failed,data_error,,,,f1,,59,0.0002,256,10.142,single_gpu,V100,2.103,0.664,on_prem,scheduled_job,rag_qa_service_model,2
02722d3a-485d-4e8d-91e4-beaa3d24025c,energy_forecasting,tabnet,lightgbm,4ff1a5c,develop,energy_1,123,2024-11-05T18:20:35.359231,2024-11-05T18:32:48.569502,failed,data_error,,,,rmse,,49,0.00047,256,1.777,multi_gpu,T4,0.485,1.617,gcp,scheduled_job,energy_forecasting_model,19
400f0350-be5f-485e-901e-756f7852c03c,fraud_detection,tabnet,pytorch,af5c986,experiment/hyperparam,fraud_v2,42,2024-01-10T11:00:03.117492,2024-01-10T12:00:37.230143,failed,infra_error,,,,roc_auc,,36,0.00032,512,6.974,single_gpu,V100,3.312,1.048,on_prem,user,fraud_detection_model,20
a57cd8a8-0350-4b7d-aeb2-093b83c723cb,energy_forecasting,transformer,pytorch,1d7e71a,experiment/hyperparam,energy_3,2024,2024-01-24T16:51:58.773776,2024-01-24T17:15:24.359585,failed,nan_loss,,,,rmse,,68,8.8e-05,32,135.315,single_gpu,V100,0.799,0.458,gcp,user,energy_forecasting_model,7
22622121-85b3-40aa-9965-ccdbf1a50596,recsys_clickthrough,lightgbm,lightgbm,085c891,experiment/hyperparam,recsys_v4,2024,2024-09-19T09:17:53.594314,2024-09-19T09:59:16.120853,failed,infra_error,,,,roc_auc,,12,0.07012,1024,0.626,multi_gpu,V100,1.654,4.446,aws,scheduled_job,recsys_clickthrough_model,17
026281c1-80f0-4693-8264-89288f02de3a,energy_forecasting,lightgbm,xgboost,a2f6e01,develop,energy_3,123,2024-02-29T02:49:50.036555,2024-02-29T03:12:52.957890,failed,early_stopped,,,,rmse,,28,0.00863,1024,2.541,single_gpu,V100,0.545,0.43,azure,scheduled_job,energy_forecasting_model,5
91823ea4-b524-421e-b336-f16046e0b8ea,energy_forecasting,tabnet,xgboost,1a9929e,experiment/hyperparam,energy_5,42,2024-10-28T05:04:10.926413,2024-10-28T05:28:53.864848,success,,0.22566183454657476,0.20837209060901896,0.2020690888968123,rmse,0.0484,29,0.00021,512,8.238,cpu,,2.33,0.0,aws,ci_pipeline,energy_forecasting_model,14
f72781e2-c667-4d4b-ada8-275e336da8bc,fraud_detection,transformer,xgboost,4f7ca41,main,fraud_v2,789,2024-05-31T16:50:47.388608,2024-05-31T18:03:04.552889,failed,data_error,,,,roc_auc,,43,5.7e-05,32,149.55,multi_gpu,T4,4.588,7.814,azure,scheduled_job,fraud_detection_model,5
22b34c39-7acf-4a92-82df-340f572b783a,energy_forecasting,tabnet,xgboost,131720f,bugfix/data_issue,energy_4,123,2024-12-17T09:07:41.036220,2024-12-17T09:20:30.884457,success,,0.1923691172076275,0.23080267093219656,0.25267804341930583,rmse,0.0421,66,0.0063,256,4.147,single_gpu,V100,0.563,0.249,azure,ci_pipeline,energy_forecasting_model,15
71386592-ea06-499d-884f-6b3dc8305b10,rag_qa_service,cnn,lightgbm,0f8f350,experiment/new_arch,rag_corpus_5,2024,2024-09-02T11:16:49.760347,2024-09-02T12:26:49.344530,failed,data_error,,,,f1,,20,0.00117,128,17.984,single_gpu,A100,3.926,1.004,aws,ci_pipeline,rag_qa_service_model,12
d36f8606-65b0-4ded-8cf2-6d2424cae3a7,rag_qa_service,cnn,sklearn,693818c,experiment/hyperparam,rag_corpus_5,2024,2024-08-11T00:44:16.500170,2024-08-11T01:01:28.764761,success,,0.7456746606992258,0.7391499280369553,0.7598783951515871,f1,0.2801,74,0.00308,128,1.637,single_gpu,T4,0.777,0.317,on_prem,scheduled_job,rag_qa_service_model,5
d75638dd-aa50-495c-8b5f-ad97636bcb5e,recsys_clickthrough,tabnet,xgboost,600bc82,bugfix/data_issue,recsys_v2,456,2024-12-05T22:47:24.443674,2024-12-05T23:12:46.111136,success,,0.8955221623501323,0.8754361328516439,0.8427917712630735,roc_auc,0.1101,67,0.0002,512,2.678,single_gpu,T4,1.339,0.46,on_prem,ci_pipeline,recsys_clickthrough_model,18
07726319-78a3-4e6e-b69b-ee33a7fb5aa2,rag_qa_service,tabnet,tensorflow,705164e,main,rag_corpus_5,789,2024-04-06T22:02:47.860782,2024-04-06T22:20:20.771079,success,,0.7661595896694835,0.7543542812514292,0.820443570836393,f1,0.2298,70,0.00656,256,6.042,single_gpu,A100,0.644,0.288,aws,ci_pipeline,rag_qa_service_model,20
c015324f-a6c0-4f13-acc4-a4b53b3e316b,rag_qa_service,lightgbm,pytorch,0f1052b,experiment/new_arch,rag_corpus_5,1337,2024-12-01T23:45:48.675958,2024-12-02T00:19:52.328246,success,,0.816289301829627,0.8040504615868357,0.7842886002007029,f1,0.1931,44,0.0479,2048,2.803,cpu,,2.813,0.0,gcp,ci_pipeline,rag_qa_service_model,16
88e709f7-dbf8-4c76-94eb-47ded0df44dd,rag_qa_service,cnn,pytorch,788adac,experiment/hyperparam,rag_corpus_5,789,2024-03-11T04:14:02.837895,2024-03-11T05:56:28.853367,success,,0.8473749541051631,0.8472710023077489,0.8441263293052577,f1,0.1537,39,0.00071,128,14.992,single_gpu,V100,6.493,1.998,azure,ci_pipeline,rag_qa_service_model,7
acb277ac-a09e-4eda-9546-21d32a8c6a24,rag_qa_service,cnn,lightgbm,5ec41a6,experiment/new_arch,rag_corpus_3,123,2024-04-16T00:21:54.833249,2024-04-16T01:25:45.750227,success,,0.722846214518334,0.7293947812369916,0.7499740458360395,f1,0.2786,35,0.00152,128,8.581,single_gpu,A100,1.239,0.994,aws,ci_pipeline,rag_qa_service_model,16
3dd342a8-d6c3-4fa9-b9ae-4ec7d5ce763b,recsys_clickthrough,lightgbm,xgboost,4841b30,bugfix/data_issue,recsys_v2,2024,2024-03-25T23:38:53.750041,2024-03-25T23:54:10.072216,success,,0.7669426590399865,0.7681968491174553,0.7652161157828647,roc_auc,0.2329,63,0.02207,2048,1.411,cpu,,0.655,0.0,on_prem,user,recsys_clickthrough_model,5
ab3fc37f-d7e7-4b88-bd1b-a0f6bca7da9c,fraud_detection,tabnet,pytorch,6ee73f5,main,fraud_v1,2024,2024-07-28T13:24:29.425739,2024-07-28T13:39:29.842330,success,,0.9467343331438379,0.9254686828483604,0.9214353524900379,roc_auc,0.0311,7,0.00069,256,9.191,cpu,,0.885,0.0,gcp,scheduled_job,fraud_detection_model,16
672fe254-a0db-4ec7-acde-02a54647c83a,recsys_clickthrough,cnn,sklearn,091f4f8,experiment/new_arch,recsys_v2,1337,2024-06-19T19:51:42.971382,2024-06-19T22:26:48.467120,failed,data_error,,,,roc_auc,,61,0.00014,256,15.249,single_gpu,T4,4.213,2.996,azure,ci_pipeline,recsys_clickthrough_model,6
9c3aa778-d848-474d-a3e7-b47f80f94fc7,fraud_detection,cnn,tensorflow,9c2ded8,main,fraud_v4,2024,2024-02-04T19:34:24.696336,2024-02-04T20:08:43.490273,success,,0.8596789287966041,0.8486146265196851,0.8447899682583723,roc_auc,0.1704,36,0.00026,64,4.623,single_gpu,V100,0.635,0.565,azure,scheduled_job,fraud_detection_model,8
bed37316-8318-4cd3-83f2-183330d4cf7d,rag_qa_service,cnn,tensorflow,4b0ab01,experiment/hyperparam,rag_corpus_2,789,2024-09-07T10:00:17.676886,2024-09-07T10:07:02.626511,success,,0.8305002256489449,0.8345753425961231,0.8151299254063512,f1,0.1473,31,0.00063,128,11.633,single_gpu,A100,0.165,0.098,aws,user,rag_qa_service_model,5
5bb4997e-a3a3-4082-8ef4-bdbb659a97a2,rag_qa_service,lightgbm,lightgbm,b96878a,develop,rag_corpus_2,2024,2024-10-02T11:31:06.440123,2024-10-02T13:05:52.124764,success,,0.7858387775655881,0.7755389412203165,0.7579271886338282,f1,0.1996,75,0.00037,512,0.553,cpu,,9.495,0.0,on_prem,user,rag_qa_service_model,2
5a9435e3-96a2-417a-80fb-1425ce56b323,recsys_clickthrough,tabnet,xgboost,2581391,bugfix/data_issue,recsys_v4,42,2024-06-14T12:04:01.018470,2024-06-14T12:39:09.223207,success,,0.8329248332417477,0.8147861941605117,0.7959779186691537,roc_auc,0.1718,5,0.00023,512,6.701,multi_gpu,V100,2.008,1.521,aws,scheduled_job,recsys_clickthrough_model,9
057e2505-084b-4957-8512-ecd3a70f9054,fraud_detection,lightgbm,xgboost,16b80ef,experiment/new_arch,fraud_v1,456,2024-05-29T05:40:27.687996,2024-05-29T06:18:59.987736,success,,0.8475534941805751,0.819906624837948,0.8012841063737112,roc_auc,0.1361,60,0.00311,1024,2.037,single_gpu,A100,1.037,0.589,on_prem,scheduled_job,fraud_detection_model,13
63c26e21-3f7d-49db-8f84-7320ec54fbdd,fraud_detection,tabnet,pytorch,a5288b3,main,fraud_v1,456,2024-06-17T23:54:51.028079,2024-06-18T01:07:46.652298,success,,0.8098720944293469,0.8174067885918536,0.80923295506747,roc_auc,0.2096,61,0.00034,256,6.429,multi_gpu,A100,5.417,6.457,on_prem,scheduled_job,fraud_detection_model,5
90c0bdb4-aa50-4b43-8794-51f80f23eea4,energy_forecasting,lightgbm,sklearn,0a9ee31,bugfix/data_issue,energy_1,789,2024-08-06T04:35:44.503326,2024-08-06T05:08:14.864032,success,,0.20141426124235723,0.24539008844460297,0.24688468226615548,rmse,0.0387,59,0.0316,1024,1.333,cpu,,0.627,0.0,gcp,user,energy_forecasting_model,18
0390433d-ee0d-4391-a5d4-2595d045ed2e,recsys_clickthrough,xgboost,pytorch,84db59a,experiment/hyperparam,recsys_v2,456,2024-11-15T20:01:22.448073,2024-11-15T20:34:51.473301,success,,0.8458617207654436,0.8339032682144668,0.8143358126621661,roc_auc,0.1623,74,0.00085,512,0.89,single_gpu,V100,0.589,0.651,azure,ci_pipeline,recsys_clickthrough_model,6
3ea8e4fc-c73f-43f0-a1a3-2e559d785154,rag_qa_service,tabnet,lightgbm,05a68b6,experiment/hyperparam,rag_corpus_4,123,2024-10-02T08:41:06.042502,2024-10-02T08:53:01.408573,success,,0.812628396555149,0.7928014867156938,0.8344383478272582,f1,0.2077,62,0.00201,256,8.383,multi_gpu,T4,0.644,0.411,gcp,user,rag_qa_service_model,18
305dcafb-6b02-4d09-a452-dea78c9e0bf7,rag_qa_service,transformer,xgboost,8645175,bugfix/data_issue,rag_corpus_2,42,2024-04-07T23:43:24.634595,2024-04-07T23:54:23.039450,success,,0.7225410208002465,0.7160211516632149,0.7209851107356222,f1,0.2488,74,0.000109,64,33.15,cpu,,0.396,0.0,aws,user,rag_qa_service_model,16
e810592a-f0e4-482a-bb76-23c3f2066a03,recsys_clickthrough,cnn,tensorflow,f0ef1f7,develop,recsys_v5,2024,2024-03-15T15:32:06.476951,2024-03-15T16:19:02.153273,success,,0.8354229411889801,0.8429586783680669,0.8845849715033698,roc_auc,0.1585,62,0.0006,128,6.485,single_gpu,A100,1.617,0.851,azure,ci_pipeline,recsys_clickthrough_model,12
d9f4fd32-d758-423b-b16c-f7764fc5a478,energy_forecasting,cnn,tensorflow,871f7de,experiment/hyperparam,energy_3,789,2024-01-17T16:28:02.367532,2024-01-17T17:03:06.244394,success,,0.28090201321342606,0.23895183982744828,0.23658297924222926,rmse,0.0754,73,0.00027,128,1.592,single_gpu,A100,1.044,0.607,gcp,ci_pipeline,energy_forecasting_model,19
9b590431-b830-459f-a4f7-96bd36f9fd58,rag_qa_service,cnn,pytorch,33938f5,experiment/new_arch,rag_corpus_4,789,2024-03-02T09:43:36.258728,2024-03-02T10:21:54.402034,success,,0.7080985705143334,0.7021023841161667,0.7145958246189694,f1,0.3026,72,0.00014,64,14.836,single_gpu,T4,1.587,0.686,gcp,ci_pipeline,rag_qa_service_model,2
c73e5816-bc17-4aea-9132-187bafaf2f4b,fraud_detection,xgboost,sklearn,c6d3b08,experiment/hyperparam,fraud_v1,1337,2024-08-20T18:30:08.869764,2024-08-20T18:47:23.372354,success,,0.8946909963289691,0.8978844752203431,0.8944907969352129,roc_auc,0.1266,71,0.00945,512,1.147,multi_gpu,A100,0.733,2.156,on_prem,ci_pipeline,fraud_detection_model,14
d5e9c3e8-a3a0-4bae-9673-92912f7b09f8,fraud_detection,xgboost,xgboost,b848b6f,develop,fraud_v1,42,2024-07-10T09:36:58.013057,2024-07-10T10:12:32.769762,success,,0.8727170870818414,0.8563876707439068,0.8334893928184406,roc_auc,0.1261,53,0.02141,1024,2.439,single_gpu,T4,1.765,0.639,azure,user,fraud_detection_model,12
3ebd442f-dad4-438e-847f-bebefcb2f8c1,rag_qa_service,transformer,xgboost,3b4d1fa,main,rag_corpus_1,789,2024-05-18T10:21:10.205355,2024-05-18T11:15:17.038564,failed,infra_error,,,,f1,,66,1.2e-05,16,215.278,multi_gpu,T4,3.413,6.806,aws,ci_pipeline,rag_qa_service_model,11
f6e1a945-9705-49e6-90d6-f9b7d4355f16,fraud_detection,tabnet,sklearn,3eb94ea,experiment/hyperparam,fraud_v5,1337,2024-08-28T05:02:13.007747,2024-08-28T05:38:06.084519,success,,0.874901668653569,0.8560364945278784,0.8349590956924116,roc_auc,0.1351,53,0.00875,256,9.471,single_gpu,V100,1.449,0.685,aws,user,fraud_detection_model,10
24d25ac4-8e7f-42b3-ae47-8eed0c62c0a4,recsys_clickthrough,tabnet,pytorch,9da86bc,main,recsys_v5,2024,2024-12-21T15:04:20.454022,2024-12-21T15:22:03.457487,success,,0.8955868520130639,0.8711170731695266,0.8750481686997581,roc_auc,0.1251,12,0.00282,256,1.121,cpu,,0.947,0.0,aws,scheduled_job,recsys_clickthrough_model,20
b3341a8b-9138-43c5-92c1-3d5514e5e945,rag_qa_service,cnn,sklearn,ac73862,bugfix/data_issue,rag_corpus_4,42,2024-10-08T20:11:11.256792,2024-10-08T20:24:46.110289,failed,infra_error,,,,f1,,22,0.00592,128,12.701,single_gpu,T4,0.385,0.183,aws,ci_pipeline,rag_qa_service_model,5
e5549647-5419-4bac-9a7e-b30c8c72efab,rag_qa_service,cnn,tensorflow,1045422,experiment/new_arch,rag_corpus_5,1337,2024-07-06T00:58:54.595472,2024-07-06T01:33:42.079814,failed,oom,,,,f1,,73,0.00755,128,16.177,cpu,,4.63,0.0,aws,ci_pipeline,rag_qa_service_model,20
ee36f2c5-4da7-430b-8a6d-989b4085cb5e,energy_forecasting,transformer,sklearn,461eef9,develop,energy_4,123,2024-02-20T16:14:20.099344,2024-02-20T17:17:05.587497,failed,infra_error,,,,rmse,,24,5e-05,16,234.813,single_gpu,V100,2.307,1.038,on_prem,scheduled_job,energy_forecasting_model,14
2cb78083-d592-4484-87dc-ff41a23fa18a,energy_forecasting,transformer,sklearn,5fb7972,main,energy_4,456,2024-11-03T04:31:59.763660,2024-11-03T05:29:30.148558,success,,0.2378019500540577,0.2456930981735067,0.23943306053207913,rmse,0.0465,79,0.000929,32,235.117,multi_gpu,V100,4.319,4.34,on_prem,user,energy_forecasting_model,10
c9e8d73d-7fc7-4317-af8b-df632784eb7a,energy_forecasting,tabnet,pytorch,7265baf,develop,energy_3,789,2024-04-12T07:25:45.418896,2024-04-12T07:43:23.061115,success,,0.10339076788978403,0.133316084944622,0.12687171744684247,rmse,0.0024,73,0.00029,256,0.9,multi_gpu,V100,0.619,2.329,aws,user,energy_forecasting_model,15
7b913ac9-4c9d-46af-891c-9083f08ed504,recsys_clickthrough,transformer,tensorflow,d1dca24,experiment/hyperparam,recsys_v2,2024,2024-06-03T10:36:03.192567,2024-06-03T12:48:27.240309,success,,0.8151151526019697,0.7934441234581333,0.8258662946138876,roc_auc,0.1535,54,2.2e-05,64,297.527,multi_gpu,T4,7.481,16.895,on_prem,ci_pipeline,recsys_clickthrough_model,17
94e5448b-5d2b-4d1f-983f-8fe6b3c86a9e,rag_qa_service,tabnet,sklearn,c5e8a1c,experiment/hyperparam,rag_corpus_2,2024,2024-08-11T15:03:30.327352,2024-08-11T15:38:07.415661,failed,data_error,,,,f1,,15,0.00023,256,2.595,multi_gpu,V100,1.799,3.853,on_prem,user,rag_qa_service_model,17
52b48e7d-9e9e-4cf2-ac08-35278f8c435f,recsys_clickthrough,transformer,tensorflow,6c98501,experiment/new_arch,recsys_v1,42,2024-10-30T10:20:36.397084,2024-10-30T10:45:11.913226,success,,0.8195414114912225,0.8132754041749882,0.7898040000347457,roc_auc,0.1964,29,0.000867,32,267.46,single_gpu,V100,1.551,0.491,azure,ci_pipeline,recsys_clickthrough_model,16
30205fa9-3ac5-47c4-838f-ffb9c80bfeec,energy_forecasting,transformer,sklearn,7b54c1d,main,energy_2,2024,2024-03-30T00:40:38.682464,2024-03-30T01:42:46.070934,success,,0.3667969795063298,0.3478688182516354,0.32618581441324,rmse,0.1404,57,2e-05,64,248.433,single_gpu,A100,1.733,0.921,gcp,scheduled_job,energy_forecasting_model,8
5a910a28-b3cb-4b0c-980a-bfccbc0a9d18,rag_qa_service,lightgbm,pytorch,a609396,develop,rag_corpus_2,456,2024-10-01T14:22:16.821688,2024-10-01T15:08:09.814857,failed,nan_loss,,,,f1,,44,0.00754,1024,0.352,cpu,,2.951,0.0,aws,scheduled_job,rag_qa_service_model,4
fa35c565-bbbe-470b-98b0-f5f1040d5e2c,energy_forecasting,transformer,xgboost,f566157,develop,energy_3,1337,2024-08-03T09:52:29.557930,2024-08-03T10:55:56.229012,success,,0.21536437149505713,0.20411943504819144,0.2722471283466474,rmse,0.0411,17,5.6e-05,32,92.731,single_gpu,V100,3.352,1.056,aws,user,energy_forecasting_model,12
b6a399db-a115-45e2-a510-f82f7cd22a64,recsys_clickthrough,tabnet,lightgbm,6262aba,develop,recsys_v5,123,2024-06-27T17:15:50.937997,2024-06-27T17:40:32.246199,success,,0.8776729833896859,0.8617664350827628,0.883940506694421,roc_auc,0.1387,48,0.00227,256,5.874,single_gpu,T4,0.741,0.474,azure,user,recsys_clickthrough_model,16
23f65b09-6111-44ee-802d-2cdf3ee3479f,recsys_clickthrough,lightgbm,lightgbm,f87a6d7,main,recsys_v5,42,2024-10-17T11:54:59.734502,2024-10-17T12:39:53.536834,success,,0.8247824136516589,0.8133152767873257,0.8374454561174929,roc_auc,0.1589,71,0.01753,512,2.072,single_gpu,V100,2.137,0.824,aws,scheduled_job,recsys_clickthrough_model,6
48bce64b-4aee-413d-ab15-4f1a7c30d649,rag_qa_service,tabnet,lightgbm,811cd5d,main,rag_corpus_4,1337,2024-03-20T18:25:38.462478,2024-03-20T19:06:57.308823,success,,0.772244050063831,0.7603330593836319,0.7614939730875356,f1,0.2006,60,0.00462,256,5.321,multi_gpu,T4,1.404,2.563,gcp,scheduled_job,rag_qa_service_model,12
33144575-eb68-49e8-b052-3ac9665cbcf6,fraud_detection,transformer,sklearn,c3c95ba,develop,fraud_v5,123,2024-10-13T11:16:47.839232,2024-10-13T12:08:36.964502,success,,0.9032560433089574,0.8774815105113226,0.8760520775255183,roc_auc,0.1023,71,0.000185,64,171.196,single_gpu,T4,2.884,0.728,azure,user,fraud_detection_model,11
e3badd35-f002-4a87-b3a0-1d1b1be145b6,energy_forecasting,cnn,xgboost,4dfa1fc,main,energy_3,2024,2024-02-16T07:32:25.285405,2024-02-16T08:20:06.731684,success,,0.21712794073245828,0.23933045615781792,0.2526295833534619,rmse,0.0591,53,0.00016,64,18.807,single_gpu,T4,2.435,0.657,gcp,scheduled_job,energy_forecasting_model,5
2ba2cb42-1c62-47ee-a387-58c4ceaf7358,energy_forecasting,transformer,lightgbm,7ae184e,experiment/hyperparam,energy_4,789,2024-04-29T11:03:14.739155,2024-04-29T11:16:31.402685,success,,0.21129041028620793,0.24835511333940338,0.23348557206957643,rmse,0.0243,48,1.2e-05,64,264.03,cpu,,1.729,0.0,aws,user,energy_forecasting_model,18
fceb7fcc-ee4d-42d1-a7dd-1fe5cdac57e5,rag_qa_service,lightgbm,lightgbm,d75482d,experiment/hyperparam,rag_corpus_1,42,2024-02-06T08:16:29.061069,2024-02-06T09:07:51.938672,failed,oom,,,,f1,,61,0.00412,1024,0.894,multi_gpu,T4,6.836,3.902,aws,scheduled_job,rag_qa_service_model,7
f490ab14-fe77-4578-a404-eafd33b60826,recsys_clickthrough,cnn,pytorch,de151aa,main,recsys_v4,2024,2024-04-21T12:15:39.545408,2024-04-21T13:18:58.138212,failed,infra_error,,,,roc_auc,,30,0.0008,64,4.109,single_gpu,V100,3.571,1.137,aws,user,recsys_clickthrough_model,5
11696680-7266-4856-b283-3024835c4fd0,recsys_clickthrough,tabnet,lightgbm,0bdf621,experiment/new_arch,recsys_v1,2024,2024-10-21T04:10:54.711590,2024-10-21T05:15:49.740871,success,,0.8889237647672751,0.8724217529876884,0.8704382357121008,roc_auc,0.148,20,0.00035,512,9.533,cpu,,2.226,0.0,azure,scheduled_job,recsys_clickthrough_model,5
1ecabadf-70e8-4a7a-a9f7-be810b09d224,recsys_clickthrough,xgboost,xgboost,99253be,bugfix/data_issue,recsys_v4,123,2024-02-01T15:23:13.823383,2024-02-01T15:40:39.368532,failed,data_error,,,,roc_auc,,52,0.00312,2048,0.895,cpu,,2.291,0.0,gcp,scheduled_job,recsys_clickthrough_model,11
d59a9c0d-e178-4abc-a62f-1fd11ee145af,recsys_clickthrough,lightgbm,tensorflow,a39b4f0,experiment/hyperparam,recsys_v2,1337,2024-08-09T12:40:45.761975,2024-08-09T13:37:31.025760,success,,0.831242340815573,0.8117373132627468,0.8048777966966942,roc_auc,0.1789,9,0.00119,2048,0.718,single_gpu,A100,1.034,1.003,on_prem,user,recsys_clickthrough_model,16
cb397452-62d5-4a63-8cff-1c525faf249b,rag_qa_service,xgboost,pytorch,798ffe2,bugfix/data_issue,rag_corpus_4,456,2024-07-18T10:04:49.790544,2024-07-18T10:37:22.532181,success,,0.8190715945626023,0.8029964512911072,0.7793872318525309,f1,0.1874,11,0.00092,2048,2.619,single_gpu,V100,1.806,0.601,aws,user,rag_qa_service_model,9
f10cfca3-2308-4c4f-bdbf-e9cafe9a2644,recsys_clickthrough,xgboost,sklearn,f64bc66,bugfix/data_issue,recsys_v5,1337,2024-02-25T17:28:50.475818,2024-02-25T18:38:54.786466,failed,nan_loss,,,,roc_auc,,29,0.00506,2048,0.44,cpu,,2.191,0.0,azure,ci_pipeline,recsys_clickthrough_model,11
d7ebffce-65e5-42b0-ac6e-da159bc78799,rag_qa_service,tabnet,sklearn,46f33e1,bugfix/data_issue,rag_corpus_5,42,2024-04-22T21:22:51.454316,2024-04-22T22:07:19.728855,failed,infra_error,,,,f1,,23,0.00235,256,4.588,single_gpu,T4,1.187,0.739,aws,scheduled_job,rag_qa_service_model,17
ffde72a7-f436-41c8-8ba7-f1c87d4086f7,energy_forecasting,lightgbm,tensorflow,2c4ec0c,experiment/hyperparam,energy_5,42,2024-04-05T23:26:20.188464,2024-04-06T00:02:05.858623,success,,0.1784248992978647,0.19594741712625596,0.14318893459821794,rmse,0.0421,49,0.00149,2048,2.413,cpu,,1.891,0.0,on_prem,user,energy_forecasting_model,16
2eee87f1-95af-4802-b9e5-1eac9a176d46,recsys_clickthrough,cnn,pytorch,419b380,main,recsys_v2,42,2024-06-21T04:39:28.096924,2024-06-21T04:56:38.976006,success,,0.8154342288757102,0.8094671238954414,0.8575076495321505,roc_auc,0.1841,56,0.00525,256,15.817,multi_gpu,T4,0.641,1.398,gcp,user,recsys_clickthrough_model,11
ab2d23d3-17f4-42c7-a220-b9c3b684fcac,recsys_clickthrough,transformer,tensorflow,4158e2c,main,recsys_v4,42,2024-11-16T02:26:35.687401,2024-11-16T03:11:58.111103,failed,oom,,,,roc_auc,,61,1e-05,64,111.409,single_gpu,V100,1.931,0.632,azure,scheduled_job,recsys_clickthrough_model,7
f5040a45-0c9e-41e0-8d2e-e3c1c9e1a941,energy_forecasting,tabnet,tensorflow,b35ffcb,bugfix/data_issue,energy_2,123,2024-01-03T07:52:12.910461,2024-01-03T09:28:39.622940,success,,0.21402464892053893,0.23977051424983165,0.24423898081028367,rmse,0.0414,45,0.0005,256,0.815,multi_gpu,T4,3.973,7.043,gcp,user,energy_forecasting_model,13
b4be87a6-e74d-4ac7-bad2-02e274692512,energy_forecasting,xgboost,pytorch,8370fb1,develop,energy_5,789,2024-09-12T19:25:08.144258,2024-09-12T20:04:12.230399,failed,infra_error,,,,rmse,,20,0.01846,2048,0.192,single_gpu,V100,2.48,0.534,aws,user,energy_forecasting_model,19
8a68e4a1-97fa-499d-b3d8-b528f1460b05,fraud_detection,transformer,pytorch,345cbb5,experiment/hyperparam,fraud_v2,42,2024-12-10T09:32:20.578645,2024-12-10T09:52:51.129716,failed,infra_error,,,,roc_auc,,24,0.000121,16,218.537,single_gpu,A100,1.235,0.371,aws,scheduled_job,fraud_detection_model,11
74b3eb55-ba60-4508-914a-27e273b6f194,rag_qa_service,xgboost,xgboost,5c77d1c,experiment/hyperparam,rag_corpus_5,42,2024-03-19T11:34:55.616842,2024-03-19T11:58:19.035725,success,,0.8424709678235555,0.8344504990892387,0.8673824547575184,f1,0.1656,53,0.03444,1024,0.332,single_gpu,T4,1.436,0.397,aws,ci_pipeline,rag_qa_service_model,2
1838ddc0-bb96-4f8d-a4b1-7142624b96bb,energy_forecasting,cnn,pytorch,067b37c,develop,energy_1,42,2024-01-23T12:13:19.402197,2024-01-23T14:15:59.649240,success,,0.1684814547824254,0.17842118765649212,0.2612545006102004,rmse,0.0274,13,0.00291,128,2.551,single_gpu,T4,2.415,1.838,gcp,ci_pipeline,energy_forecasting_model,19
d3d46e3b-675f-4a3b-89f3-9cb587c035ce,energy_forecasting,xgboost,sklearn,f3ac1dc,main,energy_1,789,2024-01-19T11:35:10.536064,2024-01-19T11:54:05.568512,success,,0.26177637107996893,0.26766628801886205,0.24742946354770404,rmse,0.0779,51,0.09791,512,2.927,multi_gpu,A100,1.861,1.008,on_prem,ci_pipeline,energy_forecasting_model,14
554a92dc-47e3-46b8-9096-077adc7691df,recsys_clickthrough,cnn,pytorch,e47299a,experiment/new_arch,recsys_v4,1337,2024-06-23T20:18:39.407223,2024-06-23T21:14:34.516739,success,,0.8494490557685204,0.8289780727423989,0.8626566265715563,roc_auc,0.1414,56,0.00071,64,7.573,cpu,,3.353,0.0,azure,user,recsys_clickthrough_model,17
2ca4fe89-02d7-48f3-badb-fbd7c6e59f4e,recsys_clickthrough,tabnet,sklearn,fc587e8,experiment/new_arch,recsys_v3,123,2024-01-10T12:18:41.751560,2024-01-10T13:21:57.181833,success,,0.8432250647172307,0.8184596612199717,0.8460614883029207,roc_auc,0.1443,70,0.00633,512,4.506,single_gpu,T4,1.93,1.093,azure,scheduled_job,recsys_clickthrough_model,19
c1ed6e66-13e1-4b45-a5bf-3b7736bb9201,recsys_clickthrough,lightgbm,sklearn,338cbcf,bugfix/data_issue,recsys_v4,456,2024-12-07T08:24:17.428039,2024-12-07T09:06:16.955588,success,,0.8407051273529358,0.8189778371603421,0.8298498402522307,roc_auc,0.1519,48,0.01948,2048,2.736,single_gpu,T4,1.077,0.626,gcp,ci_pipeline,recsys_clickthrough_model,1
45207ef6-a46a-4633-8b25-d7df181c9875,energy_forecasting,tabnet,xgboost,2fdcf82,main,energy_1,42,2024-03-25T21:46:50.220513,2024-03-25T22:39:27.177263,success,,0.11173204293397078,0.08757286896849623,0.05632174807520985,rmse,0.0078,28,0.00052,512,6.133,single_gpu,T4,1.307,0.839,on_prem,user,energy_forecasting_model,11
2bf906a2-e3c4-4252-903d-5ceebc76314e,recsys_clickthrough,cnn,sklearn,09ecddf,experiment/hyperparam,recsys_v4,1337,2024-02-06T21:02:30.518818,2024-02-06T21:43:16.610728,failed,infra_error,,,,roc_auc,,58,0.0087,256,9.622,single_gpu,V100,1.161,0.564,gcp,ci_pipeline,recsys_clickthrough_model,11
495d06ee-7ced-4510-9b9c-bc49c6be0804,recsys_clickthrough,tabnet,xgboost,c3924b2,main,recsys_v5,789,2024-11-06T12:37:51.665112,2024-11-06T13:12:32.319425,success,,0.7851695531375271,0.7686803110324572,0.7408403842886969,roc_auc,0.1981,75,0.00047,256,8.374,cpu,,2.321,0.0,gcp,user,recsys_clickthrough_model,16
2904c618-f6c5-4603-9869-e26bfebe33c6,recsys_clickthrough,cnn,sklearn,3f2e1ba,experiment/hyperparam,recsys_v4,42,2024-04-06T19:15:39.525591,2024-04-06T20:00:55.057735,success,,0.8776851453097348,0.8685803714122139,0.8758334838572372,roc_auc,0.1483,16,0.00022,128,1.697,single_gpu,A100,2.421,0.804,aws,ci_pipeline,recsys_clickthrough_model,1
647138d1-1fd5-47e9-881b-c96134d6e7d7,fraud_detection,transformer,lightgbm,bfe7681,experiment/new_arch,fraud_v5,2024,2024-10-03T18:12:48.389677,2024-10-03T18:40:24.719502,failed,oom,,,,roc_auc,,40,1.7e-05,16,95.53,single_gpu,T4,0.539,0.466,on_prem,scheduled_job,fraud_detection_model,9
cb89c0bc-1005-4e01-b1dd-0164f6e53e49,fraud_detection,xgboost,tensorflow,26b8e19,bugfix/data_issue,fraud_v4,2024,2024-01-12T07:30:01.682989,2024-01-12T08:11:37.022996,failed,data_error,,,,roc_auc,,15,0.06942,512,0.214,single_gpu,A100,0.947,0.68,on_prem,user,fraud_detection_model,7
c9aa03ce-1b63-4820-8fca-28a347490e0b,rag_qa_service,tabnet,xgboost,44309d2,experiment/hyperparam,rag_corpus_1,789,2024-02-01T23:37:27.939105,2024-02-02T00:07:00.796604,success,,0.8138129406170057,0.8024195146807931,0.8137328869763265,f1,0.1835,24,0.00103,256,0.895,multi_gpu,T4,1.423,3.9,aws,ci_pipeline,rag_qa_service_model,10
b4215c83-0974-4ff6-aec5-67489607db85,fraud_detection,transformer,sklearn,467a182,experiment/new_arch,fraud_v3,123,2024-06-11T16:59:28.939774,2024-06-11T18:03:00.768629,success,,0.8582886442889175,0.8418459626938245,0.8459944999827484,roc_auc,0.1287,37,0.000107,16,156.877,single_gpu,V100,3.177,0.906,on_prem,ci_pipeline,fraud_detection_model,2
226e3238-e83f-4bb5-a090-97394bd5c24b,recsys_clickthrough,xgboost,sklearn,ac6c306,bugfix/data_issue,recsys_v4,1337,2024-09-07T18:42:54.315816,2024-09-07T19:45:57.029623,success,,0.8231326884602073,0.8134415648159231,0.8535097101595652,roc_auc,0.1961,13,0.00088,1024,2.109,multi_gpu,A100,7.385,8.057,gcp,scheduled_job,recsys_clickthrough_model,2
7627d330-9321-4375-9fb2-acac3bb96743,recsys_clickthrough,xgboost,lightgbm,2ffc26f,experiment/new_arch,recsys_v2,2024,2024-02-23T23:24:48.515142,2024-02-24T00:04:38.200568,failed,infra_error,,,,roc_auc,,74,0.00844,1024,0.188,single_gpu,V100,2.518,0.714,aws,ci_pipeline,recsys_clickthrough_model,11
8eb5b94d-5e4c-4573-9122-d9554abc5f81,energy_forecasting,tabnet,lightgbm,e0b9c12,bugfix/data_issue,energy_5,1337,2024-10-03T19:23:09.303480,2024-10-03T19:40:30.731615,failed,data_error,,,,rmse,,71,0.00208,512,4.242,cpu,,1.608,0.0,aws,scheduled_job,energy_forecasting_model,9
def2354d-8f14-4101-ad1e-9272a272489d,rag_qa_service,transformer,xgboost,90429b0,experiment/hyperparam,rag_corpus_2,42,2024-09-29T04:46:06.318447,2024-09-29T05:35:33.563883,success,,0.7900807067733853,0.7767930826703504,0.7848270130566073,f1,0.2184,42,1.6e-05,32,204.197,single_gpu,V100,3.295,0.675,aws,scheduled_job,rag_qa_service_model,16
4bcc04ca-4098-4466-876c-5b21d80e0a4d,fraud_detection,lightgbm,pytorch,4bc5b91,experiment/new_arch,fraud_v2,789,2024-09-27T10:40:35.178741,2024-09-27T12:07:47.296099,failed,infra_error,,,,roc_auc,,67,0.04969,1024,1.272,single_gpu,T4,2.879,1.551,gcp,user,fraud_detection_model,17
9a246c49-d7e2-4a65-9f74-3f4953c54259,fraud_detection,lightgbm,pytorch,e300053,experiment/hyperparam,fraud_v4,1337,2024-05-24T21:12:51.663760,2024-05-24T21:56:19.992963,success,,0.91607869660171,0.9086926958512612,0.9105001952331008,roc_auc,0.0633,65,0.03308,1024,2.311,cpu,,4.771,0.0,aws,ci_pipeline,fraud_detection_model,15
ebae6ecb-8c29-4a20-a449-a3620e18f35c,recsys_clickthrough,transformer,xgboost,85d4d10,main,recsys_v2,1337,2024-10-11T15:18:43.141891,2024-10-11T15:34:06.051236,success,,0.7513189181400161,0.7542503713764777,0.7422308921164105,roc_auc,0.2521,55,0.000246,32,128.796,single_gpu,T4,0.601,0.229,gcp,ci_pipeline,recsys_clickthrough_model,1
4342afc2-e03a-48ef-91e7-cf593c8235f2,fraud_detection,transformer,pytorch,a904c4f,experiment/hyperparam,fraud_v4,789,2024-11-06T19:53:41.554650,2024-11-06T20:15:26.968033,success,,0.8930354339283265,0.8717742636681727,0.8649605995408738,roc_auc,0.1066,69,0.000217,32,193.457,multi_gpu,V100,1.734,1.552,gcp,ci_pipeline,fraud_detection_model,13
8fff7e2e-0574-42fd-a4cc-99af8f3b184e,fraud_detection,xgboost,xgboost,ffd894a,experiment/new_arch,fraud_v1,456,2024-12-26T18:02:31.418155,2024-12-26T18:19:03.988640,success,,0.8408158551872973,0.8240161244321297,0.8326481544445461,roc_auc,0.1541,22,0.00314,512,1.782,single_gpu,V100,0.717,0.288,azure,ci_pipeline,fraud_detection_model,8
a3ef66df-88f9-40b0-bfdd-1f89e87d662b,fraud_detection,tabnet,lightgbm,aabaf46,experiment/new_arch,fraud_v1,1337,2024-09-15T10:41:02.702877,2024-09-15T11:22:56.614614,success,,0.8694859223617212,0.8689894041927385,0.8559308149488122,roc_auc,0.1108,67,0.00715,512,1.073,single_gpu,V100,2.656,0.657,gcp,scheduled_job,fraud_detection_model,6
454b9529-72d6-454c-a096-38c697db312a,recsys_clickthrough,cnn,sklearn,7bb8efe,main,recsys_v2,456,2024-03-22T12:21:09.454961,2024-03-22T13:20:27.209941,success,,0.7992688998494188,0.795302135501636,0.7635659011897342,roc_auc,0.198,77,0.0012,128,6.915,single_gpu,V100,2.798,1.074,azure,scheduled_job,recsys_clickthrough_model,15
d9bbe81f-06c5-44ab-8846-1878cf71fea6,fraud_detection,transformer,sklearn,d9f1e8d,experiment/new_arch,fraud_v5,456,2024-05-30T18:49:10.362582,2024-05-30T19:19:16.255131,success,,0.8754420057216271,0.8748142862099654,0.8957755067558709,roc_auc,0.1231,75,0.00023,32,70.803,single_gpu,T4,1.292,0.544,gcp,scheduled_job,fraud_detection_model,5
3937258b-bdda-4927-8244-88a78f0691a1,energy_forecasting,lightgbm,sklearn,7a2a04c,develop,energy_5,123,2024-06-27T16:41:43.130108,2024-06-27T17:05:06.970096,success,,0.23142074426164005,0.2331844196825808,0.23897183704772684,rmse,0.0395,57,0.0121,2048,2.859,cpu,,2.032,0.0,gcp,scheduled_job,energy_forecasting_model,14
811cf758-c9b9-4e75-bded-1ea5adba7685,rag_qa_service,transformer,sklearn,03505d3,main,rag_corpus_2,123,2024-09-10T03:16:36.426766,2024-09-10T04:51:12.929511,failed,early_stopped,,,,f1,,67,0.000478,32,272.006,single_gpu,V100,3.249,1.411,gcp,scheduled_job,rag_qa_service_model,6
bced2647-3a2b-49a3-9676-21c0963e97d8,fraud_detection,xgboost,tensorflow,f7886a2,experiment/new_arch,fraud_v3,123,2024-03-01T04:22:46.336402,2024-03-01T04:44:17.501418,success,,0.8984942607757357,0.8968477313083333,0.9290249682249341,roc_auc,0.0778,19,0.03602,2048,1.329,multi_gpu,T4,2.154,0.923,gcp,user,fraud_detection_model,1
5b2e75df-10ed-4992-95a5-44776ef6f6ab,recsys_clickthrough,xgboost,tensorflow,bc6ac99,main,recsys_v1,2024,2024-11-01T04:24:40.621780,2024-11-01T05:04:33.463609,success,,0.8952173431280361,0.8689833775050457,0.8382444183045193,roc_auc,0.1101,51,0.02199,1024,2.602,cpu,,1.673,0.0,aws,user,recsys_clickthrough_model,18
26f456db-dbcb-4aaa-84c1-42e5392ac258,energy_forecasting,transformer,pytorch,3a06189,develop,energy_4,42,2024-07-05T17:28:57.825976,2024-07-05T18:48:27.535684,failed,nan_loss,,,,rmse,,66,9.9e-05,16,296.58,cpu,,2.59,0.0,azure,ci_pipeline,energy_forecasting_model,7
701ff8f2-8392-4c04-bd70-74aa8fd26b01,energy_forecasting,tabnet,pytorch,5628eb7,develop,energy_1,42,2024-09-02T03:30:22.465423,2024-09-02T03:42:25.283811,failed,oom,,,,rmse,,68,0.00246,256,4.341,cpu,,0.803,0.0,on_prem,ci_pipeline,energy_forecasting_model,4
5ad0c014-8072-4dc4-a537-95810de4d5f2,energy_forecasting,lightgbm,lightgbm,f471204,experiment/hyperparam,energy_4,2024,2024-02-12T07:17:35.628209,2024-02-12T08:17:05.107240,failed,data_error,,,,rmse,,24,0.09509,2048,0.472,cpu,,1.714,0.0,aws,scheduled_job,energy_forecasting_model,15
fb51e12d-9639-4ac1-a669-87746ac92594,energy_forecasting,xgboost,tensorflow,d26f46d,experiment/new_arch,energy_2,42,2024-02-18T08:48:05.068196,2024-02-18T09:52:18.710543,failed,infra_error,,,,rmse,,78,0.02046,1024,1.777,cpu,,3.125,0.0,gcp,ci_pipeline,energy_forecasting_model,15
d240e607-ebbd-43e5-a0f2-1b63421396fa,recsys_clickthrough,tabnet,lightgbm,c9debe7,experiment/new_arch,recsys_v1,789,2024-06-09T20:25:32.991959,2024-06-09T20:42:39.457835,success,,0.803885914127486,0.7915480550095785,0.760430142085506,roc_auc,0.2027,70,0.00051,256,1.16,cpu,,1.321,0.0,azure,ci_pipeline,recsys_clickthrough_model,19
b72ffecf-777a-4e56-a692-8b269b5c6e6e,recsys_clickthrough,cnn,xgboost,8b1a35a,experiment/new_arch,recsys_v2,1337,2024-11-21T14:27:43.499086,2024-11-21T15:22:19.772624,failed,infra_error,,,,roc_auc,,63,0.00116,256,7.162,cpu,,3.031,0.0,aws,user,recsys_clickthrough_model,3
7fd879ea-5faf-4d80-9060-c59194021f8d,rag_qa_service,cnn,pytorch,54886d1,experiment/new_arch,rag_corpus_5,789,2024-02-02T03:03:14.358651,2024-02-02T03:53:29.323055,failed,oom,,,,f1,,5,0.00289,128,9.839,multi_gpu,V100,1.977,4.5,azure,scheduled_job,rag_qa_service_model,14
f46aeae2-7822-4fff-a9bd-168fd8ed5451,fraud_detection,tabnet,xgboost,0199483,experiment/new_arch,fraud_v3,456,2024-10-28T05:43:27.400152,2024-10-28T07:29:55.999090,success,,0.8533639963941894,0.842551227966519,0.8663032033472805,roc_auc,0.1405,60,0.00823,512,2.165,single_gpu,V100,5.448,1.562,azure,user,fraud_detection_model,4
c0c09d83-7fff-4c8c-9170-412bfa95770f,recsys_clickthrough,xgboost,tensorflow,5ac851e,experiment/new_arch,recsys_v2,2024,2024-09-28T00:23:43.438906,2024-09-28T01:36:34.452684,success,,0.7821482279706772,0.7714182604109436,0.7870198240052753,roc_auc,0.2194,18,0.03081,512,2.789,multi_gpu,T4,4.138,5.337,azure,scheduled_job,recsys_clickthrough_model,7
b5ea5b0f-c3ba-4e52-8308-d2b30f7bd4db,rag_qa_service,lightgbm,tensorflow,16ed9c7,bugfix/data_issue,rag_corpus_5,123,2024-12-17T19:22:03.591446,2024-12-17T20:31:12.392207,success,,0.7951523468753088,0.7866770452391142,0.804379762156329,f1,0.224,64,0.01145,2048,0.358,cpu,,7.245,0.0,aws,ci_pipeline,rag_qa_service_model,6
c4119505-d603-4157-a365-91a8e3f23ad1,recsys_clickthrough,lightgbm,sklearn,69e86fe,develop,recsys_v3,789,2024-12-17T17:04:45.804269,2024-12-17T17:25:25.660719,failed,early_stopped,,,,roc_auc,,80,0.00052,1024,2.817,single_gpu,V100,0.917,0.318,gcp,scheduled_job,recsys_clickthrough_model,18
b81c069c-cf2b-444c-abde-94332b7012ae,energy_forecasting,tabnet,pytorch,3945afa,develop,energy_5,1337,2024-09-10T10:10:22.403465,2024-09-10T10:25:16.313189,success,,0.26187335507683823,0.22969645442300535,0.24959275976574002,rmse,0.0676,77,0.00062,512,4.748,single_gpu,A100,0.696,0.25,aws,ci_pipeline,energy_forecasting_model,14
5ea902f6-6596-4bed-ab77-51f46c06f238,energy_forecasting,transformer,sklearn,802a3c2,experiment/hyperparam,energy_3,123,2024-11-02T08:59:04.900974,2024-11-02T09:56:33.731422,success,,0.16685537450069896,0.21548627279056745,0.21834942072080066,rmse,0.0281,16,0.000545,32,245.659,single_gpu,T4,3.229,0.883,aws,ci_pipeline,energy_forecasting_model,18
cb16969e-fff6-44eb-9ccc-5ff47ec97003,recsys_clickthrough,tabnet,lightgbm,3cc4ae6,experiment/hyperparam,recsys_v5,42,2024-01-05T17:34:31.735307,2024-01-05T18:07:27.820842,success,,0.837176584642197,0.8189989216501942,0.8468030726305404,roc_auc,0.174,78,0.00191,512,8.314,single_gpu,T4,0.767,0.628,on_prem,ci_pipeline,recsys_clickthrough_model,20
10121da8-2dc7-4f37-baf8-d420227605a6,recsys_clickthrough,lightgbm,tensorflow,7f1fb10,experiment/hyperparam,recsys_v5,456,2024-02-17T11:22:58.093718,2024-02-17T11:56:17.401187,success,,0.7780930499549646,0.7675265507059936,0.7781204057931282,roc_auc,0.2205,22,0.00314,2048,0.524,single_gpu,T4,1.168,0.459,azure,user,recsys_clickthrough_model,5
4183c56a-f0e8-438a-8cc1-a449369cecc2,energy_forecasting,tabnet,sklearn,cad4c81,experiment/hyperparam,energy_5,123,2024-12-15T07:12:44.663101,2024-12-15T07:57:05.099767,success,,0.20782876996654023,0.24416497092200787,0.23048604797622088,rmse,0.0474,14,0.00042,512,5.308,cpu,,3.013,0.0,gcp,scheduled_job,energy_forecasting_model,8
cc8fcbdb-8f70-448e-b6f6-76c97aa89188,recsys_clickthrough,cnn,tensorflow,53c8fdf,main,recsys_v1,2024,2024-05-06T07:01:25.923387,2024-05-06T07:23:20.335141,success,,0.8218572314776388,0.8174937217519022,0.8092750986259185,roc_auc,0.1708,44,0.00977,256,2.098,single_gpu,A100,1.126,0.436,gcp,scheduled_job,recsys_clickthrough_model,4
50bbe4af-dc83-4a6a-943b-da19aebb71c7,rag_qa_service,cnn,xgboost,b08c887,experiment/hyperparam,rag_corpus_2,456,2024-07-06T13:43:03.263219,2024-07-06T14:04:43.485492,success,,0.7980591592540275,0.7880286990524933,0.798952153296152,f1,0.2258,11,0.00016,256,14.151,cpu,,0.519,0.0,gcp,user,rag_qa_service_model,7
b4c58ac7-cc8d-4366-9124-1a5f8a2e659b,rag_qa_service,xgboost,pytorch,8bfcafb,develop,rag_corpus_1,789,2024-09-18T15:45:58.199049,2024-09-18T16:44:30.677025,failed,data_error,,,,f1,,25,0.00657,512,1.336,cpu,,1.868,0.0,aws,ci_pipeline,rag_qa_service_model,3
58ee809f-d6db-4100-b265-b020fd8d4d53,recsys_clickthrough,cnn,lightgbm,6a60a8a,bugfix/data_issue,recsys_v1,2024,2024-08-01T17:55:34.307851,2024-08-01T18:09:09.485270,failed,early_stopped,,,,roc_auc,,41,0.00593,128,9.546,cpu,,0.535,0.0,azure,user,recsys_clickthrough_model,10
744bc6ed-468d-4301-b94d-2db990a52669,rag_qa_service,transformer,lightgbm,d023bcd,experiment/hyperparam,rag_corpus_2,456,2024-09-04T05:03:07.339048,2024-09-04T05:19:31.979692,failed,early_stopped,,,,f1,,3,0.000452,16,225.412,single_gpu,T4,0.905,0.22,gcp,ci_pipeline,rag_qa_service_model,13
fee3c989-951f-4b03-89b5-7a33c59b025a,fraud_detection,cnn,pytorch,be56a82,develop,fraud_v5,456,2024-03-11T22:17:51.527162,2024-03-11T22:29:05.477415,success,,0.8675307066064509,0.8536126665524255,0.8314289930208136,roc_auc,0.1361,73,0.00068,256,10.146,single_gpu,A100,0.198,0.169,aws,user,fraud_detection_model,10
d27e8aa3-f4e4-43f9-8f62-418d87203801,fraud_detection,cnn,sklearn,39f5a34,main,fraud_v2,456,2024-06-26T08:08:39.757917,2024-06-26T08:41:28.516875,failed,data_error,,,,roc_auc,,75,0.00017,256,11.411,single_gpu,A100,1.292,0.622,azure,scheduled_job,fraud_detection_model,14
2b4fae79-b778-484d-8c1d-9d02806d4b99,recsys_clickthrough,xgboost,tensorflow,33b6d2b,experiment/new_arch,recsys_v4,789,2024-05-10T22:34:35.164254,2024-05-10T23:21:27.918559,failed,oom,,,,roc_auc,,80,0.00056,2048,1.516,single_gpu,V100,1.133,0.727,aws,scheduled_job,recsys_clickthrough_model,5
e4ffbca0-7317-4150-bf45-d3b4c1dc5c25,recsys_clickthrough,cnn,sklearn,bedad9c,develop,recsys_v1,1337,2024-04-05T02:59:56.312949,2024-04-05T03:29:47.398067,success,,0.8917776118190945,0.8884683392056937,0.9092664329536152,roc_auc,0.0961,31,0.00056,128,8.495,multi_gpu,A100,2.367,3.338,gcp,ci_pipeline,recsys_clickthrough_model,10
bcd920ce-faf4-4123-9a43-368971b31504,recsys_clickthrough,transformer,xgboost,868adc9,develop,recsys_v5,123,2024-06-11T20:53:27.916907,2024-06-11T22:32:30.804318,success,,0.9102351793005867,0.9062923285306201,0.9211342359708062,roc_auc,0.0958,8,3.2e-05,32,255.444,single_gpu,A100,1.841,1.916,gcp,user,recsys_clickthrough_model,16
7885382a-4494-44a7-ae71-e681ccadc281,recsys_clickthrough,xgboost,tensorflow,503e577,main,recsys_v1,2024,2024-04-28T06:51:46.526978,2024-04-28T08:04:05.484239,failed,data_error,,,,roc_auc,,51,0.00046,1024,1.603,single_gpu,A100,1.748,1.32,azure,ci_pipeline,recsys_clickthrough_model,3
39066aaa-663c-4396-8289-5aef9366fa6c,energy_forecasting,transformer,pytorch,85d7798,develop,energy_4,123,2024-03-24T22:43:08.797419,2024-03-25T00:07:39.584261,failed,early_stopped,,,,rmse,,49,0.000106,16,210.464,single_gpu,T4,1.585,1.175,gcp,ci_pipeline,energy_forecasting_model,4
cc65536b-3677-4a38-bf52-c9c34227820d,recsys_clickthrough,transformer,tensorflow,b7732d0,main,recsys_v2,1337,2024-08-04T04:57:55.817464,2024-08-04T05:24:31.651255,failed,data_error,,,,roc_auc,,24,1.4e-05,16,23.39,single_gpu,A100,1.715,0.485,aws,user,recsys_clickthrough_model,17
6119293f-f0ec-4ef6-9725-49a281ebc3ec,rag_qa_service,tabnet,xgboost,aebdf39,experiment/new_arch,rag_corpus_4,123,2024-03-21T01:37:37.264119,2024-03-21T02:14:37.020534,failed,data_error,,,,f1,,24,0.00051,512,3.317,multi_gpu,A100,2.527,4.099,gcp,scheduled_job,rag_qa_service_model,20
021b2641-91b7-4333-80b6-20a900d878e9,fraud_detection,lightgbm,lightgbm,613d862,main,fraud_v2,789,2024-11-25T02:05:16.774281,2024-11-25T02:22:56.958510,failed,early_stopped,,,,roc_auc,,19,0.00086,1024,0.385,cpu,,1.656,0.0,aws,ci_pipeline,fraud_detection_model,1
04a474c0-e1e2-484d-a6fa-202dc762b885,rag_qa_service,tabnet,lightgbm,5083cc6,bugfix/data_issue,rag_corpus_5,42,2024-06-04T07:17:13.619199,2024-06-04T08:02:55.326790,failed,early_stopped,,,,f1,,79,0.00338,512,3.018,single_gpu,V100,0.809,0.634,gcp,scheduled_job,rag_qa_service_model,9
1fd24008-b789-4245-8173-08278df617ea,recsys_clickthrough,xgboost,sklearn,910ab55,develop,recsys_v4,2024,2024-08-01T15:50:34.150399,2024-08-01T16:38:14.282874,success,,0.8888632298242707,0.8724463554527242,0.8969388971972508,roc_auc,0.0995,38,0.00285,2048,0.696,single_gpu,A100,1.084,0.831,on_prem,ci_pipeline,recsys_clickthrough_model,13
1680a587-39bb-4632-99b6-11a77b0e5462,recsys_clickthrough,transformer,xgboost,c758445,experiment/new_arch,recsys_v2,2024,2024-02-13T11:11:28.669150,2024-02-13T11:45:22.140683,failed,infra_error,,,,roc_auc,,68,0.000865,16,243.64,single_gpu,V100,1.061,0.673,gcp,scheduled_job,recsys_clickthrough_model,18
e2400411-679a-43e7-bcec-cb9694f4fa79,fraud_detection,lightgbm,lightgbm,f012e61,develop,fraud_v3,42,2024-08-10T07:05:34.167053,2024-08-10T08:24:52.800316,success,,0.9395463556583199,0.9239781472505699,0.9208225948721542,roc_auc,0.0486,66,0.02345,512,2.454,multi_gpu,V100,7.85,3.66,azure,scheduled_job,fraud_detection_model,1
1e0be465-982f-4393-857c-19758a754154,recsys_clickthrough,tabnet,tensorflow,3c8b9a5,main,recsys_v2,42,2024-12-29T20:07:05.447735,2024-12-29T20:22:26.545294,success,,0.8073329917611097,0.8006475547383561,0.8048569655689658,roc_auc,0.1894,69,0.00073,256,4.674,multi_gpu,V100,1.453,1.959,on_prem,user,recsys_clickthrough_model,3
d5157ada-3015-4cbc-85a2-6701aa5f8e65,fraud_detection,tabnet,tensorflow,b895d3f,experiment/new_arch,fraud_v4,1337,2024-01-02T16:44:48.176589,2024-01-02T16:59:37.101399,failed,oom,,,,roc_auc,,46,0.00428,512,8.683,single_gpu,V100,0.874,0.288,aws,ci_pipeline,fraud_detection_model,9
ae0ab7d7-b18e-4e4b-8cc3-6c2d771475b1,energy_forecasting,transformer,lightgbm,9ccf779,main,energy_4,42,2024-04-04T02:30:04.103345,2024-04-04T03:27:20.383086,success,,0.29235874390917205,0.27442994401654375,0.27616907867775803,rmse,0.0858,55,3.2e-05,32,231.412,multi_gpu,A100,4.547,6.731,gcp,scheduled_job,energy_forecasting_model,17
ad48a5db-b193-4eda-a899-b08bd5a7874e,fraud_detection,cnn,pytorch,46b5825,develop,fraud_v5,456,2024-03-07T17:11:30.498468,2024-03-07T17:42:48.045647,success,,0.8823676366493025,0.8674232025084663,0.878277406796133,roc_auc,0.1636,33,0.00283,256,16.538,single_gpu,V100,0.856,0.523,gcp,scheduled_job,fraud_detection_model,7
32b3061e-57b2-4837-b2ef-91abf6bfccd2,recsys_clickthrough,lightgbm,pytorch,d5c11f7,main,recsys_v5,42,2024-11-05T12:34:22.147760,2024-11-05T13:37:30.189223,success,,0.8521483730040806,0.8331460864149283,0.8206985225151122,roc_auc,0.1574,38,0.0059,2048,0.963,single_gpu,A100,2.836,1.132,azure,scheduled_job,recsys_clickthrough_model,6
7fdbb722-5050-40f2-85e4-7dc27b3c9c21,energy_forecasting,transformer,pytorch,c286f05,develop,energy_4,42,2024-09-11T20:37:20.699480,2024-09-11T21:05:50.383312,success,,0.20539632040554787,0.2290188257094763,0.25135108002324974,rmse,0.0494,29,3.1e-05,64,223.409,multi_gpu,V100,3.776,1.232,aws,scheduled_job,energy_forecasting_model,19
4bd0c014-176e-43c0-bed9-df10308aee80,fraud_detection,cnn,tensorflow,9483795,experiment/new_arch,fraud_v4,123,2024-06-01T23:15:15.066994,2024-06-02T00:34:07.747025,success,,0.8254412212232893,0.8265043030355728,0.8196914596609001,roc_auc,0.1582,26,0.00024,128,7.752,single_gpu,V100,4.406,1.343,on_prem,ci_pipeline,fraud_detection_model,5
d37b8365-98e7-47bd-9d73-d75009b86d8e,recsys_clickthrough,xgboost,tensorflow,c8d3cb7,main,recsys_v2,789,2024-07-01T08:28:37.044263,2024-07-01T08:48:53.909414,success,,0.7630460980427537,0.7362351748934488,0.7212170638978466,roc_auc,0.2603,75,0.02019,2048,2.67,single_gpu,V100,0.939,0.323,azure,user,recsys_clickthrough_model,13
db268889-5deb-4704-9867-b4a30a0c4448,fraud_detection,lightgbm,sklearn,34d1b45,bugfix/data_issue,fraud_v3,456,2024-01-08T05:45:27.080844,2024-01-08T06:08:55.954557,success,,0.8649180850722487,0.8530725720402783,0.8762042213287965,roc_auc,0.1752,76,0.00054,2048,1.806,cpu,,1.709,0.0,azure,ci_pipeline,fraud_detection_model,18
fb8572ad-ab18-4af9-9ef6-0de4403e8ebd,recsys_clickthrough,cnn,tensorflow,58c7197,develop,recsys_v2,2024,2024-10-21T19:36:07.851830,2024-10-21T21:30:12.666815,failed,data_error,,,,roc_auc,,23,0.00225,64,16.295,single_gpu,V100,3.44,2.149,on_prem,user,recsys_clickthrough_model,11
2a726f0b-efd6-4658-b84e-11da1a67bb59,energy_forecasting,cnn,tensorflow,96ecfb8,experiment/new_arch,energy_4,123,2024-03-08T02:50:35.174924,2024-03-08T03:58:57.726114,success,,0.27132171475964156,0.2857951026682681,0.23597362018116091,rmse,0.0816,35,0.00099,256,2.464,cpu,,1.607,0.0,gcp,ci_pipeline,energy_forecasting_model,3
6d835f60-d3ad-4ea3-9600-a8b6b6ff2efd,recsys_clickthrough,lightgbm,lightgbm,11e806c,main,recsys_v1,456,2024-08-13T14:34:30.086222,2024-08-13T15:00:03.523512,success,,0.8096927992591544,0.784558301826733,0.7971745355178286,roc_auc,0.1698,34,0.00385,512,0.357,cpu,,1.084,0.0,on_prem,ci_pipeline,recsys_clickthrough_model,10
c9af1ac6-fa02-452a-a449-51fee92e4dbe,rag_qa_service,lightgbm,pytorch,8205ed7,bugfix/data_issue,rag_corpus_3,1337,2024-06-11T08:50:29.787244,2024-06-11T10:31:13.658983,success,,0.7822771473934892,0.7613896611964474,0.8085043188448126,f1,0.2486,71,0.01232,2048,2.378,single_gpu,A100,2.275,1.618,on_prem,scheduled_job,rag_qa_service_model,12
76bcb842-e3d7-42dd-8898-fb6c21002848,rag_qa_service,tabnet,pytorch,c75440d,develop,rag_corpus_3,456,2024-06-20T06:10:26.716576,2024-06-20T06:35:08.549273,success,,0.7287413596930901,0.7240191283355495,0.7433051031334451,f1,0.2333,4,0.00047,512,0.749,cpu,,0.481,0.0,on_prem,scheduled_job,rag_qa_service_model,10
6b5a5716-ba1f-4ec5-ab1b-d8ecf67180a0,recsys_clickthrough,xgboost,xgboost,56862b6,experiment/new_arch,recsys_v2,456,2024-01-29T21:52:38.145408,2024-01-29T22:29:18.829583,success,,0.8192645036418841,0.8052467908162984,0.8014045697618696,roc_auc,0.2085,71,0.07107,2048,0.852,single_gpu,A100,1.399,0.702,azure,scheduled_job,recsys_clickthrough_model,14
47788eba-edcd-4a4c-9454-2a6d1836f14f,recsys_clickthrough,xgboost,pytorch,2177b75,develop,recsys_v1,1337,2024-01-09T01:51:59.608770,2024-01-09T02:08:59.546398,success,,0.8445468259388753,0.8179342337933966,0.8087923086616712,roc_auc,0.1434,59,0.0005,512,2.211,cpu,,1.268,0.0,azure,ci_pipeline,recsys_clickthrough_model,1
a6cccbe3-06ec-4ebc-8177-97d4b683db57,recsys_clickthrough,xgboost,pytorch,036c75b,main,recsys_v3,42,2024-11-03T21:27:56.093718,2024-11-03T22:11:48.382789,success,,0.8239570994390322,0.8159938369408019,0.7984341852056707,roc_auc,0.1595,72,0.01061,512,0.493,single_gpu,T4,2.379,0.777,azure,scheduled_job,recsys_clickthrough_model,6
6ce9c05f-0a71-4cca-9815-58fd6dacd641,recsys_clickthrough,cnn,lightgbm,d1c3c7b,main,recsys_v2,789,2024-09-25T09:25:39.164881,2024-09-25T09:54:33.634980,success,,0.8394338399505274,0.8346946202726471,0.8344142295074953,roc_auc,0.1626,42,0.00035,128,15.429,cpu,,1.999,0.0,gcp,scheduled_job,recsys_clickthrough_model,6
a7760c11-cead-435c-bcbb-7bfcd760456d,fraud_detection,tabnet,xgboost,17450af,develop,fraud_v4,456,2024-01-06T11:59:35.153359,2024-01-06T12:16:23.158680,success,,0.8882856319133432,0.8774123213341891,0.8879484198714551,roc_auc,0.1136,4,0.00066,256,3.8,single_gpu,A100,1.036,0.226,aws,user,fraud_detection_model,19
80c369b4-6327-4906-a81f-b91be782b2a7,rag_qa_service,tabnet,pytorch,51219ef,main,rag_corpus_1,456,2024-08-23T06:28:33.940689,2024-08-23T06:59:34.467554,success,,0.7677420330499619,0.7497993862537436,0.7184421506745124,f1,0.2381,43,0.00033,256,7.443,cpu,,4.067,0.0,gcp,ci_pipeline,rag_qa_service_model,12
e73659b1-25f0-45b4-b829-71d102deb1e0,rag_qa_service,lightgbm,sklearn,b52e774,experiment/new_arch,rag_corpus_2,1337,2024-03-09T02:51:00.524139,2024-03-09T03:05:40.940981,success,,0.7451678967899538,0.7432704211600976,0.7482846510908712,f1,0.2778,73,0.00457,2048,2.919,single_gpu,V100,0.691,0.23,on_prem,user,rag_qa_service_model,3
9ad68330-4833-4995-98be-6bf076901baf,recsys_clickthrough,transformer,tensorflow,d87c8be,bugfix/data_issue,recsys_v3,1337,2024-03-28T03:46:12.899900,2024-03-28T04:04:13.045873,success,,0.8362620145655738,0.8224671939939188,0.8586972902457891,roc_auc,0.1621,66,0.000525,64,222.388,cpu,,0.442,0.0,on_prem,ci_pipeline,recsys_clickthrough_model,5
3a13e94a-32a9-4ffc-8865-d8caddb9e54f,energy_forecasting,cnn,lightgbm,a181d2d,develop,energy_1,789,2024-03-10T22:33:42.366314,2024-03-10T22:53:50.623684,success,,0.26670640651557126,0.2518279902078834,0.27026956053873225,rmse,0.0917,78,0.00093,256,4.15,cpu,,2.557,0.0,on_prem,scheduled_job,energy_forecasting_model,2
c4b18aa9-5814-4215-b8df-b25d0c150c13,energy_forecasting,lightgbm,xgboost,b0eaed7,main,energy_3,1337,2024-09-28T08:51:44.576549,2024-09-28T09:25:16.448299,success,,0.16236162464437234,0.1935998529385433,0.180748397180524,rmse,0.0276,8,0.03281,2048,1.432,multi_gpu,V100,1.292,3.754,aws,ci_pipeline,energy_forecasting_model,3
fe5e08a1-368f-41c9-b407-92880f7046c9,energy_forecasting,xgboost,pytorch,f1b8383,develop,energy_5,2024,2024-07-22T17:19:13.723374,2024-07-22T18:47:00.383231,success,,0.21791189333947636,0.2119763297897702,0.2311706014919764,rmse,0.0401,57,0.00103,2048,2.646,cpu,,10.471,0.0,azure,user,energy_forecasting_model,6
b9418352-662a-4ac9-a361-088066c10ac9,recsys_clickthrough,tabnet,lightgbm,8a89ee8,experiment/hyperparam,recsys_v3,789,2024-10-05T22:15:18.226232,2024-10-05T22:50:07.042498,success,,0.8783461202208178,0.8552513912573106,0.8438885446606239,roc_auc,0.085,51,0.00099,256,1.502,multi_gpu,A100,3.447,4.022,azure,ci_pipeline,recsys_clickthrough_model,9
c5d1a673-92f0-4127-816a-fd809e34fc22,energy_forecasting,transformer,lightgbm,f00402e,main,energy_3,123,2024-03-19T09:50:52.224258,2024-03-19T10:28:13.354623,failed,infra_error,,,,rmse,,7,0.000385,16,181.726,single_gpu,T4,1.808,0.697,azure,scheduled_job,energy_forecasting_model,5
5b6e033a-1fe1-4573-b593-328bd0a330fd,recsys_clickthrough,cnn,tensorflow,e344993,main,recsys_v3,789,2024-03-04T02:37:32.951645,2024-03-04T03:29:57.981591,success,,0.8158916433485598,0.8123271416717344,0.8329263580233576,roc_auc,0.1774,76,0.00116,256,4.001,cpu,,5.129,0.0,azure,scheduled_job,recsys_clickthrough_model,3
445bc700-0074-48b4-aaea-278ce980ccdb,fraud_detection,cnn,tensorflow,e6e1cbd,main,fraud_v4,42,2024-04-21T05:54:09.077840,2024-04-21T06:20:08.632343,failed,nan_loss,,,,roc_auc,,67,0.00023,128,17.986,cpu,,2.417,0.0,azure,user,fraud_detection_model,2
0446538e-adf7-4eb3-9cf5-782b73e796c0,rag_qa_service,transformer,xgboost,916c257,main,rag_corpus_5,789,2024-04-05T20:00:28.349482,2024-04-05T20:29:51.094175,failed,early_stopped,,,,f1,,64,0.00017,16,43.37,multi_gpu,A100,3.572,3.34,on_prem,user,rag_qa_service_model,16
9e3f434e-a8ea-48cb-bf0c-9499c5eeb91e,rag_qa_service,tabnet,pytorch,8f8346a,bugfix/data_issue,rag_corpus_1,42,2024-09-02T04:30:30.845591,2024-09-02T04:46:59.585077,success,,0.861760094458647,0.8374366741464719,0.8077113920869711,f1,0.1331,47,0.00102,512,9.688,multi_gpu,V100,1.238,2.171,azure,ci_pipeline,rag_qa_service_model,1
fb0153cf-c94e-4806-910f-49dd6c2ce8a3,energy_forecasting,lightgbm,tensorflow,9f720d3,experiment/hyperparam,energy_2,2024,2024-11-07T06:12:50.082371,2024-11-07T06:46:36.407717,success,,0.1774351085607412,0.21665426439928395,0.24862176739475314,rmse,0.0332,21,0.00658,2048,2.186,cpu,,4.071,0.0,aws,scheduled_job,energy_forecasting_model,1
15fc512c-58b2-4961-9938-0d10fd864ac9,energy_forecasting,xgboost,tensorflow,7038384,experiment/new_arch,energy_5,2024,2024-12-28T04:33:59.916038,2024-12-28T05:47:00.350031,success,,0.24410648615711236,0.22173004909282443,0.21462174936203612,rmse,0.0695,24,0.01886,1024,1.012,cpu,,5.23,0.0,on_prem,user,energy_forecasting_model,10
813022c7-171c-4147-b307-eefd51beea72,recsys_clickthrough,tabnet,tensorflow,0a064da,main,recsys_v1,456,2024-11-12T14:30:55.725859,2024-11-12T15:16:52.550674,failed,early_stopped,,,,roc_auc,,65,0.00449,512,1.456,multi_gpu,T4,2.634,2.184,on_prem,ci_pipeline,recsys_clickthrough_model,3
9040433f-508e-463f-b93d-ad54e90c68ad,recsys_clickthrough,lightgbm,xgboost,f8b0e47,develop,recsys_v1,456,2024-09-06T18:34:02.900493,2024-09-06T18:54:03.307588,success,,0.7817005715672735,0.7592620422414104,0.757201578213466,roc_auc,0.2428,38,0.00234,2048,1.406,single_gpu,A100,1.083,0.354,azure,user,recsys_clickthrough_model,9
02414e27-1421-40e9-a792-aede3717472e,rag_qa_service,xgboost,xgboost,f3562b8,bugfix/data_issue,rag_corpus_2,789,2024-03-28T17:33:38.446467,2024-03-28T18:07:31.135463,success,,0.7927565621627648,0.7867772296079315,0.7998838465490107,f1,0.1971,72,0.00065,1024,2.061,single_gpu,V100,1.115,0.607,azure,user,rag_qa_service_model,7
0d10bf11-2bf6-47bf-b572-85685034820b,recsys_clickthrough,tabnet,xgboost,a32bee6,develop,recsys_v5,123,2024-04-25T21:16:00.505111,2024-04-25T22:08:48.529041,success,,0.7832092973105285,0.779986747015777,0.7902649040089553,roc_auc,0.2204,6,0.00193,256,7.094,cpu,,4.038,0.0,gcp,scheduled_job,recsys_clickthrough_model,14
e24676e6-cff0-4bca-ad6b-83ccf06ab1f8,rag_qa_service,cnn,lightgbm,bdab232,main,rag_corpus_5,1337,2024-04-07T09:42:59.363709,2024-04-07T10:23:51.518986,success,,0.8211850935194105,0.8044593565073832,0.8519564048797637,f1,0.1762,6,0.00377,256,13.635,single_gpu,A100,1.213,0.792,gcp,scheduled_job,rag_qa_service_model,3
5d7200a4-a664-4af4-a0cc-ef6f1eb0ce9b,rag_qa_service,lightgbm,xgboost,d7a2672,develop,rag_corpus_1,789,2024-10-06T01:21:37.303788,2024-10-06T01:40:04.545192,success,,0.8020123800738126,0.7926468407132541,0.7879584877118823,f1,0.1791,28,0.00448,512,2.607,cpu,,1.484,0.0,azure,user,rag_qa_service_model,3
b11bd27f-b0c9-4c29-82c9-ad10175dad8d,recsys_clickthrough,transformer,xgboost,757360b,experiment/new_arch,recsys_v3,789,2024-08-11T04:46:57.727595,2024-08-11T05:15:57.010215,success,,0.8542554835394527,0.8368673787305777,0.8491747284108387,roc_auc,0.127,8,0.000521,32,101.821,cpu,,3.563,0.0,aws,user,recsys_clickthrough_model,17
9f7a75d6-4613-495f-a568-4d632f0310bb,rag_qa_service,xgboost,xgboost,6cf37ec,experiment/hyperparam,rag_corpus_4,123,2024-06-03T04:46:07.385757,2024-06-03T05:49:39.479408,success,,0.8005180106845763,0.796975724190942,0.7742081286143236,f1,0.2013,60,0.03745,2048,0.916,cpu,,7.528,0.0,gcp,user,rag_qa_service_model,17
0a291cf7-00ed-489b-a9fd-10533ab9e209,fraud_detection,lightgbm,xgboost,fb26729,develop,fraud_v4,42,2024-04-01T06:43:15.226020,2024-04-01T06:53:56.351075,failed,data_error,,,,roc_auc,,60,0.00991,512,0.962,single_gpu,A100,0.338,0.195,aws,user,fraud_detection_model,17
f8bfe2cd-ee42-4c9f-8a45-f6245a3d0bf8,rag_qa_service,tabnet,xgboost,f66ce9a,develop,rag_corpus_2,123,2024-03-06T06:52:22.290736,2024-03-06T07:20:05.632712,success,,0.8546215133244981,0.8275153795986788,0.824904149135242,f1,0.142,60,0.00012,512,9.078,cpu,,3.218,0.0,on_prem,scheduled_job,rag_qa_service_model,6
b94fe825-6ca0-4a1c-afc8-ef71a97e8c63,fraud_detection,lightgbm,pytorch,0c077c9,experiment/new_arch,fraud_v2,123,2024-08-02T22:26:02.350084,2024-08-02T23:00:34.570260,success,,0.9246083253760701,0.9048563490782457,0.9123727616273434,roc_auc,0.0792,79,0.00046,512,2.511,multi_gpu,V100,3.22,1.548,on_prem,ci_pipeline,fraud_detection_model,1
652f1469-19bc-437d-a224-9fcbd28949ee,recsys_clickthrough,tabnet,tensorflow,98d02a0,main,recsys_v5,1337,2024-04-18T22:20:52.614906,2024-04-18T23:21:15.305250,failed,nan_loss,,,,roc_auc,,25,0.00108,512,4.589,cpu,,3.239,0.0,aws,ci_pipeline,recsys_clickthrough_model,10
60278133-122a-478f-aced-f650a2901790,recsys_clickthrough,transformer,xgboost,50c5edc,bugfix/data_issue,recsys_v1,456,2024-06-20T20:21:19.999136,2024-06-20T21:41:31.566637,success,,0.8320422595857474,0.805919477005861,0.8322177660775419,roc_auc,0.2008,55,0.00016,64,269.907,cpu,,5.485,0.0,azure,ci_pipeline,recsys_clickthrough_model,7
482f5ea0-6c55-43e2-b4d3-2880958c0f1f,recsys_clickthrough,tabnet,sklearn,1baf7be,experiment/hyperparam,recsys_v4,1337,2024-11-05T10:42:36.777239,2024-11-05T11:34:18.214938,failed,infra_error,,,,roc_auc,,69,0.0003,512,5.367,single_gpu,A100,1.131,0.822,azure,scheduled_job,recsys_clickthrough_model,6
85597c4a-e74e-48a2-9bc1-ab29535447b1,recsys_clickthrough,cnn,pytorch,00a1dcf,experiment/new_arch,recsys_v1,456,2024-05-07T14:56:03.801596,2024-05-07T16:57:53.155713,success,,0.816738073885362,0.8129645675027065,0.8168567166074514,roc_auc,0.1684,11,0.00796,128,12.412,single_gpu,T4,6.56,2.035,gcp,scheduled_job,recsys_clickthrough_model,10
cf80a2d8-2945-4f90-bee6-bb2e37d654c2,energy_forecasting,xgboost,sklearn,a5b9025,experiment/hyperparam,energy_4,789,2024-10-17T23:56:54.248429,2024-10-18T00:11:54.191094,success,,0.15626785716803981,0.1596841268164083,0.160484012426204,rmse,0.0098,45,0.0048,2048,0.232,single_gpu,V100,0.355,0.228,gcp,scheduled_job,energy_forecasting_model,14
84823f03-fcf6-49f0-a1fa-becff2926bda,fraud_detection,tabnet,tensorflow,9a8095e,experiment/hyperparam,fraud_v1,123,2024-04-12T08:49:47.463629,2024-04-12T09:17:17.939804,success,,0.8612088148599147,0.8474353078322825,0.8447279609983079,roc_auc,0.1232,76,0.00403,256,5.934,cpu,,2.104,0.0,azure,ci_pipeline,fraud_detection_model,13
e73067ec-f0bf-4014-93bd-c833f91f06ef,recsys_clickthrough,tabnet,sklearn,dcb5067,develop,recsys_v3,789,2024-10-29T18:02:50.739780,2024-10-29T18:32:18.989778,failed,oom,,,,roc_auc,,50,0.00171,256,1.581,single_gpu,T4,1.0,0.493,azure,user,recsys_clickthrough_model,3
2d3b7c3e-e151-4b0c-bd23-4eb28467c8f9,rag_qa_service,tabnet,sklearn,ce257d4,experiment/hyperparam,rag_corpus_2,42,2024-10-27T01:56:00.302479,2024-10-27T02:28:45.228271,success,,0.8300303079008322,0.8338073156320007,0.7873575145913906,f1,0.1866,69,0.00254,512,9.932,single_gpu,T4,0.761,0.497,aws,user,rag_qa_service_model,1
7eb26e14-e96b-46af-86a8-a4d7144a5dbb,energy_forecasting,xgboost,xgboost,d5e1cb0,experiment/hyperparam,energy_2,456,2024-03-14T04:51:58.634427,2024-03-14T05:21:40.573762,success,,0.22258306037625025,0.23724338323287777,0.20864808218224407,rmse,0.0275,18,0.01928,2048,1.863,single_gpu,V100,0.954,0.559,azure,scheduled_job,energy_forecasting_model,5
0e2d617f-0832-4f99-adaa-fc7cdedaf729,recsys_clickthrough,cnn,sklearn,0983552,experiment/hyperparam,recsys_v5,123,2024-03-03T12:22:07.626517,2024-03-03T12:41:33.768145,success,,0.8228439949627977,0.807724754052505,0.8043585893732637,roc_auc,0.2017,19,0.00069,64,15.272,single_gpu,A100,0.393,0.27,azure,user,recsys_clickthrough_model,16
c0b7519b-c9f2-4959-859a-84f56f1aed91,fraud_detection,xgboost,lightgbm,06299db,bugfix/data_issue,fraud_v3,456,2024-05-01T07:13:44.967906,2024-05-01T08:20:03.238157,success,,0.8937911074185694,0.8762017214173499,0.8819247998561899,roc_auc,0.1189,19,0.00254,2048,1.822,single_gpu,A100,1.139,1.165,aws,user,fraud_detection_model,15
8af428bd-ec9a-4ddf-860e-1a9410cb372a,fraud_detection,transformer,tensorflow,ab733d9,experiment/hyperparam,fraud_v4,123,2024-09-12T08:37:26.690455,2024-09-12T09:11:44.413155,success,,0.8844375725345881,0.8476564737982042,0.8403717061568441,roc_auc,0.0764,11,1.9e-05,16,23.278,single_gpu,V100,1.295,0.525,on_prem,scheduled_job,fraud_detection_model,4
6f37021c-0fce-4ed3-90bd-832ac0b03d8d,energy_forecasting,transformer,lightgbm,d45986b,main,energy_3,1337,2024-08-25T01:11:39.753713,2024-08-25T02:03:03.603970,success,,0.28447429294423165,0.32201085674209956,0.3140615150686314,rmse,0.0953,55,0.000287,64,202.642,single_gpu,A100,3.03,0.923,on_prem,user,energy_forecasting_model,20
bb44d126-27aa-4396-9e14-21b45ed30a6b,recsys_clickthrough,tabnet,pytorch,f65d9c6,experiment/hyperparam,recsys_v5,2024,2024-03-27T04:42:42.608570,2024-03-27T05:28:10.230942,failed,early_stopped,,,,roc_auc,,44,0.00519,512,9.208,cpu,,3.043,0.0,on_prem,user,recsys_clickthrough_model,15
3a0df6fe-eb91-4581-a83e-2d8e3992e564,recsys_clickthrough,cnn,lightgbm,11dc67a,main,recsys_v2,123,2024-11-19T20:24:39.817402,2024-11-19T21:09:03.752673,failed,data_error,,,,roc_auc,,71,0.00043,128,12.062,cpu,,2.663,0.0,gcp,scheduled_job,recsys_clickthrough_model,20
65b8198e-2dc5-42bb-bfe3-54822d24b3be,rag_qa_service,lightgbm,pytorch,a59e4f6,experiment/hyperparam,rag_corpus_1,1337,2024-01-03T23:07:28.743993,2024-01-04T00:33:13.496060,success,,0.8193342938159022,0.8189783363620191,0.8082244204722232,f1,0.1817,73,0.01663,1024,1.186,multi_gpu,T4,4.289,6.55,azure,user,rag_qa_service_model,1
9999b896-3f76-44c6-8a08-dc11c2dddf95,energy_forecasting,xgboost,tensorflow,d3b6566,bugfix/data_issue,energy_2,2024,2024-03-04T07:04:21.111113,2024-03-04T07:34:24.707666,success,,0.253322321674985,0.2855151180991382,0.3341386116376186,rmse,0.0596,22,0.01237,1024,1.088,single_gpu,T4,0.609,0.483,on_prem,scheduled_job,energy_forecasting_model,5
56afd775-b9b1-4f68-b478-475538622ff1,recsys_clickthrough,xgboost,sklearn,a2eaf22,experiment/new_arch,recsys_v4,2024,2024-08-08T14:48:09.112406,2024-08-08T15:20:21.984983,success,,0.7731519566388554,0.7741334114191638,0.7668971846345125,roc_auc,0.1908,57,0.00037,2048,1.566,multi_gpu,A100,4.179,2.312,gcp,ci_pipeline,recsys_clickthrough_model,15
a11fb592-1079-4ba5-ae1f-27af428d8b13,rag_qa_service,cnn,pytorch,299d386,bugfix/data_issue,rag_corpus_5,456,2024-01-13T05:07:33.723156,2024-01-13T05:34:19.482751,success,,0.8215095253279767,0.8148477202255369,0.8441758361652029,f1,0.1859,77,0.00631,64,3.207,cpu,,3.431,0.0,on_prem,scheduled_job,rag_qa_service_model,3
c2d5b9eb-0a08-4525-bf24-e200fa2b7399,recsys_clickthrough,tabnet,tensorflow,71e17bf,main,recsys_v5,1337,2024-04-24T01:29:51.215503,2024-04-24T02:00:54.252587,success,,0.849741679153461,0.837908677032411,0.8143028182406131,roc_auc,0.1817,61,0.00059,512,3.734,cpu,,2.479,0.0,azure,ci_pipeline,recsys_clickthrough_model,16
e60cdd1d-01aa-4f21-adc4-459b7bd96f63,energy_forecasting,transformer,tensorflow,fc40ebb,bugfix/data_issue,energy_3,42,2024-08-17T16:40:06.501770,2024-08-17T17:18:35.608443,success,,0.152806762518715,0.16692725831724456,0.19658095833135816,rmse,0.0051,6,0.000465,64,143.324,single_gpu,A100,1.223,0.58,aws,scheduled_job,energy_forecasting_model,16
644f76fa-584b-4463-8218-86300aade02e,fraud_detection,lightgbm,xgboost,1c4944b,bugfix/data_issue,fraud_v2,1337,2024-09-26T17:21:10.676671,2024-09-26T17:51:02.926093,success,,0.849673681684276,0.8367550640642759,0.8502470386314996,roc_auc,0.1895,33,0.01163,2048,1.518,multi_gpu,V100,2.196,3.964,gcp,scheduled_job,fraud_detection_model,6
157b0acd-0050-460b-8fcf-e124430c1c30,fraud_detection,cnn,sklearn,f9ddc66,experiment/new_arch,fraud_v2,123,2024-07-29T21:09:17.171658,2024-07-29T22:14:25.087617,failed,infra_error,,,,roc_auc,,24,0.00025,64,8.508,single_gpu,T4,1.214,1.075,azure,scheduled_job,fraud_detection_model,16
cf391348-1366-42d3-b0a3-6b23fda9d0c3,energy_forecasting,transformer,xgboost,3a64864,experiment/new_arch,energy_4,2024,2024-04-25T05:25:56.468324,2024-04-25T05:39:12.494278,success,,0.22816318314018227,0.24204624986447343,0.2657823289663554,rmse,0.0583,37,0.000847,32,274.647,cpu,,1.339,0.0,aws,scheduled_job,energy_forecasting_model,9
b40eff45-24f6-4d18-9426-771d5f574254,energy_forecasting,xgboost,tensorflow,a6cbb93,experiment/hyperparam,energy_2,456,2024-07-18T21:05:09.547216,2024-07-18T21:31:41.279773,success,,0.24586197830427448,0.2293264089167421,0.20191043203785725,rmse,0.052,15,0.07246,1024,0.532,cpu,,1.874,0.0,aws,ci_pipeline,energy_forecasting_model,4
ea75863e-a817-4090-874f-57fe73ec1143,rag_qa_service,cnn,pytorch,b40909e,develop,rag_corpus_5,2024,2024-02-14T10:52:53.578836,2024-02-14T11:41:30.304626,failed,nan_loss,,,,f1,,75,0.00059,128,10.714,cpu,,3.602,0.0,aws,user,rag_qa_service_model,6
62164d15-2bce-42cf-97db-8d362808ea52,energy_forecasting,cnn,lightgbm,a17fcba,experiment/hyperparam,energy_3,123,2024-10-11T23:12:22.232042,2024-10-11T23:33:48.092224,success,,0.2686092387505018,0.25605612141896694,0.2750401133633785,rmse,0.0706,10,0.00143,128,17.446,single_gpu,T4,1.408,0.344,on_prem,scheduled_job,energy_forecasting_model,9
74ba1327-3ac1-4561-8fcd-7d0106dc5ce3,recsys_clickthrough,transformer,sklearn,7e9272c,develop,recsys_v5,2024,2024-02-08T18:44:50.909952,2024-02-08T19:14:18.548169,failed,oom,,,,roc_auc,,12,0.000494,16,270.065,multi_gpu,A100,1.166,3.585,azure,ci_pipeline,recsys_clickthrough_model,9
ea7ce7d1-fec6-4127-bd07-a3fa2663d3da,rag_qa_service,xgboost,lightgbm,2aea4be,bugfix/data_issue,rag_corpus_1,1337,2024-09-15T06:37:31.843472,2024-09-15T07:42:54.822579,success,,0.7851793776468163,0.7790645621777051,0.8071673801773555,f1,0.2338,11,0.00418,2048,1.58,multi_gpu,V100,6.276,8.236,on_prem,ci_pipeline,rag_qa_service_model,8
4105280e-99a8-41ce-87a0-e5480439f363,fraud_detection,transformer,lightgbm,18f540f,main,fraud_v3,1337,2024-11-07T11:16:35.782373,2024-11-07T11:37:25.431336,success,,0.901742819067497,0.8822115686137361,0.8899078499151954,roc_auc,0.1128,28,4e-05,64,120.44,single_gpu,T4,1.185,0.316,on_prem,user,fraud_detection_model,18
5e565412-ccc7-4b6c-a120-2f317648171f,fraud_detection,transformer,pytorch,461b7e7,develop,fraud_v2,42,2024-03-11T11:29:31.983527,2024-03-11T12:14:40.216155,failed,infra_error,,,,roc_auc,,42,0.000303,64,59.998,single_gpu,V100,2.453,0.833,on_prem,ci_pipeline,fraud_detection_model,15
d81561d3-2478-49e6-96f8-5d49a3dc1dc5,fraud_detection,xgboost,tensorflow,0c01ca7,bugfix/data_issue,fraud_v2,2024,2024-07-30T11:04:06.383454,2024-07-30T12:11:41.329193,failed,infra_error,,,,roc_auc,,5,0.04119,1024,1.879,cpu,,1.825,0.0,aws,ci_pipeline,fraud_detection_model,2
5f2e7928-e717-4870-a86c-85868810ee1b,recsys_clickthrough,lightgbm,sklearn,204c729,main,recsys_v1,789,2024-08-05T04:00:07.511923,2024-08-05T04:50:46.642839,success,,0.8168736956838488,0.8123580924021188,0.8144938362716022,roc_auc,0.1804,54,0.00524,1024,0.325,single_gpu,T4,1.876,0.813,gcp,scheduled_job,recsys_clickthrough_model,4
3a307581-94fa-46dd-9bd7-07dd11d93bbf,recsys_clickthrough,cnn,pytorch,c95126b,bugfix/data_issue,recsys_v2,789,2024-03-29T22:19:36.404990,2024-03-29T22:53:19.652210,failed,nan_loss,,,,roc_auc,,51,0.0004,256,2.46,cpu,,2.532,0.0,gcp,user,recsys_clickthrough_model,16
91ecb65d-7fc6-4b97-9b72-f045b8fc12b7,fraud_detection,xgboost,sklearn,21ae6cc,develop,fraud_v2,123,2024-08-21T12:52:23.392902,2024-08-21T13:40:06.060019,failed,early_stopped,,,,roc_auc,,7,0.03064,2048,2.151,multi_gpu,V100,1.83,1.938,gcp,user,fraud_detection_model,16
c7ac6027-4d2e-4f05-8275-c8790382bc06,fraud_detection,cnn,tensorflow,683ff9d,bugfix/data_issue,fraud_v5,123,2024-06-18T10:31:55.998998,2024-06-18T10:44:33.336233,success,,0.865413005062331,0.8471182566430135,0.8442108645614215,roc_auc,0.1293,22,0.00029,64,6.339,single_gpu,V100,0.717,0.246,aws,ci_pipeline,fraud_detection_model,16
a14ee0a1-3356-43b9-844e-98c0a9650c85,rag_qa_service,lightgbm,pytorch,a0a465c,experiment/new_arch,rag_corpus_1,42,2024-09-27T06:03:06.879467,2024-09-27T06:13:03.945159,success,,0.8449447258007414,0.8480329297919326,0.7725451258964119,f1,0.1587,17,0.00116,2048,1.957,single_gpu,T4,0.653,0.173,aws,user,rag_qa_service_model,8
cd2fc1eb-52e2-4c8f-845b-40944f3f4e09,rag_qa_service,tabnet,xgboost,53a5c51,experiment/new_arch,rag_corpus_2,789,2024-11-21T08:21:31.363183,2024-11-21T09:59:04.021623,success,,0.8603810438685424,0.8419473176469718,0.8559335445468478,f1,0.1444,58,0.00014,256,6.985,cpu,,4.379,0.0,on_prem,user,rag_qa_service_model,7
c1351cd5-04c2-4713-94cd-04eeef71cbbe,rag_qa_service,lightgbm,lightgbm,5735450,bugfix/data_issue,rag_corpus_1,456,2024-02-19T19:45:11.283445,2024-02-19T21:00:30.843020,failed,data_error,,,,f1,,31,0.00632,1024,0.514,multi_gpu,V100,8.351,4.555,on_prem,ci_pipeline,rag_qa_service_model,6
337dca02-4669-4f93-8219-f76ed12bd588,recsys_clickthrough,tabnet,xgboost,d1d7f9d,experiment/hyperparam,recsys_v1,2024,2024-06-05T06:14:48.520599,2024-06-05T06:25:49.908074,success,,0.8226147450540652,0.8188766453762808,0.8191842250037229,roc_auc,0.1965,78,0.00019,256,6.481,single_gpu,T4,0.214,0.202,azure,user,recsys_clickthrough_model,19
4a237708-9616-4d1b-9f29-836a21632a82,fraud_detection,transformer,sklearn,07c087c,main,fraud_v4,789,2024-03-28T18:52:50.427915,2024-03-28T19:10:39.581984,success,,0.89608164578292,0.894752947940029,0.8848812006039002,roc_auc,0.0978,48,1.3e-05,16,255.015,cpu,,0.305,0.0,on_prem,scheduled_job,fraud_detection_model,8
adf89d63-2aaf-4986-9a06-641d87df7490,fraud_detection,xgboost,lightgbm,a2799f7,develop,fraud_v4,123,2024-10-15T07:09:44.366516,2024-10-15T07:24:30.459602,success,,0.8639312438300348,0.8454222642083551,0.8433616873823642,roc_auc,0.1439,12,0.04044,2048,1.009,single_gpu,A100,0.829,0.285,on_prem,scheduled_job,fraud_detection_model,11
5a32cfd5-6061-4af2-8437-e9435fa2bc30,fraud_detection,cnn,lightgbm,cb993a9,experiment/hyperparam,fraud_v1,1337,2024-12-11T01:01:21.838586,2024-12-11T01:32:29.442410,success,,0.9319445981054141,0.9126824440829981,0.9271634063518657,roc_auc,0.0928,62,0.00015,128,14.053,single_gpu,T4,1.287,0.495,aws,ci_pipeline,fraud_detection_model,2
5a5d7c6a-feec-4a6c-90a3-39cddfd3e7cd,energy_forecasting,cnn,pytorch,ab8c258,experiment/new_arch,energy_5,2024,2024-03-17T13:47:42.814534,2024-03-17T14:22:38.297035,success,,0.227811058627096,0.2398657853702798,0.24275246851520396,rmse,0.0375,57,0.00039,256,3.002,single_gpu,V100,1.947,0.616,azure,scheduled_job,energy_forecasting_model,2
8afcfc30-d245-43b6-86a6-3eafd2b4ad08,fraud_detection,cnn,tensorflow,78d78de,experiment/new_arch,fraud_v5,456,2024-10-18T23:09:28.355857,2024-10-18T23:17:49.370832,success,,0.9138527348490119,0.9070536546584558,0.901103722261127,roc_auc,0.0958,13,0.00026,64,8.005,cpu,,0.499,0.0,gcp,scheduled_job,fraud_detection_model,6
26ff7bf6-b94b-4c79-975f-2b6ebd3a2c78,energy_forecasting,xgboost,sklearn,21223f0,experiment/new_arch,energy_5,123,2024-06-21T23:24:25.485757,2024-06-21T23:50:56.282472,success,,0.32592884113087345,0.3351903046063705,0.3330151065630442,rmse,0.117,11,0.05016,512,0.726,multi_gpu,V100,2.681,2.495,aws,user,energy_forecasting_model,8
d8188bb8-0b17-4d22-9ec7-96b80e8ce70e,energy_forecasting,transformer,xgboost,5a59bd7,experiment/hyperparam,energy_5,123,2024-11-23T20:56:58.719221,2024-11-23T21:11:32.755458,success,,0.13377630474525262,0.1860758581725965,0.13628832193880516,rmse,0.0191,50,6.2e-05,32,219.698,single_gpu,T4,0.388,0.281,azure,scheduled_job,energy_forecasting_model,2
f0e71810-6e13-4274-b59a-0f93a5b79967,recsys_clickthrough,cnn,tensorflow,72eb4fd,develop,recsys_v2,123,2024-02-12T16:11:45.070366,2024-02-12T16:25:00.715367,success,,0.7924371733169647,0.7746473761965247,0.7264496128543885,roc_auc,0.206,50,0.00011,128,3.363,single_gpu,A100,0.495,0.22,gcp,user,recsys_clickthrough_model,7
0ea4b35d-613b-4f76-a2e2-c97db7d2e5bf,fraud_detection,cnn,tensorflow,27f810e,develop,fraud_v4,456,2024-02-26T23:01:35.842345,2024-02-26T23:35:00.755648,success,,0.9043737438886069,0.9016083719773098,0.9034197240701518,roc_auc,0.1266,76,0.00085,128,19.306,single_gpu,A100,1.424,0.596,azure,ci_pipeline,fraud_detection_model,5
45175e0c-8d40-4013-a34c-853812e4f63f,rag_qa_service,cnn,sklearn,be2846d,experiment/new_arch,rag_corpus_3,42,2024-04-29T02:58:12.987641,2024-04-29T03:26:55.824396,success,,0.7779961348765697,0.7896117382097616,0.7960010795525708,f1,0.2418,5,0.00034,64,1.333,single_gpu,A100,0.9,0.531,gcp,user,rag_qa_service_model,18
90c2ab5f-31eb-4b59-90b9-62816252c45e,rag_qa_service,xgboost,xgboost,67980a6,experiment/new_arch,rag_corpus_3,789,2024-05-16T02:00:03.177312,2024-05-16T02:14:46.311452,success,,0.8302806587372623,0.8135109948638669,0.7566735883859843,f1,0.151,74,0.0862,1024,2.556,single_gpu,V100,0.263,0.284,azure,user,rag_qa_service_model,7
81fc7a28-2923-4bf1-82ac-ee3f80b5b20c,rag_qa_service,transformer,lightgbm,4cf6e29,main,rag_corpus_2,123,2024-04-20T16:18:17.185214,2024-04-20T16:44:24.074042,failed,data_error,,,,f1,,55,2.9e-05,16,89.049,single_gpu,T4,1.067,0.478,on_prem,scheduled_job,rag_qa_service_model,6
ebd4a7e3-8995-49b5-8eca-b6444a05c8e4,rag_qa_service,tabnet,pytorch,3d47d49,experiment/new_arch,rag_corpus_5,2024,2024-06-18T03:50:17.043511,2024-06-18T04:20:00.966531,failed,infra_error,,,,f1,,41,0.00089,512,1.05,cpu,,3.818,0.0,aws,user,rag_qa_service_model,10
817d3b93-4a34-4f93-8334-e4c9be5690c4,rag_qa_service,lightgbm,lightgbm,ea0c7f9,experiment/hyperparam,rag_corpus_5,789,2024-07-25T10:26:00.258900,2024-07-25T10:59:32.242651,failed,early_stopped,,,,f1,,68,0.08071,1024,0.319,single_gpu,A100,1.172,0.497,on_prem,user,rag_qa_service_model,9
10648617-338d-4d96-93af-5db9742dcb4b,recsys_clickthrough,tabnet,sklearn,27b505a,experiment/hyperparam,recsys_v1,456,2024-04-16T10:58:38.984397,2024-04-16T11:36:40.887586,failed,nan_loss,,,,roc_auc,,79,0.00025,256,1.838,cpu,,3.396,0.0,gcp,ci_pipeline,recsys_clickthrough_model,11
3654afab-971c-4502-bd7a-1da56722d225,energy_forecasting,cnn,tensorflow,ab19d08,experiment/hyperparam,energy_4,789,2024-05-04T05:08:33.646759,2024-05-04T05:50:29.346061,failed,nan_loss,,,,rmse,,31,0.0002,256,16.411,single_gpu,T4,2.032,0.668,gcp,ci_pipeline,energy_forecasting_model,20
2216703b-be86-40f2-b583-9f6c94489d29,fraud_detection,transformer,lightgbm,e1205b2,experiment/new_arch,fraud_v5,1337,2024-10-05T17:02:39.918295,2024-10-05T18:19:58.395559,success,,0.8537535231461695,0.8621106358865797,0.867061610898769,roc_auc,0.1586,18,0.000223,64,92.773,single_gpu,T4,2.623,1.504,azure,user,fraud_detection_model,5
9a31c76c-9457-4a7c-8718-45b364468433,recsys_clickthrough,lightgbm,tensorflow,221bc1c,experiment/new_arch,recsys_v1,123,2024-02-09T08:28:48.954486,2024-02-09T08:46:02.650987,failed,oom,,,,roc_auc,,8,0.07849,1024,1.636,cpu,,0.773,0.0,on_prem,scheduled_job,recsys_clickthrough_model,1
2ab4596e-6cae-4b0a-9bf1-191670467a0f,fraud_detection,xgboost,xgboost,3e251df,bugfix/data_issue,fraud_v3,456,2024-02-28T14:28:56.148915,2024-02-28T14:59:05.731855,failed,early_stopped,,,,roc_auc,,4,0.00564,2048,2.071,single_gpu,A100,0.618,0.457,aws,user,fraud_detection_model,7
abdc79cf-e1ff-4c44-9e69-584b669a4ff6,energy_forecasting,lightgbm,xgboost,0beed7b,develop,energy_4,2024,2024-12-15T13:52:12.598798,2024-12-15T14:21:55.700317,success,,0.29993337028447165,0.29864242373382655,0.3038273493328891,rmse,0.074,68,0.00735,512,1.355,single_gpu,V100,0.561,0.429,on_prem,user,energy_forecasting_model,14
fa87d0cf-6f35-4f18-a4ea-de90fa99b40b,fraud_detection,cnn,sklearn,78754b1,experiment/new_arch,fraud_v1,789,2024-04-13T12:26:10.452981,2024-04-13T13:09:52.336298,success,,0.8929680939599486,0.8827766161857911,0.8731543125501264,roc_auc,0.1168,55,0.00075,256,12.278,single_gpu,A100,0.888,0.764,on_prem,scheduled_job,fraud_detection_model,14
64df685a-351c-40b3-a8a6-be1c9e33d8ff,recsys_clickthrough,xgboost,lightgbm,f50aa68,main,recsys_v1,123,2024-05-24T02:32:54.261550,2024-05-24T04:10:40.409249,failed,data_error,,,,roc_auc,,28,0.00131,1024,1.958,cpu,,9.233,0.0,gcp,user,recsys_clickthrough_model,20
f4d95c0e-9609-4703-abe6-3bf5e253dc86,rag_qa_service,xgboost,pytorch,db4b94c,experiment/new_arch,rag_corpus_3,789,2024-08-31T08:05:26.189976,2024-08-31T08:34:58.080392,failed,oom,,,,f1,,16,0.00081,1024,1.739,multi_gpu,V100,3.263,2.458,azure,scheduled_job,rag_qa_service_model,16
d9e7958e-f34b-4cfd-baae-c657e262e07d,rag_qa_service,lightgbm,pytorch,0bd7029,experiment/hyperparam,rag_corpus_2,456,2024-08-15T00:25:43.791412,2024-08-15T01:13:43.480439,success,,0.7884494544890405,0.7696261238658064,0.7583238655449794,f1,0.2021,28,0.00118,1024,1.94,cpu,,2.043,0.0,aws,scheduled_job,rag_qa_service_model,16
2ded0f94-470f-44a0-9fea-c0830f917b2b,rag_qa_service,tabnet,tensorflow,8c80cfe,main,rag_corpus_4,789,2024-04-24T19:32:18.862445,2024-04-24T20:11:09.440248,success,,0.7656075743425874,0.762082992398939,0.7806877916864374,f1,0.2308,25,0.00072,256,0.777,multi_gpu,V100,3.163,3.868,on_prem,ci_pipeline,rag_qa_service_model,10
7e740f97-d2c8-4f27-9410-eb3c200632bf,recsys_clickthrough,transformer,lightgbm,2b71aaa,bugfix/data_issue,recsys_v4,789,2024-07-24T05:21:26.649338,2024-07-24T05:43:52.418154,success,,0.8641867617773143,0.8728521612909205,0.8930024350876589,roc_auc,0.1221,66,6.1e-05,32,231.194,single_gpu,A100,1.404,0.441,aws,ci_pipeline,recsys_clickthrough_model,13
bbacf598-71ca-4e25-8ddc-1444a99aa078,energy_forecasting,cnn,tensorflow,0925c9c,experiment/hyperparam,energy_4,42,2024-06-05T06:34:41.328306,2024-06-05T07:27:54.340213,success,,0.19143686543059546,0.2307136533918217,0.21034931400885226,rmse,0.0435,34,0.00134,256,7.813,single_gpu,V100,2.634,0.795,azure,user,energy_forecasting_model,8
25bdeb39-e932-4899-8aa2-a7e336e17de7,energy_forecasting,tabnet,sklearn,e145057,experiment/new_arch,energy_5,1337,2024-11-25T00:21:00.878602,2024-11-25T00:56:18.145282,success,,0.2637647533413314,0.25922064902362424,0.27579639973673165,rmse,0.0677,51,0.00075,512,6.011,single_gpu,T4,1.5,0.649,on_prem,ci_pipeline,energy_forecasting_model,13
5c90d7dc-c743-449b-bba9-c1398227d577,energy_forecasting,tabnet,sklearn,c1a58c5,bugfix/data_issue,energy_3,456,2024-12-19T20:11:13.611133,2024-12-19T21:08:47.771301,success,,0.1680577032685228,0.16738032777934406,0.11537325028595599,rmse,0.0302,36,0.00364,512,5.025,single_gpu,V100,2.392,0.846,aws,user,energy_forecasting_model,10
2b9f13c5-d1ce-407e-83cd-4f38726d3a90,rag_qa_service,lightgbm,xgboost,b1d151c,experiment/new_arch,rag_corpus_4,123,2024-05-06T18:29:32.737220,2024-05-06T19:12:34.913117,success,,0.8006929496806915,0.8002147377480849,0.8107811143856251,f1,0.2015,72,0.00214,1024,2.111,cpu,,4.589,0.0,azure,scheduled_job,rag_qa_service_model,7
bdcaf37e-36e5-4139-b8f1-9ebffeb0f56b,rag_qa_service,transformer,tensorflow,97c20bd,bugfix/data_issue,rag_corpus_4,123,2024-08-29T04:39:44.828321,2024-08-29T05:42:01.168790,success,,0.7989281561864426,0.8145118400190137,0.7962240049216054,f1,0.1806,28,3.7e-05,64,139.064,multi_gpu,V100,2.31,2.872,on_prem,scheduled_job,rag_qa_service_model,15
adc97a33-99aa-4e7a-a89f-8b72743c7c68,recsys_clickthrough,lightgbm,pytorch,bcd6dea,experiment/new_arch,recsys_v3,456,2024-08-23T19:20:01.124705,2024-08-23T19:37:52.162929,success,,0.8122124768593125,0.7900387411617962,0.8064498495419237,roc_auc,0.1828,17,0.00032,512,2.215,single_gpu,A100,1.16,0.265,gcp,user,recsys_clickthrough_model,7
da369695-9031-4707-a106-a45c4c7ef257,fraud_detection,lightgbm,tensorflow,786a022,experiment/hyperparam,fraud_v3,2024,2024-07-20T00:11:07.954524,2024-07-20T01:16:30.588522,success,,0.8706884810632373,0.8560678721307183,0.8678187297699572,roc_auc,0.1243,13,0.00181,512,1.043,cpu,,6.525,0.0,on_prem,scheduled_job,fraud_detection_model,20
d57d6a28-a79e-49a7-a70c-de881a06de8c,energy_forecasting,xgboost,lightgbm,eae6dd3,bugfix/data_issue,energy_5,42,2024-07-09T12:20:53.576585,2024-07-09T12:44:01.881013,success,,0.3150527029492788,0.3011184930849254,0.2981956929228369,rmse,0.1058,18,0.00948,2048,2.017,single_gpu,V100,0.476,0.393,aws,scheduled_job,energy_forecasting_model,11
3ce63bca-24fb-47ff-b11e-14a7e7af58a6,rag_qa_service,lightgbm,lightgbm,31346d0,bugfix/data_issue,rag_corpus_3,2024,2024-12-12T06:42:26.610194,2024-12-12T06:55:52.942849,success,,0.920882560049252,0.8797833744891983,0.8949514509676029,f1,0.0755,34,0.00174,2048,2.172,single_gpu,A100,0.734,0.188,on_prem,scheduled_job,rag_qa_service_model,5
96c52bf7-7c11-49b0-8508-a738eb59d02d,energy_forecasting,transformer,tensorflow,d0f9daf,develop,energy_3,1337,2024-05-20T09:53:10.542265,2024-05-20T10:38:48.720091,success,,0.2663816317339448,0.2743827712936918,0.31079553582942104,rmse,0.0654,52,0.000268,32,149.281,single_gpu,A100,2.862,0.82,aws,user,energy_forecasting_model,13
1d7adada-96ea-4ade-9ab5-712cc6d81e48,energy_forecasting,cnn,sklearn,ec4d275,experiment/new_arch,energy_1,456,2024-11-12T06:03:16.536763,2024-11-12T06:20:23.387666,success,,0.305388360894677,0.2528886433075943,0.23177641965062262,rmse,0.0894,57,0.00047,256,19.592,multi_gpu,V100,2.036,1.77,on_prem,user,energy_forecasting_model,6
7b351542-ca69-4152-ba38-232f02c7b3c6,energy_forecasting,tabnet,sklearn,59db700,develop,energy_4,2024,2024-02-19T16:10:04.352410,2024-02-19T17:00:20.293561,success,,0.27246135985744735,0.27245510553715724,0.27980518507984853,rmse,0.0831,17,0.00059,256,0.739,multi_gpu,T4,5.893,1.733,azure,user,energy_forecasting_model,8
d6ffc053-e363-4232-a9c3-7b54ed1aa2eb,recsys_clickthrough,tabnet,lightgbm,c57b4ad,experiment/hyperparam,recsys_v2,42,2024-05-31T06:59:19.244697,2024-05-31T07:46:05.110885,success,,0.8621628662519952,0.8479531368081014,0.8577935137679573,roc_auc,0.1273,5,0.00124,256,9.687,single_gpu,V100,0.9,0.781,on_prem,ci_pipeline,recsys_clickthrough_model,20
d7642ad9-5445-4dc5-932e-df0c7b968600,recsys_clickthrough,xgboost,lightgbm,3b26641,experiment/hyperparam,recsys_v2,1337,2024-02-12T19:59:25.961149,2024-02-12T20:08:31.808200,failed,nan_loss,,,,roc_auc,,29,0.00067,512,2.609,multi_gpu,V100,0.446,0.585,on_prem,scheduled_job,recsys_clickthrough_model,10
9eeaf924-557c-4b34-bd92-9bac291334fd,rag_qa_service,transformer,pytorch,633db32,develop,rag_corpus_1,456,2024-12-22T06:52:57.745343,2024-12-22T07:56:55.474822,success,,0.8105189090480185,0.8141784661600239,0.8444770657946838,f1,0.1947,77,3.8e-05,32,263.996,single_gpu,A100,3.217,1.193,on_prem,ci_pipeline,rag_qa_service_model,15
913e1f71-2a82-4a50-acaf-e99e99115b1c,fraud_detection,xgboost,lightgbm,25babbb,experiment/hyperparam,fraud_v1,42,2024-07-22T07:19:11.192379,2024-07-22T07:45:43.243184,success,,0.8967994610343035,0.8743016540202675,0.8515752238759328,roc_auc,0.1276,48,0.00745,1024,0.934,cpu,,1.392,0.0,azure,ci_pipeline,fraud_detection_model,20
c7885064-b2f9-4f96-812f-43f7a3b156ce,fraud_detection,xgboost,tensorflow,86fa2e0,develop,fraud_v3,123,2024-07-02T20:49:16.619953,2024-07-02T21:08:56.632021,failed,infra_error,,,,roc_auc,,70,0.00325,1024,0.298,single_gpu,V100,1.098,0.3,gcp,user,fraud_detection_model,9
ec499a5c-290d-4972-ae11-3f231e1127b7,fraud_detection,cnn,sklearn,f7f456e,experiment/hyperparam,fraud_v5,456,2024-07-07T16:40:50.616305,2024-07-07T18:19:08.512171,success,,0.8741496093839318,0.8502770352734058,0.8674763940218347,roc_auc,0.1021,74,0.00046,64,2.075,multi_gpu,T4,6.952,12.56,azure,ci_pipeline,fraud_detection_model,15
aba77711-5178-46a6-aadf-063fa2bf3810,fraud_detection,lightgbm,pytorch,027271e,experiment/new_arch,fraud_v1,789,2024-05-10T03:06:58.385930,2024-05-10T03:52:14.413016,failed,oom,,,,roc_auc,,21,0.00351,2048,2.278,multi_gpu,V100,1.968,2.767,on_prem,scheduled_job,fraud_detection_model,3
d360b01f-eb1e-4b89-8fa7-4fa9be38a7eb,recsys_clickthrough,cnn,pytorch,dbd9a3f,main,recsys_v5,1337,2024-03-06T21:46:59.164748,2024-03-06T22:11:24.880827,success,,0.7609579307815003,0.753261937923558,0.7347772750381919,roc_auc,0.2568,15,0.00914,256,2.283,cpu,,1.885,0.0,gcp,scheduled_job,recsys_clickthrough_model,1
844902cc-f250-4d4e-b6ef-051bca7f7cc4,energy_forecasting,xgboost,lightgbm,5e1507b,experiment/new_arch,energy_4,2024,2024-12-14T15:33:55.480765,2024-12-14T16:35:33.283856,success,,0.1668105191270246,0.18857422819312503,0.21045245739914467,rmse,0.015,60,0.0036,2048,1.105,cpu,,3.886,0.0,azure,scheduled_job,energy_forecasting_model,19
8384ffa1-c45a-4fbf-ba8e-d03f39c31531,recsys_clickthrough,lightgbm,sklearn,c4cb891,experiment/hyperparam,recsys_v2,123,2024-12-18T05:49:55.034218,2024-12-18T06:24:49.160076,success,,0.8478106996510231,0.8358374270250709,0.8195828678867023,roc_auc,0.1822,52,0.00049,512,0.319,multi_gpu,T4,4.484,2.201,aws,scheduled_job,recsys_clickthrough_model,10
60e294ab-d866-4f22-9c43-be03ed1666db,recsys_clickthrough,xgboost,tensorflow,76c4a2a,experiment/hyperparam,recsys_v5,123,2024-06-27T17:05:52.057906,2024-06-27T18:15:52.725164,success,,0.8877332132950853,0.8675964558896466,0.8360968665009861,roc_auc,0.1308,57,0.00147,512,0.144,multi_gpu,V100,9.09,4.09,azure,scheduled_job,recsys_clickthrough_model,20
5c6b83af-e688-4ada-9f5c-b3d3577054af,recsys_clickthrough,transformer,lightgbm,18faabe,bugfix/data_issue,recsys_v5,42,2024-04-16T02:33:30.579951,2024-04-16T03:22:35.112683,success,,0.7663899518507479,0.7585390554022486,0.7640749243887545,roc_auc,0.2669,19,0.00054,16,285.085,multi_gpu,T4,2.156,2.396,on_prem,ci_pipeline,recsys_clickthrough_model,10
b8b52553-13fe-424a-a451-4840d68103a5,recsys_clickthrough,tabnet,lightgbm,4010161,bugfix/data_issue,recsys_v3,456,2024-04-03T00:34:31.404404,2024-04-03T01:25:40.624835,failed,nan_loss,,,,roc_auc,,25,0.00229,512,4.377,cpu,,0.944,0.0,aws,scheduled_job,recsys_clickthrough_model,2
766ae7bf-c625-474a-ade6-04d2bc2c2f62,fraud_detection,transformer,tensorflow,5bc7c5e,develop,fraud_v2,123,2024-01-29T13:12:42.617039,2024-01-29T13:25:55.503520,success,,0.9010737019394711,0.8854276426805351,0.8701326776001533,roc_auc,0.0985,5,8e-05,64,288.123,single_gpu,A100,0.484,0.25,aws,user,fraud_detection_model,13
3e11c284-b7ae-44b3-a955-0fa10460173e,fraud_detection,xgboost,pytorch,a76abb4,bugfix/data_issue,fraud_v3,2024,2024-09-02T22:30:55.915398,2024-09-02T23:00:45.487834,failed,nan_loss,,,,roc_auc,,4,0.00054,512,2.27,multi_gpu,V100,3.722,2.289,aws,user,fraud_detection_model,1
f86afde3-4efb-43f1-b514-1e4614a25503,recsys_clickthrough,xgboost,pytorch,723dd81,experiment/new_arch,recsys_v2,789,2024-06-02T23:39:43.228302,2024-06-03T00:05:12.101116,failed,infra_error,,,,roc_auc,,59,0.02035,2048,0.126,cpu,,2.177,0.0,gcp,scheduled_job,recsys_clickthrough_model,1
80f8b2ee-585d-46f7-98e3-259c5dbaaa4b,rag_qa_service,tabnet,pytorch,39d00ab,experiment/new_arch,rag_corpus_4,2024,2024-07-30T05:04:21.729622,2024-07-30T05:16:59.513559,success,,0.8136385698903553,0.797959152459604,0.7804940315697027,f1,0.169,68,0.00168,512,6.558,single_gpu,T4,0.363,0.229,on_prem,ci_pipeline,rag_qa_service_model,20
05466269-7f4c-4aad-a7a9-b7e2a0f1b377,rag_qa_service,lightgbm,sklearn,8651e67,experiment/new_arch,rag_corpus_5,2024,2024-05-06T13:39:13.079206,2024-05-06T15:11:19.817225,success,,0.7790386022129068,0.7649598343891536,0.7762731202981408,f1,0.193,27,0.0104,2048,2.051,multi_gpu,T4,3.818,11.835,gcp,scheduled_job,rag_qa_service_model,12
8a0528d3-f9dd-4bee-8aa3-6aa2146dbc3e,rag_qa_service,lightgbm,xgboost,3e59da2,experiment/hyperparam,rag_corpus_4,789,2024-10-31T01:47:14.399402,2024-10-31T02:24:43.778341,success,,0.774552407116743,0.7707479638669599,0.7745937617689163,f1,0.2408,14,0.01101,1024,2.254,single_gpu,V100,2.008,0.63,gcp,ci_pipeline,rag_qa_service_model,16
d77afa40-6d06-4ac8-8350-c97301c77918,recsys_clickthrough,lightgbm,pytorch,27cf738,main,recsys_v3,456,2024-05-10T07:42:15.636857,2024-05-10T07:54:04.503987,failed,oom,,,,roc_auc,,58,0.00264,1024,2.697,single_gpu,T4,0.591,0.22,aws,ci_pipeline,recsys_clickthrough_model,8
eac1ce14-73a1-4c01-9aab-8aad5033dff5,fraud_detection,tabnet,pytorch,7fccc8e,bugfix/data_issue,fraud_v5,2024,2024-02-08T00:17:02.834983,2024-02-08T00:56:20.119833,success,,0.8790179544393062,0.8518241753772332,0.881711905674755,roc_auc,0.1056,16,0.00081,256,6.487,cpu,,1.793,0.0,on_prem,ci_pipeline,fraud_detection_model,20
131add33-147d-4a96-87d0-d581a16ed394,fraud_detection,tabnet,sklearn,82135bb,bugfix/data_issue,fraud_v4,2024,2024-11-13T17:30:58.178342,2024-11-13T17:54:47.007019,success,,0.9056492591484517,0.8957876366093941,0.8854417199984315,roc_auc,0.0845,18,0.00077,256,0.708,single_gpu,A100,0.755,0.397,azure,user,fraud_detection_model,15
7f0249d5-2381-4a19-89a6-2df41ce6f76f,rag_qa_service,xgboost,pytorch,d7424b6,develop,rag_corpus_2,1337,2024-06-02T22:17:11.594324,2024-06-02T23:35:56.126215,success,,0.8329191077482745,0.8195185948025856,0.8337839197330739,f1,0.1864,61,0.01374,1024,0.855,single_gpu,T4,1.94,1.134,on_prem,ci_pipeline,rag_qa_service_model,12
f0f9b71a-3b72-4659-a2ff-1af765ca8e0d,fraud_detection,transformer,pytorch,cb8156c,experiment/new_arch,fraud_v1,789,2024-10-04T02:31:31.055120,2024-10-04T02:58:39.791119,success,,0.8481221543026872,0.8516328979647675,0.8317960286136139,roc_auc,0.1615,54,4.2e-05,32,89.988,single_gpu,A100,1.151,0.459,aws,ci_pipeline,fraud_detection_model,18
1c991cf2-c343-4372-9ec0-57fc8af27897,energy_forecasting,cnn,tensorflow,048eb73,bugfix/data_issue,energy_5,1337,2024-08-25T23:50:41.588147,2024-08-26T00:36:40.808507,success,,0.1884576117159763,0.23429465031466654,0.24763247030735708,rmse,0.027,13,0.00041,128,18.362,single_gpu,A100,2.957,0.713,on_prem,user,energy_forecasting_model,18
6c9d3880-c939-48a8-a6b9-0c4fa035b85b,energy_forecasting,transformer,pytorch,883845a,main,energy_1,1337,2024-08-04T06:19:53.584785,2024-08-04T06:56:40.765783,failed,data_error,,,,rmse,,10,2.4e-05,64,260.469,single_gpu,V100,1.858,0.696,on_prem,scheduled_job,energy_forecasting_model,17
20fd1b68-9814-46dc-86e1-0d35aebe6f10,energy_forecasting,xgboost,sklearn,cf79053,bugfix/data_issue,energy_5,2024,2024-11-22T10:24:31.484028,2024-11-22T13:43:05.847477,success,,0.2119749032184148,0.25368160384057276,0.2569696900741858,rmse,0.042,76,0.04435,2048,2.27,single_gpu,V100,7.67,3.456,azure,ci_pipeline,energy_forecasting_model,5
22929827-a3e8-49ef-a72e-749eaa208dab,rag_qa_service,tabnet,pytorch,183c726,experiment/new_arch,rag_corpus_1,42,2024-01-23T16:48:59.657361,2024-01-23T17:48:27.921760,success,,0.828826923649629,0.8259227221971207,0.7944600994302373,f1,0.1668,50,0.00107,256,2.033,single_gpu,V100,1.24,0.801,gcp,ci_pipeline,rag_qa_service_model,17
adc77cb3-cba1-4229-a2d4-9bae74ffbdfe,rag_qa_service,tabnet,xgboost,864767e,experiment/new_arch,rag_corpus_4,123,2024-02-22T16:28:21.174939,2024-02-22T16:55:52.370504,failed,infra_error,,,,f1,,30,0.00109,256,6.274,single_gpu,V100,0.796,0.378,on_prem,scheduled_job,rag_qa_service_model,2
7e7e7d5f-c4d9-4d2c-8d18-5a319d9a1923,recsys_clickthrough,tabnet,tensorflow,e1d1548,main,recsys_v3,456,2024-12-27T17:20:09.908874,2024-12-27T17:34:39.283439,success,,0.7915492067107827,0.7974090398331622,0.7598105521303813,roc_auc,0.2459,21,0.00027,256,9.619,single_gpu,V100,0.688,0.247,on_prem,ci_pipeline,recsys_clickthrough_model,14
60bd687d-3e9e-45b8-af7d-823331f3608d,fraud_detection,cnn,tensorflow,3d715d6,bugfix/data_issue,fraud_v3,1337,2024-06-14T02:47:59.954084,2024-06-14T03:29:50.142433,failed,infra_error,,,,roc_auc,,67,0.00254,64,4.262,single_gpu,V100,1.743,0.673,on_prem,scheduled_job,fraud_detection_model,15
b714734a-f6ca-4f13-af42-22bb8edc0e01,recsys_clickthrough,cnn,sklearn,ca6368f,experiment/new_arch,recsys_v3,2024,2024-02-02T07:31:18.650998,2024-02-02T08:11:37.476244,success,,0.858017342357883,0.8569708055815132,0.8488087887983088,roc_auc,0.1221,18,0.00116,256,3.192,single_gpu,A100,1.893,0.569,aws,ci_pipeline,recsys_clickthrough_model,18
a06e472e-2b25-46e5-b76c-ffc090796ab7,fraud_detection,lightgbm,xgboost,8cf8c80,bugfix/data_issue,fraud_v2,42,2024-04-10T08:40:18.281472,2024-04-10T09:29:14.936031,failed,data_error,,,,roc_auc,,80,0.00302,2048,2.697,single_gpu,T4,1.316,0.818,on_prem,scheduled_job,fraud_detection_model,19
884c33f0-04f9-40eb-a8ff-58879cc67e01,fraud_detection,transformer,sklearn,520861f,bugfix/data_issue,fraud_v2,456,2024-02-22T13:44:24.200454,2024-02-22T14:12:04.143504,success,,0.893135633876272,0.8684938614887476,0.8834467430907348,roc_auc,0.1125,24,0.000385,32,39.333,single_gpu,T4,1.117,0.472,gcp,user,fraud_detection_model,20
ca1e54c2-2537-41a5-906c-62daf1593e6a,energy_forecasting,lightgbm,sklearn,b412e4f,main,energy_1,123,2024-03-28T11:05:49.780352,2024-03-28T12:40:57.168910,failed,data_error,,,,rmse,,10,0.03893,1024,2.482,single_gpu,V100,5.596,1.576,on_prem,scheduled_job,energy_forecasting_model,18
1d46b7bd-e5f5-4c05-8926-77736a2529de,rag_qa_service,xgboost,lightgbm,0ae0891,bugfix/data_issue,rag_corpus_2,456,2024-07-26T09:49:54.423162,2024-07-26T10:53:50.579162,failed,nan_loss,,,,f1,,72,0.00425,1024,0.632,multi_gpu,T4,7.598,7.774,gcp,user,rag_qa_service_model,18
af6afd0f-2031-43c3-9a43-38cb415a7929,rag_qa_service,tabnet,lightgbm,0df9a20,experiment/new_arch,rag_corpus_3,1337,2024-04-01T13:47:14.159855,2024-04-01T14:09:59.198734,success,,0.7884390582825053,0.7778588309344213,0.7990696029895534,f1,0.1666,23,0.00086,256,1.219,multi_gpu,V100,1.641,2.586,gcp,ci_pipeline,rag_qa_service_model,18
6184bd21-15c7-4116-afce-8ed474ec3ba3,fraud_detection,cnn,sklearn,6128469,experiment/hyperparam,fraud_v3,2024,2024-04-05T09:31:05.780791,2024-04-05T09:54:06.451092,success,,0.8675729837079654,0.8763385107683842,0.8856341824578763,roc_auc,0.1197,29,0.00056,128,16.272,multi_gpu,V100,1.765,3.062,gcp,scheduled_job,fraud_detection_model,20
596ba3cf-72b6-4cb4-9fea-e4264b6befc2,energy_forecasting,xgboost,pytorch,a07ea6e,experiment/new_arch,energy_4,1337,2024-01-30T14:51:48.138892,2024-01-30T15:08:01.295056,success,,0.31053915343229127,0.31808444653960966,0.33077347000750623,rmse,0.1175,18,0.0027,2048,0.299,cpu,,0.97,0.0,aws,scheduled_job,energy_forecasting_model,13
24fd44fb-5c52-40c5-9962-25d8a61e0390,energy_forecasting,transformer,pytorch,dcf1530,main,energy_3,2024,2024-12-02T07:27:09.077319,2024-12-02T08:06:03.371751,success,,0.3116468551449616,0.30565046330019946,0.33206295686501086,rmse,0.1079,31,1.4e-05,64,234.624,single_gpu,T4,1.784,0.722,aws,user,energy_forecasting_model,16
8398f7e7-cca4-45a9-97f7-877c4968dc2d,energy_forecasting,xgboost,tensorflow,7b90fa1,experiment/hyperparam,energy_5,1337,2024-06-29T07:32:21.033055,2024-06-29T08:55:05.475895,failed,oom,,,,rmse,,19,0.02268,2048,0.593,single_gpu,A100,2.186,1.594,gcp,user,energy_forecasting_model,9
5d3b6383-8559-4030-8de2-d010b64afdda,recsys_clickthrough,tabnet,tensorflow,3afb848,experiment/new_arch,recsys_v1,789,2024-08-21T22:51:52.805066,2024-08-21T23:32:52.877664,success,,0.8406262523392957,0.8287198964266455,0.8475461080419951,roc_auc,0.1387,38,0.00329,512,6.173,cpu,,3.812,0.0,azure,user,recsys_clickthrough_model,17
e28f53d9-f2c4-4e34-ba3f-ad7eb177f1d1,rag_qa_service,transformer,tensorflow,80b0e85,experiment/new_arch,rag_corpus_2,456,2024-01-30T20:38:45.515494,2024-01-30T21:20:48.255244,success,,0.7484038212662315,0.748484376037351,0.7295322428701709,f1,0.2378,34,8.9e-05,16,220.591,cpu,,2.03,0.0,gcp,user,rag_qa_service_model,6
cdf7f7c0-d338-4f7b-b936-532d6ae92614,energy_forecasting,cnn,sklearn,a17c9a5,experiment/hyperparam,energy_2,42,2024-06-21T20:31:49.296799,2024-06-21T21:26:59.395089,success,,0.22547296112895798,0.2221628962108862,0.2633535620512575,rmse,0.0601,79,0.00103,64,4.57,single_gpu,T4,1.132,0.992,azure,ci_pipeline,energy_forecasting_model,15
a014c620-a409-4591-8704-e334fd6ce1cf,fraud_detection,transformer,xgboost,1fe6ebc,main,fraud_v4,42,2024-04-20T00:53:11.789838,2024-04-20T01:10:19.629083,success,,0.8493822948044196,0.8454779730927795,0.8302782355588136,roc_auc,0.1646,9,3.4e-05,64,282.939,multi_gpu,T4,1.661,1.127,aws,scheduled_job,fraud_detection_model,13
d0b2753a-ef38-4a79-bd1d-0a9b55c2299b,rag_qa_service,xgboost,xgboost,c39a06c,bugfix/data_issue,rag_corpus_5,42,2024-05-03T23:02:25.152088,2024-05-03T23:15:40.505637,success,,0.8139260218389327,0.8108937400232284,0.8254444042003466,f1,0.1913,27,0.01429,2048,2.463,cpu,,1.424,0.0,on_prem,user,rag_qa_service_model,4
57e0ba28-c3e3-433f-b175-a08fed48fa43,fraud_detection,tabnet,sklearn,9de2857,bugfix/data_issue,fraud_v4,123,2024-03-29T18:00:56.542200,2024-03-29T18:24:54.586650,failed,infra_error,,,,roc_auc,,77,0.00055,512,4.607,cpu,,0.487,0.0,aws,ci_pipeline,fraud_detection_model,12
a4c70f83-7dec-45f6-8420-bd1e4253e481,energy_forecasting,tabnet,xgboost,c245509,develop,energy_1,123,2024-07-04T02:15:53.707696,2024-07-04T02:43:01.145522,success,,0.2582232241165002,0.25457710604386546,0.2725815973465343,rmse,0.07,28,0.0013,256,0.87,cpu,,2.562,0.0,on_prem,ci_pipeline,energy_forecasting_model,7
fb21f625-e976-4135-867e-c294af048f85,fraud_detection,cnn,pytorch,abf959f,bugfix/data_issue,fraud_v3,789,2024-04-29T22:42:10.335838,2024-04-29T23:22:12.290522,success,,0.9067293924315702,0.9048419636229422,0.9103709760597453,roc_auc,0.0996,31,0.00031,128,11.957,cpu,,0.981,0.0,on_prem,user,fraud_detection_model,8
cd57450d-ad95-4730-bd72-a363a928b078,recsys_clickthrough,transformer,xgboost,37cdc66,main,recsys_v3,42,2024-01-27T21:53:05.763048,2024-01-27T22:24:19.972963,failed,nan_loss,,,,roc_auc,,59,1.8e-05,32,26.279,cpu,,1.834,0.0,aws,ci_pipeline,recsys_clickthrough_model,19
d9553677-364c-4db5-85a4-30cb2ba83d0a,energy_forecasting,xgboost,sklearn,34342d3,develop,energy_1,123,2024-11-03T15:38:28.483670,2024-11-03T16:02:57.092433,failed,data_error,,,,rmse,,17,0.0288,1024,1.742,cpu,,1.301,0.0,aws,user,energy_forecasting_model,10
fdb27e2b-7883-49ac-96ab-5c26e99cdcfa,rag_qa_service,lightgbm,tensorflow,cafffee,main,rag_corpus_1,123,2024-11-18T04:39:16.383909,2024-11-18T04:55:22.769148,success,,0.8353081702616293,0.8145940572427544,0.8650952849159955,f1,0.184,50,0.00034,2048,2.317,single_gpu,T4,0.771,0.297,gcp,scheduled_job,rag_qa_service_model,20
997af834-5d06-4039-850e-24d28555e42f,rag_qa_service,lightgbm,sklearn,c9d423a,experiment/hyperparam,rag_corpus_2,1337,2024-12-19T11:02:47.521456,2024-12-19T11:43:10.344285,success,,0.873517154011011,0.8684385891629711,0.834588130200511,f1,0.1154,11,0.00928,2048,1.785,multi_gpu,T4,5.346,4.402,aws,user,rag_qa_service_model,17
b5334b56-367f-40ac-a9ec-f05a2028093f,rag_qa_service,tabnet,tensorflow,7755bb7,experiment/hyperparam,rag_corpus_5,789,2024-08-20T21:48:18.216898,2024-08-20T22:38:48.858214,success,,0.8042130274349156,0.7879579472666053,0.8100887343413301,f1,0.1839,60,0.00722,256,3.748,cpu,,3.951,0.0,gcp,user,rag_qa_service_model,13
8a45e67a-ac32-4d41-b442-bc7f595b81c3,recsys_clickthrough,cnn,lightgbm,e9e5821,experiment/new_arch,recsys_v5,456,2024-03-25T00:21:20.106448,2024-03-25T00:56:59.918290,success,,0.8507279569844074,0.8423316669902319,0.8423592600103916,roc_auc,0.1237,60,0.00081,128,13.821,cpu,,3.413,0.0,on_prem,scheduled_job,recsys_clickthrough_model,14
c8cc7c8a-ef1c-4d05-b2a7-175313cc15b4,rag_qa_service,cnn,lightgbm,5623a51,bugfix/data_issue,rag_corpus_5,1337,2024-08-22T22:24:45.133249,2024-08-22T23:29:19.403030,failed,oom,,,,f1,,49,0.00198,64,6.23,single_gpu,T4,1.581,1.135,aws,ci_pipeline,rag_qa_service_model,7
b4f8305f-2683-45ec-beac-6a1ae1c20926,energy_forecasting,lightgbm,tensorflow,4bcd392,bugfix/data_issue,energy_3,42,2024-10-08T01:51:59.600685,2024-10-08T02:55:12.687190,success,,0.26877750967782527,0.27762991973244533,0.2776226770706704,rmse,0.0856,4,0.00996,2048,0.62,single_gpu,V100,3.283,1.035,on_prem,scheduled_job,energy_forecasting_model,17
db02b12b-81bf-4fab-9b32-7e7060bbda80,recsys_clickthrough,transformer,pytorch,3b78ccb,experiment/new_arch,recsys_v3,42,2024-04-24T06:32:07.949128,2024-04-24T07:27:09.855989,success,,0.8389588299667585,0.8399906575398408,0.8337398027978375,roc_auc,0.1279,60,0.000403,32,289.058,single_gpu,V100,2.392,0.913,on_prem,ci_pipeline,recsys_clickthrough_model,1
923e42b3-ce0d-418a-9b15-e03bb175be31,energy_forecasting,lightgbm,xgboost,d4b7a53,experiment/new_arch,energy_4,2024,2024-07-15T05:24:39.945109,2024-07-15T06:10:25.184219,success,,0.1842015740520768,0.1896282299265193,0.21350398509773902,rmse,0.0419,22,0.06357,512,1.791,single_gpu,A100,2.119,0.718,aws,scheduled_job,energy_forecasting_model,19
b0ae6361-3890-42ca-88f1-882a22d50072,rag_qa_service,transformer,pytorch,f1675fa,experiment/hyperparam,rag_corpus_1,123,2024-02-08T01:47:00.363378,2024-02-08T02:29:50.254845,success,,0.775831144180639,0.7629446048725642,0.7648140115706135,f1,0.248,28,0.000592,16,75.063,single_gpu,T4,2.293,0.653,on_prem,user,rag_qa_service_model,13
203d6066-8553-4a93-9d27-b93c3659ca33,energy_forecasting,lightgbm,pytorch,487505e,experiment/new_arch,energy_2,42,2024-02-17T03:14:45.530537,2024-02-17T03:45:34.301543,success,,0.26492245554260846,0.24715335044629677,0.22129361967060898,rmse,0.0684,19,0.00045,512,1.072,multi_gpu,V100,1.234,4.032,aws,user,energy_forecasting_model,10
ae609431-c455-4c0b-a965-5db3a095a8b3,rag_qa_service,transformer,pytorch,9f98a40,develop,rag_corpus_4,42,2024-10-27T23:20:37.644016,2024-10-27T23:42:55.178420,success,,0.7377344446484254,0.7447565773092255,0.7331861851507377,f1,0.25,62,8.7e-05,32,95.197,single_gpu,A100,0.484,0.322,azure,ci_pipeline,rag_qa_service_model,2
bd3c272c-cdbc-4c72-8e32-f99c8f6ec14e,fraud_detection,cnn,lightgbm,5dc6dd6,develop,fraud_v5,2024,2024-06-06T16:59:28.100235,2024-06-06T18:01:43.019930,failed,nan_loss,,,,roc_auc,,8,0.0004,128,5.418,multi_gpu,A100,2.882,3.671,gcp,user,fraud_detection_model,9
868a55e0-9d9c-4e70-93ef-8fd3e0102519,energy_forecasting,xgboost,pytorch,e6c15c8,experiment/hyperparam,energy_4,789,2024-03-01T03:59:26.037393,2024-03-01T05:14:44.366061,success,,0.16387381212569208,0.17307163134751902,0.15105836965061709,rmse,0.0404,12,0.00045,512,0.71,single_gpu,A100,4.301,1.078,aws,ci_pipeline,energy_forecasting_model,15
3655cc8f-4534-4183-832c-06f68d6e812a,rag_qa_service,cnn,lightgbm,d601e5b,experiment/new_arch,rag_corpus_4,42,2024-01-31T03:07:33.591055,2024-01-31T03:46:47.086691,failed,nan_loss,,,,f1,,38,0.00019,128,12.033,single_gpu,A100,1.645,0.561,on_prem,user,rag_qa_service_model,1
380fbacb-ef3d-4001-8351-b7aff246a24c,fraud_detection,lightgbm,tensorflow,1b2a047,develop,fraud_v2,2024,2024-01-13T13:44:12.644955,2024-01-13T13:58:16.952830,failed,infra_error,,,,roc_auc,,42,0.00524,1024,0.339,single_gpu,V100,0.558,0.216,aws,user,fraud_detection_model,20
dfbc9f9c-8966-4045-9cc6-97db0e602658,fraud_detection,xgboost,lightgbm,ce5316f,experiment/hyperparam,fraud_v2,2024,2024-09-01T03:59:50.028442,2024-09-01T04:52:45.342733,failed,early_stopped,,,,roc_auc,,56,0.03597,512,0.265,single_gpu,T4,1.99,0.867,gcp,user,fraud_detection_model,11
f3586616-ec8d-41c5-a462-a9d44749c8fa,energy_forecasting,tabnet,pytorch,9e66315,main,energy_4,2024,2024-04-25T10:15:51.620533,2024-04-25T11:01:41.878014,success,,0.2990642359540753,0.3120579769545787,0.3267195176663362,rmse,0.1065,38,0.00216,256,7.882,multi_gpu,T4,5.48,2.967,on_prem,ci_pipeline,energy_forecasting_model,20
e3901a7f-5578-401e-8f2a-14c1ab158e56,energy_forecasting,xgboost,sklearn,e6c7fbc,bugfix/data_issue,energy_2,456,2024-12-16T01:08:38.437259,2024-12-16T01:40:18.226173,failed,data_error,,,,rmse,,25,0.00539,1024,1.501,single_gpu,A100,1.855,0.498,on_prem,ci_pipeline,energy_forecasting_model,16
d0675eb4-8ffe-4422-b692-46e134bdb7de,fraud_detection,cnn,sklearn,996a39f,develop,fraud_v1,1337,2024-10-04T00:19:24.360661,2024-10-04T00:47:30.962691,success,,0.9091991098554476,0.9016329496491978,0.8971353767050746,roc_auc,0.1289,57,0.00045,256,9.626,cpu,,2.969,0.0,azure,user,fraud_detection_model,20
08a1d611-de11-4cc0-a38c-ff09b684ef03,fraud_detection,xgboost,pytorch,54230e9,experiment/new_arch,fraud_v3,123,2024-04-11T12:23:15.516165,2024-04-11T13:51:06.223815,success,,0.8257376472886028,0.8070997290429062,0.7937148481900794,roc_auc,0.1823,32,0.0053,512,1.97,cpu,,3.819,0.0,on_prem,ci_pipeline,fraud_detection_model,11
e42d90f4-e9a4-4993-bb7c-6b27c1e1cdf4,energy_forecasting,lightgbm,pytorch,8ea3ab9,experiment/new_arch,energy_5,456,2024-03-07T23:51:30.053355,2024-03-08T00:06:45.515671,success,,0.25988614261018755,0.24454264000883535,0.26312273401068625,rmse,0.0565,27,0.00157,512,0.734,cpu,,0.58,0.0,aws,user,energy_forecasting_model,5
07bc0fb0-4c45-418e-99ff-af7f0066c3e3,recsys_clickthrough,lightgbm,sklearn,28c3867,develop,recsys_v2,123,2024-06-03T18:23:13.016881,2024-06-03T19:01:01.052610,success,,0.8791300846439619,0.8671890083344284,0.8565647224422764,roc_auc,0.1305,28,0.00273,2048,2.413,single_gpu,V100,1.324,0.526,azure,scheduled_job,recsys_clickthrough_model,16
f918ae2e-e712-4af8-bc4a-99d34ae81391,fraud_detection,cnn,lightgbm,676962f,experiment/new_arch,fraud_v1,789,2024-06-05T00:00:00.852122,2024-06-05T00:17:06.386677,failed,data_error,,,,roc_auc,,25,0.00027,256,17.607,cpu,,0.783,0.0,azure,scheduled_job,fraud_detection_model,15
5f3b9d49-d794-4f81-b4c8-ff04ccf846fb,energy_forecasting,transformer,tensorflow,6912723,main,energy_5,2024,2024-09-21T18:01:31.775711,2024-09-21T18:51:22.169227,success,,0.2919428853266262,0.29770095711857614,0.28541873996768774,rmse,0.0826,50,3.4e-05,64,20.183,multi_gpu,V100,6.001,5.612,on_prem,scheduled_job,energy_forecasting_model,16
f0de9de0-9011-4f9a-bbc3-75103bd785ad,energy_forecasting,tabnet,sklearn,60e6936,experiment/hyperparam,energy_3,1337,2024-09-15T19:57:55.285443,2024-09-15T20:52:22.922724,success,,0.18096905462210244,0.22863340329469534,0.190268178953724,rmse,0.0323,34,0.00012,512,3.269,single_gpu,A100,1.473,0.813,aws,user,energy_forecasting_model,16
a6bd4f1e-3c19-4359-8c85-4b2660fb9797,fraud_detection,cnn,sklearn,ba47a49,develop,fraud_v1,42,2024-10-08T09:42:58.842704,2024-10-08T09:58:57.927544,success,,0.9114965098232918,0.9051498693534165,0.8961593719458116,roc_auc,0.0663,24,0.00072,128,12.341,multi_gpu,V100,2.131,1.763,aws,scheduled_job,fraud_detection_model,9
e6fb3b07-5b3c-45ee-9504-085ae64bdfe5,energy_forecasting,tabnet,xgboost,a646eb1,bugfix/data_issue,energy_3,123,2024-04-08T04:37:36.910199,2024-04-08T06:58:13.839984,success,,0.16612674275022027,0.24107458116391972,0.3024840276858787,rmse,0.0121,24,0.00663,256,5.344,single_gpu,A100,5.868,1.922,on_prem,scheduled_job,energy_forecasting_model,1
387b8363-a5d4-446b-8136-7f8240ffd9f0,fraud_detection,xgboost,lightgbm,8ab25b3,develop,fraud_v5,42,2024-06-13T11:47:18.493602,2024-06-13T12:14:56.624271,success,,0.8500995658236264,0.8455621562048868,0.8638806911058913,roc_auc,0.1402,26,0.00042,2048,2.201,single_gpu,T4,0.615,0.481,gcp,user,fraud_detection_model,9
6593ebf8-ec3c-4d3d-8489-07439741698d,rag_qa_service,transformer,xgboost,1a11110,develop,rag_corpus_4,789,2024-09-02T13:46:05.621377,2024-09-02T15:04:09.186013,success,,0.7661075554804853,0.7492524780925832,0.7954676989249935,f1,0.2304,3,1.8e-05,32,236.376,cpu,,3.459,0.0,aws,ci_pipeline,rag_qa_service_model,19
36f4baad-521b-4f6f-a47b-a88f5183108b,fraud_detection,xgboost,pytorch,809fce7,experiment/hyperparam,fraud_v5,789,2024-05-02T20:10:47.146871,2024-05-02T21:00:14.831807,success,,0.8658850815005109,0.8484350283717381,0.8455145689299879,roc_auc,0.1328,54,0.00046,2048,0.156,single_gpu,V100,2.869,0.833,gcp,scheduled_job,fraud_detection_model,20
e1c5941d-af8d-4971-a544-330c5f6cff73,fraud_detection,cnn,tensorflow,c0d6de0,main,fraud_v5,456,2024-12-13T03:18:09.322263,2024-12-13T03:53:08.699557,success,,0.8962587578177692,0.8775672118928003,0.8707341190024422,roc_auc,0.086,55,0.00735,256,6.044,single_gpu,V100,1.653,0.625,on_prem,ci_pipeline,fraud_detection_model,7
ebf625a5-13db-44a7-8f14-4835ceeb7db2,fraud_detection,cnn,sklearn,adfba37,bugfix/data_issue,fraud_v1,456,2024-06-05T04:32:47.820947,2024-06-05T05:31:32.430335,success,,0.9210081105334036,0.8962814037758938,0.8872216943863553,roc_auc,0.0744,80,0.00037,128,19.304,multi_gpu,A100,2.019,6.164,aws,user,fraud_detection_model,5
0818a500-a5b1-4939-9520-b5a523aa5d41,fraud_detection,lightgbm,lightgbm,c4a8d27,main,fraud_v4,2024,2024-07-16T08:15:03.152945,2024-07-16T08:27:26.121755,failed,oom,,,,roc_auc,,58,0.00228,512,2.52,single_gpu,T4,0.786,0.18,gcp,user,fraud_detection_model,11
b9b45bdd-f721-453b-93ba-e72633a01e1f,rag_qa_service,cnn,pytorch,bafaaea,experiment/new_arch,rag_corpus_1,2024,2024-05-01T11:20:16.042709,2024-05-01T11:46:26.091380,success,,0.7947259375129214,0.796202851411078,0.7983330876519256,f1,0.1455,51,0.00056,128,18.644,single_gpu,A100,0.517,0.365,aws,ci_pipeline,rag_qa_service_model,18
04e7513c-03de-4e05-bcb7-70835e7d7bb4,rag_qa_service,lightgbm,pytorch,441593f,bugfix/data_issue,rag_corpus_3,123,2024-11-07T11:10:24.626000,2024-11-07T11:40:00.782195,success,,0.6989871726059946,0.698476337814243,0.7421604177621319,f1,0.3197,78,0.01428,512,2.278,multi_gpu,A100,3.218,2.697,aws,ci_pipeline,rag_qa_service_model,7
6236014a-53de-4bad-94d3-393d3efa3112,rag_qa_service,transformer,tensorflow,cce2a91,main,rag_corpus_5,789,2024-04-25T07:30:49.433852,2024-04-25T07:59:33.449262,success,,0.7426883946912193,0.7387742919236163,0.7255498492220159,f1,0.2362,79,0.000618,16,274.569,single_gpu,T4,0.93,0.515,on_prem,scheduled_job,rag_qa_service_model,5
e2b17d11-6c14-46e2-a9c1-d1b9a99e90a3,fraud_detection,tabnet,tensorflow,4f1fb7d,experiment/new_arch,fraud_v3,2024,2024-12-18T18:30:08.489405,2024-12-18T19:39:07.426951,failed,oom,,,,roc_auc,,31,0.00017,256,7.482,cpu,,5.427,0.0,azure,user,fraud_detection_model,16
4964091f-fe30-4cc0-829b-7779ce1afe1f,rag_qa_service,cnn,pytorch,f85afc6,bugfix/data_issue,rag_corpus_3,456,2024-09-11T04:15:23.491163,2024-09-11T04:43:44.593787,failed,early_stopped,,,,f1,,44,0.00038,64,10.364,single_gpu,A100,0.898,0.491,on_prem,user,rag_qa_service_model,10
96d59550-4156-4be5-99ed-edf7b142fca4,rag_qa_service,lightgbm,xgboost,2b423bb,main,rag_corpus_3,2024,2024-11-08T11:47:51.905860,2024-11-08T12:03:53.818777,success,,0.7907201581608682,0.7680830913843215,0.7469251919476781,f1,0.2201,24,0.00062,1024,1.685,cpu,,1.955,0.0,gcp,user,rag_qa_service_model,4
98a44f01-c00e-4337-b1ee-be5da7105619,energy_forecasting,transformer,pytorch,f18562b,develop,energy_1,42,2024-03-28T21:53:36.559838,2024-03-28T22:30:56.559116,success,,0.1087677069245551,0.1472556281885852,0.15508226808826495,rmse,0.0128,14,0.000438,64,178.649,multi_gpu,V100,3.697,4.598,gcp,scheduled_job,energy_forecasting_model,13
328d953a-c7d2-48e7-a6c5-3b3e91744393,energy_forecasting,transformer,tensorflow,011ae39,bugfix/data_issue,energy_4,456,2024-09-10T05:02:18.476909,2024-09-10T05:19:06.979904,success,,0.35697098427493806,0.3505838337789211,0.3498137222542205,rmse,0.1317,58,1.7e-05,32,294.559,cpu,,0.701,0.0,gcp,scheduled_job,energy_forecasting_model,19
e76dc8e7-28fd-4775-b9ba-8f7677b7dd6c,recsys_clickthrough,xgboost,tensorflow,1ec2d08,bugfix/data_issue,recsys_v5,789,2024-01-24T08:02:28.915858,2024-01-24T09:57:53.297993,failed,nan_loss,,,,roc_auc,,79,0.00057,512,0.6,cpu,,9.571,0.0,gcp,user,recsys_clickthrough_model,18
5a281d81-73d0-4e9a-826f-f0c93e26e79f,rag_qa_service,cnn,sklearn,09a14c1,main,rag_corpus_5,456,2024-05-12T16:46:56.828886,2024-05-12T17:27:24.895075,success,,0.7631589719799886,0.7722370475587625,0.750727422289275,f1,0.2286,8,0.00434,128,19.688,single_gpu,V100,1.2,0.801,aws,ci_pipeline,rag_qa_service_model,10
6aefef86-a182-4575-a31a-54198d834661,rag_qa_service,lightgbm,xgboost,75ef98b,main,rag_corpus_2,42,2024-03-09T15:31:30.659765,2024-03-09T17:14:17.594282,success,,0.8394233061761749,0.8341345526943537,0.8317936479758744,f1,0.1871,48,0.00116,2048,1.881,single_gpu,T4,3.013,1.766,gcp,scheduled_job,rag_qa_service_model,5
3e703c0a-8034-441f-878d-05cc487742e1,rag_qa_service,xgboost,xgboost,46e6146,develop,rag_corpus_5,123,2024-01-26T18:05:18.539438,2024-01-26T18:20:36.400858,success,,0.704950629989582,0.7101440907443505,0.6393402007915863,f1,0.286,68,0.03268,2048,1.052,single_gpu,A100,0.415,0.213,gcp,ci_pipeline,rag_qa_service_model,6
203d91b7-0e35-48c2-a3d8-a5dfbda54b34,rag_qa_service,lightgbm,tensorflow,f609111,bugfix/data_issue,rag_corpus_4,42,2024-04-30T05:10:18.423198,2024-04-30T05:56:25.063684,success,,0.728026264407624,0.7403895546907654,0.7506586094301625,f1,0.2682,21,0.00283,1024,2.444,cpu,,5.199,0.0,azure,user,rag_qa_service_model,9
dbdbe8d6-ae76-4c94-89bd-d2f741686ae1,fraud_detection,xgboost,lightgbm,f3fc18e,bugfix/data_issue,fraud_v4,42,2024-07-12T01:41:26.306701,2024-07-12T02:21:57.134808,failed,data_error,,,,roc_auc,,24,0.00038,512,1.479,single_gpu,A100,1.501,0.584,azure,scheduled_job,fraud_detection_model,6
b616f75d-6844-4c9b-b5c6-3bd2faa46cf7,energy_forecasting,tabnet,xgboost,9d72082,develop,energy_2,789,2024-07-26T03:49:56.603455,2024-07-26T05:37:06.085637,success,,0.18716667486045813,0.22325995642463953,0.2371146513227175,rmse,0.0399,61,0.00206,512,9.726,single_gpu,T4,4.798,1.939,azure,user,energy_forecasting_model,15
f5f1a0d0-3c20-4e3d-8a69-b13143a26c8f,energy_forecasting,transformer,xgboost,4f8be3a,main,energy_3,789,2024-10-08T06:16:00.473824,2024-10-08T06:45:05.409948,failed,oom,,,,rmse,,33,0.000126,64,132.898,cpu,,3.313,0.0,aws,user,energy_forecasting_model,19
3bdb637d-5568-4c0e-b758-0fb24c0c1a05,fraud_detection,xgboost,tensorflow,87df68b,experiment/new_arch,fraud_v4,1337,2024-09-07T01:40:03.105160,2024-09-07T02:02:44.374247,success,,0.8631555409744628,0.8560434940014576,0.8400041911701752,roc_auc,0.1011,27,0.03441,2048,1.874,cpu,,1.367,0.0,on_prem,ci_pipeline,fraud_detection_model,1
7441e95a-20ed-4746-9134-bf59b3961dd2,rag_qa_service,tabnet,tensorflow,3bfde89,bugfix/data_issue,rag_corpus_4,123,2024-09-03T04:48:51.103110,2024-09-03T05:55:09.969970,success,,0.8423312712480853,0.8443298684698812,0.8370234880837852,f1,0.1607,68,0.00014,256,4.255,single_gpu,T4,1.708,0.954,aws,scheduled_job,rag_qa_service_model,2
a0889b91-1be3-4ea1-af3d-c1d7537e9767,rag_qa_service,transformer,lightgbm,2f5addd,experiment/hyperparam,rag_corpus_3,789,2024-04-17T03:27:16.365059,2024-04-17T04:28:16.440033,success,,0.8051180875432362,0.7976773931599338,0.8319376355095305,f1,0.2235,68,2.9e-05,32,160.68,single_gpu,T4,3.248,1.203,on_prem,user,rag_qa_service_model,15
5ece03fe-0a62-46ab-b7ef-da5458628858,rag_qa_service,xgboost,tensorflow,07415b6,main,rag_corpus_1,789,2024-06-28T14:19:26.416807,2024-06-28T15:39:10.344349,success,,0.7696721581716839,0.751920603231336,0.7657466053776449,f1,0.235,65,0.00673,512,2.065,cpu,,5.314,0.0,gcp,user,rag_qa_service_model,5
bbb7d22d-4e7f-4794-b4e4-d63ad8836bc8,energy_forecasting,lightgbm,lightgbm,6462c17,experiment/new_arch,energy_2,123,2024-05-09T02:44:34.537911,2024-05-09T03:13:06.212379,success,,0.23433554139331325,0.22070771239036263,0.1769188411661425,rmse,0.0563,27,0.00709,512,2.55,multi_gpu,T4,2.181,2.032,azure,scheduled_job,energy_forecasting_model,2
19c1f26c-ede6-4934-b756-4ff014ec69be,recsys_clickthrough,transformer,lightgbm,be237a4,experiment/new_arch,recsys_v4,1337,2024-06-29T21:10:19.706112,2024-06-29T21:21:27.217885,success,,0.8594439046749467,0.8503884918193667,0.8587806912598491,roc_auc,0.1233,17,1.2e-05,16,96.16,single_gpu,V100,0.189,0.221,on_prem,user,recsys_clickthrough_model,1
d4b61443-39ee-45f9-8cff-21afa795ba7e,recsys_clickthrough,lightgbm,tensorflow,8c3a5fb,experiment/new_arch,recsys_v4,456,2024-04-13T00:16:36.190687,2024-04-13T01:27:57.540095,success,,0.8791233345311598,0.8738667889501945,0.8753354793350169,roc_auc,0.1141,22,0.01506,2048,2.436,cpu,,9.071,0.0,on_prem,ci_pipeline,recsys_clickthrough_model,17
14c875e7-d10c-4855-88fa-cdf618f4e77a,recsys_clickthrough,lightgbm,tensorflow,cdf3d3b,main,recsys_v5,1337,2024-03-07T03:12:32.636345,2024-03-07T04:24:01.438036,failed,data_error,,,,roc_auc,,7,0.00063,1024,2.822,single_gpu,T4,1.839,1.25,aws,user,recsys_clickthrough_model,5
3707f20b-d1b6-42ad-aac4-b2ca84e87f47,rag_qa_service,xgboost,xgboost,3d68bf3,experiment/new_arch,rag_corpus_4,42,2024-07-05T02:24:21.413736,2024-07-05T03:27:57.529880,failed,data_error,,,,f1,,49,0.00114,1024,0.991,cpu,,5.115,0.0,azure,scheduled_job,rag_qa_service_model,14
103f84c1-ad02-409c-b91a-3d9ea1d39ca9,recsys_clickthrough,cnn,sklearn,20a5449,experiment/new_arch,recsys_v2,456,2024-12-12T03:21:17.666178,2024-12-12T03:37:47.239889,failed,early_stopped,,,,roc_auc,,4,0.00022,64,8.945,single_gpu,V100,0.899,0.319,azure,user,recsys_clickthrough_model,11
688720bb-6762-49a2-aaa6-7f20e9802213,energy_forecasting,cnn,xgboost,85a36e2,bugfix/data_issue,energy_1,42,2024-08-02T02:16:42.079151,2024-08-02T02:44:38.575225,failed,early_stopped,,,,rmse,,72,0.00015,64,8.469,single_gpu,T4,0.606,0.376,on_prem,scheduled_job,energy_forecasting_model,10
a15eae86-4e1f-490b-b166-769bc86cd124,rag_qa_service,lightgbm,xgboost,b0384ed,bugfix/data_issue,rag_corpus_3,456,2024-06-12T16:42:15.292991,2024-06-12T17:44:23.075514,failed,early_stopped,,,,f1,,56,0.00081,1024,0.778,cpu,,1.207,0.0,on_prem,ci_pipeline,rag_qa_service_model,1
b283425b-15cf-4563-bd02-5416aa6d028c,recsys_clickthrough,tabnet,tensorflow,b209cbb,experiment/new_arch,recsys_v4,2024,2024-07-13T08:26:09.277653,2024-07-13T09:55:33.940608,success,,0.84606801281901,0.8396483066164798,0.8368603626032152,roc_auc,0.1687,74,0.00468,512,9.76,cpu,,2.903,0.0,gcp,scheduled_job,recsys_clickthrough_model,13
5b6f1acd-19ce-4420-8ab9-695f5840605b,energy_forecasting,lightgbm,pytorch,0990e88,bugfix/data_issue,energy_3,456,2024-11-07T03:40:54.077325,2024-11-07T03:51:25.977171,failed,oom,,,,rmse,,31,0.00037,512,1.791,single_gpu,A100,0.181,0.196,azure,ci_pipeline,energy_forecasting_model,8
71d5e2a2-a085-4b4f-b327-0bc1c7522891,energy_forecasting,xgboost,pytorch,f42d0ff,develop,energy_5,42,2024-01-01T12:15:49.185119,2024-01-01T13:28:51.471873,success,,0.22951576670800403,0.23206628161353093,0.25699529091089485,rmse,0.05,73,0.00185,512,0.217,single_gpu,A100,3.366,1.167,azure,scheduled_job,energy_forecasting_model,5
3c4973cb-d2ff-4cb0-85ac-76b8f520988b,rag_qa_service,tabnet,tensorflow,50dd3f2,main,rag_corpus_5,2024,2024-12-23T05:57:30.644182,2024-12-23T06:52:33.051683,success,,0.6777304579950671,0.6736386289824252,0.6900146443269699,f1,0.335,59,0.00013,256,4.548,cpu,,6.262,0.0,on_prem,user,rag_qa_service_model,11
65c6942e-a6fc-447b-b7b9-d4d5c72102e2,energy_forecasting,lightgbm,xgboost,ad67b62,experiment/new_arch,energy_1,789,2024-03-07T06:03:31.119468,2024-03-07T06:27:20.641011,success,,0.2201355443577331,0.2638679760843211,0.22186504532580384,rmse,0.0417,26,0.06699,2048,0.377,single_gpu,T4,0.933,0.371,gcp,ci_pipeline,energy_forecasting_model,10
0ecb764b-8f2e-4a2a-8e9d-9518b413e4bf,fraud_detection,cnn,pytorch,eda3267,experiment/new_arch,fraud_v1,2024,2024-07-11T06:34:48.352132,2024-07-11T07:24:24.019965,success,,0.8028273917158683,0.7988924255980256,0.8057309885255862,roc_auc,0.188,5,0.00021,128,11.868,cpu,,5.487,0.0,aws,user,fraud_detection_model,1
e897b826-df95-47e1-bff2-cdbefbf5f72e,fraud_detection,lightgbm,pytorch,c4f9c0c,bugfix/data_issue,fraud_v3,2024,2024-02-01T00:17:42.335560,2024-02-01T00:39:32.076107,failed,infra_error,,,,roc_auc,,45,0.00253,1024,1.285,single_gpu,V100,1.106,0.299,on_prem,user,fraud_detection_model,8
3127a33c-d143-42bf-8176-ba2c3856792f,fraud_detection,tabnet,tensorflow,a1d148d,develop,fraud_v1,123,2024-01-09T18:14:51.432855,2024-01-09T18:46:06.444896,success,,0.8574988219723121,0.8575209921615793,0.8462344636012837,roc_auc,0.1132,31,0.00248,512,2.338,multi_gpu,V100,3.046,1.854,gcp,ci_pipeline,fraud_detection_model,13
b2ea31f1-0872-4b59-9ec0-f0387d4702e8,fraud_detection,transformer,pytorch,f3f4155,main,fraud_v1,1337,2024-02-25T03:39:43.226820,2024-02-25T04:04:13.940817,failed,nan_loss,,,,roc_auc,,57,0.000221,64,251.298,multi_gpu,A100,2.467,2.838,azure,ci_pipeline,fraud_detection_model,10
aed868a4-758f-494b-bea3-cb06478178a6,energy_forecasting,cnn,sklearn,4754ecc,develop,energy_2,456,2024-02-23T22:33:15.847544,2024-02-23T22:50:20.534735,failed,infra_error,,,,rmse,,76,0.00299,64,7.849,multi_gpu,A100,1.716,1.031,on_prem,ci_pipeline,energy_forecasting_model,9
ffb1f142-6908-4b8e-9847-fe73c89f5f8e,recsys_clickthrough,xgboost,tensorflow,f2656b6,experiment/hyperparam,recsys_v2,2024,2024-12-02T09:15:32.233129,2024-12-02T09:42:41.476551,success,,0.8840143568215116,0.8557181548043508,0.8475244229517608,roc_auc,0.1302,71,0.0005,2048,2.978,multi_gpu,V100,1.329,3.589,on_prem,user,recsys_clickthrough_model,13
34b30cf8-9397-4acc-b656-f17a5e318a1b,fraud_detection,tabnet,lightgbm,8cc3153,main,fraud_v3,1337,2024-06-21T23:35:41.378601,2024-06-22T01:45:52.748762,success,,0.8577475591626099,0.8514707496919891,0.8580304474975735,roc_auc,0.146,20,0.00066,512,4.561,single_gpu,T4,4.32,2.226,aws,scheduled_job,fraud_detection_model,15
1a90dbb1-326f-470e-a8b6-e2f0cd86f667,recsys_clickthrough,tabnet,lightgbm,3d02fb6,main,recsys_v4,456,2024-01-20T17:46:12.370942,2024-01-20T18:28:57.108615,success,,0.8492954438454771,0.8465379091660604,0.8582645686776231,roc_auc,0.1428,6,0.00443,256,5.784,cpu,,4.6,0.0,aws,user,recsys_clickthrough_model,12
5e295d44-62d9-492a-b6b3-290717ceef67,recsys_clickthrough,xgboost,pytorch,19d22bb,experiment/hyperparam,recsys_v4,789,2024-09-20T17:36:10.814835,2024-09-20T18:01:24.770335,success,,0.8485844844835184,0.8557889405858855,0.8923425602448795,roc_auc,0.1698,22,0.01553,512,1.823,multi_gpu,A100,2.363,2.563,aws,user,recsys_clickthrough_model,2
d8f258da-821e-4f62-a686-ec2667f5ca59,recsys_clickthrough,tabnet,pytorch,0dae8de,bugfix/data_issue,recsys_v3,2024,2024-03-23T23:16:41.277835,2024-03-23T23:37:36.199596,success,,0.8047705549405397,0.7876712636485345,0.8091289985083924,roc_auc,0.2017,30,0.00028,256,7.077,single_gpu,V100,0.593,0.366,aws,scheduled_job,recsys_clickthrough_model,20
02b0ac80-1095-4dc8-b116-4c5b879d5406,fraud_detection,lightgbm,lightgbm,2b8dd75,experiment/new_arch,fraud_v4,123,2024-01-20T22:55:25.425623,2024-01-20T23:23:18.876857,success,,0.8146978364703111,0.8065540111494903,0.8017284178821689,roc_auc,0.1868,16,0.0664,1024,1.063,single_gpu,A100,1.114,0.374,on_prem,user,fraud_detection_model,3
c2c5e701-653f-41b2-8f98-14f271498a92,energy_forecasting,tabnet,tensorflow,04819c4,bugfix/data_issue,energy_2,2024,2024-12-05T03:48:31.391210,2024-12-05T04:16:38.426183,success,,0.2206108267092712,0.2409555300017205,0.30164403493090564,rmse,0.0682,8,0.00071,512,5.707,single_gpu,V100,0.714,0.43,aws,user,energy_forecasting_model,11
f7ede834-c7de-48b3-9180-cf66d3793206,fraud_detection,cnn,sklearn,fcf8565,develop,fraud_v1,456,2024-05-28T15:49:48.995722,2024-05-28T16:10:38.490397,success,,0.8782869845770442,0.8700150019510089,0.881593804273559,roc_auc,0.1305,51,0.00015,256,12.417,cpu,,1.175,0.0,gcp,scheduled_job,fraud_detection_model,19
20d10db7-94d8-4d1f-b503-826e404e5ebc,fraud_detection,cnn,pytorch,27e1bec,develop,fraud_v2,1337,2024-07-07T10:47:41.946962,2024-07-07T11:09:01.736403,success,,0.9097409883101646,0.889159805059293,0.8946741026624387,roc_auc,0.0932,49,0.00039,128,10.984,single_gpu,V100,1.1,0.412,gcp,ci_pipeline,fraud_detection_model,14
944b3904-c07d-4ebc-8651-c7f3eeff962d,fraud_detection,transformer,pytorch,3912a7c,develop,fraud_v3,1337,2024-11-12T15:35:42.009329,2024-11-12T15:55:13.114954,failed,nan_loss,,,,roc_auc,,43,0.000211,32,197.439,cpu,,1.677,0.0,on_prem,scheduled_job,fraud_detection_model,6
ed842bd4-cbbb-4edd-a1a5-0b73c54149fb,fraud_detection,cnn,xgboost,512c474,experiment/new_arch,fraud_v2,42,2024-12-20T15:55:20.833704,2024-12-20T16:16:56.800303,success,,0.827987173072613,0.8108999863374338,0.7994971446030025,roc_auc,0.1778,55,0.00011,128,14.847,multi_gpu,T4,1.419,2.156,azure,ci_pipeline,fraud_detection_model,5
e0be1f77-5636-4766-aff1-16e75257e054,rag_qa_service,cnn,xgboost,df5a84e,main,rag_corpus_5,2024,2024-01-21T19:50:02.379464,2024-01-21T21:13:13.590212,failed,infra_error,,,,f1,,40,0.00363,64,3.246,single_gpu,A100,1.387,1.504,aws,user,rag_qa_service_model,19
bfc09653-624a-408c-9f85-9e05b272e645,rag_qa_service,xgboost,pytorch,6717ae7,main,rag_corpus_2,2024,2024-02-09T13:07:52.989454,2024-02-09T13:30:12.649892,success,,0.848080183834354,0.8104203876899614,0.8128988461754145,f1,0.1351,11,0.00246,1024,0.838,multi_gpu,V100,0.773,1.951,gcp,scheduled_job,rag_qa_service_model,11
1a601826-890e-4abd-b60c-608e07b73dbe,rag_qa_service,lightgbm,lightgbm,178f239,bugfix/data_issue,rag_corpus_4,42,2024-12-07T19:23:12.044451,2024-12-07T20:40:45.143669,success,,0.7102439529897587,0.7005590762339889,0.7074276238026476,f1,0.3111,30,0.00296,512,0.797,single_gpu,V100,1.661,1.197,on_prem,user,rag_qa_service_model,14
5b931ef0-4acd-4b20-8785-5f02b793f231,energy_forecasting,cnn,pytorch,1164bd8,experiment/hyperparam,energy_2,42,2024-02-03T17:47:07.576370,2024-02-03T18:22:06.243089,failed,infra_error,,,,rmse,,47,0.0098,64,12.072,multi_gpu,V100,4.008,2.309,azure,scheduled_job,energy_forecasting_model,16
06b73a88-70ea-4f72-9f78-1d795c37dcb1,recsys_clickthrough,transformer,tensorflow,e9d8e3b,bugfix/data_issue,recsys_v5,123,2024-04-28T03:53:50.477675,2024-04-28T04:14:06.955918,success,,0.7555266147192078,0.754695890172507,0.7612283745238098,roc_auc,0.2791,66,0.000221,16,211.014,single_gpu,T4,0.657,0.288,gcp,scheduled_job,recsys_clickthrough_model,4
e673ee78-537a-4f60-a9a7-4a055bf0a640,rag_qa_service,cnn,xgboost,bffdaa9,main,rag_corpus_2,2024,2024-12-23T08:19:12.801522,2024-12-23T09:09:42.061513,success,,0.8416459852971714,0.8172515281456401,0.8057628046165961,f1,0.1236,47,0.00252,64,15.316,multi_gpu,A100,6.09,4.207,gcp,user,rag_qa_service_model,7
aaa4bac7-395e-40b4-b20b-af4fa2192cbc,fraud_detection,cnn,tensorflow,0e8dba7,experiment/new_arch,fraud_v3,456,2024-10-29T06:54:29.293070,2024-10-29T07:56:29.353423,failed,infra_error,,,,roc_auc,,61,0.00025,64,3.385,multi_gpu,A100,8.04,2.737,azure,scheduled_job,fraud_detection_model,6
8c27d2f1-98a5-4b0e-9a39-577f2dcb519e,recsys_clickthrough,tabnet,lightgbm,6db649e,main,recsys_v1,42,2024-02-02T17:13:42.075893,2024-02-02T17:54:32.965333,failed,oom,,,,roc_auc,,72,0.00091,512,6.063,cpu,,3.261,0.0,on_prem,ci_pipeline,recsys_clickthrough_model,15
f688cfcf-2283-4c51-8140-1d920d444f74,fraud_detection,cnn,lightgbm,3c81df5,experiment/new_arch,fraud_v4,2024,2024-09-13T21:35:39.196696,2024-09-13T22:12:54.256887,success,,0.8528539128987315,0.84287795130792,0.8340388765310804,roc_auc,0.1253,39,0.00123,256,5.441,multi_gpu,T4,3.617,4.297,azure,scheduled_job,fraud_detection_model,9
d48ef4b6-7bb2-477a-8d4c-49f8823fd690,energy_forecasting,transformer,pytorch,0e00cd8,bugfix/data_issue,energy_3,456,2024-03-03T04:47:53.474825,2024-03-03T05:42:32.152126,success,,0.3098309771370438,0.3094919489090342,0.28962779814941547,rmse,0.0945,53,4.1e-05,64,191.819,multi_gpu,T4,6.728,6.247,on_prem,user,energy_forecasting_model,19
b72b8288-68f7-4dbe-ab63-3a771bd38733,rag_qa_service,lightgbm,lightgbm,f2e861c,bugfix/data_issue,rag_corpus_1,2024,2024-07-29T13:56:22.658412,2024-07-29T14:41:09.214045,failed,oom,,,,f1,,29,0.00249,1024,2.743,multi_gpu,A100,1.586,2.906,azure,user,rag_qa_service_model,1
20226bce-0f89-4496-978e-8886fabb5124,rag_qa_service,xgboost,xgboost,298f90b,experiment/new_arch,rag_corpus_3,123,2024-03-28T11:57:49.340911,2024-03-28T13:35:07.443104,success,,0.7580494142601875,0.7317647287124642,0.7246551124723015,f1,0.2738,51,0.00044,2048,2.323,single_gpu,V100,5.038,1.512,gcp,scheduled_job,rag_qa_service_model,2
a22b357b-9485-4399-a06a-47e433b04943,energy_forecasting,xgboost,pytorch,aa91791,experiment/hyperparam,energy_3,123,2024-02-03T20:43:39.919052,2024-02-03T21:33:25.958940,success,,0.20894780376083189,0.2231502255278771,0.21656867021953055,rmse,0.0482,65,0.00134,512,0.449,multi_gpu,V100,4.568,6.483,gcp,user,energy_forecasting_model,14
d5fe9443-9fbb-4483-91c9-bf019484dfbc,fraud_detection,transformer,sklearn,36ea724,develop,fraud_v5,2024,2024-08-09T10:17:47.633346,2024-08-09T10:36:11.430892,success,,0.8497727082130879,0.8421664767281771,0.8389665297385381,roc_auc,0.1694,64,0.00099,32,146.487,cpu,,1.068,0.0,aws,ci_pipeline,fraud_detection_model,20
3fa31ebe-f69e-467c-998d-d0ad2837dadc,fraud_detection,lightgbm,xgboost,be30082,experiment/hyperparam,fraud_v1,123,2024-01-11T18:23:56.894915,2024-01-11T19:49:34.955291,failed,infra_error,,,,roc_auc,,38,0.00403,1024,1.98,single_gpu,T4,1.69,1.606,aws,user,fraud_detection_model,3
b63af0d7-1d9d-4f09-8e74-d935af5a2b47,energy_forecasting,tabnet,tensorflow,7c6fe43,experiment/hyperparam,energy_4,42,2024-08-01T00:45:31.382812,2024-08-01T01:02:27.432221,success,,0.33418485506940965,0.35222913762912533,0.3349943222137214,rmse,0.1081,60,0.0076,512,6.663,single_gpu,T4,1.09,0.243,gcp,scheduled_job,energy_forecasting_model,20
93aa4b9c-24d1-4449-b5ce-0ca288ba0fcd,energy_forecasting,cnn,xgboost,1635ed7,main,energy_5,456,2024-08-02T04:58:28.442847,2024-08-02T05:15:24.510049,success,,0.2151067731252433,0.21206481134755406,0.23812587717352784,rmse,0.0481,17,0.00294,64,4.968,single_gpu,A100,0.332,0.288,azure,user,energy_forecasting_model,11
8416c33a-dac6-4615-b66f-a93500d08094,rag_qa_service,lightgbm,tensorflow,335250b,experiment/hyperparam,rag_corpus_2,789,2024-07-26T03:01:50.350325,2024-07-26T04:18:07.281735,success,,0.7470601791438812,0.7414631470149569,0.7359209325149801,f1,0.23,80,0.0005,1024,1.741,single_gpu,T4,4.735,1.219,aws,user,rag_qa_service_model,17
aa3929b1-d3e6-4ddb-84d4-fcd55fc3e869,recsys_clickthrough,xgboost,xgboost,49ed1e6,experiment/new_arch,recsys_v3,456,2024-03-13T07:47:51.415440,2024-03-13T08:08:53.538446,success,,0.8596165051263955,0.8269020076721676,0.8188140592084884,roc_auc,0.1502,38,0.07062,512,2.29,cpu,,1.79,0.0,on_prem,scheduled_job,recsys_clickthrough_model,4
7a23629b-fc12-4ed5-ac85-8a02dd40ee75,fraud_detection,transformer,pytorch,99300c9,main,fraud_v4,456,2024-02-17T20:04:06.696410,2024-02-17T20:50:43.411364,success,,0.8677568008328045,0.8830792616850014,0.8933103040359409,roc_auc,0.1348,5,3.6e-05,64,283.446,multi_gpu,T4,2.133,5.633,aws,user,fraud_detection_model,16
f60136c6-7a27-49df-a0c8-e89727e159a2,fraud_detection,transformer,tensorflow,4c68596,experiment/new_arch,fraud_v4,2024,2024-12-19T00:15:22.116630,2024-12-19T00:44:20.758624,failed,oom,,,,roc_auc,,31,0.000416,16,286.149,cpu,,0.558,0.0,azure,user,fraud_detection_model,5
d20bfef1-ae75-45e3-a0f9-1cc96c6163f5,fraud_detection,cnn,lightgbm,31bcd80,main,fraud_v3,42,2024-02-10T10:38:22.236034,2024-02-10T12:31:27.183840,success,,0.8640527097291556,0.8647516630199606,0.8457813665436198,roc_auc,0.1665,51,0.00923,256,2.637,single_gpu,T4,6.489,1.719,azure,scheduled_job,fraud_detection_model,6
8f7dfb41-351d-4708-89bc-cca9dbb4286f,recsys_clickthrough,tabnet,lightgbm,1529dea,main,recsys_v5,1337,2024-03-28T18:59:07.422434,2024-03-28T19:34:57.655036,success,,0.8096757131617831,0.7964173046403039,0.8205842609917752,roc_auc,0.2132,64,0.00638,512,4.141,multi_gpu,A100,1.97,2.781,on_prem,user,recsys_clickthrough_model,3
48e27e9a-778a-47c0-8010-2590ca8fe5bc,energy_forecasting,cnn,sklearn,5d3adb1,experiment/new_arch,energy_1,123,2024-01-05T19:00:07.976717,2024-01-05T19:23:48.451714,success,,0.20431369221761542,0.15392015786836652,0.12511628306566822,rmse,0.0468,16,0.00129,128,16.693,single_gpu,V100,1.142,0.439,on_prem,scheduled_job,energy_forecasting_model,7
7918a585-0c35-443b-97c5-25b519f13875,energy_forecasting,cnn,lightgbm,ad12e67,bugfix/data_issue,energy_5,123,2024-10-11T16:59:04.132853,2024-10-11T18:03:15.183178,success,,0.33712894418761136,0.32676601682992024,0.28582887762602865,rmse,0.1015,42,0.00023,64,2.132,single_gpu,T4,3.009,1.183,azure,ci_pipeline,energy_forecasting_model,4
703f84c8-af0b-4a5e-a8fb-7c7f1e8e372f,recsys_clickthrough,transformer,sklearn,b3e20a7,experiment/hyperparam,recsys_v1,1337,2024-01-31T16:25:29.537651,2024-01-31T16:54:41.066682,success,,0.8164628544832063,0.8314477903619208,0.7839191332351636,roc_auc,0.1768,58,2.3e-05,64,76.642,multi_gpu,T4,2.102,1.122,gcp,ci_pipeline,recsys_clickthrough_model,11
23d97573-45e3-444d-97ce-dc8ccd1ade32,fraud_detection,transformer,tensorflow,506e332,experiment/hyperparam,fraud_v5,1337,2024-06-29T04:04:41.340956,2024-06-29T04:34:05.947698,success,,0.8958078947155292,0.8756733364981182,0.8783281311699441,roc_auc,0.1151,31,0.000103,16,37.372,multi_gpu,T4,1.19,2.668,aws,user,fraud_detection_model,2
6bcbac63-f133-44d2-b3aa-085402620828,fraud_detection,tabnet,tensorflow,384eb66,develop,fraud_v3,789,2024-03-16T01:58:44.729764,2024-03-16T02:33:15.450487,success,,0.9490741637830281,0.9331101930918516,0.9257902933487432,roc_auc,0.0673,15,0.00013,256,1.431,single_gpu,V100,0.651,0.503,azure,user,fraud_detection_model,17
e399d53f-1623-4273-a8c3-ef10e00b8a28,rag_qa_service,cnn,pytorch,2a257fa,experiment/new_arch,rag_corpus_3,42,2024-03-05T19:01:54.682017,2024-03-05T19:14:18.489031,success,,0.7926422244249663,0.7859800131333552,0.7606731792124298,f1,0.1916,48,0.00052,256,19.801,single_gpu,T4,0.631,0.244,gcp,scheduled_job,rag_qa_service_model,19
32413894-4be0-4a40-be24-c7d176ef3391,fraud_detection,transformer,pytorch,700a438,develop,fraud_v1,42,2024-04-21T04:18:57.229213,2024-04-21T04:54:09.649262,success,,0.7975386909442428,0.7907730696196889,0.7924289142063043,roc_auc,0.2126,35,1e-05,64,207.722,single_gpu,V100,1.717,0.566,on_prem,ci_pipeline,fraud_detection_model,16
7209c0a0-1a4d-4d9c-8e33-e46b2616209c,energy_forecasting,cnn,lightgbm,05becde,bugfix/data_issue,energy_4,42,2024-04-08T12:39:07.292719,2024-04-08T12:58:14.160373,success,,0.28126160600587435,0.28671473969441064,0.3219056023759388,rmse,0.0873,21,0.00061,64,5.502,cpu,,0.535,0.0,gcp,scheduled_job,energy_forecasting_model,16
fbd5192e-856d-4e6d-9e7a-1d73303170fd,fraud_detection,lightgbm,xgboost,bf5b3fa,experiment/hyperparam,fraud_v5,789,2024-12-26T09:01:31.410830,2024-12-26T09:33:41.828095,success,,0.8818686602888103,0.8713566812699994,0.8638299183778264,roc_auc,0.0907,78,0.00048,1024,0.914,single_gpu,V100,1.099,0.597,azure,scheduled_job,fraud_detection_model,9
57a289c6-51ce-430a-ae4f-9179d40a0004,energy_forecasting,lightgbm,sklearn,9bd1c9c,experiment/hyperparam,energy_3,42,2024-12-19T20:33:22.452949,2024-12-19T21:13:34.254465,success,,0.24857840239786785,0.22694980140723084,0.25005174824030035,rmse,0.0538,22,0.0009,2048,2.418,multi_gpu,A100,2.683,4.278,gcp,ci_pipeline,energy_forecasting_model,10
dceb88fe-fece-477b-a60e-90849c4e06b1,recsys_clickthrough,cnn,lightgbm,4c00490,experiment/hyperparam,recsys_v1,789,2024-05-08T13:45:30.099959,2024-05-08T14:28:13.220932,success,,0.8363524510276298,0.8262903374714119,0.8342593199285695,roc_auc,0.1471,47,0.00068,64,11.423,cpu,,2.719,0.0,aws,scheduled_job,recsys_clickthrough_model,17
4e08c511-7622-4f43-9923-3b107b19df59,recsys_clickthrough,xgboost,tensorflow,2b6e40e,develop,recsys_v4,789,2024-05-25T16:14:06.574423,2024-05-25T16:32:16.328393,success,,0.8128347919189534,0.8086526122528739,0.7851750129646944,roc_auc,0.1832,42,0.00079,2048,2.853,cpu,,2.167,0.0,azure,user,recsys_clickthrough_model,19
9c8d1e4c-2c08-49b3-bb2b-83eca648410b,rag_qa_service,cnn,xgboost,2c46344,experiment/new_arch,rag_corpus_5,123,2024-05-17T05:27:42.003722,2024-05-17T07:22:13.164712,success,,0.7724379117602194,0.7748284387854858,0.8272245263307147,f1,0.2595,43,0.00069,256,7.798,multi_gpu,T4,10.617,10.409,gcp,ci_pipeline,rag_qa_service_model,12
ae675e4a-1d79-4d05-a0ac-ea580fec2169,rag_qa_service,cnn,lightgbm,7f7e0c1,develop,rag_corpus_5,456,2024-10-14T02:53:49.202778,2024-10-14T03:43:35.270790,success,,0.758174052964503,0.739379882553129,0.7124454806285101,f1,0.2694,19,0.00011,128,7.742,single_gpu,T4,2.771,0.851,azure,scheduled_job,rag_qa_service_model,1
3c0dde16-23d8-412f-b36e-a77155d29b84,rag_qa_service,tabnet,lightgbm,d14f19d,bugfix/data_issue,rag_corpus_4,2024,2024-04-30T22:15:16.361566,2024-04-30T22:55:13.962358,success,,0.7639736782564589,0.7600928994705766,0.8053307724335417,f1,0.2065,69,0.00295,256,6.296,cpu,,2.942,0.0,aws,user,rag_qa_service_model,18
505a10f7-2772-48d4-815a-835889478785,rag_qa_service,lightgbm,pytorch,ea2abec,bugfix/data_issue,rag_corpus_2,42,2024-01-25T12:09:52.063745,2024-01-25T12:20:47.892383,failed,oom,,,,f1,,29,0.00033,512,1.539,single_gpu,A100,0.338,0.199,aws,scheduled_job,rag_qa_service_model,1
ef8abccf-3b7c-48e7-999a-b374ec3f26dc,rag_qa_service,transformer,sklearn,e4723d4,bugfix/data_issue,rag_corpus_4,2024,2024-08-13T06:18:31.028674,2024-08-13T06:54:05.722945,failed,nan_loss,,,,f1,,33,1.1e-05,16,183.752,multi_gpu,T4,4.536,1.806,aws,ci_pipeline,rag_qa_service_model,18
b827509a-a910-4b32-ab22-8cb3c2eb37d3,recsys_clickthrough,transformer,lightgbm,4af7a6b,main,recsys_v4,789,2024-10-23T22:12:14.331792,2024-10-23T22:31:38.326943,success,,0.8271449957871561,0.8175263966415726,0.8185224524596292,roc_auc,0.1916,75,0.000178,16,174.149,single_gpu,T4,0.718,0.326,azure,scheduled_job,recsys_clickthrough_model,1
e93b07ff-f83e-4327-a1fc-8d7b772cb7bc,energy_forecasting,xgboost,xgboost,7e52e70,develop,energy_3,1337,2024-11-08T09:09:16.736645,2024-11-08T09:46:16.666203,failed,data_error,,,,rmse,,22,0.00983,512,2.449,single_gpu,V100,1.412,0.678,on_prem,ci_pipeline,energy_forecasting_model,19
7c8cd9e8-7abe-4de3-890b-d6e70e1602ff,energy_forecasting,transformer,pytorch,4c46ea6,experiment/new_arch,energy_5,2024,2024-03-06T20:04:51.406080,2024-03-06T20:40:58.084610,success,,0.3097892052019706,0.27133207676949483,0.30840740880485,rmse,0.0887,54,2.3e-05,64,95.263,single_gpu,T4,0.961,0.541,azure,user,energy_forecasting_model,2
c10458f7-8c0d-4079-ab32-587588389957,fraud_detection,lightgbm,pytorch,11e7cfc,develop,fraud_v1,123,2024-09-22T18:42:33.400596,2024-09-22T19:19:53.674628,success,,0.8427989049879537,0.8484297999695579,0.8684836065330286,roc_auc,0.1809,35,0.00052,2048,0.598,multi_gpu,V100,3.179,2.044,aws,user,fraud_detection_model,2
185d306e-4b21-4a5b-a1f0-73767c421527,fraud_detection,transformer,tensorflow,9de5b6f,bugfix/data_issue,fraud_v5,123,2024-03-12T10:29:21.194762,2024-03-12T11:00:24.172997,success,,0.9164775446289297,0.8999825709803373,0.8945237800779927,roc_auc,0.078,23,0.000135,16,205.648,multi_gpu,V100,3.143,3.928,azure,scheduled_job,fraud_detection_model,17
fa34a2d7-65a5-47dd-99c4-da319ee9e578,recsys_clickthrough,xgboost,xgboost,0f1020c,bugfix/data_issue,recsys_v5,42,2024-05-04T08:37:51.931652,2024-05-04T09:21:16.127959,success,,0.7922852348846666,0.774693449857614,0.7905293781136834,roc_auc,0.2234,48,0.00113,2048,0.501,multi_gpu,T4,5.176,3.617,gcp,scheduled_job,recsys_clickthrough_model,20
15c0b5a1-bf5b-4138-a674-db1d406666f3,recsys_clickthrough,xgboost,lightgbm,6611c41,develop,recsys_v1,1337,2024-07-16T07:06:47.090097,2024-07-16T07:27:11.600943,success,,0.7605018025294009,0.7522927353795624,0.7602091310014809,roc_auc,0.2534,52,0.00106,1024,2.932,cpu,,1.877,0.0,gcp,ci_pipeline,recsys_clickthrough_model,12
79aeb6d7-79c8-4111-83e6-3005b327cc70,fraud_detection,lightgbm,tensorflow,19de860,main,fraud_v5,789,2024-12-07T23:28:46.271341,2024-12-08T00:20:13.802551,success,,0.9247893577320468,0.9058428858563081,0.8852499940840922,roc_auc,0.0822,56,0.01695,1024,2.9,single_gpu,A100,1.87,0.731,aws,scheduled_job,fraud_detection_model,7
8f5ea4bd-f34f-42b2-8b01-14409d352df9,energy_forecasting,xgboost,pytorch,3d5ce07,bugfix/data_issue,energy_5,2024,2024-10-31T18:37:48.995255,2024-10-31T18:47:55.316172,failed,early_stopped,,,,rmse,,79,0.0037,1024,1.971,cpu,,1.047,0.0,azure,user,energy_forecasting_model,18
8709cf29-619a-44a9-9cd3-f4d552f14478,rag_qa_service,lightgbm,tensorflow,b17357c,develop,rag_corpus_1,42,2024-01-10T14:51:34.050859,2024-01-10T15:25:37.727017,success,,0.7962279733829868,0.785470379951003,0.8190061793353456,f1,0.1899,64,0.0012,2048,1.275,single_gpu,A100,1.026,0.499,on_prem,user,rag_qa_service_model,13
4e02c049-f1ee-4864-88b0-7cc49a4e1456,rag_qa_service,lightgbm,lightgbm,b8119e5,experiment/hyperparam,rag_corpus_4,42,2024-03-27T22:22:15.688178,2024-03-27T22:35:39.553584,success,,0.724041067606597,0.7221510762428854,0.6942999149888356,f1,0.2811,71,0.00045,1024,1.51,cpu,,0.394,0.0,aws,ci_pipeline,rag_qa_service_model,2
4a36925b-d6c5-4089-b6b2-d4c3705db75a,fraud_detection,lightgbm,sklearn,12205a3,experiment/hyperparam,fraud_v2,1337,2024-05-25T04:53:28.974519,2024-05-25T05:31:06.418404,failed,nan_loss,,,,roc_auc,,72,0.0018,1024,2.59,cpu,,4.39,0.0,aws,scheduled_job,fraud_detection_model,12
2ea5b0c4-b271-496c-8eef-67f913f940d8,recsys_clickthrough,transformer,tensorflow,fc4a84b,bugfix/data_issue,recsys_v1,42,2024-05-06T12:31:35.635121,2024-05-06T12:55:11.301185,success,,0.8691353329441118,0.8369284949782807,0.8371050577436286,roc_auc,0.1099,29,0.00024,16,284.607,multi_gpu,A100,2.397,1.569,on_prem,user,recsys_clickthrough_model,17
ea741093-c797-4d99-939b-2668c6b59b27,recsys_clickthrough,cnn,xgboost,35d2fba,experiment/new_arch,recsys_v1,42,2024-07-01T02:25:46.615529,2024-07-01T02:59:28.542309,success,,0.8651307250575676,0.8677094066166565,0.8823370116681564,roc_auc,0.1467,52,0.00042,256,16.246,cpu,,3.948,0.0,azure,scheduled_job,recsys_clickthrough_model,3
bd081138-8063-46c4-bef6-aa3d1375034f,fraud_detection,cnn,xgboost,606736a,bugfix/data_issue,fraud_v1,2024,2024-04-21T09:05:49.623001,2024-04-21T09:36:14.114579,success,,0.8787304264169133,0.8801606195376507,0.892462992338983,roc_auc,0.12,30,0.00521,256,3.502,single_gpu,T4,1.579,0.556,azure,user,fraud_detection_model,11
d57bc5f4-5cb2-49e0-854b-16846093a2f1,rag_qa_service,transformer,sklearn,c8fe4f8,experiment/new_arch,rag_corpus_5,2024,2024-07-26T10:20:05.121675,2024-07-26T10:54:40.853425,success,,0.7300873950211443,0.7240226935808416,0.7284900615011035,f1,0.2945,33,1.3e-05,64,220.89,single_gpu,T4,1.399,0.657,on_prem,user,rag_qa_service_model,1
85ca0854-b619-4630-84c0-38d917fe83ce,energy_forecasting,cnn,sklearn,fc49044,experiment/hyperparam,energy_5,42,2024-02-15T08:55:27.035247,2024-02-15T09:43:00.249293,success,,0.17722723011948024,0.18747323606264782,0.20955662915959794,rmse,0.0436,5,0.00105,128,12.482,single_gpu,V100,1.888,0.897,gcp,scheduled_job,energy_forecasting_model,1
f809669c-c167-402e-99b0-c50e199cfd11,rag_qa_service,xgboost,tensorflow,7d30f49,experiment/hyperparam,rag_corpus_1,789,2024-03-06T15:04:56.099249,2024-03-06T16:07:23.304390,failed,nan_loss,,,,f1,,25,0.00256,512,2.65,single_gpu,V100,3.306,0.88,on_prem,ci_pipeline,rag_qa_service_model,2
79568e37-b481-49d7-81e7-fcde2694d587,recsys_clickthrough,xgboost,sklearn,287583f,experiment/hyperparam,recsys_v3,42,2024-09-04T14:40:38.277812,2024-09-04T15:38:36.308108,success,,0.8119279627782015,0.8110911719689357,0.7943527578930101,roc_auc,0.1853,16,0.00041,1024,2.888,single_gpu,A100,2.935,1.017,aws,user,recsys_clickthrough_model,17
99f0dba6-7f6e-4057-872d-0ab79338fa81,rag_qa_service,xgboost,xgboost,139da16,experiment/hyperparam,rag_corpus_2,42,2024-04-29T04:29:42.523076,2024-04-29T05:09:32.196907,success,,0.8115978135583299,0.8012033430759226,0.7653056049792094,f1,0.1621,40,0.02746,1024,1.24,single_gpu,V100,0.941,0.534,on_prem,ci_pipeline,rag_qa_service_model,1
968d9786-c2da-4981-a6bf-872a6462c717,recsys_clickthrough,cnn,sklearn,429135b,bugfix/data_issue,recsys_v5,2024,2024-05-05T13:54:07.411874,2024-05-05T14:33:19.244425,failed,oom,,,,roc_auc,,13,0.00076,128,17.718,single_gpu,V100,1.644,0.655,aws,user,recsys_clickthrough_model,19
9f60eea8-8508-40aa-a786-71da801fe643,rag_qa_service,tabnet,sklearn,d807874,bugfix/data_issue,rag_corpus_3,123,2024-04-29T23:16:34.491684,2024-04-29T23:25:47.176113,success,,0.8568108017992819,0.8297790757001016,0.7888283492642012,f1,0.1075,33,0.00019,256,9.836,single_gpu,T4,0.269,0.127,on_prem,scheduled_job,rag_qa_service_model,14
4cfd0b35-5e43-42bd-9cd8-c95a4a015233,energy_forecasting,xgboost,tensorflow,81573c3,develop,energy_5,123,2024-10-10T09:41:12.689791,2024-10-10T10:04:00.715210,success,,0.24530730037112966,0.2591368791586932,0.2999327363987533,rmse,0.0681,46,0.03553,1024,1.981,multi_gpu,A100,1.715,1.804,gcp,scheduled_job,energy_forecasting_model,4
7b8f36f3-6a98-456f-b33e-f46e37611b8f,fraud_detection,transformer,lightgbm,827e327,develop,fraud_v1,789,2024-04-06T03:10:29.397776,2024-04-06T03:41:16.014199,failed,oom,,,,roc_auc,,58,4.9e-05,16,35.325,multi_gpu,A100,1.654,2.315,aws,ci_pipeline,fraud_detection_model,6
ac2920af-3abe-400b-91c6-3a912f86d99c,fraud_detection,lightgbm,xgboost,dee568b,main,fraud_v3,456,2024-08-03T21:20:50.275381,2024-08-03T21:42:24.330611,failed,infra_error,,,,roc_auc,,48,0.00063,2048,0.296,cpu,,2.181,0.0,aws,scheduled_job,fraud_detection_model,15
d787528f-a1cf-487f-8719-00dadefa2e55,rag_qa_service,cnn,lightgbm,bbb9d82,main,rag_corpus_5,1337,2024-05-15T00:05:43.585166,2024-05-15T00:51:00.120316,success,,0.7134287465883938,0.7183251208027549,0.7547146412649888,f1,0.3027,68,0.0072,64,9.18,multi_gpu,V100,2.049,3.829,azure,ci_pipeline,rag_qa_service_model,19
1f788c68-2945-451c-9125-38d0dc57db3b,energy_forecasting,xgboost,pytorch,459e9d6,experiment/hyperparam,energy_4,456,2024-10-03T09:56:59.558437,2024-10-03T10:28:03.505942,success,,0.20933815284857693,0.2073103757417958,0.21141473595814683,rmse,0.0463,38,0.03206,2048,1.09,single_gpu,T4,1.208,0.554,gcp,ci_pipeline,energy_forecasting_model,20
1ec5674c-4a2e-4e54-bd8e-4597051931c7,energy_forecasting,xgboost,tensorflow,4147e4e,bugfix/data_issue,energy_1,123,2024-08-31T05:57:30.391123,2024-08-31T06:09:59.575369,failed,oom,,,,rmse,,79,0.09557,512,2.587,single_gpu,T4,0.269,0.225,gcp,ci_pipeline,energy_forecasting_model,18
6f72ec6e-cd4a-49f2-8206-c9e9246e5398,recsys_clickthrough,xgboost,lightgbm,d03f9b8,experiment/new_arch,recsys_v3,42,2024-09-18T10:21:28.671489,2024-09-18T10:35:35.630820,success,,0.8014944818569391,0.7993145167820495,0.7841204544324437,roc_auc,0.1631,36,0.03525,1024,1.078,cpu,,1.598,0.0,on_prem,user,recsys_clickthrough_model,5
c0672d8f-e1d7-425f-b79b-1730ffdd327b,energy_forecasting,xgboost,tensorflow,cb31257,bugfix/data_issue,energy_1,2024,2024-09-08T02:19:59.363433,2024-09-08T03:03:56.028039,failed,data_error,,,,rmse,,69,0.0035,2048,1.193,cpu,,5.223,0.0,on_prem,user,energy_forecasting_model,18
865fafbf-5d8c-4a94-97db-427c6d330b57,fraud_detection,xgboost,pytorch,26fa42d,experiment/new_arch,fraud_v3,123,2024-03-13T11:29:57.125332,2024-03-13T12:02:45.166223,success,,0.905977104991014,0.8974803095937327,0.8925798663959372,roc_auc,0.0732,11,0.00212,1024,0.41,cpu,,4.195,0.0,gcp,scheduled_job,fraud_detection_model,18
87ae2e79-6e70-4a3f-a74f-3e74b2a0a97c,recsys_clickthrough,lightgbm,sklearn,6469a7a,develop,recsys_v3,123,2024-11-15T09:20:32.206793,2024-11-15T09:36:55.595342,success,,0.8502752900840038,0.8272425097108432,0.8389658257186989,roc_auc,0.1415,64,0.00081,2048,2.371,multi_gpu,V100,0.747,1.587,on_prem,scheduled_job,recsys_clickthrough_model,4
d40ca298-398b-43b4-8ef1-d267999a13fc,recsys_clickthrough,xgboost,tensorflow,67362fa,experiment/hyperparam,recsys_v4,2024,2024-02-16T17:47:12.849637,2024-02-16T18:25:51.322373,success,,0.8187300409599375,0.8103733930187914,0.814615260080275,roc_auc,0.1614,40,0.00034,512,1.584,multi_gpu,V100,4.261,4.9,on_prem,scheduled_job,recsys_clickthrough_model,17
4096b5c5-5cfd-4c2a-8369-dc5bc7be8771,recsys_clickthrough,transformer,sklearn,85a6c64,main,recsys_v3,789,2024-09-22T18:55:00.419944,2024-09-22T19:13:00.528971,success,,0.7994246440226356,0.7842884993803246,0.7849827743553759,roc_auc,0.1612,55,5.7e-05,32,130.13,single_gpu,A100,0.79,0.259,aws,user,recsys_clickthrough_model,19
7865372f-9b81-4ab0-aa51-e46207910ab6,recsys_clickthrough,tabnet,pytorch,c1f928f,main,recsys_v4,42,2024-10-11T20:35:51.673582,2024-10-11T21:24:55.100832,success,,0.8497869617541187,0.8524319458236683,0.8165698167729768,roc_auc,0.1426,49,0.00195,256,1.98,single_gpu,V100,2.159,0.683,aws,ci_pipeline,recsys_clickthrough_model,7
795b2d62-5659-4ee3-b7ad-62b78da9a9a8,recsys_clickthrough,tabnet,lightgbm,d3ce53b,main,recsys_v1,42,2024-10-02T14:52:01.456294,2024-10-02T15:22:46.221326,success,,0.8406451581749622,0.8361387567243166,0.8624343532362466,roc_auc,0.148,23,0.00023,256,4.226,cpu,,3.912,0.0,on_prem,scheduled_job,recsys_clickthrough_model,10
4985ddf8-8a24-4118-8099-6076330b6460,fraud_detection,lightgbm,pytorch,0bd66de,main,fraud_v1,42,2024-07-03T03:30:16.732417,2024-07-03T04:38:11.856410,failed,infra_error,,,,roc_auc,,78,0.00096,512,0.523,multi_gpu,T4,8.635,8.497,aws,user,fraud_detection_model,20
68c91c9f-8000-4401-9679-f9a330576374,energy_forecasting,cnn,lightgbm,80434a7,experiment/hyperparam,energy_4,42,2024-03-22T02:56:09.260661,2024-03-22T03:09:48.768781,success,,0.13905111179790253,0.16753023984702362,0.17553890509934283,rmse,0.0085,71,0.00596,128,12.883,multi_gpu,A100,1.559,0.55,azure,ci_pipeline,energy_forecasting_model,8
88c7de6e-3671-4596-9624-79cf6f246ed2,rag_qa_service,xgboost,lightgbm,bfcb790,develop,rag_corpus_4,456,2024-06-23T00:49:24.012763,2024-06-23T01:14:47.089349,success,,0.8588769653686426,0.8390880697830747,0.8047944915514871,f1,0.1733,13,0.00068,512,0.67,cpu,,1.126,0.0,azure,user,rag_qa_service_model,18
5df892fc-907b-4cb2-a111-d4411da731f3,recsys_clickthrough,lightgbm,lightgbm,916d8dc,main,recsys_v4,456,2024-05-30T07:52:52.283802,2024-05-30T08:47:18.156766,success,,0.8139500521937594,0.7990135037173278,0.8249347649529557,roc_auc,0.1639,75,0.00255,2048,2.49,single_gpu,T4,1.463,0.896,aws,ci_pipeline,recsys_clickthrough_model,14
8fc7d3da-b56a-438e-9720-d49424a26017,fraud_detection,cnn,pytorch,cc85a5b,bugfix/data_issue,fraud_v5,2024,2024-12-28T08:32:12.998667,2024-12-28T08:58:48.655918,success,,0.8700993017267844,0.8654610233930243,0.8615004569631083,roc_auc,0.1087,12,0.00166,256,5.575,cpu,,1.643,0.0,aws,scheduled_job,fraud_detection_model,5
6bee772f-7663-4105-b0c8-1938f80aa320,fraud_detection,lightgbm,xgboost,b27f062,bugfix/data_issue,fraud_v4,123,2024-09-30T09:10:56.905446,2024-09-30T09:43:10.363809,success,,0.8918103749657846,0.889881774795578,0.904932516258877,roc_auc,0.1106,58,0.00186,512,2.786,multi_gpu,V100,1.595,4.186,aws,scheduled_job,fraud_detection_model,9
ac167fc0-7072-4ff5-afdf-7ba0b085cefe,energy_forecasting,tabnet,tensorflow,924acf5,bugfix/data_issue,energy_3,789,2024-06-17T22:49:48.913527,2024-06-18T00:13:30.488304,failed,data_error,,,,rmse,,4,0.00025,512,2.079,single_gpu,A100,5.23,1.299,gcp,scheduled_job,energy_forecasting_model,6
dc3980ad-2214-4781-81e5-ab41cb6110b7,recsys_clickthrough,transformer,sklearn,f0b3171,bugfix/data_issue,recsys_v4,1337,2024-02-27T02:31:42.481867,2024-02-27T04:52:40.540494,success,,0.8698189410357005,0.8447243641016235,0.8399177993529633,roc_auc,0.0968,4,5.5e-05,64,232.751,single_gpu,A100,4.738,2.774,gcp,user,recsys_clickthrough_model,9
5809533e-fd03-4794-91be-f1f81790ac55,energy_forecasting,transformer,xgboost,b5ce8a3,bugfix/data_issue,energy_2,42,2024-09-23T16:33:53.157779,2024-09-23T17:25:37.898752,failed,early_stopped,,,,rmse,,69,0.000689,16,138.656,single_gpu,T4,1.748,1.022,azure,ci_pipeline,energy_forecasting_model,13
1ede6b84-0615-458d-9917-952ba7389742,energy_forecasting,tabnet,xgboost,9fb9e30,develop,energy_2,42,2024-12-05T06:49:57.809030,2024-12-05T07:10:03.395508,success,,0.3222721892423598,0.3056668139177863,0.33483549449340616,rmse,0.1017,44,0.00078,256,5.146,single_gpu,T4,0.688,0.39,gcp,user,energy_forecasting_model,2
ba71b9fe-12dc-4303-89cf-fc629e1c84a0,recsys_clickthrough,tabnet,lightgbm,674c36c,experiment/new_arch,recsys_v3,456,2024-11-02T02:34:08.292641,2024-11-02T03:41:54.766306,success,,0.8044611059789263,0.7977876777845581,0.8196616305983869,roc_auc,0.1931,38,0.00762,256,6.42,single_gpu,A100,3.643,1.267,aws,ci_pipeline,recsys_clickthrough_model,5
f6aa62b6-2b7f-47a6-a952-cff8d7630a12,rag_qa_service,tabnet,lightgbm,7ca8650,experiment/hyperparam,rag_corpus_4,2024,2024-05-06T06:53:09.751131,2024-05-06T07:16:41.985157,success,,0.7381057196602334,0.7232266652094915,0.7306537514967624,f1,0.2943,25,0.00223,512,4.778,multi_gpu,T4,2.547,1.625,gcp,ci_pipeline,rag_qa_service_model,1
6102ecf5-2328-4b16-90d5-c968c41d555c,recsys_clickthrough,transformer,tensorflow,804154e,bugfix/data_issue,recsys_v3,42,2024-08-24T05:37:50.559040,2024-08-24T06:00:12.273369,success,,0.7839318464821469,0.7827734312815845,0.7310050986375005,roc_auc,0.2173,10,0.000314,32,155.128,multi_gpu,V100,1.228,2.908,aws,ci_pipeline,recsys_clickthrough_model,1
c6c9fe10-cf23-4584-912b-e47855be22ed,rag_qa_service,tabnet,lightgbm,77dcc00,develop,rag_corpus_2,123,2024-01-31T05:32:37.239983,2024-01-31T06:31:09.652169,success,,0.7735031545300802,0.7668670239841916,0.7908746438912284,f1,0.2357,43,0.0026,256,2.896,cpu,,4.027,0.0,aws,user,rag_qa_service_model,18
a5436424-7a04-4d02-84a6-3ace8c2004fb,energy_forecasting,lightgbm,xgboost,b5aee2f,experiment/hyperparam,energy_5,42,2024-12-09T07:10:32.214608,2024-12-09T07:26:51.402052,failed,nan_loss,,,,rmse,,67,0.02091,512,1.841,multi_gpu,V100,1.737,1.8,aws,ci_pipeline,energy_forecasting_model,9
cef0118f-92f4-46c2-ab0a-e6dd54e47b27,fraud_detection,lightgbm,lightgbm,09b6adf,experiment/hyperparam,fraud_v3,1337,2024-05-07T23:59:55.152046,2024-05-08T00:36:38.420492,success,,0.8617911326959289,0.8595168201834913,0.8652041169643832,roc_auc,0.1628,17,0.0868,512,1.763,single_gpu,V100,1.239,0.648,aws,user,fraud_detection_model,6
f1061cb2-a3c3-4855-9c22-397155595caf,fraud_detection,lightgbm,tensorflow,9fcc351,develop,fraud_v3,2024,2024-08-22T10:42:01.258495,2024-08-22T11:05:10.009397,success,,0.8136671680054156,0.7982908689759168,0.8047136626930754,roc_auc,0.1807,51,0.04329,512,1.086,single_gpu,A100,1.392,0.322,gcp,ci_pipeline,fraud_detection_model,10
5d5ca814-d69b-4a7c-aa31-89fd4a2b7209,recsys_clickthrough,cnn,pytorch,96d43f4,experiment/new_arch,recsys_v3,42,2024-06-27T19:23:54.194947,2024-06-27T19:39:16.546201,failed,infra_error,,,,roc_auc,,77,0.00021,64,14.425,single_gpu,V100,0.668,0.27,on_prem,user,recsys_clickthrough_model,18
ad6bcc41-a04f-4b56-a650-f2b1b55b0303,recsys_clickthrough,transformer,tensorflow,aa45f8b,experiment/hyperparam,recsys_v1,1337,2024-10-09T07:03:46.086775,2024-10-09T07:27:08.508158,success,,0.7982282727153694,0.7955445901044548,0.8333534038075704,roc_auc,0.2028,17,1.2e-05,16,110.179,single_gpu,T4,1.044,0.445,on_prem,ci_pipeline,recsys_clickthrough_model,6
84d84e33-cfae-4783-b46e-ae860dcfa189,rag_qa_service,lightgbm,lightgbm,95690ba,main,rag_corpus_2,789,2024-06-22T13:20:39.398684,2024-06-22T14:13:10.944567,failed,nan_loss,,,,f1,,42,0.0014,1024,0.253,single_gpu,A100,2.782,0.743,aws,scheduled_job,rag_qa_service_model,18
f851ad09-4cb6-4470-9b7b-9521c3e495f2,recsys_clickthrough,xgboost,lightgbm,c7966d4,experiment/hyperparam,recsys_v5,456,2024-06-25T03:12:16.233334,2024-06-25T03:52:10.926906,success,,0.7578896444541893,0.7444140283161538,0.7461479823044417,roc_auc,0.2492,16,0.00815,2048,1.842,multi_gpu,V100,1.994,2.846,aws,scheduled_job,recsys_clickthrough_model,14
55638c79-5845-46d1-bd1e-1193794ca7c2,energy_forecasting,tabnet,lightgbm,92249b8,bugfix/data_issue,energy_2,123,2024-08-30T03:26:24.837655,2024-08-30T04:03:33.799019,success,,0.32076124401648043,0.28581231952590624,0.24107055996480134,rmse,0.1064,47,0.00335,256,6.121,cpu,,1.451,0.0,aws,scheduled_job,energy_forecasting_model,13
5d3eb0e1-fc99-4ac9-b1e6-677f6f51eac1,recsys_clickthrough,transformer,sklearn,a3242d6,develop,recsys_v2,2024,2024-07-21T16:51:01.820342,2024-07-21T17:05:13.293495,failed,infra_error,,,,roc_auc,,15,0.000408,32,72.018,single_gpu,T4,0.297,0.23,on_prem,ci_pipeline,recsys_clickthrough_model,13
5bed9bdb-6825-4a86-b140-e4f0b6209113,recsys_clickthrough,transformer,lightgbm,dbc12c2,experiment/hyperparam,recsys_v3,2024,2024-09-23T14:03:34.784343,2024-09-23T14:38:32.185147,failed,early_stopped,,,,roc_auc,,65,0.000207,32,142.561,multi_gpu,A100,2.133,3.116,on_prem,user,recsys_clickthrough_model,8
259e6a36-968d-4ec4-b61f-9f0b4808c7e2,recsys_clickthrough,lightgbm,tensorflow,5809613,experiment/new_arch,recsys_v2,42,2024-03-18T02:23:43.202767,2024-03-18T03:09:48.261633,success,,0.8219155169641262,0.81221293350568,0.8012907134509086,roc_auc,0.19,26,0.06406,2048,1.557,multi_gpu,T4,3.047,4.933,azure,scheduled_job,recsys_clickthrough_model,5
21b4b5bc-3600-497d-92fe-ffec094104a6,energy_forecasting,cnn,lightgbm,a74f268,main,energy_4,42,2024-05-06T09:28:22.675561,2024-05-06T09:57:11.093643,success,,0.1946147620738305,0.18682531975175332,0.15782921435363248,rmse,0.0438,43,0.00011,64,11.503,cpu,,2.969,0.0,on_prem,user,energy_forecasting_model,19
af77b69e-3075-4679-bd20-2ac64b228262,rag_qa_service,transformer,sklearn,7f6c44a,bugfix/data_issue,rag_corpus_4,1337,2024-05-16T01:56:59.148130,2024-05-16T02:03:31.323685,success,,0.7587320809085781,0.7485057723818095,0.7133666960354024,f1,0.2216,25,1.4e-05,16,49.725,multi_gpu,A100,0.765,0.375,azure,scheduled_job,rag_qa_service_model,18
4d3bb1d4-884b-4c02-af2e-db24b846bcef,rag_qa_service,xgboost,pytorch,0fb489d,experiment/new_arch,rag_corpus_1,789,2024-04-12T19:48:51.297533,2024-04-12T20:26:09.778036,success,,0.8467514499585936,0.8388772362384793,0.825855644609708,f1,0.1216,9,0.00039,1024,0.253,cpu,,4.253,0.0,on_prem,ci_pipeline,rag_qa_service_model,12
fe773641-2e6a-4479-96fe-5b8dc3bea3a2,energy_forecasting,transformer,tensorflow,ac04467,experiment/hyperparam,energy_1,1337,2024-02-10T18:20:43.979183,2024-02-10T18:52:39.382357,success,,0.18482884914564873,0.20239709991112992,0.17489691239619254,rmse,0.0501,13,0.000143,16,179.854,cpu,,1.77,0.0,on_prem,ci_pipeline,energy_forecasting_model,4
46183227-b9ef-4df6-bd42-2525e66cfb0e,recsys_clickthrough,lightgbm,lightgbm,64fb3dd,bugfix/data_issue,recsys_v5,789,2024-01-15T20:00:53.963429,2024-01-15T20:54:29.088819,failed,infra_error,,,,roc_auc,,15,0.00163,2048,1.929,single_gpu,V100,2.114,0.887,aws,ci_pipeline,recsys_clickthrough_model,3
80391acc-e303-4d46-a778-f330f3e44241,energy_forecasting,cnn,lightgbm,62bbb1e,main,energy_2,1337,2024-04-05T06:08:51.197212,2024-04-05T06:29:13.774046,success,,0.31126453890236666,0.27783515931928293,0.32945728265949753,rmse,0.1062,76,0.00043,128,18.568,single_gpu,A100,0.397,0.338,gcp,scheduled_job,energy_forecasting_model,7
4b3e61ef-479b-42c1-ae51-2b3b60c58787,rag_qa_service,cnn,pytorch,4a9ea46,main,rag_corpus_4,2024,2024-02-17T08:45:30.318161,2024-02-17T09:11:19.193547,failed,oom,,,,f1,,31,0.00131,64,10.78,single_gpu,V100,0.559,0.347,azure,ci_pipeline,rag_qa_service_model,11
f77a8619-8077-47a6-bfb8-3bea6ac168e8,recsys_clickthrough,xgboost,xgboost,4bd9a56,bugfix/data_issue,recsys_v1,456,2024-05-04T07:37:14.759047,2024-05-04T08:08:21.107098,success,,0.8355353288031243,0.8357322820002129,0.8398595174267219,roc_auc,0.1937,66,0.01019,2048,0.331,single_gpu,V100,1.581,0.608,gcp,user,recsys_clickthrough_model,18
190209e3-5e9c-4ae7-b64c-a1fc45278652,recsys_clickthrough,transformer,tensorflow,6a917f1,bugfix/data_issue,recsys_v3,456,2024-04-16T12:22:11.470268,2024-04-16T13:05:32.144527,success,,0.7951487808604994,0.7819635708125107,0.7621296375437044,roc_auc,0.1922,77,6.5e-05,16,266.355,single_gpu,V100,2.128,0.838,on_prem,user,recsys_clickthrough_model,20
5c2299e2-f648-4470-b808-cca344301b41,energy_forecasting,tabnet,lightgbm,6cc4bf6,bugfix/data_issue,energy_2,789,2024-08-09T14:23:11.283479,2024-08-09T15:00:17.238992,success,,0.2097203155814702,0.2448622136690062,0.25164460189409676,rmse,0.0431,30,0.00225,256,3.359,cpu,,1.415,0.0,aws,user,energy_forecasting_model,19
3bbb8878-f8e1-45c2-a37e-0ff56ccf6fac,energy_forecasting,lightgbm,pytorch,cff853e,experiment/hyperparam,energy_3,456,2024-08-18T01:12:53.215343,2024-08-18T01:41:27.613396,success,,0.20976718730657656,0.21549812801968138,0.20938499467141383,rmse,0.0445,66,0.00469,1024,0.529,single_gpu,A100,1.883,0.421,on_prem,scheduled_job,energy_forecasting_model,10
54483c5a-f2a6-4925-840d-261a51af78da,rag_qa_service,lightgbm,pytorch,60dcaa1,bugfix/data_issue,rag_corpus_4,789,2024-05-29T18:10:25.403771,2024-05-29T18:42:23.494839,failed,oom,,,,f1,,67,0.0348,2048,2.667,cpu,,0.856,0.0,gcp,ci_pipeline,rag_qa_service_model,19
afec0d52-10ac-4a03-9d0d-aa4e8b26b4e4,rag_qa_service,xgboost,tensorflow,92aaf09,experiment/new_arch,rag_corpus_5,1337,2024-11-11T03:43:09.359172,2024-11-11T04:07:36.886908,success,,0.7492740216138201,0.7250689787411094,0.7222319625940559,f1,0.2552,63,0.00701,512,2.748,single_gpu,V100,0.882,0.461,azure,ci_pipeline,rag_qa_service_model,7
5b90d0d8-536e-490f-a572-0d46de9b9e0c,energy_forecasting,lightgbm,tensorflow,1097a73,develop,energy_4,1337,2024-08-22T02:28:56.354553,2024-08-22T03:38:24.371755,success,,0.17628685482231482,0.17840223789527826,0.16142711410722602,rmse,0.0446,11,0.0259,2048,2.795,single_gpu,T4,1.869,1.296,gcp,user,energy_forecasting_model,2
b28d9bb5-2cf1-41a5-afdf-d9f317c53743,rag_qa_service,tabnet,lightgbm,d164b1c,bugfix/data_issue,rag_corpus_1,789,2024-06-24T11:52:27.334183,2024-06-24T12:48:48.782103,success,,0.8408740951567378,0.8327429534605444,0.8158369232544838,f1,0.1372,49,0.00898,256,4.083,cpu,,6.211,0.0,azure,scheduled_job,rag_qa_service_model,17
b99ce1e8-1c29-47d9-b031-88822716f25e,rag_qa_service,transformer,sklearn,1dc9cb5,experiment/hyperparam,rag_corpus_2,123,2024-10-17T09:02:42.537454,2024-10-17T09:25:58.657047,success,,0.8594594262027646,0.8509119391453145,0.8428979495821598,f1,0.1151,12,0.000165,64,144.481,single_gpu,V100,1.252,0.346,aws,scheduled_job,rag_qa_service_model,16
0746b95b-fd1d-4357-a6c1-6d1ed47daf8c,recsys_clickthrough,cnn,tensorflow,47cb99c,develop,recsys_v5,456,2024-01-10T11:14:19.196309,2024-01-10T11:45:32.218916,success,,0.9073741577959274,0.8873739406449992,0.9213225842717346,roc_auc,0.079,23,0.00051,128,8.6,single_gpu,A100,0.61,0.538,azure,ci_pipeline,recsys_clickthrough_model,10
5ccb89b5-a1a0-4f07-b45e-e81537ce6359,rag_qa_service,transformer,tensorflow,2c29d43,develop,rag_corpus_5,456,2024-02-24T03:39:47.035290,2024-02-24T04:15:43.072534,success,,0.6578583264131566,0.6489664520159474,0.6392603756779089,f1,0.341,68,1e-05,64,213.682,cpu,,3.371,0.0,azure,ci_pipeline,rag_qa_service_model,17
9756b63c-7eea-48b0-b919-8253c9074b59,rag_qa_service,transformer,xgboost,efa9886,experiment/new_arch,rag_corpus_2,1337,2024-06-24T22:46:47.134520,2024-06-24T23:27:20.715435,failed,data_error,,,,f1,,31,0.000101,32,274.78,multi_gpu,V100,4.261,3.713,aws,user,rag_qa_service_model,8
6382f109-e9ee-45da-879c-a028509b2318,recsys_clickthrough,cnn,xgboost,cca57ee,bugfix/data_issue,recsys_v2,2024,2024-03-14T22:09:45.589335,2024-03-14T22:51:23.301180,failed,oom,,,,roc_auc,,67,0.00082,128,10.027,cpu,,2.569,0.0,on_prem,scheduled_job,recsys_clickthrough_model,18
0e062e79-42cf-4f8c-8415-aa8dddf56f99,fraud_detection,xgboost,lightgbm,934bba3,experiment/new_arch,fraud_v2,42,2024-12-23T11:20:48.535682,2024-12-23T12:00:44.009378,failed,oom,,,,roc_auc,,27,0.08256,2048,2.122,single_gpu,A100,0.832,0.762,azure,user,fraud_detection_model,17
61588331-5da0-430e-a108-dc1440985820,energy_forecasting,xgboost,pytorch,39978c5,main,energy_2,789,2024-02-12T11:43:11.974113,2024-02-12T12:04:06.933606,success,,0.2180087965020687,0.22827391000843444,0.2502923779961292,rmse,0.0477,72,0.00749,512,1.31,cpu,,2.49,0.0,on_prem,ci_pipeline,energy_forecasting_model,7
1ec2a214-b5c3-41b4-b4fd-622e8ea4ec27,rag_qa_service,cnn,xgboost,06eb7a9,bugfix/data_issue,rag_corpus_4,42,2024-04-01T21:18:37.918162,2024-04-01T22:02:47.721710,success,,0.7726673620126993,0.7651311960378447,0.7897906086854931,f1,0.2131,25,0.00038,256,9.919,multi_gpu,A100,5.261,2.819,azure,scheduled_job,rag_qa_service_model,17
aa42e390-722a-4a29-9c36-6d81965d06d6,rag_qa_service,tabnet,tensorflow,f4d3484,experiment/new_arch,rag_corpus_1,123,2024-06-26T23:12:16.786967,2024-06-26T23:25:24.128901,success,,0.7818755584080471,0.7719684440237253,0.7796429708408813,f1,0.2544,25,0.00021,256,3.661,single_gpu,A100,0.835,0.205,on_prem,user,rag_qa_service_model,14
6f11471b-4382-4e30-9d63-d7bba3d862cd,energy_forecasting,xgboost,lightgbm,5ad3134,experiment/hyperparam,energy_3,1337,2024-06-21T05:37:50.136887,2024-06-21T06:04:47.604891,failed,nan_loss,,,,rmse,,23,0.09105,1024,0.246,single_gpu,A100,0.58,0.489,gcp,scheduled_job,energy_forecasting_model,6
2c24c16d-15b0-4b93-bd0d-a0deb6641ffd,recsys_clickthrough,tabnet,pytorch,58796b3,experiment/hyperparam,recsys_v4,456,2024-05-15T08:07:49.102427,2024-05-15T08:27:44.852245,success,,0.8300944517302967,0.7966036938632891,0.7822828251377723,roc_auc,0.1616,42,0.00012,512,0.708,single_gpu,V100,1.104,0.284,azure,scheduled_job,recsys_clickthrough_model,19
5137f27c-f9b7-41c5-88ff-0d35409eef6e,rag_qa_service,transformer,sklearn,c6f5cfc,main,rag_corpus_2,123,2024-08-29T15:35:54.686256,2024-08-29T16:07:47.768105,success,,0.8299408689920538,0.8442047896974059,0.784531542942514,f1,0.1601,57,0.000369,32,22.944,single_gpu,V100,1.746,0.615,azure,scheduled_job,rag_qa_service_model,11
fe7ad665-ee87-458e-9516-580366a9926a,recsys_clickthrough,lightgbm,xgboost,8d1357b,experiment/new_arch,recsys_v1,2024,2024-05-22T08:57:07.249891,2024-05-22T10:01:05.318969,success,,0.7698106509728032,0.7573740787357761,0.7355699105997875,roc_auc,0.2105,15,0.06566,512,2.89,multi_gpu,T4,5.388,5.029,azure,user,recsys_clickthrough_model,11
44f36974-b538-41ba-b6d3-8d7ce2f9e9b5,energy_forecasting,tabnet,tensorflow,747e1fb,develop,energy_2,1337,2024-04-19T01:58:31.127821,2024-04-19T02:17:01.553073,success,,0.16775449780594737,0.254703195948776,0.247649915584199,rmse,0.0228,44,0.00065,256,9.989,single_gpu,A100,0.359,0.318,aws,ci_pipeline,energy_forecasting_model,18
1aec06ab-ae57-4fea-a334-8587e6dd0f9b,energy_forecasting,tabnet,xgboost,db2cdbb,experiment/hyperparam,energy_4,2024,2024-11-18T20:57:59.442477,2024-11-18T21:51:26.313015,success,,0.11719547964547472,0.13703316141699712,0.13609621088945426,rmse,0.0323,49,0.00659,512,0.559,single_gpu,V100,3.057,1.051,on_prem,scheduled_job,energy_forecasting_model,7
f9893b06-13e9-4d18-bb39-0788acb16f26,energy_forecasting,cnn,xgboost,b016670,bugfix/data_issue,energy_1,1337,2024-05-16T07:38:07.405387,2024-05-16T08:02:55.549379,success,,0.12328270672669704,0.11040218978434882,0.1209300747031166,rmse,0.027,76,0.00293,128,19.913,multi_gpu,T4,1.54,2.162,azure,scheduled_job,energy_forecasting_model,3
eb181d31-24da-40b9-b523-25590efa9d9d,fraud_detection,tabnet,sklearn,fc8cd1e,bugfix/data_issue,fraud_v2,42,2024-10-06T23:55:47.631797,2024-10-07T00:10:19.207589,success,,0.8798882496146034,0.8855970641858626,0.9059306582215179,roc_auc,0.1079,45,0.00122,256,7.102,multi_gpu,V100,1.233,1.923,on_prem,user,fraud_detection_model,6
fbf2ef75-02c3-4bf3-b800-1876fa3f2057,energy_forecasting,transformer,xgboost,cbfe649,experiment/new_arch,energy_1,42,2024-03-23T05:00:51.269891,2024-03-23T05:45:40.565320,success,,0.29661397599235567,0.3026637738021272,0.2883130810675031,rmse,0.095,44,5.9e-05,64,117.149,multi_gpu,T4,3.429,4.998,azure,ci_pipeline,energy_forecasting_model,15
9b07f77d-b3a1-48c2-976e-d1ded2df7046,recsys_clickthrough,tabnet,tensorflow,eb93241,bugfix/data_issue,recsys_v5,42,2024-10-11T12:05:52.030582,2024-10-11T12:39:29.241460,success,,0.7732051354674296,0.7582752708822851,0.7571249158221758,roc_auc,0.2483,29,0.00033,256,0.586,single_gpu,T4,1.65,0.563,azure,user,recsys_clickthrough_model,10
10169abf-1762-47a7-ae80-aa4b68043c34,recsys_clickthrough,transformer,tensorflow,3ec0ef1,experiment/new_arch,recsys_v1,789,2024-11-12T15:35:13.996042,2024-11-12T16:12:48.636149,success,,0.8108024721284685,0.7865575139159989,0.7847233934330964,roc_auc,0.1714,54,1.9e-05,32,179.378,single_gpu,V100,2.257,0.647,aws,user,recsys_clickthrough_model,7
d4ee704f-d726-48d9-8408-fe80bdcacabb,rag_qa_service,tabnet,sklearn,12eb1c1,experiment/new_arch,rag_corpus_5,456,2024-09-30T15:13:10.168673,2024-09-30T16:13:25.445859,success,,0.7832554370879476,0.7656602882130865,0.758366322406623,f1,0.2155,67,0.00031,256,9.684,single_gpu,V100,3.891,0.903,gcp,scheduled_job,rag_qa_service_model,16
efd3ad49-d94a-40af-9273-5a4ddc62540c,energy_forecasting,tabnet,sklearn,f066f15,experiment/hyperparam,energy_1,789,2024-12-11T06:26:22.689432,2024-12-11T07:10:54.417303,success,,0.19980509549223685,0.22339317055492264,0.17225509173512477,rmse,0.0389,5,0.00044,512,5.498,single_gpu,T4,2.273,0.675,aws,scheduled_job,energy_forecasting_model,11
461cac56-d0ba-421f-865d-cb32acc257dc,fraud_detection,lightgbm,pytorch,2082709,develop,fraud_v3,456,2024-08-13T09:46:55.513792,2024-08-13T10:10:03.045938,failed,nan_loss,,,,roc_auc,,22,0.08655,2048,1.292,single_gpu,V100,0.9,0.397,gcp,scheduled_job,fraud_detection_model,4
8959754c-04e0-4b1c-98e8-c7b2f0d89a90,recsys_clickthrough,xgboost,lightgbm,365d900,main,recsys_v4,42,2024-09-25T06:10:09.675094,2024-09-25T06:28:42.204925,success,,0.8008686499707923,0.788836290424932,0.7796836254381797,roc_auc,0.2028,70,0.09086,2048,0.801,single_gpu,V100,0.941,0.336,aws,user,recsys_clickthrough_model,6
4b86e6e4-8b80-42c9-97e9-276b649be53a,fraud_detection,xgboost,tensorflow,e1f17fd,bugfix/data_issue,fraud_v4,123,2024-11-08T18:34:52.636853,2024-11-08T19:56:46.536693,success,,0.8967776837810674,0.8881681869789394,0.9062446217806899,roc_auc,0.0944,35,0.00107,1024,2.541,cpu,,1.655,0.0,azure,user,fraud_detection_model,11
e4d90fcd-688e-4e9a-9e5c-6d6d9718a0de,energy_forecasting,tabnet,sklearn,7bd332f,develop,energy_1,2024,2024-02-04T14:21:11.895019,2024-02-04T14:48:11.017841,success,,0.3033940664555983,0.27072124493082955,0.2503174236589471,rmse,0.0853,35,0.00807,256,1.19,multi_gpu,V100,1.437,1.838,aws,user,energy_forecasting_model,10
6c1488b7-bf93-41e1-addb-79db652ac4ea,energy_forecasting,transformer,xgboost,89ec26a,bugfix/data_issue,energy_1,2024,2024-11-26T16:41:14.229401,2024-11-26T18:10:20.822184,success,,0.18670942258262727,0.19407597401200544,0.20465172407437654,rmse,0.0235,4,2.7e-05,16,122.67,multi_gpu,A100,6.454,11.672,aws,user,energy_forecasting_model,2
34b86960-5c8e-4f77-9658-5cc6e8502289,recsys_clickthrough,lightgbm,lightgbm,5975ad9,experiment/new_arch,recsys_v2,789,2024-08-14T18:41:52.911366,2024-08-14T19:01:15.781875,success,,0.8753328719052399,0.875785015528447,0.8678571051249179,roc_auc,0.1213,26,0.00582,1024,2.355,multi_gpu,T4,2.31,2.283,azure,scheduled_job,recsys_clickthrough_model,11
9e9fc7c2-0b5b-4d4b-b6d2-a8d045470319,rag_qa_service,tabnet,lightgbm,aa5815a,bugfix/data_issue,rag_corpus_2,42,2024-03-23T21:36:55.762937,2024-03-23T21:48:43.193207,success,,0.7395359717697445,0.7341929241709328,0.6894912867949821,f1,0.2791,47,0.00244,256,7.779,multi_gpu,T4,0.752,1.35,aws,scheduled_job,rag_qa_service_model,15
0eaa3f1e-d715-4df4-bc9f-4fb2647cba73,rag_qa_service,tabnet,sklearn,ff2de82,develop,rag_corpus_1,123,2024-09-24T16:41:31.033244,2024-09-24T17:45:27.610557,success,,0.8266742480399621,0.8011054296744953,0.7960935644455484,f1,0.138,72,0.00943,512,2.639,single_gpu,A100,3.183,1.112,gcp,user,rag_qa_service_model,17
d7b19c33-93a2-4ca7-8801-fbe76d6282d4,recsys_clickthrough,cnn,pytorch,12a9dc2,bugfix/data_issue,recsys_v4,123,2024-04-11T14:58:16.639372,2024-04-11T15:53:46.811822,success,,0.7381851450181823,0.7478444349596521,0.7461872215089338,roc_auc,0.2622,62,0.006,128,11.817,multi_gpu,V100,5.356,4.729,on_prem,scheduled_job,recsys_clickthrough_model,5
69db7a14-ceb9-4867-b113-1dd37247ade2,energy_forecasting,xgboost,sklearn,484e9f0,experiment/new_arch,energy_2,123,2024-06-24T12:57:55.419454,2024-06-24T13:12:42.453063,failed,infra_error,,,,rmse,,56,0.00203,2048,0.849,single_gpu,T4,0.589,0.21,on_prem,ci_pipeline,energy_forecasting_model,7
b22995f2-3443-49c9-bcf6-96e18bd42df7,recsys_clickthrough,cnn,sklearn,3f26b9a,develop,recsys_v4,123,2024-09-02T08:48:19.739093,2024-09-02T09:11:23.507273,success,,0.8530676245255943,0.8327163353638269,0.8416276269893768,roc_auc,0.1841,16,0.00356,256,16.351,single_gpu,T4,1.27,0.325,aws,ci_pipeline,recsys_clickthrough_model,20
08a01be9-efd7-430d-8dad-5d9a4398dd33,rag_qa_service,lightgbm,lightgbm,41b71fe,experiment/hyperparam,rag_corpus_3,42,2024-05-19T05:57:17.948567,2024-05-19T06:56:59.860349,success,,0.7757014192832479,0.7737510134842893,0.7836559984938938,f1,0.1881,24,0.00442,2048,1.633,single_gpu,T4,1.098,1.05,on_prem,ci_pipeline,rag_qa_service_model,16
58074b00-a9bd-41d7-8ab4-f33f728e74b0,energy_forecasting,lightgbm,xgboost,1f995da,experiment/new_arch,energy_4,42,2024-08-20T21:24:17.241193,2024-08-20T22:06:28.334638,success,,0.13816574309805163,0.191414438990973,0.23595938581269885,rmse,0.028,68,0.03073,2048,0.574,single_gpu,A100,0.923,0.603,azure,scheduled_job,energy_forecasting_model,14
d4b1f4e5-240d-4188-af12-f055993f0ff7,energy_forecasting,cnn,sklearn,0b79364,experiment/new_arch,energy_5,1337,2024-11-01T15:43:45.660400,2024-11-01T16:24:53.416138,success,,0.18540961883877707,0.2096878775565236,0.2569183816557731,rmse,0.0381,16,0.00453,256,12.895,multi_gpu,A100,1.681,1.833,on_prem,ci_pipeline,energy_forecasting_model,4
4d307544-36d8-4fcd-8256-c1762a134a55,fraud_detection,xgboost,pytorch,5ae66b5,experiment/new_arch,fraud_v4,1337,2024-11-11T03:28:57.701174,2024-11-11T03:51:44.646929,success,,0.8811448069792094,0.8801515208043342,0.8656885197329856,roc_auc,0.1405,6,0.02187,2048,0.898,cpu,,2.078,0.0,on_prem,user,fraud_detection_model,19
e2039276-c6d7-47e4-919e-e75eaf5eb2cc,recsys_clickthrough,xgboost,tensorflow,1ecbd4d,experiment/hyperparam,recsys_v3,123,2024-04-10T23:18:01.769309,2024-04-11T00:16:20.017729,success,,0.8964258848098571,0.8732152674263224,0.8802610763096481,roc_auc,0.0861,36,0.03899,2048,2.926,cpu,,7.608,0.0,azure,user,recsys_clickthrough_model,7
054d2e31-5fe1-49a5-a7c5-9f15634fb555,energy_forecasting,transformer,tensorflow,c27158c,develop,energy_3,456,2024-02-06T23:22:19.015392,2024-02-06T23:46:14.760399,success,,0.21676895440371935,0.2264176557094176,0.21515780476530771,rmse,0.049,66,5.3e-05,64,251.389,cpu,,2.357,0.0,on_prem,ci_pipeline,energy_forecasting_model,6
860a3786-0031-49da-89e7-a6cfe71118b5,rag_qa_service,lightgbm,tensorflow,d757522,main,rag_corpus_1,123,2024-07-31T08:58:41.805674,2024-07-31T09:46:24.984534,success,,0.7502740508956655,0.7624575284961763,0.7967000561875309,f1,0.228,12,0.0019,2048,1.623,single_gpu,A100,0.953,0.946,gcp,user,rag_qa_service_model,3
e5a64e9b-20dd-4a7f-9d7d-ab78b0790337,fraud_detection,tabnet,lightgbm,d25526d,experiment/hyperparam,fraud_v5,1337,2024-12-20T07:43:42.946577,2024-12-20T08:54:02.931051,success,,0.9094009357321065,0.8983760893105244,0.8911336754484206,roc_auc,0.055,73,0.00034,256,3.499,single_gpu,T4,1.613,1.245,on_prem,user,fraud_detection_model,9
48cb263d-147f-4690-815a-d77f73037732,fraud_detection,transformer,pytorch,df33a30,develop,fraud_v1,1337,2024-06-25T09:28:26.438441,2024-06-25T09:37:07.601909,success,,0.9124778210853552,0.9052032682989734,0.9000942876953254,roc_auc,0.0975,69,1.4e-05,16,207.814,multi_gpu,V100,1.003,0.502,gcp,ci_pipeline,fraud_detection_model,13
1efe382b-8ee2-4829-b088-9f42c2687276,rag_qa_service,cnn,tensorflow,c45ee55,develop,rag_corpus_3,2024,2024-03-31T02:48:11.960793,2024-03-31T03:02:52.190778,success,,0.7817901257123603,0.7911576527373849,0.7721237709921615,f1,0.2006,80,0.00016,64,18.311,single_gpu,T4,0.846,0.27,on_prem,user,rag_qa_service_model,12
08253259-8856-462c-b799-45c13e7fa160,recsys_clickthrough,transformer,tensorflow,90976f2,bugfix/data_issue,recsys_v4,1337,2024-08-25T08:25:53.457573,2024-08-25T09:01:03.106305,failed,oom,,,,roc_auc,,48,0.000326,64,183.082,single_gpu,V100,0.914,0.513,gcp,ci_pipeline,recsys_clickthrough_model,9
990ee3bd-8d28-409e-9a22-582536e763cf,energy_forecasting,xgboost,xgboost,7bff378,experiment/hyperparam,energy_3,123,2024-07-26T23:57:01.858892,2024-07-27T01:03:02.446874,success,,0.2597120190169658,0.24482884692651527,0.1999413322201219,rmse,0.0793,9,0.00035,2048,0.242,multi_gpu,T4,5.981,7.61,azure,ci_pipeline,energy_forecasting_model,12
d01ab008-e664-4a56-a92a-228a9e7228e3,fraud_detection,xgboost,xgboost,1623fcf,develop,fraud_v1,2024,2024-12-05T00:31:02.390971,2024-12-05T02:11:29.132982,failed,early_stopped,,,,roc_auc,,54,0.02261,512,2.058,cpu,,4.087,0.0,azure,ci_pipeline,fraud_detection_model,13
d7701b24-5e89-422c-8a6d-2ccf60d7d8f5,rag_qa_service,transformer,lightgbm,2515be7,develop,rag_corpus_3,789,2024-03-14T05:19:11.624931,2024-03-14T05:38:51.062714,success,,0.7613877386249894,0.7628517416921673,0.7744960746544379,f1,0.276,15,1.8e-05,32,209.335,single_gpu,A100,1.172,0.388,aws,ci_pipeline,rag_qa_service_model,9
c3482df0-06df-4df2-b915-55c3ef407060,fraud_detection,tabnet,sklearn,f052f80,experiment/new_arch,fraud_v3,42,2024-10-19T00:20:03.826504,2024-10-19T01:29:53.110694,success,,0.9036305872095515,0.8891315849154575,0.9026108525094372,roc_auc,0.069,26,0.00366,512,7.181,single_gpu,T4,4.077,0.957,gcp,ci_pipeline,fraud_detection_model,7
b6fead0a-cb52-4a6b-a7d8-00d7e9abd0a2,energy_forecasting,xgboost,pytorch,99ebe22,experiment/new_arch,energy_1,1337,2024-01-15T03:39:45.733755,2024-01-15T04:17:05.296095,success,,0.21415015745239033,0.22595258968780785,0.2150636171153926,rmse,0.0501,47,0.00038,512,1.781,cpu,,1.347,0.0,azure,ci_pipeline,energy_forecasting_model,6
49244e08-6314-4aa1-bc1d-979a291475d0,recsys_clickthrough,xgboost,lightgbm,32957ad,experiment/new_arch,recsys_v1,2024,2024-07-21T09:05:08.736137,2024-07-21T09:28:33.454483,failed,nan_loss,,,,roc_auc,,65,0.00564,512,2.744,single_gpu,T4,0.562,0.413,azure,scheduled_job,recsys_clickthrough_model,2
6950bb31-d9d1-4b80-9c98-0fd29e7938fd,energy_forecasting,xgboost,lightgbm,cebd18a,experiment/hyperparam,energy_5,1337,2024-07-28T21:45:37.090641,2024-07-28T22:08:52.223910,success,,0.20600402606190155,0.20706806819494578,0.2046733392019009,rmse,0.0328,20,0.01616,1024,1.822,multi_gpu,A100,2.53,1.495,gcp,scheduled_job,energy_forecasting_model,7
fee755ca-eb22-4e28-8ede-2f9df942bdf6,energy_forecasting,transformer,lightgbm,6101894,experiment/hyperparam,energy_1,1337,2024-10-30T09:48:47.123577,2024-10-30T10:03:29.694674,failed,oom,,,,rmse,,43,0.000135,64,90.65,single_gpu,T4,0.918,0.222,azure,ci_pipeline,energy_forecasting_model,1
1e66518b-9a40-4cf9-8492-2fb94aba9969,fraud_detection,cnn,lightgbm,3f0ddb8,develop,fraud_v5,456,2024-09-05T14:43:42.499739,2024-09-05T15:33:49.289229,failed,nan_loss,,,,roc_auc,,26,0.00022,128,19.398,cpu,,3.483,0.0,gcp,ci_pipeline,fraud_detection_model,11
07540bef-c89f-485c-a954-351fa69fc0c0,fraud_detection,lightgbm,lightgbm,3a0e3be,main,fraud_v2,2024,2024-10-23T23:28:00.012387,2024-10-24T00:06:50.224920,success,,0.8600349072676542,0.8527998048235217,0.8731785478677891,roc_auc,0.1329,54,0.07316,1024,2.063,single_gpu,T4,1.233,0.567,on_prem,user,fraud_detection_model,5
805f2e90-60b1-4e91-acd5-09969c568d3c,recsys_clickthrough,tabnet,pytorch,94eabe4,experiment/hyperparam,recsys_v4,2024,2024-01-04T17:35:31.292166,2024-01-04T17:52:11.745876,success,,0.8651322618283684,0.8416658275140236,0.8164415904769774,roc_auc,0.1743,35,0.00016,512,2.085,multi_gpu,V100,2.096,1.926,azure,ci_pipeline,recsys_clickthrough_model,1
5bea58e9-5e33-4abc-9ef2-52e1fb0e14c4,rag_qa_service,xgboost,lightgbm,2b112c1,bugfix/data_issue,rag_corpus_3,123,2024-12-10T09:05:14.536300,2024-12-10T09:47:43.521310,success,,0.8375255261653103,0.8286308821353872,0.8590733357401725,f1,0.1676,39,0.01609,2048,1.923,single_gpu,A100,1.273,0.577,on_prem,scheduled_job,rag_qa_service_model,19
b2ea0b55-d6d6-44c8-b444-d2f58442c1b9,energy_forecasting,xgboost,sklearn,6e31d38,main,energy_4,789,2024-02-09T21:51:09.061873,2024-02-09T22:54:51.468068,failed,nan_loss,,,,rmse,,11,0.0891,512,2.958,single_gpu,T4,3.249,0.953,on_prem,scheduled_job,energy_forecasting_model,20
d8243a49-6643-4746-b58f-caa1dc6846df,energy_forecasting,transformer,pytorch,7ca8fcb,main,energy_5,42,2024-12-12T05:38:35.807079,2024-12-12T06:46:37.511182,success,,0.2611523726869522,0.30617626561145195,0.33770104939199574,rmse,0.0605,28,0.000395,32,49.968,single_gpu,V100,3.789,1.32,gcp,ci_pipeline,energy_forecasting_model,2
9d6151d8-b2d0-43aa-ab6b-d724e603385e,rag_qa_service,transformer,pytorch,f83a5b0,experiment/new_arch,rag_corpus_1,123,2024-08-07T14:32:31.475237,2024-08-07T15:08:22.407083,failed,oom,,,,f1,,43,0.000298,64,90.794,single_gpu,A100,0.718,0.542,gcp,user,rag_qa_service_model,3
eed28602-699f-4709-9475-de7dd460c8d8,rag_qa_service,tabnet,xgboost,0bb50ea,main,rag_corpus_4,42,2024-07-24T09:21:14.800294,2024-07-24T09:52:09.567159,success,,0.8482314523010558,0.8524926759886675,0.8594501504668633,f1,0.1457,75,0.00667,256,6.515,multi_gpu,A100,3.259,1.825,aws,ci_pipeline,rag_qa_service_model,3
cd148f0f-1261-4e0f-8de2-75c8be75dee9,fraud_detection,transformer,xgboost,a497ba9,experiment/hyperparam,fraud_v4,789,2024-12-01T14:10:34.810197,2024-12-01T15:00:57.441159,success,,0.8410574142264292,0.8335002236241945,0.8400146647641249,roc_auc,0.1452,39,6.5e-05,16,186.892,single_gpu,V100,1.11,0.677,azure,ci_pipeline,fraud_detection_model,6
a56ff631-e421-4546-972b-35625def844e,rag_qa_service,cnn,pytorch,50c27b8,develop,rag_corpus_4,123,2024-11-02T15:35:08.335809,2024-11-02T15:55:06.209851,success,,0.7734722918265491,0.760276365328599,0.7476112951217037,f1,0.2095,61,0.00212,128,19.344,single_gpu,T4,1.247,0.333,on_prem,ci_pipeline,rag_qa_service_model,15
38b641f2-c8ce-452d-9c48-0878273d1c0e,rag_qa_service,transformer,lightgbm,556b333,develop,rag_corpus_5,456,2024-11-24T15:06:14.126400,2024-11-24T15:34:08.993981,success,,0.7653425283807983,0.7550617406403184,0.7576674391185286,f1,0.2109,21,0.000428,32,125.928,multi_gpu,V100,1.177,1.886,azure,scheduled_job,rag_qa_service_model,4
6a1bb93f-e155-4711-a3bf-277e7f1a5f25,rag_qa_service,cnn,xgboost,635eae6,experiment/new_arch,rag_corpus_1,2024,2024-03-16T08:31:50.686534,2024-03-16T08:59:31.895317,success,,0.8276431373635281,0.8162764186518993,0.8469748523365326,f1,0.1721,28,0.00938,256,16.596,single_gpu,V100,0.851,0.382,gcp,user,rag_qa_service_model,14
1476d125-8e25-4ee8-a6c8-807a3351cb0f,energy_forecasting,transformer,pytorch,d2e5e9b,main,energy_1,42,2024-02-01T07:10:13.843383,2024-02-01T08:46:21.360342,success,,0.20112488575280443,0.20696124931341736,0.1979460530716554,rmse,0.0404,43,0.000291,16,68.71,cpu,,5.653,0.0,aws,scheduled_job,energy_forecasting_model,7
b2a2cab2-387c-4bc7-b762-a4af7945efde,recsys_clickthrough,lightgbm,tensorflow,d5e9d7b,experiment/hyperparam,recsys_v3,42,2024-10-19T20:27:45.875444,2024-10-19T21:04:10.497450,success,,0.8307363541110598,0.8113615791859906,0.844062907076541,roc_auc,0.1955,71,0.03469,512,1.353,single_gpu,T4,2.057,0.63,gcp,ci_pipeline,recsys_clickthrough_model,14
188dcf72-c8f2-4a10-91f8-23a2e01cfaca,recsys_clickthrough,tabnet,xgboost,ab4d31f,experiment/new_arch,recsys_v1,42,2024-02-19T11:50:41.882913,2024-02-19T12:07:53.682374,success,,0.82671649244845,0.8098529568983047,0.79307510341779,roc_auc,0.1746,5,0.00015,256,0.658,multi_gpu,V100,2.075,0.98,on_prem,ci_pipeline,recsys_clickthrough_model,12
9c9ab738-be1e-41fe-944c-9a240a0b54d9,rag_qa_service,tabnet,xgboost,2eff9ef,experiment/hyperparam,rag_corpus_1,123,2024-02-19T06:06:15.078245,2024-02-19T06:16:06.416480,failed,data_error,,,,f1,,28,0.00021,256,9.618,single_gpu,A100,0.584,0.188,on_prem,scheduled_job,rag_qa_service_model,3
e3e71187-fad5-4478-b2a7-d41a02bdb935,energy_forecasting,tabnet,lightgbm,0e62d34,bugfix/data_issue,energy_1,789,2024-04-26T06:39:06.287413,2024-04-26T07:57:46.039559,success,,0.19191448064337668,0.20438128796616534,0.20733969604973865,rmse,0.0323,60,0.00019,512,0.582,single_gpu,T4,1.39,1.356,gcp,scheduled_job,energy_forecasting_model,11
19cdae41-083a-4af7-a1fb-dc4ceee63f0f,fraud_detection,cnn,lightgbm,a50de09,experiment/hyperparam,fraud_v4,123,2024-11-26T03:43:30.091234,2024-11-26T05:16:47.620012,success,,0.8526546384654372,0.8499843274566748,0.8664253760688359,roc_auc,0.1559,51,0.00291,256,5.427,multi_gpu,V100,10.696,8.599,aws,scheduled_job,fraud_detection_model,12
f4fe3466-1eb9-4d6a-84a6-21c62a364fee,rag_qa_service,transformer,tensorflow,2543417,main,rag_corpus_3,1337,2024-11-22T23:22:32.503319,2024-11-22T23:35:38.837724,failed,nan_loss,,,,f1,,12,0.000542,16,207.395,cpu,,0.904,0.0,gcp,scheduled_job,rag_qa_service_model,3
3a86c412-2a3d-4e9f-a466-534e07f6d785,recsys_clickthrough,tabnet,pytorch,cd00cd9,develop,recsys_v5,2024,2024-12-18T11:02:39.788874,2024-12-18T11:26:37.433754,failed,nan_loss,,,,roc_auc,,10,0.00095,256,2.44,multi_gpu,A100,2.301,1.658,azure,user,recsys_clickthrough_model,3
e601ba16-0324-4ae9-98f6-9a9f76da696a,recsys_clickthrough,xgboost,sklearn,0c30158,experiment/new_arch,recsys_v2,2024,2024-12-26T14:15:47.198157,2024-12-26T14:48:45.650939,success,,0.8546127225313627,0.8271269633907773,0.8193123251026135,roc_auc,0.1407,26,0.00518,1024,1.741,single_gpu,V100,2.061,0.616,azure,ci_pipeline,recsys_clickthrough_model,1
d78975a2-44c4-4d0d-924a-09b4dbd78178,fraud_detection,lightgbm,pytorch,4e931c3,experiment/hyperparam,fraud_v2,123,2024-05-24T01:17:29.192973,2024-05-24T03:58:43.701479,success,,0.8896768973187381,0.8810128752520158,0.9142460444950873,roc_auc,0.1215,57,0.00096,512,1.445,single_gpu,A100,4.669,3.133,on_prem,scheduled_job,fraud_detection_model,12
ecddbecf-9393-4f74-8674-5e97f4b95881,recsys_clickthrough,tabnet,sklearn,af4c115,main,recsys_v5,789,2024-01-30T04:22:34.026976,2024-01-30T04:39:56.515333,success,,0.8280680259291718,0.8249818720809541,0.8387331591208368,roc_auc,0.1655,80,0.00056,512,1.442,multi_gpu,T4,1.662,1.356,aws,ci_pipeline,recsys_clickthrough_model,3
0194d895-b898-4429-b4c5-19b8a2642c53,energy_forecasting,cnn,lightgbm,5c5478b,develop,energy_5,123,2024-01-16T14:02:50.918404,2024-01-16T14:19:22.495457,success,,0.19015582807615347,0.16825771431654546,0.13115739912090899,rmse,0.0435,54,0.00713,128,14.498,single_gpu,V100,0.622,0.277,on_prem,scheduled_job,energy_forecasting_model,15
6d76c3a2-f3e6-4371-bf1d-134ab47c9e2a,rag_qa_service,lightgbm,pytorch,b6fdc6d,develop,rag_corpus_4,456,2024-01-06T02:12:12.399412,2024-01-06T03:10:06.553567,success,,0.8148547539925287,0.8165954953086184,0.7968786970298344,f1,0.2031,5,0.01526,512,1.882,single_gpu,T4,3.549,0.802,gcp,scheduled_job,rag_qa_service_model,16
d30542bb-9cc4-44cd-bf59-bcb8e48e58ce,recsys_clickthrough,cnn,tensorflow,372dd43,bugfix/data_issue,recsys_v4,789,2024-06-07T19:32:32.437090,2024-06-07T20:37:47.068381,success,,0.7666706262627354,0.7691435527130369,0.7632615832369243,roc_auc,0.2387,11,0.00027,64,5.541,single_gpu,V100,2.005,1.049,aws,scheduled_job,recsys_clickthrough_model,16
0e437e17-cdd0-4970-bc8b-87c935aaf0f8,energy_forecasting,lightgbm,pytorch,8737fa5,experiment/hyperparam,energy_5,789,2024-08-11T05:51:01.505861,2024-08-11T06:33:58.627113,success,,0.21208606054813403,0.20457188733621595,0.2210780126744219,rmse,0.0437,50,0.01098,2048,0.23,single_gpu,A100,2.053,0.661,azure,ci_pipeline,energy_forecasting_model,5
5a1ec950-2680-4119-b65e-ea950dd71792,energy_forecasting,tabnet,lightgbm,176353d,experiment/hyperparam,energy_4,456,2024-07-21T13:45:45.907644,2024-07-21T14:32:53.813764,failed,nan_loss,,,,rmse,,76,0.0035,512,5.097,single_gpu,A100,2.901,0.914,gcp,ci_pipeline,energy_forecasting_model,19
51740d51-c909-4b50-925f-c372ad3db8d1,recsys_clickthrough,lightgbm,lightgbm,9e5e625,bugfix/data_issue,recsys_v4,789,2024-08-07T22:46:26.552948,2024-08-07T23:30:52.707150,success,,0.8531703591711038,0.8419062308767676,0.8183540107205322,roc_auc,0.1843,38,0.00101,512,2.435,single_gpu,T4,2.629,0.678,on_prem,ci_pipeline,recsys_clickthrough_model,5
a9e78718-1892-4f69-aa0c-e12eba4927ba,energy_forecasting,xgboost,lightgbm,3a5d724,experiment/hyperparam,energy_4,456,2024-08-08T17:47:39.032060,2024-08-08T18:47:12.127905,failed,nan_loss,,,,rmse,,10,0.00035,1024,2.885,single_gpu,A100,1.125,0.851,gcp,ci_pipeline,energy_forecasting_model,17
146c9bd9-6074-424b-838b-32d6ed78f30c,energy_forecasting,lightgbm,lightgbm,6d0420a,experiment/new_arch,energy_1,456,2024-06-18T16:52:11.467759,2024-06-18T17:26:03.761501,failed,data_error,,,,rmse,,59,0.06771,2048,2.031,single_gpu,V100,1.958,0.455,on_prem,user,energy_forecasting_model,9
63136ead-6b77-4a34-ad58-6659f3aecdc8,rag_qa_service,cnn,pytorch,b722f1d,bugfix/data_issue,rag_corpus_4,456,2024-02-21T17:45:17.607569,2024-02-21T18:13:23.826484,success,,0.8117118463258458,0.7817433441389573,0.77954024811379,f1,0.2201,44,0.00121,256,9.732,multi_gpu,A100,2.339,1.14,aws,scheduled_job,rag_qa_service_model,6
74591074-1e4f-4bda-9465-6bc473bf8701,energy_forecasting,tabnet,sklearn,a5c08bb,experiment/new_arch,energy_1,42,2024-02-21T01:37:27.066944,2024-02-21T02:19:43.162625,success,,0.16855719366064295,0.18190575688970254,0.18871010889125106,rmse,0.0148,49,0.00022,256,8.788,cpu,,3.728,0.0,gcp,scheduled_job,energy_forecasting_model,11
6ca436d6-a6cd-48b4-811d-e1f5b6eed3a0,fraud_detection,transformer,tensorflow,c788a62,main,fraud_v2,789,2024-02-28T01:22:10.563039,2024-02-28T02:12:37.303099,success,,0.9252792306788377,0.9181301732492578,0.9202098510049092,roc_auc,0.053,74,0.000405,64,248.99,single_gpu,T4,3.31,0.841,gcp,user,fraud_detection_model,2
820424d5-9da7-45b7-9281-310d0e65e46f,recsys_clickthrough,transformer,sklearn,0cff256,experiment/new_arch,recsys_v1,1337,2024-10-06T10:06:04.599357,2024-10-06T10:25:44.738921,failed,early_stopped,,,,roc_auc,,28,6.9e-05,16,258.92,multi_gpu,T4,2.34,0.851,on_prem,user,recsys_clickthrough_model,7
1ea462a3-6808-46b1-8e0b-b06da8402752,recsys_clickthrough,tabnet,lightgbm,0b95e23,bugfix/data_issue,recsys_v1,2024,2024-09-28T15:39:50.781203,2024-09-28T16:14:57.806749,success,,0.8115594477233153,0.7986097331662271,0.7686645802626542,roc_auc,0.2141,28,0.00015,256,2.996,single_gpu,V100,2.121,0.498,azure,ci_pipeline,recsys_clickthrough_model,9
0ade0333-fcc3-4c22-8243-cce2ad972e95,energy_forecasting,lightgbm,tensorflow,e6a77fa,experiment/new_arch,energy_2,123,2024-02-11T03:11:41.866211,2024-02-11T03:33:54.738067,success,,0.25107627904457314,0.2660951742719071,0.28344396312486864,rmse,0.0512,41,0.01253,2048,0.783,multi_gpu,T4,2.326,2.681,gcp,ci_pipeline,energy_forecasting_model,7
0067edd7-fbb9-4490-8524-52bc928102fa,energy_forecasting,cnn,lightgbm,0a9e484,develop,energy_2,456,2024-03-16T07:38:58.732850,2024-03-16T08:07:26.063846,success,,0.2576110040975748,0.26227938560870967,0.26406780159200044,rmse,0.0784,80,0.00252,128,15.418,multi_gpu,A100,1.25,2.389,azure,user,energy_forecasting_model,16
b36ba44e-f3dd-46b1-b8e0-54ba03c57c8d,rag_qa_service,tabnet,xgboost,4fd39ed,bugfix/data_issue,rag_corpus_1,42,2024-12-11T13:51:18.411473,2024-12-11T14:08:28.275697,success,,0.6301515601779011,0.6211648093402,0.5688514791964712,f1,0.3397,75,0.00494,512,8.403,cpu,,1.094,0.0,azure,user,rag_qa_service_model,4
018b7ea1-78c5-4bcf-a8af-720fb2575ecd,fraud_detection,cnn,pytorch,afb54a4,main,fraud_v1,456,2024-02-21T18:30:05.789856,2024-02-21T19:12:40.089555,success,,0.8482589660313948,0.8434649078081994,0.815086349289395,roc_auc,0.144,25,0.00387,128,10.243,multi_gpu,T4,2.841,1.874,aws,user,fraud_detection_model,4
c308ba3d-2087-4003-86f4-9c907a9bbed5,fraud_detection,lightgbm,lightgbm,d984b7b,develop,fraud_v2,42,2024-05-25T02:26:27.861392,2024-05-25T02:58:33.905019,success,,0.8749180711967138,0.8659100747260294,0.8715577267985888,roc_auc,0.1079,62,0.00725,1024,1.7,multi_gpu,T4,2.215,2.506,aws,scheduled_job,fraud_detection_model,6
c8ea7b20-7554-487f-93e0-b6943a1870a7,fraud_detection,tabnet,sklearn,afebb34,experiment/hyperparam,fraud_v2,123,2024-09-08T17:33:17.118018,2024-09-08T17:53:38.525543,success,,0.9186248134020909,0.9128191609286764,0.9241664862434179,roc_auc,0.0431,32,0.00082,512,7.715,cpu,,0.828,0.0,aws,ci_pipeline,fraud_detection_model,2
73a6feee-11b8-4a48-99f7-928919d1eb00,energy_forecasting,cnn,sklearn,9772a58,develop,energy_3,2024,2024-08-21T08:23:32.128272,2024-08-21T09:12:43.470407,success,,0.15736640027066268,0.18980257926362595,0.2350429358601312,rmse,0.0232,47,0.00013,128,17.198,multi_gpu,T4,2.615,5.941,on_prem,scheduled_job,energy_forecasting_model,5
de927ba5-5404-4ba1-8986-1d1d000ec989,rag_qa_service,tabnet,lightgbm,569e557,bugfix/data_issue,rag_corpus_2,42,2024-05-05T08:39:17.814386,2024-05-05T09:08:57.215665,failed,infra_error,,,,f1,,29,0.00097,256,1.278,single_gpu,A100,0.785,0.582,azure,user,rag_qa_service_model,14
6891a455-32a9-453f-a4cd-1a514d90b897,fraud_detection,tabnet,xgboost,010ea23,experiment/hyperparam,fraud_v4,42,2024-04-28T19:16:07.453561,2024-04-28T19:48:01.080476,success,,0.8959249324581097,0.8772372074522019,0.859442161045554,roc_auc,0.1158,76,0.00702,256,5.676,single_gpu,A100,0.962,0.575,on_prem,scheduled_job,fraud_detection_model,14
a4c8089f-7546-4f9c-af1e-32c30f388896,fraud_detection,lightgbm,lightgbm,2bcbefc,experiment/new_arch,fraud_v2,42,2024-09-10T15:39:05.616110,2024-09-10T16:27:07.466413,success,,0.9139887785145959,0.9105255699209701,0.8984299159841994,roc_auc,0.0875,72,0.00595,512,0.97,single_gpu,T4,1.164,0.732,on_prem,ci_pipeline,fraud_detection_model,4
2855464d-bc24-48eb-96c9-793e37cbbe80,recsys_clickthrough,xgboost,sklearn,012c14f,experiment/new_arch,recsys_v3,2024,2024-05-27T02:17:13.523063,2024-05-27T03:07:11.516262,success,,0.818715635566078,0.8143340565595949,0.8239212756281833,roc_auc,0.1288,41,0.0124,512,2.425,single_gpu,V100,1.998,0.787,on_prem,scheduled_job,recsys_clickthrough_model,20
b973a2e2-e4fe-4562-bce9-f352816ccd82,rag_qa_service,tabnet,xgboost,07050bd,experiment/new_arch,rag_corpus_5,42,2024-06-03T06:51:59.846179,2024-06-03T09:24:50.376424,success,,0.8430254631941364,0.8235373322294202,0.8268045828410298,f1,0.1541,7,0.00178,512,9.489,single_gpu,A100,6.978,2.588,on_prem,scheduled_job,rag_qa_service_model,3
4bab0f68-95fc-463c-9b36-78da9c130ed1,rag_qa_service,cnn,xgboost,13da165,bugfix/data_issue,rag_corpus_4,42,2024-04-27T20:21:47.377606,2024-04-27T20:46:40.862161,failed,early_stopped,,,,f1,,19,0.00031,64,8.074,multi_gpu,T4,1.464,2.047,on_prem,ci_pipeline,rag_qa_service_model,1
95982dfc-4d26-4163-97aa-037be1fd2fc0,rag_qa_service,xgboost,xgboost,249c8b4,main,rag_corpus_5,789,2024-03-04T11:31:39.449224,2024-03-04T11:51:49.814371,success,,0.7921254492191345,0.7873467649193344,0.864268274173847,f1,0.2351,79,0.0033,1024,2.961,multi_gpu,V100,0.785,0.959,gcp,scheduled_job,rag_qa_service_model,14
de50afce-451f-49ef-98df-0cad5e6cae8b,fraud_detection,lightgbm,sklearn,370ccec,main,fraud_v3,123,2024-03-22T13:10:56.660638,2024-03-22T13:26:38.296896,failed,nan_loss,,,,roc_auc,,24,0.00099,512,1.025,multi_gpu,T4,1.455,0.853,on_prem,user,fraud_detection_model,20
c0f9ba11-7a3e-477f-aeaa-1de37dbcbb11,fraud_detection,transformer,lightgbm,5b08ba1,experiment/new_arch,fraud_v1,456,2024-06-08T05:54:36.921106,2024-06-08T06:32:41.793404,failed,infra_error,,,,roc_auc,,48,1.7e-05,32,291.633,multi_gpu,T4,1.353,4.326,aws,scheduled_job,fraud_detection_model,17
31c7aec8-08b0-47e4-ad72-0b78380a6c7d,recsys_clickthrough,lightgbm,sklearn,0123a88,experiment/new_arch,recsys_v1,2024,2024-03-08T17:04:09.201341,2024-03-08T17:26:09.372167,success,,0.860189173300267,0.8587130409610081,0.8682203531748482,roc_auc,0.1525,21,0.00069,512,0.522,multi_gpu,T4,2.268,2.148,aws,scheduled_job,recsys_clickthrough_model,5
6957cf2e-ccb7-40a6-8021-f9eb19842a14,rag_qa_service,xgboost,tensorflow,0c1a90e,develop,rag_corpus_3,123,2024-11-10T02:43:50.183392,2024-11-10T03:08:45.117870,success,,0.8077344712937201,0.7913747937866027,0.7708228934909045,f1,0.1679,30,0.00106,1024,0.31,single_gpu,T4,1.291,0.399,on_prem,user,rag_qa_service_model,6
cfebaa49-48a3-41f0-bff7-cb6732774e5e,rag_qa_service,tabnet,xgboost,d1ad2c7,main,rag_corpus_5,123,2024-03-31T04:18:50.810201,2024-03-31T04:42:22.686345,success,,0.7905080431132689,0.7737989306305002,0.7888936936374475,f1,0.2017,55,0.00098,512,1.672,multi_gpu,A100,1.728,1.61,azure,user,rag_qa_service_model,14
6c99cd14-29be-4771-b143-d924ee3f2a0f,fraud_detection,cnn,lightgbm,0ae69db,develop,fraud_v4,1337,2024-12-12T12:38:17.016884,2024-12-12T12:56:15.904686,success,,0.8535691236756932,0.855104047935541,0.8591217025035359,roc_auc,0.13,69,0.00056,256,3.877,multi_gpu,A100,2.035,1.871,gcp,scheduled_job,fraud_detection_model,16
894f586f-1d53-4bff-9129-ed38f34d484e,fraud_detection,transformer,xgboost,011e2a5,experiment/new_arch,fraud_v3,789,2024-08-25T07:27:42.105587,2024-08-25T07:51:58.025145,success,,0.9303848556209864,0.9097582827131111,0.9041237777266281,roc_auc,0.0966,68,0.000144,32,275.176,single_gpu,V100,1.077,0.352,azure,scheduled_job,fraud_detection_model,13
135b1478-2845-48cc-928e-41dad6a5104c,recsys_clickthrough,transformer,tensorflow,1758a44,experiment/hyperparam,recsys_v3,1337,2024-07-06T10:25:00.823936,2024-07-06T11:36:56.424334,success,,0.8996017445510525,0.8865493132857389,0.8982971472818592,roc_auc,0.1287,42,0.000542,32,270.312,single_gpu,V100,4.507,1.005,gcp,user,recsys_clickthrough_model,11
66f4fa0d-2fbb-41aa-b38b-d9f24525865e,rag_qa_service,cnn,tensorflow,9a39ccb,develop,rag_corpus_3,2024,2024-07-17T02:43:01.356117,2024-07-17T03:26:20.093345,failed,nan_loss,,,,f1,,40,0.00276,64,2.637,single_gpu,T4,1.726,0.628,on_prem,user,rag_qa_service_model,20
b5ce1171-d8f4-4acf-96ce-0742638bf758,energy_forecasting,lightgbm,lightgbm,56be754,main,energy_3,42,2024-12-18T18:39:36.156378,2024-12-18T19:04:07.018665,success,,0.34258765573918176,0.30672410508972575,0.30137974312002447,rmse,0.1297,66,0.00221,1024,0.152,multi_gpu,T4,1.799,2.165,aws,scheduled_job,energy_forecasting_model,18
7ae080a3-de50-4831-a87b-73e785165e75,energy_forecasting,tabnet,xgboost,64fa716,experiment/hyperparam,energy_1,123,2024-03-07T02:28:38.702372,2024-03-07T03:28:21.697824,failed,early_stopped,,,,rmse,,16,0.0005,512,9.32,single_gpu,T4,1.191,1.015,aws,ci_pipeline,energy_forecasting_model,9
7ddc4e44-3761-4eac-b07e-06704bb6eb83,recsys_clickthrough,xgboost,lightgbm,3e90594,experiment/new_arch,recsys_v2,123,2024-03-21T11:02:00.336997,2024-03-21T11:16:18.077945,success,,0.8189181212217991,0.804573094760886,0.8093772116398105,roc_auc,0.2061,5,0.00949,512,1.993,single_gpu,A100,0.421,0.225,azure,ci_pipeline,recsys_clickthrough_model,19
951af22e-fc5a-45e2-851d-6c0fe3e0e12d,energy_forecasting,lightgbm,pytorch,cd39f1b,experiment/hyperparam,energy_4,42,2024-02-04T22:11:19.853421,2024-02-04T23:04:31.513290,success,,0.26264979993833326,0.27847845128764537,0.27702855975060997,rmse,0.0678,24,0.00104,2048,1.75,multi_gpu,T4,6.389,4.072,gcp,user,energy_forecasting_model,8
1c1c4362-cbb2-43cc-a2d0-32e6fc089c1e,energy_forecasting,xgboost,sklearn,3499631,main,energy_4,2024,2024-06-11T02:36:20.462029,2024-06-11T03:16:12.193932,success,,0.21419968206503592,0.18302683790070087,0.22424684984296678,rmse,0.0451,72,0.0468,512,2.656,single_gpu,A100,1.362,0.554,on_prem,scheduled_job,energy_forecasting_model,7
705067cb-26da-4ea7-8fde-e8197655d453,rag_qa_service,transformer,xgboost,5086732,main,rag_corpus_5,2024,2024-09-06T09:31:09.017646,2024-09-06T09:49:13.952609,success,,0.689601151354253,0.6757051061133331,0.6201945808899549,f1,0.2864,48,5.7e-05,32,122.855,single_gpu,V100,0.777,0.339,gcp,scheduled_job,rag_qa_service_model,9
ab9c1f00-32fd-4a73-a704-a62960c97736,recsys_clickthrough,cnn,pytorch,6efa9a1,main,recsys_v4,1337,2024-05-05T23:48:47.355554,2024-05-06T00:45:10.606783,success,,0.8218519994850987,0.811158301458518,0.815010239833144,roc_auc,0.226,60,0.00036,256,18.735,multi_gpu,T4,5.959,5.134,on_prem,scheduled_job,recsys_clickthrough_model,3
ed3a66c9-0c89-404f-af2f-52a2eaeb4091,rag_qa_service,cnn,tensorflow,35f72da,bugfix/data_issue,rag_corpus_5,123,2024-11-04T18:06:22.738296,2024-11-04T18:15:46.555901,success,,0.8175874251994931,0.8141611507394404,0.8129370249679791,f1,0.1966,23,0.00015,64,4.673,multi_gpu,V100,1.207,0.697,aws,user,rag_qa_service_model,20
d9637490-b096-428e-8cae-af4f39a73115,fraud_detection,cnn,sklearn,84226d2,experiment/new_arch,fraud_v3,123,2024-07-08T23:38:59.324882,2024-07-09T03:13:22.073165,failed,infra_error,,,,roc_auc,,73,0.00031,128,15.15,single_gpu,T4,5.376,3.13,aws,scheduled_job,fraud_detection_model,6
a62e25e0-e53d-4a3a-89f7-09a586b9aca1,recsys_clickthrough,xgboost,pytorch,91c4c8c,bugfix/data_issue,recsys_v3,2024,2024-03-06T07:22:26.650291,2024-03-06T07:33:43.168023,success,,0.8094540591122321,0.8067963923319424,0.8039657995851855,roc_auc,0.2225,37,0.00131,512,1.971,single_gpu,T4,0.555,0.212,aws,ci_pipeline,recsys_clickthrough_model,1
4d074640-cecd-4857-b7fd-409ee57bc98e,fraud_detection,transformer,pytorch,27d395c,experiment/new_arch,fraud_v2,789,2024-03-04T22:16:12.893789,2024-03-04T23:07:38.406910,failed,oom,,,,roc_auc,,80,1e-05,64,165.098,cpu,,1.082,0.0,gcp,user,fraud_detection_model,13
12fc0aff-e5e0-4ea6-b3f3-aaa03242f2b8,recsys_clickthrough,xgboost,tensorflow,7ca6868,bugfix/data_issue,recsys_v3,1337,2024-07-29T18:39:13.207884,2024-07-29T19:32:19.897967,failed,nan_loss,,,,roc_auc,,66,0.08338,2048,1.668,multi_gpu,V100,4.204,6.79,on_prem,user,recsys_clickthrough_model,7
614edfed-99b8-4da5-b748-dad1cf7c9a3f,fraud_detection,tabnet,tensorflow,d1e6407,main,fraud_v2,789,2024-10-09T21:37:52.415780,2024-10-09T22:13:39.934446,success,,0.7890952849162072,0.7958532027505721,0.7684604150093215,roc_auc,0.2319,34,0.00222,512,1.117,single_gpu,V100,1.43,0.535,gcp,user,fraud_detection_model,1
2ca7b47c-9d89-4bdf-9991-ca50673665d7,recsys_clickthrough,transformer,tensorflow,777e760,develop,recsys_v1,456,2024-05-16T12:33:08.004434,2024-05-16T13:06:31.670174,success,,0.7818429052555402,0.7695180390713465,0.7875479697342012,roc_auc,0.2088,79,0.000458,16,205.923,single_gpu,V100,1.122,0.654,on_prem,scheduled_job,recsys_clickthrough_model,12
6b6af9cd-cf6d-4442-8b9e-c41a451c772b,rag_qa_service,xgboost,lightgbm,154801b,bugfix/data_issue,rag_corpus_3,42,2024-01-10T00:13:39.142751,2024-01-10T00:47:21.996855,success,,0.7559370712868034,0.7363102689379405,0.7152604244439005,f1,0.2467,54,0.00131,1024,1.433,single_gpu,A100,1.621,0.575,azure,scheduled_job,rag_qa_service_model,20
3aa2bd9c-7515-4352-92b8-899f99aeb821,rag_qa_service,cnn,xgboost,55c9ec6,bugfix/data_issue,rag_corpus_1,2024,2024-10-11T10:44:13.181945,2024-10-11T12:06:03.784467,success,,0.7432331872202314,0.7539780507303945,0.7534271791302877,f1,0.2792,59,0.00244,128,19.822,cpu,,4.017,0.0,gcp,ci_pipeline,rag_qa_service_model,9
ce75d386-511b-4dd5-b28f-919b981a8a99,recsys_clickthrough,lightgbm,pytorch,16604f3,bugfix/data_issue,recsys_v2,789,2024-10-18T19:22:18.509499,2024-10-18T19:51:54.897173,success,,0.7701214663603213,0.7713367678345716,0.785523818123678,roc_auc,0.2303,11,0.01624,512,2.659,single_gpu,V100,0.795,0.567,azure,user,recsys_clickthrough_model,2
a7894aec-def0-476a-811f-928ab12ade8e,energy_forecasting,transformer,sklearn,3e2a1ac,experiment/hyperparam,energy_5,2024,2024-12-23T12:03:11.703372,2024-12-23T12:33:40.177733,success,,0.2035745106535305,0.2088054978838824,0.21985365091410564,rmse,0.0412,22,0.000517,64,130.895,multi_gpu,V100,1.623,2.31,azure,ci_pipeline,energy_forecasting_model,19
130fffb8-d947-4dc1-affc-cf8f81eabbcb,energy_forecasting,tabnet,pytorch,307587b,experiment/new_arch,energy_1,1337,2024-04-19T15:00:00.805056,2024-04-19T15:39:24.200865,success,,0.22373238999527686,0.26047630226043006,0.28526180175668975,rmse,0.0604,34,0.00013,256,2.992,single_gpu,T4,1.515,0.566,gcp,scheduled_job,energy_forecasting_model,5
da54ed79-46a6-47d0-8c18-6f50f5d93bf8,fraud_detection,tabnet,xgboost,5b65127,main,fraud_v3,42,2024-06-08T00:03:40.339927,2024-06-08T00:44:08.787980,success,,0.9339051069716068,0.9143421569506933,0.9492122565384856,roc_auc,0.0658,45,0.00127,256,1.59,multi_gpu,T4,1.86,3.492,on_prem,scheduled_job,fraud_detection_model,4
de5a4d31-e19f-4fc2-8bae-90500615dc0a,energy_forecasting,lightgbm,lightgbm,e7f96d4,bugfix/data_issue,energy_2,456,2024-02-28T02:31:18.921917,2024-02-28T03:16:09.085320,failed,oom,,,,rmse,,13,0.00046,512,1.7,single_gpu,A100,2.633,0.896,on_prem,ci_pipeline,energy_forecasting_model,1
41e1ce81-7322-4357-aa9e-ad2844703371,recsys_clickthrough,tabnet,lightgbm,71fcaf0,develop,recsys_v1,123,2024-04-16T08:51:56.676483,2024-04-16T09:03:03.075353,failed,data_error,,,,roc_auc,,24,0.00651,256,2.317,single_gpu,A100,0.527,0.178,azure,scheduled_job,recsys_clickthrough_model,4
17637969-ec8d-4a6f-886f-a44a765d1ab3,fraud_detection,tabnet,sklearn,f9d326f,main,fraud_v3,1337,2024-04-16T08:54:47.172010,2024-04-16T09:16:28.161594,failed,early_stopped,,,,roc_auc,,62,0.00012,256,3.799,cpu,,1.032,0.0,azure,scheduled_job,fraud_detection_model,6
beafc059-6f98-4eee-84c7-6932c1cfd143,fraud_detection,transformer,xgboost,3465277,bugfix/data_issue,fraud_v3,456,2024-08-26T12:34:02.227227,2024-08-26T13:13:59.798713,success,,0.8909562429797343,0.873894957488641,0.8917561492290197,roc_auc,0.1187,44,3.4e-05,64,247.21,multi_gpu,V100,1.553,3.482,gcp,user,fraud_detection_model,8
89c780d4-3263-403b-a05b-b72c0a55f110,rag_qa_service,lightgbm,pytorch,00e2f2b,experiment/hyperparam,rag_corpus_3,2024,2024-04-26T18:45:55.536812,2024-04-26T19:48:31.353853,success,,0.7835216064647653,0.783770887130623,0.7899389218480882,f1,0.1966,18,0.08363,1024,2.17,single_gpu,A100,3.937,1.05,on_prem,ci_pipeline,rag_qa_service_model,18
42844dae-562a-49cf-97ac-04dae3b34995,energy_forecasting,lightgbm,lightgbm,a5650dc,experiment/new_arch,energy_2,789,2024-06-18T04:17:40.466238,2024-06-18T06:32:25.920314,success,,0.24607344911631232,0.21329559206123327,0.20721245250684772,rmse,0.0532,44,0.00034,512,0.665,multi_gpu,A100,11.113,17.301,azure,ci_pipeline,energy_forecasting_model,14
3536fb2c-8a5c-4c23-91f1-f9062db8a3de,energy_forecasting,tabnet,pytorch,0cf67f2,develop,energy_2,1337,2024-08-08T10:21:18.967899,2024-08-08T10:33:34.305011,success,,0.19536682564122954,0.19748421600689536,0.2163770770011166,rmse,0.0448,4,0.00027,256,9.677,single_gpu,T4,0.284,0.194,gcp,ci_pipeline,energy_forecasting_model,12
4cb1e26f-3f6e-45b7-a8bd-bf0be51323cf,energy_forecasting,tabnet,tensorflow,51cf32a,bugfix/data_issue,energy_3,1337,2024-05-22T14:26:45.887267,2024-05-22T14:53:49.014683,success,,0.23346995315952473,0.236895826045903,0.27812529889195864,rmse,0.0501,71,0.00368,512,8.532,single_gpu,V100,1.532,0.452,aws,scheduled_job,energy_forecasting_model,2
6ac7fbdc-04e6-407c-9c61-ac2da358a470,energy_forecasting,cnn,sklearn,6ac7eee,bugfix/data_issue,energy_5,123,2024-12-02T22:15:50.914790,2024-12-02T22:39:32.450074,success,,0.24068382173308792,0.20875504553985968,0.23563576398169353,rmse,0.0462,7,0.00027,256,16.058,single_gpu,V100,0.616,0.326,azure,user,energy_forecasting_model,19
71932127-c4f2-447f-902e-fc31c656f25e,energy_forecasting,transformer,tensorflow,033d300,main,energy_3,1337,2024-10-24T06:21:36.643341,2024-10-24T06:52:45.467513,success,,0.2410764397277373,0.2794974519984271,0.28869249159267946,rmse,0.0464,77,0.000164,32,72.78,multi_gpu,T4,3.545,4.051,azure,user,energy_forecasting_model,18
5c4ba7a1-12ac-45ba-b82d-c939e1f2d03e,energy_forecasting,xgboost,pytorch,e6b2a06,experiment/hyperparam,energy_2,789,2024-01-08T13:15:08.107547,2024-01-08T13:48:25.961715,failed,data_error,,,,rmse,,40,0.00403,2048,1.069,single_gpu,A100,1.424,0.574,azure,scheduled_job,energy_forecasting_model,6
7641b510-8e32-458b-9109-a87f75f631d0,rag_qa_service,lightgbm,pytorch,5c4fba1,develop,rag_corpus_1,42,2024-12-14T01:24:33.262162,2024-12-14T01:44:04.117265,failed,data_error,,,,f1,,60,0.00043,512,2.289,cpu,,2.5,0.0,azure,user,rag_qa_service_model,17
ae51db8e-821e-4f42-ad6b-943db66b8537,rag_qa_service,tabnet,sklearn,79c512c,bugfix/data_issue,rag_corpus_3,2024,2024-01-07T15:40:23.914102,2024-01-07T16:57:17.884976,failed,nan_loss,,,,f1,,46,0.0003,256,3.573,cpu,,2.931,0.0,aws,ci_pipeline,rag_qa_service_model,18
4ab71594-e3ba-4bff-84ae-c22bc5224925,recsys_clickthrough,transformer,tensorflow,0dc6cc6,develop,recsys_v2,1337,2024-08-20T16:24:20.453227,2024-08-20T16:40:57.735364,success,,0.8272273153186075,0.8302431951466408,0.7931828254886895,roc_auc,0.1703,61,5.2e-05,64,215.164,cpu,,1.363,0.0,gcp,scheduled_job,recsys_clickthrough_model,11
c7f859ef-9985-4d60-ac91-e4140bfc59d6,energy_forecasting,lightgbm,sklearn,0390a55,main,energy_3,789,2024-02-01T02:34:23.885983,2024-02-01T03:07:49.615735,failed,early_stopped,,,,rmse,,66,0.0005,1024,2.656,cpu,,0.861,0.0,aws,ci_pipeline,energy_forecasting_model,11
46540647-90f8-4e3e-add6-7f7692a946fd,fraud_detection,tabnet,sklearn,ca38601,experiment/hyperparam,fraud_v2,2024,2024-04-04T06:32:42.259308,2024-04-04T07:16:20.812342,success,,0.8893394251377258,0.8767951605634586,0.8674686202709606,roc_auc,0.0946,12,0.00035,512,4.02,multi_gpu,T4,3.938,5.303,azure,ci_pipeline,fraud_detection_model,12
2e2f3efc-b72e-4031-a25e-4b529528257d,fraud_detection,transformer,tensorflow,b604212,bugfix/data_issue,fraud_v5,1337,2024-11-06T19:45:08.105343,2024-11-06T19:52:43.589274,success,,0.838068220455873,0.8432923673985404,0.8498273358953954,roc_auc,0.1743,43,1.3e-05,32,73.497,single_gpu,T4,0.427,0.124,aws,user,fraud_detection_model,6
d4fbe4aa-5f0f-4560-bac7-a2d2bcb496d9,recsys_clickthrough,tabnet,sklearn,34d88dc,bugfix/data_issue,recsys_v5,2024,2024-07-18T07:31:34.011306,2024-07-18T07:54:52.015588,success,,0.7989577858601098,0.8060494214120143,0.8306445240231739,roc_auc,0.2031,56,0.00032,512,9.247,single_gpu,T4,1.066,0.394,on_prem,user,recsys_clickthrough_model,11
5f90f173-dfd9-43a1-b1b8-b350359fe112,energy_forecasting,xgboost,pytorch,1f91775,bugfix/data_issue,energy_1,456,2024-02-27T23:08:55.874459,2024-02-28T00:25:05.859111,failed,oom,,,,rmse,,75,0.00062,512,0.474,single_gpu,T4,3.314,1.491,azure,ci_pipeline,energy_forecasting_model,1
70f83d06-585d-450d-8d06-6ac9c2d8d367,rag_qa_service,lightgbm,pytorch,2fd8f08,experiment/hyperparam,rag_corpus_5,2024,2024-10-10T08:03:28.269628,2024-10-10T08:55:43.187726,success,,0.7618489269528652,0.7602922114407602,0.7763515262317994,f1,0.2388,30,0.02572,1024,0.819,single_gpu,V100,0.966,0.732,gcp,ci_pipeline,rag_qa_service_model,13
73b3e6ed-5d34-48e1-ae3d-18bc589ab1f2,recsys_clickthrough,tabnet,tensorflow,569e43d,main,recsys_v4,456,2024-08-24T15:26:15.013251,2024-08-24T15:34:26.128867,success,,0.8845237556257626,0.8728300051130464,0.8817047909384426,roc_auc,0.106,35,0.00282,256,1.576,multi_gpu,T4,0.605,0.67,aws,ci_pipeline,recsys_clickthrough_model,5
d28e224d-2036-44b5-8d99-fcf1a3630262,recsys_clickthrough,tabnet,sklearn,f3b3301,experiment/new_arch,recsys_v2,123,2024-04-10T22:34:11.495835,2024-04-10T23:19:44.723200,success,,0.9064711295086069,0.893392805783468,0.9347573266135845,roc_auc,0.0656,4,0.00251,256,4.414,cpu,,1.495,0.0,aws,scheduled_job,recsys_clickthrough_model,4
c547a5b8-ac7b-4271-8dc1-8311ab51a2eb,energy_forecasting,lightgbm,lightgbm,2bcd56a,experiment/hyperparam,energy_4,2024,2024-03-14T13:34:07.383623,2024-03-14T14:42:15.707951,success,,0.2769989950487434,0.2675436389700666,0.2750785095975421,rmse,0.0611,34,0.0585,512,1.803,single_gpu,T4,1.427,1.113,on_prem,scheduled_job,energy_forecasting_model,16
6a07278d-1c74-46e8-9588-440466bf7fdf,energy_forecasting,transformer,sklearn,462cdb8,develop,energy_4,42,2024-11-17T16:14:44.647142,2024-11-17T17:08:53.211764,failed,infra_error,,,,rmse,,4,1.5e-05,32,262.199,single_gpu,V100,1.77,0.786,azure,ci_pipeline,energy_forecasting_model,3
c5f173b8-852b-451b-8fbb-4767e70dfb4e,rag_qa_service,cnn,tensorflow,a7b4762,develop,rag_corpus_4,123,2024-01-07T06:11:49.117099,2024-01-07T06:54:31.462401,success,,0.7619890744223076,0.7593760494056032,0.7187009263839345,f1,0.2785,73,0.0003,64,8.941,single_gpu,A100,1.248,0.661,on_prem,ci_pipeline,rag_qa_service_model,5
df3fef7e-b96c-40ce-8404-8383bb21658b,fraud_detection,cnn,tensorflow,8b4acb0,bugfix/data_issue,fraud_v1,123,2024-11-24T01:16:29.499453,2024-11-24T02:26:42.241368,success,,0.8675504851942247,0.8466294173544004,0.8384108377912964,roc_auc,0.1057,3,0.00612,256,15.379,single_gpu,T4,2.336,1.285,gcp,user,fraud_detection_model,1
a52e72ee-390e-42d4-89df-d122fee1c860,energy_forecasting,tabnet,lightgbm,90314c4,experiment/hyperparam,energy_5,123,2024-08-17T12:42:00.355326,2024-08-17T13:33:08.494418,success,,0.22995703374090257,0.20950993781032334,0.16277894318782432,rmse,0.0403,34,0.00129,256,5.512,single_gpu,T4,2.528,0.761,on_prem,scheduled_job,energy_forecasting_model,2
4c13f616-3e5d-4e67-95f1-9ebbf5daca67,energy_forecasting,cnn,lightgbm,c8768b1,develop,energy_2,789,2024-11-12T06:59:29.870649,2024-11-12T07:20:17.274396,failed,infra_error,,,,rmse,,73,0.0038,64,5.138,single_gpu,V100,1.05,0.389,on_prem,ci_pipeline,energy_forecasting_model,5
49556cb6-6932-4a5f-bc32-e773a208427c,recsys_clickthrough,lightgbm,pytorch,5009149,experiment/new_arch,recsys_v2,42,2024-05-04T09:31:59.273180,2024-05-04T10:06:42.603462,failed,early_stopped,,,,roc_auc,,79,0.00803,1024,2.249,single_gpu,A100,1.728,0.545,aws,ci_pipeline,recsys_clickthrough_model,8
c8004b23-55e6-4a51-8717-ba531eb0cddc,fraud_detection,transformer,tensorflow,8ab0dd3,experiment/new_arch,fraud_v3,42,2024-02-02T09:06:04.399456,2024-02-02T09:29:06.349451,success,,0.9205399996594185,0.8973125549905671,0.8947757147059248,roc_auc,0.0811,47,0.000139,32,228.711,single_gpu,A100,0.82,0.354,azure,scheduled_job,fraud_detection_model,15
ea4f5910-5cee-420a-8ba6-36280a3dc6fe,recsys_clickthrough,xgboost,sklearn,f9a3d30,develop,recsys_v2,123,2024-03-13T03:22:02.213007,2024-03-13T04:14:14.877546,success,,0.8698516483223315,0.8543159530116536,0.8491699529992979,roc_auc,0.1518,20,0.01425,512,2.719,single_gpu,V100,1.127,0.777,aws,user,recsys_clickthrough_model,4
3518ad7b-a963-4034-bd0c-68208e4c1664,recsys_clickthrough,cnn,tensorflow,d6bd262,main,recsys_v5,123,2024-09-06T19:41:28.583132,2024-09-06T20:12:07.485426,failed,nan_loss,,,,roc_auc,,12,0.00029,64,6.533,multi_gpu,T4,3.388,1.253,aws,scheduled_job,recsys_clickthrough_model,4
48351dd3-a1a4-4a1e-9540-668c861fa3e2,rag_qa_service,lightgbm,pytorch,488afee,bugfix/data_issue,rag_corpus_3,789,2024-02-27T10:47:56.748457,2024-02-27T11:07:48.700075,failed,data_error,,,,f1,,59,0.03706,2048,1.34,single_gpu,V100,0.923,0.277,on_prem,scheduled_job,rag_qa_service_model,9
bfa038a7-6039-43ae-addd-b5c5f076fdfe,recsys_clickthrough,xgboost,pytorch,668ed1b,main,recsys_v2,2024,2024-09-12T14:21:41.361729,2024-09-12T14:44:01.235858,success,,0.8097430833845015,0.8095876383491425,0.8005622277305519,roc_auc,0.2033,77,0.08014,2048,2.441,cpu,,1.57,0.0,on_prem,ci_pipeline,recsys_clickthrough_model,5
24e12e72-deec-4870-ad94-004e54f0946c,fraud_detection,tabnet,pytorch,832e89e,develop,fraud_v5,1337,2024-01-31T12:03:16.746324,2024-01-31T12:38:17.895772,success,,0.9146289777235262,0.9025259473213063,0.9055018500789687,roc_auc,0.0852,73,0.0001,512,2.762,cpu,,4.418,0.0,azure,user,fraud_detection_model,6
c4176cde-9908-4717-bb27-c2a9b1eb7f9a,fraud_detection,transformer,lightgbm,d3c3a89,main,fraud_v4,2024,2024-08-19T08:33:54.730553,2024-08-19T08:58:11.082751,success,,0.8683786538972084,0.8765340701924618,0.8845887056466178,roc_auc,0.1561,38,0.000968,16,134.21,cpu,,1.218,0.0,azure,scheduled_job,fraud_detection_model,1
a7a9f1f2-7e58-40bb-a95f-10c091321c63,fraud_detection,xgboost,sklearn,cbdb12b,bugfix/data_issue,fraud_v1,42,2024-09-08T02:29:53.081942,2024-09-08T02:59:32.957216,success,,0.8680795633099025,0.8610882837638177,0.8747657604415183,roc_auc,0.1185,80,0.00853,512,2.998,multi_gpu,T4,1.84,1.821,on_prem,user,fraud_detection_model,5
29fa5d8f-dfd9-4c34-8075-d561f5ecdb66,energy_forecasting,cnn,lightgbm,ac84428,develop,energy_5,2024,2024-07-29T09:07:57.685829,2024-07-29T09:50:57.290828,failed,data_error,,,,rmse,,25,0.00045,64,3.144,multi_gpu,V100,5.174,4.168,on_prem,ci_pipeline,energy_forecasting_model,20
109298a9-58a0-4ce8-ac29-954a3ed3fceb,fraud_detection,cnn,lightgbm,78700ae,experiment/new_arch,fraud_v3,2024,2024-05-04T15:26:41.655603,2024-05-04T15:54:15.838660,failed,early_stopped,,,,roc_auc,,51,0.00021,128,9.167,single_gpu,A100,0.855,0.503,azure,user,fraud_detection_model,8
ad1ecdbb-5a8f-4ca4-b7f0-66d2bd40c2da,rag_qa_service,lightgbm,tensorflow,8f50429,main,rag_corpus_5,2024,2024-01-15T08:56:01.387337,2024-01-15T09:34:44.907120,success,,0.8001230716984827,0.7787583666148123,0.7559456722549615,f1,0.208,55,0.00043,512,1.13,multi_gpu,T4,3.157,3.239,on_prem,ci_pipeline,rag_qa_service_model,20
beab4868-594c-4ac7-81c1-534654127e8e,rag_qa_service,tabnet,tensorflow,c09afe2,main,rag_corpus_1,456,2024-10-19T17:27:53.972322,2024-10-19T18:08:52.603231,success,,0.6993497774192985,0.6983992557486791,0.6532232208753836,f1,0.2952,74,0.00126,256,8.346,cpu,,2.134,0.0,on_prem,ci_pipeline,rag_qa_service_model,1
b6af0ae6-9287-4e47-a631-3091aa01925b,energy_forecasting,cnn,pytorch,87e33b3,main,energy_4,456,2024-03-29T09:54:36.676349,2024-03-29T10:26:49.211234,success,,0.21128688382924343,0.235705074611326,0.2018015706644149,rmse,0.0511,40,0.00016,256,11.01,cpu,,0.751,0.0,gcp,ci_pipeline,energy_forecasting_model,6
2b594d5f-599d-4036-be4c-37bf956363db,energy_forecasting,transformer,tensorflow,236b5b8,develop,energy_1,456,2024-12-16T16:22:37.909348,2024-12-16T17:16:17.142073,success,,0.2424340067761873,0.2244254606437444,0.2172083193542432,rmse,0.0773,40,7.1e-05,32,113.437,single_gpu,T4,1.743,0.992,on_prem,ci_pipeline,energy_forecasting_model,13
e29357aa-3dfd-4312-80b7-832ff84af18b,recsys_clickthrough,cnn,tensorflow,cd063a5,develop,recsys_v3,123,2024-12-16T02:45:12.299256,2024-12-16T03:28:29.178375,success,,0.824899113622303,0.8207632651111907,0.8083678225461132,roc_auc,0.1569,42,0.00854,128,5.09,cpu,,4.817,0.0,aws,scheduled_job,recsys_clickthrough_model,9
a3bf6f2e-a33c-464e-b008-5ebbe28391dc,energy_forecasting,tabnet,xgboost,f8e0313,bugfix/data_issue,energy_5,123,2024-10-30T02:26:27.502231,2024-10-30T03:57:26.712741,success,,0.23709669575549663,0.29755078762435005,0.29261098391936596,rmse,0.0344,46,0.0073,256,1.346,single_gpu,V100,3.844,1.77,gcp,user,energy_forecasting_model,10
1f2a678d-f73d-40ce-8175-b1b082281f9e,fraud_detection,cnn,pytorch,33fd389,main,fraud_v4,2024,2024-03-21T23:39:30.630814,2024-03-22T00:01:16.593631,failed,infra_error,,,,roc_auc,,79,0.00028,256,18.698,single_gpu,T4,1.351,0.404,aws,ci_pipeline,fraud_detection_model,15
37722ef2-add3-4023-9a06-c6a283fbbe05,fraud_detection,tabnet,sklearn,939a336,experiment/hyperparam,fraud_v2,42,2024-11-18T01:40:23.220551,2024-11-18T02:16:52.578658,failed,infra_error,,,,roc_auc,,44,0.00011,512,3.607,cpu,,3.281,0.0,aws,user,fraud_detection_model,15
a3ff64a4-01e4-40c0-bf96-6772ef899166,rag_qa_service,tabnet,xgboost,e02df01,experiment/new_arch,rag_corpus_1,1337,2024-02-16T16:27:55.598967,2024-02-16T17:11:28.577273,success,,0.7585443597931649,0.7674719815690655,0.7752592530390102,f1,0.2177,63,0.00185,512,1.183,cpu,,5.344,0.0,gcp,ci_pipeline,rag_qa_service_model,16
dbea4f68-b6c7-4f52-87dd-d31f7186a618,energy_forecasting,cnn,xgboost,1b60935,experiment/hyperparam,energy_2,42,2024-01-28T19:58:01.219510,2024-01-28T20:24:06.703965,success,,0.2105527755847531,0.24040275159120272,0.2258936106466133,rmse,0.0415,72,0.00143,64,19.202,cpu,,1.966,0.0,aws,scheduled_job,energy_forecasting_model,8
b3b81a84-09ba-40cf-b64c-22a1cd51354e,recsys_clickthrough,transformer,xgboost,7d9c62b,develop,recsys_v5,1337,2024-07-03T15:16:07.234811,2024-07-03T16:03:12.684998,success,,0.799198903446902,0.7930234274235949,0.7535041614257625,roc_auc,0.1894,45,3.4e-05,32,234.825,cpu,,1.916,0.0,gcp,scheduled_job,recsys_clickthrough_model,14
9572c83c-402d-4f61-9b6d-19340d5086e2,fraud_detection,xgboost,tensorflow,ebd486b,experiment/hyperparam,fraud_v1,456,2024-03-27T17:48:07.973746,2024-03-27T18:04:27.314489,success,,0.8812310415351137,0.8646721201572378,0.8791307241683758,roc_auc,0.1184,15,0.00075,2048,1.579,multi_gpu,V100,1.296,2.014,on_prem,user,fraud_detection_model,5
bb14d579-8143-432b-b2b8-dfdfbf360969,rag_qa_service,xgboost,sklearn,fd0e569,main,rag_corpus_4,123,2024-09-06T23:47:41.697059,2024-09-07T00:08:32.604328,success,,0.6881598116033452,0.6913015191943935,0.711135252286545,f1,0.3202,25,0.00119,512,0.679,cpu,,0.439,0.0,azure,user,rag_qa_service_model,9
0720f66a-5575-4897-8377-b2f3f268518f,energy_forecasting,cnn,sklearn,d8297d6,bugfix/data_issue,energy_2,1337,2024-03-17T23:07:17.223757,2024-03-17T23:48:22.517213,failed,early_stopped,,,,rmse,,41,0.00092,64,8.905,single_gpu,V100,2.694,0.603,aws,user,energy_forecasting_model,17
294dbe5b-5941-4e5a-9503-932902fc376d,rag_qa_service,lightgbm,tensorflow,47a8e20,develop,rag_corpus_3,1337,2024-09-21T04:59:24.969262,2024-09-21T05:21:12.341782,success,,0.7287995466009584,0.7322972772947707,0.7765015096212653,f1,0.2776,5,0.00085,1024,1.2,cpu,,2.679,0.0,aws,ci_pipeline,rag_qa_service_model,2
1c5d2731-b385-4ef6-9c95-03943d2765df,energy_forecasting,tabnet,xgboost,bc420ff,bugfix/data_issue,energy_2,789,2024-10-03T00:28:33.349123,2024-10-03T00:42:47.560367,success,,0.2993150449865603,0.27880203596779735,0.2428652431145218,rmse,0.0876,14,0.0017,512,0.876,multi_gpu,A100,1.048,1.399,on_prem,ci_pipeline,energy_forecasting_model,10
2649f589-1f6b-4309-9a13-463eeb05fe5c,recsys_clickthrough,tabnet,tensorflow,9a9294c,experiment/hyperparam,recsys_v5,1337,2024-10-16T04:32:07.236371,2024-10-16T05:04:31.017863,failed,data_error,,,,roc_auc,,31,0.00043,256,7.78,single_gpu,T4,1.347,0.499,gcp,user,recsys_clickthrough_model,14
e8ce8791-5977-450e-b2e1-d5b96caeea47,rag_qa_service,tabnet,xgboost,f09082a,experiment/new_arch,rag_corpus_4,42,2024-08-22T07:21:32.286368,2024-08-22T08:10:43.980484,success,,0.8695895821072376,0.8557722404176125,0.8464380297925354,f1,0.1204,69,0.00421,256,8.738,single_gpu,A100,2.475,0.671,gcp,ci_pipeline,rag_qa_service_model,8
58155fb5-47b0-4806-9e6d-79d99fdd0b73,energy_forecasting,tabnet,tensorflow,ae8a80d,experiment/hyperparam,energy_1,456,2024-12-16T09:46:47.677856,2024-12-16T10:16:42.090712,success,,0.34648023717895926,0.311836998091532,0.3403763591057487,rmse,0.1205,6,0.00078,512,0.567,cpu,,3.357,0.0,gcp,ci_pipeline,energy_forecasting_model,5
55839216-8057-4423-83f4-184249057c2a,rag_qa_service,tabnet,tensorflow,82a1895,main,rag_corpus_2,42,2024-07-24T01:18:57.510190,2024-07-24T02:06:21.898115,success,,0.8482755953267583,0.8503615005691818,0.8150801254399394,f1,0.149,76,0.00063,512,9.56,multi_gpu,T4,4.624,2.994,gcp,scheduled_job,rag_qa_service_model,4
1f99cd46-c4a3-4052-a804-cd48638ef7de,energy_forecasting,lightgbm,tensorflow,629cd4e,main,energy_2,789,2024-10-01T14:26:08.615911,2024-10-01T14:48:53.206605,success,,0.2529602762939092,0.23724746201027297,0.24223447586659405,rmse,0.0656,53,0.00341,2048,1.685,cpu,,1.536,0.0,aws,scheduled_job,energy_forecasting_model,3
7aa13cf8-6bf8-4371-b793-990f03fab026,fraud_detection,xgboost,lightgbm,81ad5fd,main,fraud_v1,789,2024-07-11T15:38:11.122192,2024-07-11T15:52:38.204599,failed,oom,,,,roc_auc,,44,0.06872,2048,2.521,single_gpu,T4,0.85,0.222,azure,scheduled_job,fraud_detection_model,14
ac4bafa4-83af-4b52-8af1-9f4ce7e22d05,recsys_clickthrough,tabnet,pytorch,dfaa05a,experiment/hyperparam,recsys_v1,789,2024-06-09T20:05:24.208206,2024-06-09T20:23:01.654945,success,,0.7264581672721581,0.7187292273499674,0.7158940762694166,roc_auc,0.2763,20,0.00021,512,0.795,single_gpu,V100,1.128,0.263,gcp,ci_pipeline,recsys_clickthrough_model,13
61a4a834-f4ef-4e62-b119-adb926e1b00d,rag_qa_service,lightgbm,xgboost,20cb7a7,experiment/new_arch,rag_corpus_1,123,2024-07-25T09:05:28.337298,2024-07-25T09:56:44.553910,success,,0.77009380406232,0.758986569720455,0.7700272859309278,f1,0.2216,70,0.01471,1024,2.744,cpu,,2.922,0.0,azure,ci_pipeline,rag_qa_service_model,18
949e1f69-c82b-41ad-8a78-f9a7d8294065,energy_forecasting,xgboost,pytorch,3712e5e,develop,energy_3,789,2024-02-09T16:19:42.238249,2024-02-09T16:41:39.346948,success,,0.2559109628153713,0.2911965909234252,0.29230650397754543,rmse,0.0569,24,0.00277,512,1.647,cpu,,0.366,0.0,on_prem,ci_pipeline,energy_forecasting_model,4
fb511de6-9f3d-4d95-80b7-4ea0298da64b,fraud_detection,tabnet,pytorch,01c38a2,experiment/new_arch,fraud_v5,1337,2024-12-22T09:33:14.504515,2024-12-22T09:56:11.093984,success,,0.9112700927637634,0.9087618100297957,0.9284944343938972,roc_auc,0.0929,12,0.00102,512,8.724,multi_gpu,T4,1.319,0.945,gcp,ci_pipeline,fraud_detection_model,18
e5ee1240-4c95-4d39-b3bc-6fe6a4227e34,energy_forecasting,cnn,tensorflow,9b290d4,main,energy_1,789,2024-04-10T12:25:55.235942,2024-04-10T12:55:59.833584,success,,0.29683692192795713,0.3550450248967141,0.3923009720332828,rmse,0.0748,35,0.00012,64,19.702,cpu,,1.847,0.0,gcp,user,energy_forecasting_model,13
e0f51969-b0a6-443d-9c8b-e41337ff934f,rag_qa_service,tabnet,sklearn,eeb78e1,develop,rag_corpus_1,789,2024-11-22T09:46:19.876956,2024-11-22T11:45:35.975554,success,,0.8528017450703782,0.8363123090077855,0.8773222410311116,f1,0.1236,24,0.0047,512,3.017,single_gpu,T4,4.663,2.018,gcp,ci_pipeline,rag_qa_service_model,18
10d83689-89ec-4b23-86d3-afc9c3fd921d,energy_forecasting,transformer,xgboost,7cd3d31,bugfix/data_issue,energy_2,1337,2024-09-05T18:13:05.021537,2024-09-05T19:32:11.210998,success,,0.1882622926022499,0.1930292784198655,0.21695634782529166,rmse,0.0375,76,1.1e-05,16,77.452,single_gpu,V100,3.245,1.518,aws,scheduled_job,energy_forecasting_model,1
9a18e786-c4a5-4b83-9863-6ececc3d4b81,rag_qa_service,tabnet,xgboost,b6af7b6,experiment/new_arch,rag_corpus_2,789,2024-07-08T04:06:35.305890,2024-07-08T04:34:51.434322,success,,0.893209240414174,0.880903869135891,0.8697301759463244,f1,0.1135,72,0.00031,512,9.046,single_gpu,T4,1.759,0.555,azure,user,rag_qa_service_model,3
6f0c6b43-6669-4153-b885-ae0d71d1bfcf,recsys_clickthrough,lightgbm,pytorch,a52faa0,experiment/hyperparam,recsys_v5,789,2024-12-08T00:38:05.134120,2024-12-08T01:03:41.445607,failed,oom,,,,roc_auc,,25,0.00555,2048,0.549,single_gpu,V100,0.661,0.404,gcp,ci_pipeline,recsys_clickthrough_model,5
3c9b3d0e-56ab-4b6b-b03e-139eb27f342c,energy_forecasting,tabnet,lightgbm,fcf88a3,bugfix/data_issue,energy_5,1337,2024-04-15T09:55:25.779054,2024-04-15T10:30:26.640396,failed,oom,,,,rmse,,45,0.00073,256,6.42,cpu,,0.888,0.0,gcp,ci_pipeline,energy_forecasting_model,8
34afb064-9624-4ece-97c9-8a90f6812eb3,rag_qa_service,tabnet,tensorflow,842e5b8,main,rag_corpus_1,456,2024-05-06T13:47:14.281209,2024-05-06T14:01:59.149079,failed,nan_loss,,,,f1,,25,0.00141,512,6.555,multi_gpu,T4,1.313,1.58,on_prem,ci_pipeline,rag_qa_service_model,13
4637f029-c173-4414-af0c-48cebf167c1e,rag_qa_service,transformer,lightgbm,3ca094c,bugfix/data_issue,rag_corpus_1,2024,2024-08-17T03:41:39.487869,2024-08-17T04:15:05.198897,success,,0.8647105135003139,0.839307273702115,0.8254778425684333,f1,0.1302,22,4.7e-05,64,234.23,multi_gpu,V100,2.561,2.733,on_prem,ci_pipeline,rag_qa_service_model,19
dd7ebfb8-4cce-4e93-a2e0-8b088c739e56,rag_qa_service,tabnet,lightgbm,b2d597b,bugfix/data_issue,rag_corpus_3,2024,2024-07-10T09:37:40.976182,2024-07-10T09:58:44.964451,success,,0.8132270628802971,0.7991326775738746,0.792215883280896,f1,0.189,9,0.00052,512,6.129,multi_gpu,A100,2.462,0.794,gcp,ci_pipeline,rag_qa_service_model,9
3cd7ec0a-f0e0-44fc-afd1-0a736d28584d,fraud_detection,cnn,lightgbm,69a9014,bugfix/data_issue,fraud_v2,2024,2024-05-05T01:27:06.603656,2024-05-05T02:10:43.491286,failed,infra_error,,,,roc_auc,,53,0.00033,256,2.273,single_gpu,V100,0.788,0.653,azure,ci_pipeline,fraud_detection_model,13
33ea8ac0-24fa-4384-8abf-25e31910f8c8,recsys_clickthrough,lightgbm,tensorflow,d923fab,experiment/hyperparam,recsys_v4,123,2024-11-12T04:43:08.721577,2024-11-12T05:12:16.357866,success,,0.877799339674923,0.8588126480715312,0.8595665795340097,roc_auc,0.1354,24,0.01999,1024,2.763,single_gpu,A100,1.08,0.426,aws,scheduled_job,recsys_clickthrough_model,3
5fb77180-f9e6-4fba-b2fc-223281a29ee7,energy_forecasting,lightgbm,xgboost,cbe2f6f,develop,energy_4,1337,2024-03-21T21:40:21.471439,2024-03-21T23:15:55.947358,failed,oom,,,,rmse,,67,0.0587,512,0.455,single_gpu,V100,4.145,1.835,azure,ci_pipeline,energy_forecasting_model,13
6aca3b7e-5dd0-43a2-9a3a-a500415a2b5e,energy_forecasting,cnn,sklearn,f746d59,experiment/new_arch,energy_3,456,2024-03-22T20:03:02.756994,2024-03-22T20:27:25.035414,failed,early_stopped,,,,rmse,,64,0.00014,64,6.285,single_gpu,V100,0.802,0.479,aws,scheduled_job,energy_forecasting_model,6
9e523d20-8630-4bc7-8364-28cacece2812,fraud_detection,lightgbm,xgboost,d53c156,main,fraud_v3,456,2024-06-14T14:12:29.394980,2024-06-14T14:19:38.720236,failed,data_error,,,,roc_auc,,25,0.00161,512,1.437,single_gpu,V100,0.359,0.103,gcp,ci_pipeline,fraud_detection_model,7
1d5e611e-b81a-45d2-9039-cd383cf790d4,rag_qa_service,transformer,xgboost,1c7509f,develop,rag_corpus_1,456,2024-12-12T21:23:17.831702,2024-12-12T22:56:00.811290,success,,0.7886377975011417,0.7751237308127189,0.7633719433230014,f1,0.2155,61,0.000542,16,195.353,cpu,,8.782,0.0,aws,scheduled_job,rag_qa_service_model,20
772eb1b9-dac1-42cd-9da4-aa875611f9ea,fraud_detection,tabnet,xgboost,70b2742,bugfix/data_issue,fraud_v5,1337,2024-11-08T14:31:54.253489,2024-11-08T15:02:53.146594,failed,infra_error,,,,roc_auc,,74,0.00275,512,7.661,single_gpu,V100,0.856,0.505,gcp,scheduled_job,fraud_detection_model,2
d83b5ab3-4101-45a1-925d-0ab328646c73,energy_forecasting,tabnet,xgboost,6c84d2b,bugfix/data_issue,energy_3,2024,2024-11-22T00:10:39.559629,2024-11-22T01:24:21.690438,success,,0.19433436987406655,0.25909369784116026,0.29233893458351123,rmse,0.0538,43,0.00016,512,9.642,single_gpu,A100,4.509,1.116,azure,ci_pipeline,energy_forecasting_model,20
d94a016a-f481-4e21-9aab-61cb704f926f,energy_forecasting,lightgbm,xgboost,2fefc65,develop,energy_1,42,2024-01-16T15:35:03.901310,2024-01-16T16:21:29.626763,success,,0.12922616714698715,0.1459135732335583,0.1423245836779641,rmse,0.0254,33,0.00337,512,1.925,single_gpu,V100,2.397,0.839,gcp,user,energy_forecasting_model,4
fe8b0196-9639-4bdd-b3cc-f3948571cd7d,energy_forecasting,cnn,sklearn,3578a6b,main,energy_3,456,2024-04-13T19:01:10.643158,2024-04-13T19:27:22.150812,failed,infra_error,,,,rmse,,31,0.0009,128,19.842,multi_gpu,V100,2.891,1.424,on_prem,scheduled_job,energy_forecasting_model,15
4dec5541-461a-4d96-9731-c2c8505d3132,energy_forecasting,transformer,pytorch,b2dfbe4,main,energy_5,123,2024-10-20T23:10:13.829081,2024-10-20T23:48:31.438448,failed,nan_loss,,,,rmse,,11,0.000101,16,85.415,single_gpu,A100,1.422,0.71,aws,user,energy_forecasting_model,20
71c41de4-e00a-4a7d-9032-1a8586b672b2,recsys_clickthrough,xgboost,tensorflow,90be867,develop,recsys_v5,789,2024-05-05T22:15:43.886417,2024-05-05T22:37:08.164234,failed,nan_loss,,,,roc_auc,,61,0.06391,2048,1.818,single_gpu,V100,0.763,0.357,on_prem,user,recsys_clickthrough_model,12
446d8877-3803-4aef-805a-63be0c0a4568,rag_qa_service,transformer,tensorflow,4f84229,main,rag_corpus_3,123,2024-08-13T19:02:12.744628,2024-08-13T19:53:23.424416,failed,early_stopped,,,,f1,,9,0.000162,32,176.769,multi_gpu,V100,4.195,4.29,gcp,user,rag_qa_service_model,15
ad80595a-1f1a-4b5b-b472-25a64e8ae2e3,fraud_detection,transformer,pytorch,1a3cbea,develop,fraud_v1,456,2024-03-07T08:28:26.037698,2024-03-07T09:11:50.541585,success,,0.8645081527337514,0.8559976256827486,0.8636274927469463,roc_auc,0.1366,15,0.000121,16,56.702,single_gpu,A100,2.386,0.849,gcp,ci_pipeline,fraud_detection_model,14
0f0acedf-9678-4cfc-8e3b-c3306adb55a7,energy_forecasting,tabnet,sklearn,a3832ab,develop,energy_5,1337,2024-03-15T03:54:49.682498,2024-03-15T04:11:43.884420,failed,infra_error,,,,rmse,,62,0.00017,512,9.373,single_gpu,V100,0.437,0.254,on_prem,user,energy_forecasting_model,6
2a0d0485-b8de-4f34-8569-4937bcb6a24c,rag_qa_service,cnn,pytorch,f944cc9,main,rag_corpus_2,789,2024-08-08T07:36:03.669612,2024-08-08T07:47:53.094522,failed,nan_loss,,,,f1,,11,0.00388,128,9.67,multi_gpu,T4,0.596,0.71,gcp,user,rag_qa_service_model,11
cf51edbc-3329-4a4d-b4a9-ed4b8d87ee5f,recsys_clickthrough,tabnet,lightgbm,ceb3bd2,bugfix/data_issue,recsys_v5,123,2024-02-17T16:39:16.402034,2024-02-17T16:53:48.897778,failed,oom,,,,roc_auc,,53,0.00104,512,1.901,cpu,,1.28,0.0,aws,ci_pipeline,recsys_clickthrough_model,7
af810539-3655-4338-b174-47043e088f1a,recsys_clickthrough,xgboost,sklearn,489fe88,bugfix/data_issue,recsys_v4,456,2024-09-06T12:18:44.391158,2024-09-06T13:51:11.110086,failed,infra_error,,,,roc_auc,,71,0.06987,512,2.746,single_gpu,A100,5.914,1.383,azure,user,recsys_clickthrough_model,2
bd01f39e-f597-44c3-be95-ccd1e34338c6,recsys_clickthrough,xgboost,tensorflow,f3619c5,experiment/new_arch,recsys_v1,456,2024-10-31T20:12:45.192100,2024-10-31T20:58:06.099943,success,,0.8319291991132879,0.815801291697455,0.8152914091257509,roc_auc,0.1637,76,0.00067,512,0.977,single_gpu,T4,2.785,0.899,aws,user,recsys_clickthrough_model,19
17462cd0-af6a-41c3-a183-387137d3e011,energy_forecasting,xgboost,sklearn,47ab393,main,energy_5,789,2024-12-28T03:28:58.927336,2024-12-28T04:03:16.673848,success,,0.18652884004038078,0.19980705343815228,0.26184419504217943,rmse,0.0168,80,0.00222,512,1.473,cpu,,3.025,0.0,gcp,user,energy_forecasting_model,5
c9f988c3-0b07-4ce0-a6f6-331a527731e3,rag_qa_service,xgboost,pytorch,b12def6,develop,rag_corpus_1,42,2024-08-09T03:08:05.522244,2024-08-09T03:46:57.993788,failed,oom,,,,f1,,54,0.00041,1024,2.039,cpu,,4.561,0.0,aws,user,rag_qa_service_model,6
d6426972-ebd8-472f-916b-a872b26e628c,fraud_detection,xgboost,xgboost,b7baece,develop,fraud_v5,2024,2024-09-23T08:00:17.955228,2024-09-23T08:42:15.633798,success,,0.8643770233777037,0.8572273318604523,0.8668577143834821,roc_auc,0.1231,51,0.043,1024,2.752,cpu,,1.998,0.0,azure,scheduled_job,fraud_detection_model,7
d82b6952-59a3-4b28-9fe2-82e781f05c22,fraud_detection,lightgbm,lightgbm,aa482c2,main,fraud_v3,42,2024-10-15T06:58:19.615095,2024-10-15T07:32:55.576136,success,,0.8866873129668187,0.8870246616338994,0.8822231544886481,roc_auc,0.0652,76,0.00041,512,2.189,multi_gpu,A100,2.691,2.04,gcp,ci_pipeline,fraud_detection_model,11
2d3b5e55-1f0d-42d3-b632-b52327410b27,recsys_clickthrough,lightgbm,xgboost,42d9b5f,experiment/new_arch,recsys_v1,2024,2024-09-25T15:12:47.770614,2024-09-25T15:27:22.137528,success,,0.7959694324709515,0.7757410177554439,0.7719320940368596,roc_auc,0.1925,77,0.08124,512,1.961,cpu,,0.283,0.0,gcp,scheduled_job,recsys_clickthrough_model,1
d137766d-521d-488f-88e0-7b189ee94544,fraud_detection,lightgbm,lightgbm,1465554,develop,fraud_v2,42,2024-04-04T15:58:10.730872,2024-04-04T16:26:09.253456,success,,0.847852827195095,0.8326277264929899,0.8789760706082856,roc_auc,0.1578,64,0.02489,512,1.857,cpu,,2.328,0.0,gcp,user,fraud_detection_model,14
bc592e58-8fab-4318-9354-d606ea54da1b,fraud_detection,cnn,xgboost,237090b,main,fraud_v4,789,2024-11-10T14:48:25.842363,2024-11-10T15:23:55.273484,success,,0.8781490320331081,0.8683279818031916,0.8536819810732347,roc_auc,0.1209,19,0.00484,64,14.725,cpu,,0.914,0.0,on_prem,scheduled_job,fraud_detection_model,17
d7b1e9a3-8e65-4e45-9a91-eccd65c0feb8,fraud_detection,cnn,tensorflow,4ddaa3b,experiment/hyperparam,fraud_v1,123,2024-01-22T09:45:16.705128,2024-01-22T10:01:04.827690,success,,0.8251854110811783,0.8203085841857692,0.8348067479435785,roc_auc,0.1613,75,0.00053,128,13.148,cpu,,0.501,0.0,azure,ci_pipeline,fraud_detection_model,15
17c67a93-ec8a-49f3-9cd8-209d9ded7d50,energy_forecasting,transformer,tensorflow,959c54d,develop,energy_3,789,2024-11-03T04:13:47.071925,2024-11-03T04:24:20.649911,success,,0.25810910667398584,0.24287665765644922,0.23769725266357336,rmse,0.051,17,5.3e-05,16,38.593,single_gpu,V100,0.698,0.144,on_prem,user,energy_forecasting_model,18
897a89fe-5e2e-4b1c-ac09-1d3d18258294,fraud_detection,xgboost,xgboost,13cb637,experiment/hyperparam,fraud_v1,789,2024-02-29T02:01:09.723716,2024-02-29T05:02:27.117278,failed,infra_error,,,,roc_auc,,49,0.01808,2048,0.297,cpu,,7.12,0.0,aws,user,fraud_detection_model,5
e8bcbafd-85de-4e48-a29b-56a1d7186d46,fraud_detection,xgboost,tensorflow,b730737,develop,fraud_v3,42,2024-12-19T14:28:18.175479,2024-12-19T15:18:37.827094,success,,0.855209154932767,0.8449172498934112,0.8553868603453627,roc_auc,0.1201,28,0.00094,1024,1.763,single_gpu,V100,1.38,0.96,azure,scheduled_job,fraud_detection_model,6
a43dd4ef-bd96-442d-8afc-685c57a3403a,fraud_detection,lightgbm,sklearn,065da7b,bugfix/data_issue,fraud_v3,789,2024-01-11T20:01:56.072916,2024-01-11T20:23:53.781418,success,,0.9008761321578055,0.8903622780515623,0.9143386748819299,roc_auc,0.082,28,0.00042,512,0.879,cpu,,2.042,0.0,aws,ci_pipeline,fraud_detection_model,13
2c349f50-27db-4020-b5d2-a8718ec694d7,recsys_clickthrough,transformer,tensorflow,de62513,develop,recsys_v4,42,2024-01-12T17:03:40.871769,2024-01-12T20:03:04.587524,success,,0.7326518630532975,0.7243687138269904,0.7332334757886947,roc_auc,0.2673,42,3.4e-05,16,147.386,single_gpu,V100,7.213,3.237,on_prem,scheduled_job,recsys_clickthrough_model,19
6abe0d63-1cdf-4102-a05b-613b027fcd15,fraud_detection,xgboost,sklearn,09a140a,bugfix/data_issue,fraud_v2,1337,2024-10-07T10:04:07.788030,2024-10-07T10:27:19.218523,success,,0.8864746405006619,0.8788569772512181,0.8726992000102722,roc_auc,0.1499,34,0.00726,1024,0.588,cpu,,2.444,0.0,azure,ci_pipeline,fraud_detection_model,3
f66c89b2-77f7-43c9-86a5-b6cd0bcc1b1a,energy_forecasting,lightgbm,sklearn,4909a97,experiment/new_arch,energy_5,1337,2024-12-27T05:45:12.727327,2024-12-27T06:52:19.238395,success,,0.2271756285747942,0.23683733236996155,0.2643057163682427,rmse,0.0538,78,0.00502,1024,1.182,single_gpu,A100,2.774,1.154,aws,scheduled_job,energy_forecasting_model,4
ec8a9b2b-0d94-46dd-9c19-6ca3946cde7d,rag_qa_service,transformer,xgboost,8466134,main,rag_corpus_4,789,2024-07-27T10:07:00.513395,2024-07-27T10:26:59.523500,success,,0.7510237043776995,0.7392621998588226,0.7080166913690885,f1,0.2437,26,1.7e-05,32,42.035,single_gpu,T4,0.86,0.32,gcp,user,rag_qa_service_model,17
3a6a7bda-b28a-4665-b75c-9f8cacf6b01d,energy_forecasting,tabnet,xgboost,ef70be2,experiment/new_arch,energy_2,42,2024-03-19T05:38:17.115610,2024-03-19T06:12:04.650502,failed,infra_error,,,,rmse,,14,0.00237,256,3.591,cpu,,0.937,0.0,on_prem,user,energy_forecasting_model,6
6aebf329-bc10-4b85-9347-597726138324,fraud_detection,cnn,sklearn,de8f15b,bugfix/data_issue,fraud_v5,1337,2024-08-05T08:21:06.217528,2024-08-05T09:00:00.595429,failed,early_stopped,,,,roc_auc,,5,0.00895,128,6.439,multi_gpu,T4,2.946,3.825,aws,ci_pipeline,fraud_detection_model,19
6fa01e21-d3a0-4b74-99ff-8d5616a43f5d,energy_forecasting,tabnet,sklearn,ddfee42,main,energy_4,456,2024-07-09T12:14:58.279287,2024-07-09T12:26:27.578645,success,,0.23387006817883085,0.2445503431231907,0.24281950865344445,rmse,0.0375,4,0.00013,512,2.044,single_gpu,A100,0.706,0.206,on_prem,ci_pipeline,energy_forecasting_model,6
6b5bf12e-0274-4b18-92d2-1333f81ffa3a,fraud_detection,xgboost,tensorflow,865ad23,bugfix/data_issue,fraud_v1,456,2024-08-05T10:09:36.742216,2024-08-05T10:25:42.258189,failed,early_stopped,,,,roc_auc,,66,0.0011,2048,2.042,cpu,,2.091,0.0,aws,scheduled_job,fraud_detection_model,6
caebbfb6-d0f9-4357-9c66-266bc6e29c83,rag_qa_service,tabnet,xgboost,2b6fada,main,rag_corpus_3,42,2024-08-02T22:15:11.200118,2024-08-02T22:56:14.731865,success,,0.7594448044938991,0.7201721035691657,0.6953132269283939,f1,0.2221,77,0.00071,256,4.744,single_gpu,A100,1.206,0.773,aws,scheduled_job,rag_qa_service_model,4
b39ebdbe-b81b-4ff8-ba00-43cb7f55b2df,energy_forecasting,transformer,sklearn,7837ac8,develop,energy_3,2024,2024-05-17T17:54:31.412589,2024-05-17T18:18:06.729542,success,,0.21701783085389353,0.18465961369865705,0.16870112204788085,rmse,0.0445,40,1.5e-05,16,219.953,cpu,,0.933,0.0,on_prem,ci_pipeline,energy_forecasting_model,2
cb59518d-20ea-4699-ab25-9cc37b917289,rag_qa_service,cnn,xgboost,68be648,develop,rag_corpus_1,789,2024-01-05T05:44:58.450644,2024-01-05T06:48:22.254600,failed,early_stopped,,,,f1,,48,0.00215,64,6.438,single_gpu,T4,2.515,0.927,on_prem,user,rag_qa_service_model,14
abb76aba-18fd-41c9-ab67-283fefa09ff9,energy_forecasting,tabnet,xgboost,289c388,bugfix/data_issue,energy_2,1337,2024-01-15T23:55:49.258296,2024-01-16T00:11:23.089468,success,,0.15376102398029284,0.19250758948087,0.16734242375672242,rmse,0.0359,22,0.00026,512,0.719,multi_gpu,T4,1.914,0.847,azure,ci_pipeline,energy_forecasting_model,15
a173fa4e-4881-4d6a-8b0c-460cbfa9dd20,fraud_detection,transformer,sklearn,9143d9c,develop,fraud_v3,2024,2024-10-02T18:06:05.924745,2024-10-02T18:50:28.906651,failed,infra_error,,,,roc_auc,,30,3.3e-05,16,202.232,single_gpu,T4,0.998,0.75,on_prem,ci_pipeline,fraud_detection_model,14
c965286a-c113-4841-ad7a-4928a9f62228,fraud_detection,cnn,pytorch,f04815d,main,fraud_v2,456,2024-11-26T20:19:07.524544,2024-11-26T21:54:45.409803,failed,early_stopped,,,,roc_auc,,18,0.00075,128,6.09,single_gpu,V100,4.482,1.831,on_prem,user,fraud_detection_model,14
abfb4219-522c-4eca-87fb-c2530d376c8f,energy_forecasting,xgboost,pytorch,b4c6d7b,main,energy_5,123,2024-09-12T13:42:17.114439,2024-09-12T13:56:39.591095,success,,0.1787505781004721,0.20588292123936316,0.17125391620627162,rmse,0.0365,73,0.00139,1024,1.49,cpu,,0.856,0.0,aws,user,energy_forecasting_model,4
fc2be3c6-ca4d-409f-80e5-5fc7504b728b,energy_forecasting,xgboost,lightgbm,48fcd9e,experiment/new_arch,energy_3,1337,2024-06-03T02:20:29.477842,2024-06-03T03:21:04.544054,success,,0.24983628230048088,0.2318770920743411,0.23377630841182176,rmse,0.073,67,0.01085,1024,1.069,single_gpu,A100,3.487,0.823,on_prem,scheduled_job,energy_forecasting_model,19
c899d05e-aaae-41fb-b0da-28f487d21d14,energy_forecasting,xgboost,tensorflow,545a19b,develop,energy_1,2024,2024-10-12T01:57:46.631157,2024-10-12T02:17:08.862434,success,,0.20536364552572792,0.2106017515546274,0.23731957653785687,rmse,0.0398,17,0.00397,1024,1.539,single_gpu,T4,0.714,0.346,on_prem,user,energy_forecasting_model,16
ec17cef7-4b61-4e40-b0b6-58f4b717999f,fraud_detection,transformer,sklearn,39c8663,develop,fraud_v1,1337,2024-07-30T10:23:42.526845,2024-07-30T10:43:04.919167,success,,0.888386265092728,0.8893767126082768,0.9081609675376263,roc_auc,0.1148,3,4.7e-05,32,179.455,single_gpu,V100,1.157,0.268,aws,user,fraud_detection_model,1
508c7a61-0d54-4d2f-a77f-8f7441b02378,energy_forecasting,lightgbm,tensorflow,892466d,bugfix/data_issue,energy_5,789,2024-06-06T10:32:18.404939,2024-06-06T11:21:02.729527,success,,0.2464208152445859,0.23409944069123598,0.22877756829309032,rmse,0.0511,23,0.00345,1024,1.048,multi_gpu,T4,4.582,6.16,azure,user,energy_forecasting_model,10
e78af9ac-679b-4c4a-a9b2-0f2a4389cc09,energy_forecasting,transformer,tensorflow,77807fc,develop,energy_2,1337,2024-10-20T22:07:05.261542,2024-10-20T22:27:37.645906,failed,data_error,,,,rmse,,50,0.000375,16,35.787,cpu,,1.227,0.0,on_prem,scheduled_job,energy_forecasting_model,13
2032db1c-dd3d-43dd-8456-b0ade4e06461,recsys_clickthrough,lightgbm,lightgbm,541a95e,main,recsys_v4,123,2024-11-08T06:50:28.602464,2024-11-08T09:58:12.594329,failed,infra_error,,,,roc_auc,,26,0.02097,1024,1.129,cpu,,16.548,0.0,gcp,scheduled_job,recsys_clickthrough_model,16
d21fe8f3-3d31-4bcb-8410-695a1e2cea61,rag_qa_service,cnn,lightgbm,251014f,main,rag_corpus_3,1337,2024-10-24T13:54:03.874616,2024-10-24T14:33:11.969198,success,,0.7746111587518822,0.7800554972343647,0.7923775965306615,f1,0.2421,71,0.00148,64,11.405,single_gpu,A100,1.906,0.589,on_prem,user,rag_qa_service_model,4
caff5341-c928-40b7-87ef-a220c906592b,rag_qa_service,tabnet,xgboost,f778319,experiment/hyperparam,rag_corpus_4,42,2024-12-05T19:25:54.543563,2024-12-05T19:48:59.838893,success,,0.8496617999686488,0.8382958260127612,0.838930457962068,f1,0.136,24,0.00064,512,4.24,single_gpu,V100,0.606,0.317,gcp,ci_pipeline,rag_qa_service_model,14
6ba9010c-fb7e-4197-840a-37f98e932037,fraud_detection,lightgbm,sklearn,e083c73,experiment/hyperparam,fraud_v5,2024,2024-05-20T20:12:58.971156,2024-05-20T21:06:48.531284,success,,0.9222805835026189,0.9220329927536216,0.9551592791209422,roc_auc,0.0658,24,0.03751,2048,2.141,cpu,,6.836,0.0,on_prem,scheduled_job,fraud_detection_model,9
29d5b817-51b4-4c6b-96cb-486779e7b713,recsys_clickthrough,cnn,pytorch,18c8e5c,experiment/hyperparam,recsys_v1,42,2024-09-03T16:11:19.493517,2024-09-03T16:26:08.683065,success,,0.8136274657379154,0.8113234003829385,0.8178442879102557,roc_auc,0.1864,62,0.00104,128,11.043,multi_gpu,V100,1.695,1.584,azure,scheduled_job,recsys_clickthrough_model,5
01eef22b-7ae2-4387-a2ed-bea76b8df870,recsys_clickthrough,xgboost,sklearn,23ef48c,experiment/new_arch,recsys_v5,2024,2024-10-24T16:38:47.066882,2024-10-24T18:16:49.846253,success,,0.8358970070064221,0.8474343127443367,0.8563739470845337,roc_auc,0.1513,29,0.05436,1024,2.768,cpu,,2.265,0.0,on_prem,user,recsys_clickthrough_model,10
cdfbceb7-33da-4a09-9ee0-27d029bb92b2,recsys_clickthrough,transformer,pytorch,0d86217,main,recsys_v5,42,2024-10-19T10:28:40.825748,2024-10-19T11:57:58.741598,success,,0.8558662868517065,0.8449234939155638,0.8241961962329218,roc_auc,0.1275,35,0.000681,16,217.539,cpu,,8.487,0.0,on_prem,scheduled_job,recsys_clickthrough_model,7
9f199e16-b1f1-4e7c-ad66-8408e23c44d5,fraud_detection,transformer,xgboost,ff58d4e,experiment/hyperparam,fraud_v2,456,2024-01-05T07:30:07.374607,2024-01-05T09:05:26.785910,success,,0.8891083643386057,0.8830482311510369,0.8911147540065641,roc_auc,0.117,63,0.000289,32,166.121,cpu,,2.414,0.0,aws,ci_pipeline,fraud_detection_model,10
c4f3b0e6-a819-4eab-889d-4bbe1d292163,fraud_detection,transformer,tensorflow,f44a540,bugfix/data_issue,fraud_v2,1337,2024-11-16T20:06:42.093384,2024-11-16T20:24:53.650494,success,,0.8853104516182271,0.8855637905235516,0.8939538503914667,roc_auc,0.0847,73,0.000145,32,273.13,cpu,,0.983,0.0,on_prem,user,fraud_detection_model,1
90ba619a-37e0-4fb4-b0f6-01cc87330378,energy_forecasting,lightgbm,xgboost,18f8486,bugfix/data_issue,energy_5,1337,2024-06-04T08:07:27.201286,2024-06-04T09:13:12.722941,success,,0.13856802211916705,0.15823220420044598,0.18541564125371376,rmse,0.0173,64,0.00107,1024,1.008,single_gpu,A100,1.684,1.272,aws,ci_pipeline,energy_forecasting_model,5
e7e991cf-9489-43bf-b5e8-d72431c64c46,rag_qa_service,xgboost,tensorflow,da43cdf,bugfix/data_issue,rag_corpus_4,2024,2024-04-02T05:04:01.547654,2024-04-02T05:20:21.822897,success,,0.8103638313120359,0.7913131658284405,0.7879536391239389,f1,0.1881,60,0.01685,2048,1.589,single_gpu,T4,0.804,0.315,gcp,user,rag_qa_service_model,17
56cbd3d5-5b98-4163-b69f-1bb7001ee32d,recsys_clickthrough,lightgbm,xgboost,c21a80e,develop,recsys_v5,123,2024-12-24T22:37:53.794366,2024-12-25T00:07:29.842009,failed,oom,,,,roc_auc,,18,0.01019,512,1.044,cpu,,11.775,0.0,gcp,user,recsys_clickthrough_model,1
ceec80a5-5b0d-4cfc-910a-8e3220ed7be5,recsys_clickthrough,lightgbm,pytorch,e0b661e,bugfix/data_issue,recsys_v5,2024,2024-11-12T18:14:26.547517,2024-11-12T18:41:48.576639,failed,oom,,,,roc_auc,,73,0.00207,512,1.908,multi_gpu,A100,1.066,0.978,on_prem,scheduled_job,recsys_clickthrough_model,7
6f3e0e4f-117a-4801-a7d5-9c4065570c0d,energy_forecasting,transformer,sklearn,4e38eaa,main,energy_5,1337,2024-10-02T14:49:34.395532,2024-10-02T15:25:05.278410,failed,data_error,,,,rmse,,43,7.9e-05,16,113.153,multi_gpu,V100,2.74,2.117,on_prem,scheduled_job,energy_forecasting_model,19
ffc56ef3-bd08-4f3a-98e0-7e8f6119a3ba,energy_forecasting,xgboost,sklearn,0bf7ce0,experiment/hyperparam,energy_3,2024,2024-08-02T17:44:17.978413,2024-08-02T18:29:04.075118,success,,0.18364156357628925,0.18546255682238683,0.2153547606730604,rmse,0.0433,8,0.00612,2048,0.68,multi_gpu,T4,2.923,4.142,azure,scheduled_job,energy_forecasting_model,14
1f470aac-8091-4a03-b3f8-4f721af09cd9,rag_qa_service,transformer,tensorflow,10ae411,develop,rag_corpus_3,42,2024-10-21T20:00:09.462509,2024-10-21T21:08:56.985274,success,,0.8054275757941537,0.7800988422377906,0.7464734801395239,f1,0.1774,63,9e-05,64,199.838,single_gpu,T4,1.278,1.202,on_prem,user,rag_qa_service_model,17
4b0ab470-33f1-48d5-bc92-a28490d99fba,fraud_detection,cnn,xgboost,c684289,bugfix/data_issue,fraud_v4,123,2024-05-21T18:30:32.598408,2024-05-21T19:46:12.465992,success,,0.9113461911453304,0.9006010952070627,0.9159855769151514,roc_auc,0.1415,74,0.00552,256,7.504,multi_gpu,T4,8.347,6.77,gcp,ci_pipeline,fraud_detection_model,19
8a332f96-daac-43c0-b3f9-68dc59776a3e,fraud_detection,transformer,xgboost,fa79559,develop,fraud_v3,789,2024-11-04T00:30:08.224704,2024-11-04T01:17:32.899564,success,,0.8887043148260552,0.8714798449738453,0.866000632100787,roc_auc,0.1591,5,0.000315,16,290.113,multi_gpu,V100,1.929,1.834,aws,user,fraud_detection_model,5
d3d5de16-3fd9-4010-90b7-93375a4fd578,rag_qa_service,cnn,lightgbm,da9d20f,bugfix/data_issue,rag_corpus_1,1337,2024-05-14T12:26:36.437996,2024-05-14T13:03:30.064020,success,,0.7821178474399486,0.7663533339887244,0.728639434783403,f1,0.2216,68,0.00312,128,6.922,single_gpu,T4,1.18,0.698,on_prem,scheduled_job,rag_qa_service_model,4
1b75a301-65c5-405d-9cbb-9a8add3600b0,rag_qa_service,transformer,lightgbm,41b7621,bugfix/data_issue,rag_corpus_5,123,2024-04-12T07:41:54.699833,2024-04-12T08:25:21.811831,success,,0.7365381485618439,0.713171574984254,0.7518875573598549,f1,0.2699,23,6.7e-05,16,213.07,multi_gpu,T4,2.943,2.653,on_prem,user,rag_qa_service_model,20
547a5f48-f9ec-4e6c-bef5-f344dfaccd9c,rag_qa_service,cnn,xgboost,97cee4b,experiment/hyperparam,rag_corpus_2,42,2024-10-27T12:10:25.192696,2024-10-27T13:19:19.692070,success,,0.7993404666650852,0.7866979190290118,0.7856895712736607,f1,0.2156,8,0.00012,128,7.968,single_gpu,A100,1.965,1.124,azure,scheduled_job,rag_qa_service_model,14
5778f3b8-dd77-45af-a3c8-ff2fd6166779,recsys_clickthrough,xgboost,xgboost,2d5db0b,main,recsys_v4,123,2024-12-03T17:59:06.506027,2024-12-03T18:34:08.115320,success,,0.81477992163716,0.8134918519372363,0.8149349166736715,roc_auc,0.2,24,0.00033,1024,2.27,single_gpu,V100,2.165,0.5,azure,user,recsys_clickthrough_model,5
aeb3cf4c-aca7-40d6-a2de-c9e436202b1d,energy_forecasting,transformer,pytorch,8e9ee40,experiment/new_arch,energy_5,2024,2024-12-11T01:00:07.356354,2024-12-11T01:16:47.942414,success,,0.2587051813377481,0.23437368768403696,0.1978959074985076,rmse,0.0556,14,1e-05,16,246.839,single_gpu,T4,0.351,0.293,azure,user,energy_forecasting_model,14
85956061-5248-47b7-b5ff-7591b096da86,fraud_detection,transformer,xgboost,ec57058,main,fraud_v1,42,2024-07-28T15:24:06.827772,2024-07-28T16:04:57.943971,success,,0.8483513673309305,0.83480262930157,0.8217699381267936,roc_auc,0.1729,14,0.000296,16,104.345,cpu,,2.889,0.0,gcp,scheduled_job,fraud_detection_model,6
d8623dad-46b2-4889-b6e9-cb4854ce460c,rag_qa_service,xgboost,sklearn,b3dc093,main,rag_corpus_4,42,2024-10-22T12:38:20.442493,2024-10-22T12:57:01.481377,success,,0.8042005922114113,0.8026627250642886,0.8247435394470131,f1,0.205,35,0.01661,1024,0.472,single_gpu,A100,0.709,0.28,aws,ci_pipeline,rag_qa_service_model,3
2dc6b85f-f943-4110-a857-bc0a792af9ca,energy_forecasting,tabnet,tensorflow,b3ac868,develop,energy_4,456,2024-02-17T23:59:03.624198,2024-02-18T00:14:52.045609,failed,early_stopped,,,,rmse,,14,0.00015,512,4.22,single_gpu,V100,0.827,0.28,on_prem,ci_pipeline,energy_forecasting_model,17
de00faab-21f9-48fe-86da-d5606097e2b3,recsys_clickthrough,transformer,pytorch,cc1eb14,main,recsys_v2,456,2024-10-09T18:13:29.286580,2024-10-09T18:27:25.896130,failed,nan_loss,,,,roc_auc,,40,5.7e-05,32,48.825,multi_gpu,T4,1.467,1.167,gcp,ci_pipeline,recsys_clickthrough_model,12
43ae1a28-752f-49ed-b884-830199aa2fff,rag_qa_service,cnn,xgboost,cd5e60d,bugfix/data_issue,rag_corpus_4,42,2024-09-29T01:06:27.316571,2024-09-29T02:00:50.199269,success,,0.791640467330855,0.7814231724209578,0.7106152144592265,f1,0.2316,72,0.00262,128,5.73,multi_gpu,T4,3.577,3.63,gcp,ci_pipeline,rag_qa_service_model,7
09825c84-e8d0-42f9-889c-cf5023fc969b,energy_forecasting,lightgbm,tensorflow,c6fef4e,bugfix/data_issue,energy_1,456,2024-05-01T21:46:27.370516,2024-05-01T21:55:37.897564,success,,0.25506411030971987,0.22270312819433494,0.21376515209033603,rmse,0.0602,49,0.06465,1024,0.171,multi_gpu,V100,0.839,0.81,azure,scheduled_job,energy_forecasting_model,20
e610a584-9e4c-4050-8248-364baf1d5bdf,energy_forecasting,cnn,sklearn,5632d98,experiment/hyperparam,energy_3,42,2024-01-16T12:20:43.075831,2024-01-16T12:43:36.279986,failed,oom,,,,rmse,,15,0.00034,64,1.719,single_gpu,A100,0.522,0.456,aws,user,energy_forecasting_model,15
660566fe-8a19-4fa0-bdf4-6462a7ab8870,rag_qa_service,xgboost,xgboost,f054fa0,develop,rag_corpus_2,2024,2024-01-09T16:25:36.283859,2024-01-09T16:47:08.235513,success,,0.7579465318026796,0.7627706732132683,0.7533722802154288,f1,0.2085,13,0.00059,2048,2.186,single_gpu,T4,1.279,0.324,azure,ci_pipeline,rag_qa_service_model,6
f888544f-2cef-4ad5-a04c-c142ba81efc2,fraud_detection,xgboost,pytorch,2ece5f0,experiment/new_arch,fraud_v1,42,2024-04-26T14:53:09.784571,2024-04-26T15:28:30.252461,success,,0.8228350924726252,0.8305608781262398,0.8251066786877156,roc_auc,0.2114,78,0.07101,2048,2.727,single_gpu,T4,1.591,0.555,gcp,scheduled_job,fraud_detection_model,15
b75be9d0-72c3-4fef-8f02-79a992c38584,energy_forecasting,xgboost,lightgbm,4f7cbd7,bugfix/data_issue,energy_1,456,2024-09-15T12:40:53.875729,2024-09-15T13:31:38.278523,success,,0.13417389700771362,0.13388429472730173,0.10910009874945764,rmse,0.0087,11,0.00055,2048,0.681,single_gpu,A100,1.895,0.746,aws,user,energy_forecasting_model,1
f6276ab8-9402-499c-92eb-8fc70189d26c,rag_qa_service,cnn,xgboost,34b3e14,develop,rag_corpus_1,123,2024-06-05T08:51:22.354461,2024-06-05T10:14:10.501371,success,,0.8543331843420543,0.8457815931094123,0.8738579230475738,f1,0.1534,15,0.00547,256,11.798,single_gpu,T4,3.2,1.141,aws,user,rag_qa_service_model,11
06332dd7-8ca5-4036-9063-b648711ebd98,recsys_clickthrough,tabnet,tensorflow,5cea506,main,recsys_v1,789,2024-12-17T18:29:09.493607,2024-12-17T18:46:54.320066,success,,0.8226094104495643,0.819347311506159,0.8384980547717544,roc_auc,0.1231,73,0.00011,512,3.381,cpu,,1.741,0.0,aws,user,recsys_clickthrough_model,3
f7abe44f-c05c-4928-8a54-e3e9051fc11a,rag_qa_service,transformer,lightgbm,4cef8b2,develop,rag_corpus_2,1337,2024-11-05T14:54:56.515652,2024-11-05T15:25:13.023453,success,,0.7514155008980814,0.7523869373943696,0.8096847190648367,f1,0.2859,3,6.6e-05,16,84.778,single_gpu,A100,0.711,0.443,azure,scheduled_job,rag_qa_service_model,16
1f3a4507-e079-48d4-a221-c10ac76c74ba,rag_qa_service,transformer,pytorch,502507f,experiment/hyperparam,rag_corpus_3,123,2024-11-24T01:52:22.712186,2024-11-24T02:08:52.118490,success,,0.8789443610012398,0.8591058375651783,0.8622530008295948,f1,0.1115,35,0.000197,64,32.535,single_gpu,V100,0.319,0.27,aws,user,rag_qa_service_model,19
f80c5dec-e962-4df8-9042-e873c9ba34b4,fraud_detection,lightgbm,xgboost,b2c4d1b,main,fraud_v5,42,2024-08-22T18:00:11.090625,2024-08-22T18:15:19.405317,success,,0.8857342031605475,0.8620331846244438,0.8800226782182675,roc_auc,0.1136,3,0.00196,512,1.26,multi_gpu,A100,0.732,1.267,aws,ci_pipeline,fraud_detection_model,18
8bb6b24e-2a58-4c5b-b978-eb50990ca222,rag_qa_service,tabnet,tensorflow,32e1632,main,rag_corpus_3,2024,2024-05-02T02:19:22.050677,2024-05-02T02:50:47.824867,success,,0.892286965196879,0.8739937274710504,0.8582024393582093,f1,0.1135,14,0.00033,256,8.907,multi_gpu,V100,2.861,1.743,on_prem,user,rag_qa_service_model,19
64e0f18b-6044-4cea-b1f5-f7fe0479b2d1,rag_qa_service,cnn,pytorch,63d6c20,develop,rag_corpus_4,456,2024-05-09T02:36:52.315419,2024-05-09T03:03:29.824044,success,,0.7589551359038252,0.7484298722216721,0.7295311045543741,f1,0.2483,6,0.00062,128,10.352,single_gpu,T4,1.616,0.428,azure,ci_pipeline,rag_qa_service_model,20
da2527e7-9dbd-4386-8673-225cd73a9289,recsys_clickthrough,xgboost,lightgbm,1cd3c03,develop,recsys_v1,2024,2024-10-17T06:29:32.752351,2024-10-17T06:58:37.614168,failed,infra_error,,,,roc_auc,,76,0.01317,2048,2.165,single_gpu,T4,0.744,0.403,azure,ci_pipeline,recsys_clickthrough_model,1
20e027bc-5041-42fc-a53f-f49b1a688f08,energy_forecasting,tabnet,sklearn,6c83581,bugfix/data_issue,energy_3,1337,2024-09-30T14:42:43.218027,2024-09-30T15:01:34.152614,success,,0.21684770424312969,0.19975466180359128,0.17045973910906376,rmse,0.0571,9,0.0076,256,2.976,multi_gpu,T4,2.237,2.256,aws,scheduled_job,energy_forecasting_model,8
6edd16e2-73c6-43e1-962b-eacff8500d30,rag_qa_service,tabnet,xgboost,d1f92e7,develop,rag_corpus_5,456,2024-05-01T01:40:54.683186,2024-05-01T02:04:26.348252,failed,nan_loss,,,,f1,,64,0.00105,256,6.06,single_gpu,T4,0.815,0.388,aws,user,rag_qa_service_model,2
b416aeda-933d-48ce-a6e8-a5bc6360245c,recsys_clickthrough,tabnet,pytorch,98ad3a2,experiment/hyperparam,recsys_v1,456,2024-04-11T17:48:10.077545,2024-04-11T18:14:53.102631,failed,infra_error,,,,roc_auc,,11,0.00053,256,6.59,single_gpu,A100,1.649,0.385,gcp,scheduled_job,recsys_clickthrough_model,19
e0ffda60-105b-47e4-a5df-39164e0ce94c,recsys_clickthrough,xgboost,pytorch,bb2af4b,develop,recsys_v2,123,2024-02-17T15:55:12.983476,2024-02-17T16:13:21.184549,failed,nan_loss,,,,roc_auc,,16,0.01154,2048,2.214,multi_gpu,V100,2.295,1.11,azure,scheduled_job,recsys_clickthrough_model,7
8d1c35fe-b49d-48dd-971b-3b3aa81d6e62,fraud_detection,lightgbm,xgboost,15043ad,experiment/hyperparam,fraud_v5,123,2024-12-07T05:44:52.377345,2024-12-07T06:12:01.070428,success,,0.8918878013001577,0.8722001023433441,0.8867077741799283,roc_auc,0.118,77,0.07508,1024,0.283,multi_gpu,V100,2.542,1.06,on_prem,user,fraud_detection_model,20
2606cb6b-a6ce-49ed-816c-8917f4e54339,recsys_clickthrough,lightgbm,sklearn,aaf1adf,main,recsys_v4,456,2024-05-18T00:19:55.739590,2024-05-18T00:46:34.423523,success,,0.8588951647729608,0.849672891775605,0.8405507947806097,roc_auc,0.1203,6,0.00066,512,1.459,cpu,,2.304,0.0,gcp,scheduled_job,recsys_clickthrough_model,8
72a3c57b-f58e-4953-a0d8-763bcf92a49f,energy_forecasting,xgboost,xgboost,629c317,bugfix/data_issue,energy_1,456,2024-05-28T03:21:29.416218,2024-05-28T04:04:07.453499,success,,0.2947717803219559,0.27052889601650026,0.28176389546733216,rmse,0.0767,52,0.05816,512,1.597,single_gpu,V100,1.038,0.83,on_prem,user,energy_forecasting_model,13
3cf91072-034e-4386-88e3-4ed2c2369844,recsys_clickthrough,xgboost,xgboost,86544c4,main,recsys_v4,789,2024-05-22T21:40:56.325982,2024-05-22T22:08:17.512617,success,,0.7762702120064792,0.7617555161408412,0.7815102181613475,roc_auc,0.2087,31,0.02851,2048,2.373,single_gpu,A100,1.076,0.509,azure,ci_pipeline,recsys_clickthrough_model,14
94a0c23a-2304-4fc4-a175-c4106b7aa878,energy_forecasting,xgboost,tensorflow,a67222e,main,energy_1,456,2024-12-19T13:26:22.047517,2024-12-19T13:45:35.789085,failed,early_stopped,,,,rmse,,46,0.00194,2048,0.439,single_gpu,T4,0.583,0.283,on_prem,ci_pipeline,energy_forecasting_model,11
5067d513-eec2-4be4-b68c-abc4b898b51b,energy_forecasting,lightgbm,sklearn,adaf87f,bugfix/data_issue,energy_1,2024,2024-08-15T07:30:22.149829,2024-08-15T08:26:32.910323,success,,0.1851429371220696,0.22518266842528536,0.26393888669540866,rmse,0.0429,13,0.00058,2048,2.189,multi_gpu,T4,5.734,2.411,gcp,ci_pipeline,energy_forecasting_model,20
ef2e245f-6190-4eb9-acfa-7bc5d43e9e0b,rag_qa_service,cnn,pytorch,3532fff,develop,rag_corpus_3,2024,2024-01-22T00:36:14.218007,2024-01-22T00:53:33.682409,success,,0.8136591251003914,0.814531528487838,0.810729256334168,f1,0.2173,7,0.00012,64,16.949,single_gpu,T4,0.677,0.305,gcp,ci_pipeline,rag_qa_service_model,8
58664882-99e1-4fd7-84fd-11d902139bfe,fraud_detection,xgboost,tensorflow,d865b57,experiment/new_arch,fraud_v5,2024,2024-04-08T00:36:42.489457,2024-04-08T00:56:58.975965,success,,0.9318644478651557,0.9361255850365867,0.929032793141916,roc_auc,0.0921,45,0.05435,2048,1.544,single_gpu,V100,1.191,0.379,on_prem,user,fraud_detection_model,12
4921fac4-6a1d-4afc-bc08-06850a043bb1,recsys_clickthrough,transformer,tensorflow,9f46bc6,main,recsys_v4,123,2024-11-26T16:04:34.397705,2024-11-26T16:31:30.466551,success,,0.7858656130928839,0.7686948227229223,0.772250385494622,roc_auc,0.2094,50,2.9e-05,32,166.842,single_gpu,T4,1.534,0.423,gcp,user,recsys_clickthrough_model,18
feb2d7d2-190d-46ca-8497-37f6c92c4c35,fraud_detection,tabnet,tensorflow,eee415c,bugfix/data_issue,fraud_v2,456,2024-10-14T01:58:47.452522,2024-10-14T02:26:47.185028,success,,0.8609486709152127,0.8552691090576604,0.882382963890545,roc_auc,0.145,60,0.00513,512,3.791,single_gpu,A100,1.829,0.556,on_prem,user,fraud_detection_model,4
05abecf0-a042-4758-b11b-9d5854e1e88a,recsys_clickthrough,xgboost,lightgbm,d43c912,main,recsys_v3,42,2024-12-30T03:49:08.883275,2024-12-30T04:12:35.000445,success,,0.8751735975301903,0.8589346380994245,0.8258511092948713,roc_auc,0.1041,56,0.00038,512,2.624,single_gpu,A100,0.553,0.332,gcp,user,recsys_clickthrough_model,10
f7e2b5b4-12e6-4795-a31b-372f105933a6,energy_forecasting,cnn,pytorch,b093c3f,main,energy_1,1337,2024-08-23T15:36:04.739324,2024-08-23T16:06:58.723816,success,,0.15686566659479717,0.15081960327899013,0.14225272003831624,rmse,0.0461,21,0.00127,64,13.004,cpu,,1.442,0.0,on_prem,user,energy_forecasting_model,3
e2d1d7fa-d659-444a-aca3-5f6a9ad3727f,energy_forecasting,tabnet,lightgbm,1e425f4,develop,energy_4,1337,2024-10-18T02:11:30.445322,2024-10-18T02:24:36.780400,success,,0.219699266680967,0.20437056015107458,0.20593313802725843,rmse,0.0253,66,0.00074,256,4.441,single_gpu,V100,0.699,0.235,on_prem,user,energy_forecasting_model,6
a3c41847-565d-4555-9a28-e40628e2b48f,fraud_detection,tabnet,lightgbm,ced3779,experiment/new_arch,fraud_v3,789,2024-03-09T17:30:37.496531,2024-03-09T17:50:51.668005,success,,0.8654791376126945,0.8571958741519423,0.8736731472927196,roc_auc,0.1417,8,0.00027,256,1.502,multi_gpu,T4,2.057,2.012,aws,ci_pipeline,fraud_detection_model,12
b1a364e4-fb92-4947-9f28-af0713479fcf,recsys_clickthrough,transformer,xgboost,1e5aa00,develop,recsys_v4,2024,2024-03-06T00:52:08.642061,2024-03-06T01:26:33.977941,failed,nan_loss,,,,roc_auc,,62,0.000116,32,273.49,single_gpu,T4,0.717,0.503,azure,user,recsys_clickthrough_model,14
1d05e92b-247b-44f3-aa8c-8e3c7a2a5173,fraud_detection,tabnet,tensorflow,39cc36c,main,fraud_v4,123,2024-11-27T13:52:26.785086,2024-11-27T15:46:16.452582,success,,0.8412421919007431,0.8268476649961632,0.8458670723027095,roc_auc,0.1583,47,0.00429,512,9.888,single_gpu,T4,4.11,1.554,gcp,ci_pipeline,fraud_detection_model,5
f39738ca-51a5-4891-a825-09b61162b639,rag_qa_service,lightgbm,sklearn,92bdc5b,bugfix/data_issue,rag_corpus_3,2024,2024-09-06T06:04:37.578906,2024-09-06T06:18:43.991358,failed,nan_loss,,,,f1,,59,0.02269,2048,2.334,single_gpu,T4,0.588,0.217,gcp,ci_pipeline,rag_qa_service_model,20
82de2457-ff96-4371-a3bb-96cbb41d628b,recsys_clickthrough,tabnet,xgboost,9057bed,experiment/hyperparam,recsys_v2,123,2024-03-23T17:20:29.883692,2024-03-23T17:33:15.177225,success,,0.8122146157294909,0.7934139560999175,0.7647378396213492,roc_auc,0.1944,53,0.0029,512,2.801,multi_gpu,T4,0.644,1.101,azure,user,recsys_clickthrough_model,2
e30c69a0-53eb-41c8-8126-4e3fce100ba3,rag_qa_service,xgboost,xgboost,29c182d,experiment/new_arch,rag_corpus_1,42,2024-01-06T04:02:12.951538,2024-01-06T04:22:32.136878,success,,0.819822506365923,0.8168812965065252,0.825872525453578,f1,0.1818,48,0.00162,512,0.101,cpu,,0.64,0.0,gcp,ci_pipeline,rag_qa_service_model,18
9f499bef-3fee-48d4-ab77-ad2e0693d27c,recsys_clickthrough,tabnet,xgboost,a21dad6,experiment/hyperparam,recsys_v5,456,2024-10-11T11:06:43.706527,2024-10-11T12:27:19.131281,success,,0.7821827675034679,0.778700841284205,0.7714187168564208,roc_auc,0.2371,19,0.00013,512,4.264,multi_gpu,T4,10.454,7.03,azure,user,recsys_clickthrough_model,7
1884729b-246b-49ad-a9da-2d80d1ca21f5,recsys_clickthrough,lightgbm,pytorch,fe8ac4f,experiment/hyperparam,recsys_v5,2024,2024-11-09T04:38:36.920025,2024-11-09T05:53:23.021608,failed,infra_error,,,,roc_auc,,48,0.00272,2048,2.858,single_gpu,A100,1.329,1.148,gcp,user,recsys_clickthrough_model,13
9e315dc0-6059-4891-8841-78b1532770f9,recsys_clickthrough,tabnet,tensorflow,3ae3ec7,develop,recsys_v1,2024,2024-02-11T21:07:32.251998,2024-02-11T21:36:19.848488,success,,0.8464191824790845,0.8419250531490916,0.8521188377735848,roc_auc,0.1373,38,0.00032,512,5.575,cpu,,3.247,0.0,azure,user,recsys_clickthrough_model,8
caab00bd-3c16-4792-a1de-a483afca9b34,fraud_detection,transformer,tensorflow,384182e,main,fraud_v2,789,2024-03-04T16:44:58.131984,2024-03-04T18:06:27.656689,success,,0.8633516252426744,0.8635168688645004,0.8286214454684124,roc_auc,0.1295,76,6.4e-05,16,239.321,cpu,,10.512,0.0,azure,ci_pipeline,fraud_detection_model,16
b7e825d5-2f3f-46d9-8ddb-bcf941b96b0a,energy_forecasting,transformer,sklearn,5475412,main,energy_3,42,2024-06-05T06:19:22.777348,2024-06-05T06:44:03.080327,success,,0.17954875299966458,0.222504944267081,0.22946992800021657,rmse,0.0225,57,0.000235,32,142.14,single_gpu,T4,0.651,0.463,aws,scheduled_job,energy_forecasting_model,1
9190b96e-dc4b-4c2f-8d88-57a214eeb68a,fraud_detection,tabnet,lightgbm,9358527,main,fraud_v2,42,2024-04-02T13:43:09.923592,2024-04-02T14:03:52.865603,failed,nan_loss,,,,roc_auc,,15,0.00289,512,0.883,multi_gpu,T4,0.887,0.705,aws,ci_pipeline,fraud_detection_model,3
884b9c23-fec6-45e2-8c11-badc9894dc1a,recsys_clickthrough,cnn,sklearn,f9c6f68,experiment/new_arch,recsys_v4,42,2024-07-25T17:37:03.064100,2024-07-25T18:02:29.246284,failed,infra_error,,,,roc_auc,,65,0.00745,128,10.883,multi_gpu,T4,1.776,3.069,aws,user,recsys_clickthrough_model,3
a7e6d1a6-79c9-42a8-af94-e8e3592fd902,recsys_clickthrough,lightgbm,lightgbm,aa0fbf8,experiment/new_arch,recsys_v5,789,2024-05-08T15:10:18.561981,2024-05-08T15:33:28.605926,success,,0.8638389488822573,0.8656343594680646,0.8779756203627687,roc_auc,0.1025,80,0.00307,512,1.072,single_gpu,A100,0.626,0.367,azure,user,recsys_clickthrough_model,13
b72b935d-2475-48ba-98d0-594754c478d8,energy_forecasting,cnn,pytorch,08b9532,develop,energy_1,1337,2024-01-26T06:39:25.200751,2024-01-26T07:28:32.561015,success,,0.20117037630355872,0.22303656466662072,0.2085098417305166,rmse,0.0458,37,0.00057,128,13.617,cpu,,2.281,0.0,azure,scheduled_job,energy_forecasting_model,19
45336b31-5471-4bf2-807c-1044b37f73e9,rag_qa_service,cnn,lightgbm,002f748,experiment/new_arch,rag_corpus_4,789,2024-04-18T16:14:10.875830,2024-04-18T16:36:25.336995,success,,0.7046755793000642,0.6885159092395958,0.7144454443808221,f1,0.2771,56,0.00011,64,11.598,multi_gpu,A100,1.585,1.868,on_prem,user,rag_qa_service_model,13
bb05f476-71a4-457a-8cef-e6d76aed5926,energy_forecasting,transformer,sklearn,4503533,bugfix/data_issue,energy_4,456,2024-07-25T05:48:20.310835,2024-07-25T06:16:56.613342,failed,data_error,,,,rmse,,75,1.6e-05,16,271.383,single_gpu,V100,0.977,0.487,on_prem,user,energy_forecasting_model,19
eb75d8e5-4426-45fd-bc4e-0d9b588bb8f9,rag_qa_service,lightgbm,tensorflow,3b9b252,develop,rag_corpus_4,789,2024-09-03T03:55:45.324892,2024-09-03T04:35:16.583411,failed,early_stopped,,,,f1,,40,0.00251,1024,0.465,multi_gpu,V100,3.646,3.393,gcp,ci_pipeline,rag_qa_service_model,18
8e8c39ad-539a-47f8-be69-8976b0d0bc18,energy_forecasting,tabnet,lightgbm,54a3fcd,experiment/hyperparam,energy_2,456,2024-09-15T19:09:40.740277,2024-09-15T19:38:33.622154,failed,early_stopped,,,,rmse,,75,0.00393,512,6.109,cpu,,0.808,0.0,azure,ci_pipeline,energy_forecasting_model,8
67cc263e-1897-48c0-bafb-ba135cc0eac7,recsys_clickthrough,cnn,tensorflow,949460c,bugfix/data_issue,recsys_v2,123,2024-03-22T22:52:19.447606,2024-03-22T23:06:33.641393,failed,nan_loss,,,,roc_auc,,64,0.00125,256,14.352,single_gpu,A100,0.802,0.25,on_prem,ci_pipeline,recsys_clickthrough_model,18
472bb2d0-c5e4-4dd1-94a1-7f4a38599085,energy_forecasting,xgboost,pytorch,2ffc702,experiment/new_arch,energy_1,789,2024-04-29T06:58:25.349562,2024-04-29T07:42:23.620416,success,,0.20199463258914657,0.19095151464199228,0.173309982464059,rmse,0.0281,46,0.01561,1024,0.171,single_gpu,T4,1.638,0.684,azure,scheduled_job,energy_forecasting_model,19
3dc6eda6-5b1f-4f09-8472-81d6b1737d95,recsys_clickthrough,lightgbm,sklearn,30464e2,bugfix/data_issue,recsys_v2,1337,2024-01-20T22:21:47.815749,2024-01-20T23:58:31.816693,success,,0.885657456989454,0.8707433294258987,0.8462789248246602,roc_auc,0.1428,20,0.04463,512,0.83,cpu,,12.684,0.0,gcp,user,recsys_clickthrough_model,7
0d1f1b26-8ada-4ac0-87d1-886fa55e1286,rag_qa_service,cnn,lightgbm,d8939ad,main,rag_corpus_5,789,2024-12-20T08:39:59.748534,2024-12-20T10:03:59.397566,failed,early_stopped,,,,f1,,49,0.00048,128,3.051,cpu,,2.082,0.0,gcp,scheduled_job,rag_qa_service_model,7
9e0e4ff3-0522-4c30-a650-646e92712723,energy_forecasting,cnn,lightgbm,61385e4,develop,energy_2,789,2024-02-27T12:19:29.468108,2024-02-27T13:15:43.003185,success,,0.088619564386519,0.13712606086682982,0.1595599418485365,rmse,-0.0096,61,0.00151,128,10.892,single_gpu,T4,3.024,0.941,gcp,scheduled_job,energy_forecasting_model,6
e0c8dcb3-d643-47db-9f6f-932b2394f504,energy_forecasting,transformer,pytorch,a03798b,experiment/new_arch,energy_5,42,2024-01-12T22:11:06.641298,2024-01-12T22:40:31.673119,success,,0.3039817577440696,0.28836045418235795,0.3121612932826506,rmse,0.0902,77,1.1e-05,32,40.863,single_gpu,A100,1.241,0.582,gcp,user,energy_forecasting_model,5
036e56c9-b6f2-4d98-bf85-63c519351591,fraud_detection,transformer,lightgbm,e14f4d0,develop,fraud_v5,456,2024-12-11T17:54:10.200975,2024-12-11T18:28:40.023762,success,,0.8592135380079442,0.8541323249284407,0.8405736424510005,roc_auc,0.1048,46,0.000454,32,240.717,single_gpu,T4,1.022,0.623,azure,user,fraud_detection_model,15
7086d0e9-c34f-4e06-ac1c-c4bd7dab199b,energy_forecasting,lightgbm,pytorch,382c005,bugfix/data_issue,energy_1,123,2024-03-15T14:38:30.906788,2024-03-15T14:43:30.906788,success,,0.29648201259905377,0.28977263558764904,0.29759966077432704,rmse,0.0877,28,0.0015,512,0.185,cpu,,0.436,0.0,gcp,scheduled_job,energy_forecasting_model,14
18227856-3ab9-4a20-a1ce-07305d8884d6,rag_qa_service,transformer,sklearn,b1ec5d7,experiment/new_arch,rag_corpus_2,789,2024-08-10T12:43:52.391361,2024-08-10T13:50:10.034835,success,,0.7957140566726425,0.7745930504804291,0.7917253025982034,f1,0.2323,38,1.8e-05,16,214.942,single_gpu,V100,1.788,1.079,gcp,ci_pipeline,rag_qa_service_model,12
95efddaa-7c78-45f0-a6af-78b8cfd762bf,recsys_clickthrough,xgboost,sklearn,f239cd2,main,recsys_v2,456,2024-09-18T14:37:57.055357,2024-09-18T15:05:33.805829,success,,0.8985951154236688,0.8738439917805703,0.8699754392089462,roc_auc,0.1058,11,0.02914,1024,1.441,single_gpu,T4,1.759,0.458,gcp,ci_pipeline,recsys_clickthrough_model,1
3d5c9446-4bcc-4618-8947-5476c1947292,fraud_detection,transformer,pytorch,fa2057e,experiment/new_arch,fraud_v3,2024,2024-11-18T07:56:12.979412,2024-11-18T09:07:58.539962,success,,0.9395925669941759,0.9342902116375473,0.9366715524016105,roc_auc,0.0835,66,2.3e-05,64,150.972,multi_gpu,A100,9.339,7.795,aws,scheduled_job,fraud_detection_model,9
a311c2c0-0e6b-4f56-9fed-03481438db33,rag_qa_service,xgboost,xgboost,c9de058,bugfix/data_issue,rag_corpus_4,123,2024-10-14T20:18:33.746312,2024-10-14T20:41:32.931582,success,,0.7367275435702144,0.7296066043388936,0.7357325709467787,f1,0.2579,11,0.0016,2048,1.639,multi_gpu,A100,0.885,1.131,gcp,user,rag_qa_service_model,5
30ccfd62-664f-4ab3-bbe6-a81fb9ed205b,energy_forecasting,tabnet,sklearn,c9b6c44,bugfix/data_issue,energy_2,123,2024-06-26T04:41:52.098120,2024-06-26T04:54:59.134124,failed,oom,,,,rmse,,19,0.00108,256,7.754,single_gpu,V100,0.512,0.244,aws,user,energy_forecasting_model,2
0cef6351-b686-4f6a-8d0a-301cf6b0c968,fraud_detection,tabnet,lightgbm,f0bf8cb,main,fraud_v1,789,2024-11-08T02:18:21.094905,2024-11-08T02:37:52.943027,success,,0.869672763759699,0.8780754276076548,0.8979979184170148,roc_auc,0.1202,48,0.00021,256,4.652,multi_gpu,V100,1.426,2.103,aws,user,fraud_detection_model,19
78931264-0aa7-4aa9-9902-110a8d0c8840,energy_forecasting,cnn,pytorch,9be112e,experiment/new_arch,energy_3,123,2024-03-21T09:56:00.281437,2024-03-21T10:19:00.021260,success,,0.2692752570926437,0.275631016127022,0.2619278292525257,rmse,0.0744,40,0.00142,128,9.045,multi_gpu,T4,1.951,1.159,gcp,user,energy_forecasting_model,5
b8d0aee3-d53d-410b-9bb3-30dc90f14a75,fraud_detection,transformer,pytorch,65c9ad3,develop,fraud_v1,2024,2024-07-15T22:42:26.511344,2024-07-15T23:03:05.486860,success,,0.8738389902218362,0.876100783799963,0.9090504746246474,roc_auc,0.1415,59,0.000829,32,220.386,single_gpu,T4,1.158,0.372,azure,user,fraud_detection_model,10
ced1b8d5-f42f-4904-b899-396c6f3c505c,rag_qa_service,tabnet,xgboost,95402d9,experiment/new_arch,rag_corpus_5,2024,2024-05-07T12:24:04.360575,2024-05-07T12:57:09.245204,success,,0.6730049323328139,0.6610784170063336,0.6702132730544621,f1,0.3262,26,0.00147,512,5.615,single_gpu,T4,1.303,0.487,on_prem,scheduled_job,rag_qa_service_model,14
41888022-6606-4703-bb2b-d09b7095d1d3,recsys_clickthrough,lightgbm,xgboost,b647752,experiment/hyperparam,recsys_v5,123,2024-01-07T09:37:22.631458,2024-01-07T09:59:44.239788,success,,0.763166565477411,0.738019419352467,0.746232911060863,roc_auc,0.2415,13,0.00068,2048,0.239,cpu,,2.395,0.0,on_prem,user,recsys_clickthrough_model,20
67f43658-dea1-41f2-aab2-9ac04ebabdb9,recsys_clickthrough,xgboost,tensorflow,9e241ef,experiment/new_arch,recsys_v2,42,2024-02-25T08:19:13.936657,2024-02-25T08:35:59.478527,success,,0.7982394867500697,0.7917548555125558,0.7862346342782262,roc_auc,0.195,34,0.00136,1024,0.761,single_gpu,V100,0.289,0.238,on_prem,scheduled_job,recsys_clickthrough_model,5
ed72f5de-7707-4294-b100-adbd040c04de,rag_qa_service,lightgbm,xgboost,baf0654,bugfix/data_issue,rag_corpus_1,2024,2024-09-01T02:53:28.015450,2024-09-01T03:15:36.175741,success,,0.7970964765131907,0.7867526582906114,0.7838335583460719,f1,0.1713,16,0.0453,2048,2.888,single_gpu,T4,0.642,0.362,gcp,user,rag_qa_service_model,18
8742c9e7-8e1f-417e-97bf-162fa6afcd4d,fraud_detection,xgboost,tensorflow,9d3d1a2,develop,fraud_v1,123,2024-10-12T11:17:31.465097,2024-10-12T11:40:44.950949,failed,early_stopped,,,,roc_auc,,50,0.00104,2048,1.997,single_gpu,A100,0.87,0.337,azure,user,fraud_detection_model,14
fa23369d-294b-45e2-ac3e-8464f6b2ed35,rag_qa_service,tabnet,lightgbm,f40c158,main,rag_corpus_4,456,2024-12-26T22:04:44.734217,2024-12-26T22:52:52.111701,success,,0.8839833558211514,0.8705163795361348,0.8533884800450665,f1,0.1291,25,0.00522,512,1.616,single_gpu,A100,2.692,0.858,aws,ci_pipeline,rag_qa_service_model,17
ce2f533b-6deb-4507-808c-c25bfde76167,rag_qa_service,transformer,xgboost,7d8cfa4,experiment/new_arch,rag_corpus_3,2024,2024-02-13T08:16:01.652912,2024-02-13T08:47:29.098650,success,,0.8007121556109529,0.7915628873592042,0.7846328094756622,f1,0.209,26,1.9e-05,32,199.993,multi_gpu,A100,2.25,4.058,gcp,user,rag_qa_service_model,20
ba8ca243-4a20-492e-84b9-dc9441cd3cc8,recsys_clickthrough,transformer,pytorch,230b024,develop,recsys_v1,456,2024-09-24T10:47:34.681219,2024-09-24T11:13:31.951714,success,,0.759252579452677,0.7564524747848964,0.7379712186380751,roc_auc,0.2157,60,0.00011,64,102.581,cpu,,0.479,0.0,aws,user,recsys_clickthrough_model,14
180bf499-64a6-4e3b-862c-3a7a82809639,energy_forecasting,tabnet,xgboost,12b180e,experiment/new_arch,energy_4,42,2024-09-26T04:30:14.870288,2024-09-26T04:59:21.374820,success,,0.2268254627690937,0.24845082189125836,0.26866953813426075,rmse,0.0592,47,0.00558,256,7.197,single_gpu,A100,0.609,0.514,aws,user,energy_forecasting_model,6
f2e04710-2e98-40e5-b818-0f298d884a50,energy_forecasting,lightgbm,xgboost,6d0a523,bugfix/data_issue,energy_2,1337,2024-09-16T01:42:40.007592,2024-09-16T02:16:23.601578,success,,0.1483805134491054,0.18513734969193718,0.18992928233302672,rmse,0.0045,24,0.0012,2048,0.626,single_gpu,A100,1.929,0.48,gcp,ci_pipeline,energy_forecasting_model,19
810f9903-4c79-4066-918d-ea408973d7c5,fraud_detection,xgboost,lightgbm,6b27633,bugfix/data_issue,fraud_v2,1337,2024-08-10T10:27:53.184468,2024-08-10T10:49:42.493666,success,,0.8775301017513449,0.8628657888772218,0.8706761313235618,roc_auc,0.1009,55,0.00159,1024,2.919,multi_gpu,A100,1.062,2.328,gcp,ci_pipeline,fraud_detection_model,3
7d613908-73f6-4bd2-a590-98893c0cb678,energy_forecasting,xgboost,xgboost,ecc2738,main,energy_1,42,2024-03-10T07:16:40.737930,2024-03-10T08:16:54.773004,failed,early_stopped,,,,rmse,,72,0.00199,512,0.831,single_gpu,T4,3.883,1.174,gcp,ci_pipeline,energy_forecasting_model,8
063aba09-419d-4760-81a6-6ae5e3d9e7d0,energy_forecasting,lightgbm,lightgbm,bb17bcf,main,energy_4,789,2024-06-28T22:45:10.800135,2024-06-28T23:50:18.696976,success,,0.159433301255193,0.17201896942301007,0.1761333720380091,rmse,0.0215,50,0.0044,2048,2.554,cpu,,4.523,0.0,aws,ci_pipeline,energy_forecasting_model,6
0162e922-3fe4-406c-8669-2fd1095b03a5,fraud_detection,tabnet,xgboost,1a4c977,experiment/new_arch,fraud_v1,789,2024-12-01T03:36:53.950675,2024-12-01T04:26:50.274128,success,,0.9264404997558499,0.9020974030623291,0.9063687219631126,roc_auc,0.0343,72,0.00186,256,9.141,cpu,,0.937,0.0,azure,ci_pipeline,fraud_detection_model,10
c80d3895-81d7-4acb-af13-aa65b394dc99,energy_forecasting,transformer,pytorch,b0bbb6b,experiment/new_arch,energy_5,789,2024-10-05T18:10:53.934798,2024-10-05T18:54:33.698707,failed,nan_loss,,,,rmse,,60,1.9e-05,32,268.518,single_gpu,A100,1.755,0.838,aws,scheduled_job,energy_forecasting_model,20
60500431-abf3-462f-98f1-e498dc192c5b,recsys_clickthrough,cnn,tensorflow,346acbe,bugfix/data_issue,recsys_v5,42,2024-06-11T10:39:13.759773,2024-06-11T12:13:33.282729,success,,0.8594019529439946,0.8543933424586982,0.8783367030036553,roc_auc,0.1244,41,0.00406,256,13.524,multi_gpu,T4,6.899,7.989,on_prem,user,recsys_clickthrough_model,15
76e8d3c2-bd60-4ae2-8bef-a0fd313572a2,rag_qa_service,transformer,sklearn,8894a45,bugfix/data_issue,rag_corpus_5,456,2024-05-28T01:18:07.827587,2024-05-28T01:47:05.429202,success,,0.6883468863383511,0.694140543331981,0.6823909789987308,f1,0.3156,55,0.000675,16,45.49,cpu,,2.673,0.0,gcp,scheduled_job,rag_qa_service_model,8
4ab880e3-c5b7-4ee1-b1d8-04397611e5c3,energy_forecasting,transformer,xgboost,f569c16,bugfix/data_issue,energy_5,42,2024-04-06T19:20:12.569740,2024-04-06T20:37:10.825598,success,,0.33580167374249476,0.25421103871734213,0.25084684390987483,rmse,0.1116,44,0.000453,16,67.749,single_gpu,T4,4.737,1.363,gcp,user,energy_forecasting_model,4
7fc74e78-6f8d-4f0d-9248-9ae77f5806d6,fraud_detection,lightgbm,lightgbm,276490d,develop,fraud_v3,1337,2024-10-31T06:01:08.671989,2024-10-31T06:58:38.893278,success,,0.8955615804172189,0.8897895689633175,0.8928573090054859,roc_auc,0.0945,74,0.00153,512,1.24,single_gpu,A100,2.073,0.877,aws,ci_pipeline,fraud_detection_model,19
7891d0f7-6e35-427a-bd36-afdab9672c14,recsys_clickthrough,xgboost,tensorflow,7a8397d,main,recsys_v5,456,2024-05-31T20:06:28.062805,2024-05-31T20:31:11.222682,success,,0.7870099792099696,0.7789814530195538,0.7488596761183502,roc_auc,0.2344,4,0.00045,1024,0.883,single_gpu,T4,1.362,0.475,gcp,user,recsys_clickthrough_model,1
b4b263e4-917a-4f78-9215-a73f008e8c4e,recsys_clickthrough,xgboost,tensorflow,bc69d9a,main,recsys_v3,789,2024-04-16T20:47:11.248065,2024-04-16T21:18:39.332295,success,,0.8297913130168254,0.8199077685051669,0.8247100584596041,roc_auc,0.1783,40,0.02553,2048,1.588,single_gpu,A100,1.58,0.597,gcp,scheduled_job,recsys_clickthrough_model,15
c7b61849-10d2-4880-80b5-38a355cab84b,fraud_detection,tabnet,lightgbm,eea82ec,main,fraud_v1,2024,2024-09-30T19:03:11.621825,2024-09-30T20:35:39.582070,success,,0.9613845087654418,0.9441979824828843,0.9505886797915593,roc_auc,0.0353,37,0.0005,256,5.445,multi_gpu,V100,9.142,6.951,aws,scheduled_job,fraud_detection_model,10
2026756f-48a9-4b63-9fee-f92710540f70,energy_forecasting,lightgbm,xgboost,907af8e,experiment/hyperparam,energy_2,456,2024-12-09T02:23:13.176546,2024-12-09T02:39:26.709161,failed,early_stopped,,,,rmse,,47,0.00331,1024,2.094,multi_gpu,T4,0.946,1.58,gcp,ci_pipeline,energy_forecasting_model,14
e6d525ea-57bf-495b-af7c-5d8b1ee3b8ef,rag_qa_service,lightgbm,tensorflow,ec2d103,experiment/hyperparam,rag_corpus_4,42,2024-04-04T09:30:33.901684,2024-04-04T09:59:39.993552,success,,0.8397542192061351,0.8296478565226483,0.7962477842117751,f1,0.1298,39,0.05992,2048,2.98,single_gpu,V100,0.639,0.433,on_prem,ci_pipeline,rag_qa_service_model,11
bd5c20dc-f8b0-4e01-801b-c0adc836d485,energy_forecasting,tabnet,pytorch,951d330,main,energy_2,456,2024-05-01T13:13:42.139094,2024-05-01T14:04:32.107320,failed,nan_loss,,,,rmse,,3,0.0053,256,3.193,single_gpu,T4,2.593,0.906,aws,scheduled_job,energy_forecasting_model,5
e1d839ec-4944-40f0-ad48-243d5e7e4ae8,recsys_clickthrough,xgboost,sklearn,ec3c2f7,experiment/new_arch,recsys_v3,1337,2024-08-22T12:38:00.020229,2024-08-22T12:50:31.271060,success,,0.813768512484385,0.792086828469844,0.7995323206706149,roc_auc,0.1534,44,0.0333,2048,2.421,single_gpu,A100,0.495,0.218,azure,ci_pipeline,recsys_clickthrough_model,11
fba68ad4-98d9-4d2c-ba00-75835a612ef6,recsys_clickthrough,lightgbm,xgboost,a2d2d11,bugfix/data_issue,recsys_v3,789,2024-05-14T09:48:43.654683,2024-05-14T10:12:33.977466,failed,oom,,,,roc_auc,,46,0.00145,512,1.655,cpu,,1.646,0.0,on_prem,ci_pipeline,recsys_clickthrough_model,2
07fd17d0-2bd3-49a0-a625-06e2db055347,energy_forecasting,cnn,xgboost,1747ca5,develop,energy_3,789,2024-11-14T22:52:57.095927,2024-11-14T23:12:40.270774,failed,data_error,,,,rmse,,77,0.00274,128,5.061,single_gpu,T4,0.523,0.317,on_prem,ci_pipeline,energy_forecasting_model,19
aee2c9a1-e8c9-4ea6-888d-cb8198a585b8,rag_qa_service,lightgbm,tensorflow,4e35783,main,rag_corpus_5,123,2024-06-02T18:27:32.816043,2024-06-02T18:58:14.480457,success,,0.8513558488999692,0.8646164860338609,0.8528882445507586,f1,0.1406,69,0.00117,2048,1.793,cpu,,1.842,0.0,gcp,ci_pipeline,rag_qa_service_model,6
c24ff55c-ce34-4c03-90b8-cb88d3dcd32d,rag_qa_service,xgboost,xgboost,782e1c7,experiment/new_arch,rag_corpus_2,42,2024-04-14T02:42:40.616497,2024-04-14T03:12:30.049084,failed,oom,,,,f1,,26,0.00339,1024,0.203,multi_gpu,T4,2.479,2.647,azure,scheduled_job,rag_qa_service_model,10
2d1ad9d9-fde5-42ed-b298-cc86d58e7f1a,rag_qa_service,cnn,pytorch,eb7c819,main,rag_corpus_3,789,2024-09-07T05:29:50.994389,2024-09-07T06:30:14.737637,success,,0.778371639002549,0.7796363702500146,0.7580397210901222,f1,0.2132,14,0.00131,128,14.434,single_gpu,V100,1.543,0.907,azure,ci_pipeline,rag_qa_service_model,16
52de5ee0-9964-41c6-8747-c232cfce4adf,rag_qa_service,transformer,pytorch,96ef3d2,bugfix/data_issue,rag_corpus_5,456,2024-11-20T08:39:04.215874,2024-11-20T09:18:33.517901,success,,0.8650208821212318,0.8712998605870523,0.8978070766092352,f1,0.1005,78,1.9e-05,64,22.588,multi_gpu,V100,4.508,2.012,azure,ci_pipeline,rag_qa_service_model,19
ad18cc1b-6565-4305-bc57-8e4ed96e047d,fraud_detection,xgboost,sklearn,09530ed,experiment/hyperparam,fraud_v2,42,2024-09-14T01:25:13.650811,2024-09-14T02:18:41.565725,success,,0.8509170862643257,0.8325518847039359,0.8327309364066567,roc_auc,0.1429,40,0.00052,512,0.747,multi_gpu,A100,2.788,4.071,azure,scheduled_job,fraud_detection_model,9
237910f9-55c1-41ac-ab1a-ccf59c32e27d,energy_forecasting,tabnet,xgboost,b978ede,experiment/hyperparam,energy_5,456,2024-10-02T07:05:14.650431,2024-10-02T07:48:27.164411,success,,0.2127569849788924,0.2350655141610626,0.21370099930773268,rmse,0.0622,21,0.00151,256,4.976,single_gpu,A100,1.959,0.843,aws,user,energy_forecasting_model,15
ad1e708b-370e-4a42-8d70-d2e750d79283,rag_qa_service,tabnet,xgboost,aaa1283,bugfix/data_issue,rag_corpus_4,42,2024-06-17T16:11:22.473655,2024-06-17T16:45:06.308984,success,,0.8262175541269278,0.8287131131543226,0.8524418421961937,f1,0.1702,15,0.00101,512,1.144,single_gpu,A100,1.783,0.631,azure,scheduled_job,rag_qa_service_model,7
8dab8d38-b153-42e0-a912-8701b838398c,rag_qa_service,transformer,pytorch,8681ba3,bugfix/data_issue,rag_corpus_3,789,2024-11-05T20:33:01.505799,2024-11-05T21:07:57.545575,success,,0.8614227097045122,0.8404747246822389,0.8203249314057536,f1,0.128,65,0.000242,64,267.338,cpu,,2.603,0.0,aws,ci_pipeline,rag_qa_service_model,3
d5d27fad-96d4-4c7f-8fbc-a6aa021572db,energy_forecasting,cnn,xgboost,0db9efb,develop,energy_1,789,2024-06-19T19:46:13.626834,2024-06-19T20:01:12.314995,success,,0.15851133950893626,0.1998426216493153,0.17359493598516995,rmse,0.0336,74,0.00539,64,14.764,cpu,,0.955,0.0,azure,scheduled_job,energy_forecasting_model,14
919b70e6-ab41-4f23-ad8f-beaadc95d64c,recsys_clickthrough,lightgbm,tensorflow,1d58cc7,main,recsys_v3,123,2024-02-16T04:27:36.035393,2024-02-16T04:36:27.478683,failed,early_stopped,,,,roc_auc,,33,0.0902,2048,1.234,multi_gpu,T4,0.366,0.375,aws,user,recsys_clickthrough_model,1
e8c00f3a-c4f7-46b5-b1c8-78c90b0614f5,recsys_clickthrough,tabnet,pytorch,df4a51b,main,recsys_v5,42,2024-09-08T21:08:23.103356,2024-09-08T21:27:53.161024,failed,data_error,,,,roc_auc,,39,0.00152,256,6.194,single_gpu,A100,0.733,0.316,aws,user,recsys_clickthrough_model,5
ab1ecf8d-8b1c-46da-b647-498be716ee17,energy_forecasting,lightgbm,lightgbm,315bc76,experiment/new_arch,energy_2,789,2024-01-29T18:51:54.858481,2024-01-29T19:25:31.779379,success,,0.14856989718586033,0.1963407381768456,0.20517427886322656,rmse,0.018,48,0.00578,512,0.534,single_gpu,A100,0.735,0.476,on_prem,user,energy_forecasting_model,20
d0d6e7a2-c2cf-4ccd-b3f3-b584e94adb7d,fraud_detection,xgboost,tensorflow,8ffd65f,experiment/new_arch,fraud_v2,42,2024-08-25T11:47:41.794082,2024-08-25T12:33:31.394897,success,,0.9087021131924821,0.8782795347873742,0.8868614205515001,roc_auc,0.1032,26,0.00208,2048,0.709,multi_gpu,V100,3.782,1.617,gcp,scheduled_job,fraud_detection_model,12
63b9d6e5-80bf-418c-adb6-239ede36eafd,fraud_detection,xgboost,lightgbm,46a0283,experiment/new_arch,fraud_v2,789,2024-01-11T06:47:44.856829,2024-01-11T07:15:58.058938,success,,0.8565293633249494,0.840604026129077,0.8388454322875366,roc_auc,0.1581,3,0.00084,1024,0.839,single_gpu,A100,0.842,0.481,on_prem,scheduled_job,fraud_detection_model,8
049f9c2e-7062-4fd1-ae1c-74690920447a,energy_forecasting,lightgbm,xgboost,1c4da1e,bugfix/data_issue,energy_4,456,2024-08-19T15:08:54.674195,2024-08-19T15:30:21.584676,success,,0.30957662005504716,0.26984024165285325,0.266181472191791,rmse,0.0981,8,0.00223,1024,0.515,single_gpu,V100,1.277,0.33,azure,scheduled_job,energy_forecasting_model,4
45fd6e18-dc1f-4242-a345-f8f084be860f,fraud_detection,lightgbm,xgboost,82f0266,bugfix/data_issue,fraud_v1,456,2024-08-19T07:44:15.586005,2024-08-19T08:35:06.092674,success,,0.8787707701328893,0.8791081281385116,0.874988455410084,roc_auc,0.0996,43,0.00044,2048,0.508,single_gpu,V100,2.669,0.826,aws,user,fraud_detection_model,1
fb94dd6e-45a9-4ba1-8774-b5befa04e988,rag_qa_service,tabnet,sklearn,66bda9f,main,rag_corpus_5,123,2024-03-04T04:38:49.008800,2024-03-04T05:12:19.412083,success,,0.7871552612107836,0.76565039071045,0.7593944865690232,f1,0.2065,47,0.0009,512,7.754,single_gpu,A100,0.991,0.554,on_prem,user,rag_qa_service_model,8
efb90e72-1f3f-4d9a-be81-6d89b3674f7a,energy_forecasting,tabnet,lightgbm,277e0fc,bugfix/data_issue,energy_1,42,2024-10-03T12:12:59.349991,2024-10-03T13:17:16.845067,success,,0.1584113602799041,0.21432179435147178,0.2287550332587719,rmse,0.0352,29,0.00049,512,6.719,single_gpu,A100,3.352,1.108,aws,ci_pipeline,energy_forecasting_model,17
99405fb8-5463-45aa-ac46-835dc20debde,fraud_detection,tabnet,lightgbm,37a58b3,experiment/hyperparam,fraud_v4,789,2024-01-06T01:58:44.929517,2024-01-06T02:13:38.632684,success,,0.9214634030994127,0.9179371758058923,0.9283010551878424,roc_auc,0.0789,17,0.00046,256,4.219,single_gpu,T4,0.443,0.233,gcp,scheduled_job,fraud_detection_model,7
793375aa-99d0-44b9-9838-d6f75dfe0add,rag_qa_service,xgboost,pytorch,865cfe1,develop,rag_corpus_2,42,2024-08-11T02:13:36.422402,2024-08-11T02:46:48.077602,failed,data_error,,,,f1,,37,0.00913,512,2.769,single_gpu,V100,0.635,0.57,on_prem,user,rag_qa_service_model,1
db9c5c63-f6fc-4fbd-9a9a-b4979316e9f7,fraud_detection,transformer,xgboost,d4925cd,main,fraud_v1,1337,2024-06-25T04:38:15.291668,2024-06-25T05:01:28.658489,failed,infra_error,,,,roc_auc,,72,0.00051,32,87.74,single_gpu,T4,1.405,0.313,gcp,user,fraud_detection_model,19
5e015505-5708-4ec2-8c6b-08e91d38b73c,rag_qa_service,lightgbm,lightgbm,fd93217,experiment/hyperparam,rag_corpus_2,123,2024-04-15T17:00:23.151394,2024-04-15T17:38:24.171254,failed,oom,,,,f1,,15,0.0139,1024,1.373,single_gpu,A100,0.719,0.74,gcp,ci_pipeline,rag_qa_service_model,20
b8efe734-89b3-44dc-8558-0d66bfaf9c0f,fraud_detection,xgboost,pytorch,4816008,experiment/new_arch,fraud_v2,42,2024-12-07T00:01:51.652704,2024-12-07T00:37:31.367767,success,,0.8674521422090159,0.8612755616187724,0.8630502288405224,roc_auc,0.1187,53,0.00474,512,0.184,single_gpu,T4,1.824,0.59,aws,scheduled_job,fraud_detection_model,5
c04ddd65-fcd5-4d59-8cd5-2b4eebea5d38,fraud_detection,tabnet,tensorflow,3f90790,main,fraud_v4,123,2024-02-19T20:16:43.245783,2024-02-19T20:52:07.772622,success,,0.9667506627003424,0.9411481074050331,0.9118740637117898,roc_auc,0.0069,62,0.00431,256,8.68,cpu,,3.133,0.0,aws,user,fraud_detection_model,7
22cbd64a-30b7-469e-9219-f7bfc180cfcc,fraud_detection,transformer,pytorch,218608e,experiment/new_arch,fraud_v4,123,2024-03-08T18:11:15.863102,2024-03-08T19:23:54.920078,success,,0.8313429815593805,0.8362165807266378,0.8423766903257598,roc_auc,0.1411,38,0.000683,64,57.513,cpu,,6.903,0.0,azure,ci_pipeline,fraud_detection_model,14
0a8543cd-0120-428c-b42b-f82201bba7a4,fraud_detection,transformer,sklearn,98f1d74,experiment/new_arch,fraud_v1,123,2024-10-28T03:27:37.565477,2024-10-28T03:52:09.839325,failed,oom,,,,roc_auc,,21,4.4e-05,32,246.921,single_gpu,V100,1.255,0.446,gcp,ci_pipeline,fraud_detection_model,13
4e9f8422-a5b3-452b-a883-32c0e507c15d,fraud_detection,lightgbm,tensorflow,2e41fea,main,fraud_v5,456,2024-04-21T08:35:46.930301,2024-04-21T09:07:42.186996,success,,0.8715843444700134,0.8616194017376002,0.8553937327310357,roc_auc,0.1116,5,0.01759,2048,1.002,multi_gpu,V100,1.382,1.934,gcp,user,fraud_detection_model,6
da83d1f9-482a-4fb8-85f6-003e7d404030,rag_qa_service,cnn,tensorflow,1e717db,main,rag_corpus_2,456,2024-12-12T00:38:34.511143,2024-12-12T00:59:40.477725,failed,nan_loss,,,,f1,,7,0.0077,128,7.937,single_gpu,A100,1.314,0.391,azure,user,rag_qa_service_model,4
cd70f143-78ba-469c-8796-2e1378d3db20,fraud_detection,cnn,xgboost,9d26efb,bugfix/data_issue,fraud_v5,789,2024-04-03T04:25:17.426163,2024-04-03T05:01:17.095163,failed,infra_error,,,,roc_auc,,62,0.00324,64,12.528,multi_gpu,A100,3.456,3.496,on_prem,user,fraud_detection_model,1
7e6cf4a5-9acc-42cc-89dd-07595f779219,energy_forecasting,cnn,lightgbm,483d819,bugfix/data_issue,energy_1,789,2024-04-16T10:12:18.236100,2024-04-16T11:08:07.895889,success,,0.31077836902657807,0.33427053110460747,0.3219849859111678,rmse,0.0944,9,0.00939,64,14.914,single_gpu,T4,3.099,1.069,on_prem,scheduled_job,energy_forecasting_model,19
d5292d7d-9aea-449d-ac74-3cdf3f438021,recsys_clickthrough,transformer,xgboost,fadcf44,experiment/new_arch,recsys_v3,789,2024-12-10T18:14:54.488144,2024-12-10T19:25:07.116311,failed,early_stopped,,,,roc_auc,,76,0.000139,16,167.58,cpu,,1.483,0.0,gcp,scheduled_job,recsys_clickthrough_model,11
b6274b30-0106-4e45-ad5e-ee49227c4a08,energy_forecasting,transformer,pytorch,2d2f3ba,develop,energy_1,456,2024-11-25T11:19:20.706230,2024-11-25T12:24:52.194079,success,,0.19702975466595107,0.24997346863010927,0.2306018400371806,rmse,0.0493,10,2.1e-05,16,186.413,cpu,,5.63,0.0,gcp,user,energy_forecasting_model,1
a96581f1-4ba6-4856-a3bb-f198832e7474,rag_qa_service,lightgbm,tensorflow,bf79908,bugfix/data_issue,rag_corpus_1,42,2024-04-02T00:35:37.272640,2024-04-02T02:02:13.413026,failed,nan_loss,,,,f1,,75,0.01285,1024,0.355,multi_gpu,T4,10.625,6.258,aws,user,rag_qa_service_model,5
8ab008fd-8fec-4f74-accd-4b7cd725bd50,rag_qa_service,lightgbm,lightgbm,b98cbb9,experiment/new_arch,rag_corpus_1,1337,2024-10-17T05:34:21.939103,2024-10-17T06:00:35.718003,success,,0.6972055894585488,0.6836772530270226,0.6950802944958324,f1,0.2702,36,0.00299,1024,2.604,single_gpu,V100,1.656,0.403,aws,scheduled_job,rag_qa_service_model,8
c165a4dd-2199-4847-ae52-9e085e585171,fraud_detection,xgboost,sklearn,edf8a31,main,fraud_v2,789,2024-01-31T02:32:30.305173,2024-01-31T03:18:44.539221,success,,0.8303227010558336,0.8318535443732314,0.8463704614082829,roc_auc,0.1777,80,0.03633,512,0.115,cpu,,3.817,0.0,aws,ci_pipeline,fraud_detection_model,12
76fcb48f-f39b-4502-858d-f32bd4cdf577,energy_forecasting,cnn,xgboost,29c20ac,main,energy_1,456,2024-03-15T06:15:02.950154,2024-03-15T07:17:13.735307,success,,0.26677647821781925,0.24623291177512593,0.3043479595833096,rmse,0.0641,60,0.00034,64,10.871,single_gpu,V100,2.437,0.834,on_prem,scheduled_job,energy_forecasting_model,13
42244b5f-00b4-41a3-b80b-54d49a689a28,energy_forecasting,cnn,xgboost,e467b18,experiment/hyperparam,energy_1,123,2024-09-14T19:32:17.247163,2024-09-14T20:07:48.827854,failed,early_stopped,,,,rmse,,31,0.00017,256,12.333,cpu,,1.732,0.0,gcp,scheduled_job,energy_forecasting_model,20
ade14e43-e169-44a6-8d00-0ebad05f4c6b,energy_forecasting,xgboost,pytorch,f605e7b,develop,energy_4,123,2024-10-15T05:29:49.803197,2024-10-15T06:00:25.431774,success,,0.19934232204669172,0.19058904476418415,0.230646075958383,rmse,0.0371,23,0.00769,1024,1.053,single_gpu,A100,1.612,0.539,gcp,user,energy_forecasting_model,12
2b00ec59-dd8e-465b-be59-8dec11ef378e,rag_qa_service,xgboost,sklearn,421cf85,bugfix/data_issue,rag_corpus_1,2024,2024-06-01T19:34:28.462816,2024-06-01T20:08:09.571555,success,,0.8195810101495268,0.7971463188660671,0.7776619357345642,f1,0.1674,75,0.01743,1024,1.191,cpu,,4.266,0.0,gcp,user,rag_qa_service_model,10
28710daa-fcff-4937-836d-bc73a64bc459,rag_qa_service,xgboost,sklearn,0934602,develop,rag_corpus_5,123,2024-06-16T06:32:37.012846,2024-06-16T07:00:07.735682,failed,early_stopped,,,,f1,,19,0.00174,512,1.593,cpu,,0.989,0.0,aws,ci_pipeline,rag_qa_service_model,14
078baf55-fc1d-4a48-8984-64c9571b6b25,fraud_detection,cnn,sklearn,2a48576,experiment/hyperparam,fraud_v2,2024,2024-11-29T09:47:25.791587,2024-11-29T09:56:47.843874,success,,0.9350751929664076,0.9230801197020188,0.9530393272362885,roc_auc,0.0453,25,0.00902,128,3.051,single_gpu,V100,0.593,0.182,on_prem,user,fraud_detection_model,15
0f5ac78c-22f0-43de-a0c5-1302d85b8231,rag_qa_service,lightgbm,tensorflow,6f1135b,develop,rag_corpus_3,789,2024-11-04T13:12:57.568756,2024-11-04T13:28:18.863566,success,,0.7316495672281809,0.7286492205885862,0.7230541443123121,f1,0.2432,65,0.00882,512,1.545,single_gpu,T4,0.701,0.234,azure,scheduled_job,rag_qa_service_model,18
b43aeaa2-5f6e-47d5-8d7f-53ac6c9789e6,recsys_clickthrough,lightgbm,tensorflow,cb27f6f,bugfix/data_issue,recsys_v4,789,2024-09-13T19:28:09.090682,2024-09-13T20:24:16.259499,failed,oom,,,,roc_auc,,38,0.04774,512,1.506,multi_gpu,V100,3.586,4.776,on_prem,ci_pipeline,recsys_clickthrough_model,15
26010e50-fe00-4949-8f77-cae7c4fc9722,rag_qa_service,tabnet,lightgbm,8dc4712,main,rag_corpus_2,456,2024-01-06T11:47:30.736277,2024-01-06T12:51:27.061598,success,,0.6803114129649926,0.679349968384516,0.7142505025190531,f1,0.3163,21,0.00017,512,9.971,multi_gpu,T4,4.852,4.358,azure,user,rag_qa_service_model,8
ec286e1f-008b-40cb-af99-a100f2d1ba8c,energy_forecasting,cnn,pytorch,446b621,main,energy_3,2024,2024-06-06T23:32:06.136695,2024-06-07T00:42:05.867623,failed,early_stopped,,,,rmse,,35,0.00275,128,3.042,single_gpu,A100,4.128,1.277,azure,user,energy_forecasting_model,1
d917c27d-7a8c-47e1-9ca8-9341c7ae8b30,rag_qa_service,cnn,tensorflow,a11a9c8,main,rag_corpus_5,123,2024-06-18T05:07:47.877404,2024-06-18T05:32:51.133639,success,,0.7663288570537174,0.7611072555607553,0.7599920922561803,f1,0.2605,31,0.00043,128,19.545,cpu,,1.168,0.0,on_prem,scheduled_job,rag_qa_service_model,19
ae25db4c-9512-490f-94a6-35822f6cb158,energy_forecasting,tabnet,xgboost,cb84c8f,experiment/new_arch,energy_3,42,2024-05-06T18:29:39.328147,2024-05-06T18:40:01.920462,success,,0.19268271386826838,0.20188971518898682,0.19134364539107518,rmse,0.0302,14,0.00806,256,5.409,cpu,,1.165,0.0,aws,user,energy_forecasting_model,12
4abc3072-03fd-4b7b-9f6f-eeed7ac120b0,energy_forecasting,lightgbm,tensorflow,1b30b09,bugfix/data_issue,energy_4,42,2024-10-27T16:26:59.258130,2024-10-27T17:09:21.848533,failed,infra_error,,,,rmse,,67,0.00303,2048,1.563,single_gpu,V100,1.69,0.637,gcp,user,energy_forecasting_model,2
a1a8baf3-ec03-4484-80ba-b41599ce0a57,recsys_clickthrough,lightgbm,sklearn,f39899f,main,recsys_v1,456,2024-01-12T20:07:10.200255,2024-01-12T20:52:36.543409,success,,0.8471465910837553,0.83238907116544,0.844181855792588,roc_auc,0.0998,17,0.00579,1024,0.188,cpu,,1.456,0.0,gcp,user,recsys_clickthrough_model,4
55e39adf-e2f7-47d9-b0f5-5f2ea33c40aa,rag_qa_service,xgboost,xgboost,dc80bec,develop,rag_corpus_3,2024,2024-09-18T01:55:53.944753,2024-09-18T03:11:04.512042,failed,infra_error,,,,f1,,39,0.02887,2048,2.314,cpu,,7.591,0.0,azure,ci_pipeline,rag_qa_service_model,11
661f2e0f-7596-48a3-9b5c-d1fcaa57d4a0,energy_forecasting,xgboost,sklearn,1f55217,develop,energy_5,1337,2024-09-03T17:43:20.835861,2024-09-03T18:04:37.112879,success,,0.20501413656053658,0.19112334380225723,0.1632936820892923,rmse,0.0619,62,0.00103,512,1.08,multi_gpu,A100,1.708,1.413,aws,ci_pipeline,energy_forecasting_model,2
64a50636-4a3c-4fd4-bf20-77d5093f63a7,recsys_clickthrough,transformer,sklearn,f10b19f,develop,recsys_v2,123,2024-09-04T01:10:18.808862,2024-09-04T01:42:59.579335,success,,0.8106044318423454,0.7887398214690422,0.750911343632044,roc_auc,0.1766,71,0.000254,16,163.702,multi_gpu,V100,3.939,2.034,on_prem,user,recsys_clickthrough_model,16
2a8bf1ee-8bd3-43c6-8e97-44b88aa9c32a,energy_forecasting,lightgbm,sklearn,76de0c8,bugfix/data_issue,energy_3,456,2024-06-18T21:58:24.539432,2024-06-18T23:01:00.113897,failed,data_error,,,,rmse,,35,0.01952,2048,0.493,cpu,,3.17,0.0,aws,user,energy_forecasting_model,5
f2e6e8b5-9c70-467d-9291-9fd4dc125bab,recsys_clickthrough,transformer,pytorch,2d60f9c,bugfix/data_issue,recsys_v3,789,2024-04-04T17:56:05.294321,2024-04-04T18:36:04.783896,success,,0.7949886368424173,0.8056416645928234,0.8480742907394274,roc_auc,0.1993,48,2.8e-05,64,220.873,multi_gpu,T4,5.105,3.444,on_prem,user,recsys_clickthrough_model,14
72be8dbd-100f-40ee-b6f8-0fa1ebfd0b3f,fraud_detection,lightgbm,xgboost,de5be25,main,fraud_v4,456,2024-10-27T13:26:04.318153,2024-10-27T13:35:53.845208,success,,0.8874550797420919,0.8675431686128252,0.878754843184231,roc_auc,0.1185,30,0.01016,512,2.959,multi_gpu,T4,1.249,1.175,aws,user,fraud_detection_model,12
d4635eb9-f829-4f0e-9186-6ef2cd74b470,fraud_detection,tabnet,tensorflow,e2dbb9d,bugfix/data_issue,fraud_v2,456,2024-07-16T18:25:29.097433,2024-07-16T19:08:52.144385,success,,0.8850020505775033,0.8668692465168574,0.8542114383554839,roc_auc,0.0801,4,0.00068,256,6.21,single_gpu,A100,2.263,0.853,aws,scheduled_job,fraud_detection_model,4
87bedb8d-8f6c-4357-a56d-104aa7ac9b88,rag_qa_service,tabnet,sklearn,d532517,experiment/hyperparam,rag_corpus_5,789,2024-09-11T20:59:03.742582,2024-09-11T21:35:26.705505,success,,0.9045930693261313,0.898370718201356,0.8660971627140255,f1,0.0873,32,0.00357,512,5.746,multi_gpu,A100,3.618,2.388,gcp,scheduled_job,rag_qa_service_model,18
bb931128-8bd8-4eb7-98a0-3a3d54a6eec3,fraud_detection,xgboost,sklearn,5de474f,experiment/new_arch,fraud_v5,1337,2024-10-14T08:12:17.490280,2024-10-14T08:45:41.183853,success,,0.8806759527297117,0.8869136362502075,0.8620119673515011,roc_auc,0.1599,73,0.02162,512,1.292,cpu,,1.94,0.0,azure,scheduled_job,fraud_detection_model,11
16fae707-bf34-4a09-a418-f56df169a0b1,fraud_detection,lightgbm,xgboost,cee5135,bugfix/data_issue,fraud_v4,1337,2024-02-05T22:31:49.475712,2024-02-06T00:25:47.781631,success,,0.939966307009103,0.9191791165010729,0.9313090579835321,roc_auc,0.0562,8,0.00553,2048,0.491,single_gpu,V100,4.726,1.648,gcp,ci_pipeline,fraud_detection_model,20
c91231b8-4b38-4eb3-bb57-8a15ae223768,rag_qa_service,lightgbm,pytorch,b044cd5,experiment/hyperparam,rag_corpus_4,789,2024-06-20T00:37:08.580045,2024-06-20T01:47:45.216023,failed,oom,,,,f1,,16,0.00264,1024,2.884,cpu,,7.936,0.0,azure,scheduled_job,rag_qa_service_model,7
92a16eec-3f4d-4949-b92c-c876044dbef6,fraud_detection,tabnet,lightgbm,164a8a3,main,fraud_v2,42,2024-06-26T15:16:53.707695,2024-06-26T16:05:42.501100,failed,oom,,,,roc_auc,,40,0.0051,512,2.136,single_gpu,T4,1.475,0.744,aws,scheduled_job,fraud_detection_model,17
a415f462-eea2-4116-beed-15c6a4219741,energy_forecasting,transformer,pytorch,6224ca6,develop,energy_4,123,2024-07-21T13:48:16.794155,2024-07-21T14:38:19.495906,success,,0.20156244115977626,0.20781965848963072,0.2320487502733814,rmse,0.0215,35,1.2e-05,32,41.308,single_gpu,T4,1.519,0.734,on_prem,user,energy_forecasting_model,1
bf519b3e-9d90-48b6-a331-f6a0f8b698a4,rag_qa_service,transformer,pytorch,2fdbf38,experiment/new_arch,rag_corpus_4,789,2024-09-09T10:39:58.079075,2024-09-09T10:53:40.020159,success,,0.8441561511908978,0.8159584333177718,0.8138812001241923,f1,0.1688,58,1.7e-05,64,209.32,single_gpu,A100,0.709,0.248,gcp,ci_pipeline,rag_qa_service_model,17
5801c7bd-b077-4a0d-a038-d6716748d48c,rag_qa_service,tabnet,sklearn,6a04e86,develop,rag_corpus_2,42,2024-09-10T06:45:15.048565,2024-09-10T07:08:34.315802,success,,0.9164843579424882,0.9026184956434362,0.9366009356275563,f1,0.0806,6,0.00734,512,1.223,single_gpu,T4,0.973,0.418,azure,ci_pipeline,rag_qa_service_model,17
d442f2f9-096f-4fb8-910e-ea8576a20289,recsys_clickthrough,transformer,pytorch,9bf5d64,main,recsys_v3,123,2024-09-05T20:40:06.336647,2024-09-05T21:02:26.263253,success,,0.8289770645551306,0.8273197779858104,0.7929663350185424,roc_auc,0.1757,63,1.1e-05,64,112.237,single_gpu,V100,0.972,0.433,on_prem,ci_pipeline,recsys_clickthrough_model,20
5a013542-d1f5-4a3a-9c35-482f17626814,rag_qa_service,transformer,tensorflow,52d9d3c,experiment/hyperparam,rag_corpus_2,123,2024-06-23T01:15:58.378604,2024-06-23T02:12:58.125387,success,,0.777883736792685,0.7687096625461979,0.7879588808295784,f1,0.2066,29,5.9e-05,64,226.309,multi_gpu,A100,4.613,2.599,gcp,user,rag_qa_service_model,2
b7fbf6d7-43c1-4f6c-bac7-48c15d1a6720,recsys_clickthrough,lightgbm,pytorch,71175e6,main,recsys_v4,42,2024-06-03T08:54:18.745765,2024-06-03T10:09:33.929251,failed,data_error,,,,roc_auc,,72,0.00035,2048,0.392,cpu,,5.611,0.0,azure,user,recsys_clickthrough_model,10
fa83912d-1de2-47f2-a75e-99faa64e85ef,energy_forecasting,tabnet,lightgbm,935fdf0,bugfix/data_issue,energy_2,123,2024-01-11T19:11:26.407294,2024-01-11T19:28:41.232855,success,,0.22952183356693948,0.2924878785773978,0.270567776974441,rmse,0.0511,37,0.00246,256,7.137,single_gpu,A100,0.894,0.287,on_prem,user,energy_forecasting_model,13
0af12dda-dbe8-40f8-90d0-9b1e80de5914,energy_forecasting,transformer,sklearn,08d7ece,main,energy_4,123,2024-06-11T15:52:42.339099,2024-06-11T16:24:32.708755,success,,0.20989544693061696,0.19422435072573857,0.17802096254796781,rmse,0.0474,40,0.000185,16,89.59,cpu,,1.66,0.0,azure,ci_pipeline,energy_forecasting_model,7
8972634f-401b-4b90-98bf-d4585903d9fa,recsys_clickthrough,lightgbm,lightgbm,d2e631c,develop,recsys_v5,456,2024-10-12T14:52:22.714636,2024-10-12T15:35:55.296563,success,,0.6977118730566567,0.6982137384302735,0.6787677735355767,roc_auc,0.2933,7,0.01654,2048,1.937,multi_gpu,T4,4.982,1.646,aws,ci_pipeline,recsys_clickthrough_model,13
c72e8467-b912-4ff2-b5d8-4d333b37b8e6,energy_forecasting,cnn,sklearn,25bd819,bugfix/data_issue,energy_2,123,2024-06-17T15:16:18.606165,2024-06-17T15:37:20.971071,failed,oom,,,,rmse,,76,0.00042,64,10.916,single_gpu,V100,1.049,0.334,gcp,scheduled_job,energy_forecasting_model,8
f13337e5-3466-4274-955a-6c84db3166cb,energy_forecasting,xgboost,tensorflow,f962666,experiment/hyperparam,energy_2,789,2024-11-10T23:59:26.471742,2024-11-11T00:18:24.909919,success,,0.28346496062542037,0.2921714139051462,0.2858097059854258,rmse,0.0851,78,0.00168,1024,1.669,single_gpu,V100,0.339,0.263,gcp,scheduled_job,energy_forecasting_model,1
9fe36340-abb6-4491-9757-982ccfe38045,rag_qa_service,xgboost,xgboost,d6d6756,main,rag_corpus_2,42,2024-07-18T03:48:32.181015,2024-07-18T04:39:10.013845,success,,0.7780236897972216,0.7832968796713994,0.8278786499312953,f1,0.2674,26,0.01065,512,2.479,cpu,,3.231,0.0,gcp,user,rag_qa_service_model,12
53f59125-7b55-4e36-8f66-4ca9a1bea5be,energy_forecasting,lightgbm,xgboost,04903e5,develop,energy_2,123,2024-03-04T06:13:23.681914,2024-03-04T07:01:24.421812,failed,data_error,,,,rmse,,22,0.05697,512,2.64,single_gpu,T4,2.724,0.942,azure,ci_pipeline,energy_forecasting_model,11
71cc8545-3eac-4c3e-86a5-a7494c7e9c45,energy_forecasting,xgboost,sklearn,9bf4ca0,experiment/new_arch,energy_5,1337,2024-10-23T19:16:34.223868,2024-10-23T19:51:31.124284,success,,0.2897375468574628,0.31369698986223843,0.29129645623632355,rmse,0.0891,27,0.00056,512,0.869,single_gpu,A100,1.448,0.663,gcp,user,energy_forecasting_model,10
b338c7db-16de-42e5-b77f-03321d211745,recsys_clickthrough,transformer,pytorch,92c09bf,develop,recsys_v1,123,2024-10-30T13:16:58.129566,2024-10-30T13:32:11.963213,failed,infra_error,,,,roc_auc,,10,5e-05,64,218.331,single_gpu,V100,0.534,0.259,aws,scheduled_job,recsys_clickthrough_model,20
f8df879c-1cb3-486d-98e7-fd82d122cd57,rag_qa_service,cnn,xgboost,9202f61,experiment/new_arch,rag_corpus_3,1337,2024-05-15T16:03:01.712848,2024-05-15T16:23:17.737180,success,,0.7529837386061253,0.7361803128262621,0.7429405161814633,f1,0.2649,79,0.00016,64,16.295,single_gpu,T4,0.713,0.358,aws,scheduled_job,rag_qa_service_model,3
d6855394-1f8a-46d7-b399-869f7fc35fbb,recsys_clickthrough,transformer,tensorflow,9c927b1,experiment/hyperparam,recsys_v2,2024,2024-05-26T06:51:09.766820,2024-05-26T07:06:32.543250,success,,0.824486758211862,0.8085277836266583,0.8273888125587943,roc_auc,0.1688,68,0.000767,16,231.419,multi_gpu,V100,0.833,1.032,on_prem,ci_pipeline,recsys_clickthrough_model,13
077593a7-a6ca-4577-9e58-40c417cc72b2,energy_forecasting,transformer,sklearn,e2091c3,main,energy_5,1337,2024-02-27T19:03:04.772128,2024-02-27T20:25:38.874834,success,,0.311786179213196,0.3290762133541335,0.3636162370851562,rmse,0.1062,27,0.000271,16,128.218,single_gpu,V100,2.248,1.449,gcp,user,energy_forecasting_model,4
67115c9b-3ca9-4166-aa9f-69f8d329ecdb,fraud_detection,cnn,pytorch,d554b29,main,fraud_v3,123,2024-08-31T03:49:39.969887,2024-08-31T04:44:40.555773,success,,0.8665747734950664,0.8597356031062962,0.8644506833532676,roc_auc,0.1422,62,0.00025,256,2.487,cpu,,5.975,0.0,on_prem,ci_pipeline,fraud_detection_model,5
493d0c5d-202a-4995-bfc9-65af99c84bef,energy_forecasting,transformer,xgboost,f5bd218,experiment/hyperparam,energy_3,2024,2024-12-06T02:18:46.003999,2024-12-06T03:13:21.590515,success,,0.17216401780341084,0.1990181788041768,0.21911677940126756,rmse,0.0356,72,0.00011,32,252.47,cpu,,3.58,0.0,gcp,scheduled_job,energy_forecasting_model,16
644d1dda-bd66-418b-858e-6b7efbc069c6,fraud_detection,transformer,lightgbm,ad33329,bugfix/data_issue,fraud_v4,456,2024-02-04T18:36:32.475838,2024-02-04T19:53:35.130338,success,,0.8911356592075133,0.8822343004385326,0.8794729974332938,roc_auc,0.0934,72,2.4e-05,32,34.018,cpu,,9.137,0.0,gcp,ci_pipeline,fraud_detection_model,10
7cec4d48-d203-4c02-bb6f-89afcf720179,rag_qa_service,cnn,sklearn,e58cb8d,bugfix/data_issue,rag_corpus_2,456,2024-09-12T07:21:49.235955,2024-09-12T08:51:46.818689,failed,data_error,,,,f1,,68,0.00566,64,6.662,multi_gpu,T4,3.105,5.703,on_prem,scheduled_job,rag_qa_service_model,16
af54599a-8fde-45ee-81b7-017b36da4eed,recsys_clickthrough,tabnet,pytorch,5eda55c,experiment/new_arch,recsys_v2,1337,2024-02-28T01:03:00.204966,2024-02-28T01:13:45.262898,failed,infra_error,,,,roc_auc,,48,0.00117,256,8.828,single_gpu,V100,0.67,0.162,aws,user,recsys_clickthrough_model,10
cbdbec5e-e0d1-4ae8-8311-042667ef7ec6,rag_qa_service,lightgbm,xgboost,69420d2,develop,rag_corpus_2,456,2024-02-01T19:46:48.469559,2024-02-01T20:54:01.759482,success,,0.8199851963571674,0.8191013693787064,0.8186034094712131,f1,0.1751,56,0.00452,2048,1.693,single_gpu,A100,4.31,1.344,aws,scheduled_job,rag_qa_service_model,6
17c63856-2e88-4303-9125-3d2750ccc95e,rag_qa_service,xgboost,pytorch,60eed09,experiment/new_arch,rag_corpus_2,123,2024-01-25T08:45:32.354210,2024-01-25T09:11:08.994385,success,,0.7862113850220178,0.7794767435473635,0.7502036212021772,f1,0.2178,32,0.01649,2048,0.953,single_gpu,A100,1.144,0.393,aws,ci_pipeline,rag_qa_service_model,3
fdab71b7-d576-48ca-ba61-98ed7678d82d,fraud_detection,xgboost,xgboost,3539247,main,fraud_v5,123,2024-05-19T13:08:10.766816,2024-05-19T13:21:11.453511,success,,0.9226839588310579,0.9048602311281363,0.9036345707460126,roc_auc,0.0575,70,0.00099,512,1.574,cpu,,0.456,0.0,aws,user,fraud_detection_model,15
456d759c-4b40-4fc4-b742-c4315dbf54da,rag_qa_service,xgboost,tensorflow,66ebd0f,develop,rag_corpus_4,456,2024-03-20T17:05:04.063376,2024-03-20T17:41:30.111825,success,,0.7772992105767376,0.7452140437766458,0.7778655803227139,f1,0.234,62,0.00145,512,1.63,single_gpu,T4,1.55,0.71,aws,user,rag_qa_service_model,7
246d437c-a18c-49c0-b731-d9efeb6a3a5c,energy_forecasting,transformer,sklearn,76231fe,experiment/new_arch,energy_1,42,2024-08-22T15:55:39.794367,2024-08-22T16:26:24.267181,success,,0.24232076858610216,0.2500411581867643,0.23828281526211473,rmse,0.0482,20,0.000358,32,99.913,single_gpu,V100,1.81,0.498,aws,user,energy_forecasting_model,4
2c7de3a7-dc1c-4189-a09e-df3b6ea9a16a,rag_qa_service,cnn,tensorflow,e4e327e,bugfix/data_issue,rag_corpus_3,789,2024-12-13T02:57:07.983315,2024-12-13T03:59:13.059978,success,,0.7365461670088793,0.7327139206240764,0.6990140260148971,f1,0.2513,80,0.00029,128,1.017,cpu,,6.215,0.0,on_prem,scheduled_job,rag_qa_service_model,6
0ed7bfcb-1db4-49b0-abc4-f81b5f206ab6,fraud_detection,cnn,lightgbm,c7d1801,experiment/new_arch,fraud_v5,1337,2024-07-25T02:10:32.635629,2024-07-25T02:43:01.728092,success,,0.9347332359848487,0.9333388900229875,0.9284932544913924,roc_auc,0.0579,39,0.00873,64,14.605,single_gpu,V100,1.066,0.502,gcp,ci_pipeline,fraud_detection_model,8
e5f52d1f-0e6f-4cab-bd2c-877da5715cda,rag_qa_service,cnn,tensorflow,c1735cc,bugfix/data_issue,rag_corpus_4,1337,2024-04-03T06:25:44.365151,2024-04-03T06:51:27.437095,success,,0.8339561370189735,0.8110673369984551,0.783302653031204,f1,0.1934,71,0.00058,128,17.554,cpu,,2.418,0.0,gcp,scheduled_job,rag_qa_service_model,8
02826d72-72fb-4edd-a1c2-a690506f6b7d,rag_qa_service,lightgbm,lightgbm,80b28b4,main,rag_corpus_1,1337,2024-05-03T16:47:42.290536,2024-05-03T17:19:42.860563,success,,0.7413142748125231,0.7529523048260134,0.7705738435309074,f1,0.2657,37,0.07702,2048,2.785,single_gpu,A100,1.989,0.536,azure,user,rag_qa_service_model,3
b0ea5d58-0c52-4f98-8018-1fd5c166b2e1,rag_qa_service,cnn,pytorch,590c938,experiment/hyperparam,rag_corpus_4,42,2024-04-21T05:23:18.277650,2024-04-21T05:49:58.949064,success,,0.821351696940837,0.8111265671968597,0.7541875020256326,f1,0.1762,61,0.00016,64,3.133,multi_gpu,A100,1.666,2.528,aws,ci_pipeline,rag_qa_service_model,17
9d376f1e-ae27-4dfb-aae9-ab855913abff,energy_forecasting,cnn,pytorch,76687ad,experiment/new_arch,energy_3,789,2024-11-05T21:56:16.301355,2024-11-05T22:22:45.045625,success,,0.23818390323910565,0.2578751910516919,0.2749182200779554,rmse,0.0733,73,0.00023,128,13.294,single_gpu,A100,1.056,0.44,on_prem,user,energy_forecasting_model,12
a0486e58-e535-4474-8bb0-e1fc9919105f,energy_forecasting,xgboost,xgboost,589007e,develop,energy_5,42,2024-01-05T01:10:28.030420,2024-01-05T01:40:06.301612,success,,0.28618781135595567,0.26250444540408224,0.3124876581554399,rmse,0.0911,74,0.00456,2048,0.357,single_gpu,V100,1.396,0.452,aws,scheduled_job,energy_forecasting_model,1
c966d267-825f-40d5-b013-5854d574b5a2,energy_forecasting,lightgbm,tensorflow,6e0e334,experiment/new_arch,energy_5,1337,2024-03-30T15:52:07.781942,2024-03-30T17:12:35.170283,success,,0.12206578239860758,0.1110501979623388,0.12007744661466863,rmse,0.0194,59,0.00094,2048,1.461,cpu,,8.102,0.0,on_prem,ci_pipeline,energy_forecasting_model,7
95fe42e7-9030-4929-86b8-fc729efcc133,fraud_detection,transformer,lightgbm,be1e226,experiment/new_arch,fraud_v5,2024,2024-04-12T15:23:36.117703,2024-04-12T15:55:17.773354,success,,0.8544167954845184,0.8462768724274394,0.8551122349763252,roc_auc,0.1402,67,0.000605,64,46.449,cpu,,4.185,0.0,aws,scheduled_job,fraud_detection_model,11
531c56b1-3fea-4e3f-ad00-e7d9b8b2d31c,recsys_clickthrough,tabnet,tensorflow,ac07364,develop,recsys_v5,2024,2024-08-13T12:57:21.328660,2024-08-13T14:03:04.965762,success,,0.7837161710755384,0.769998978688638,0.7442888882280799,roc_auc,0.1902,5,0.00076,512,6.525,multi_gpu,V100,7.281,2.413,aws,ci_pipeline,recsys_clickthrough_model,10
15a9dc68-0478-49f1-b84b-61b6aa5db1f7,recsys_clickthrough,lightgbm,sklearn,b0a8cc8,experiment/new_arch,recsys_v4,42,2024-05-28T14:30:08.115050,2024-05-28T14:39:49.155921,failed,early_stopped,,,,roc_auc,,23,0.00059,1024,0.522,single_gpu,T4,0.178,0.159,aws,ci_pipeline,recsys_clickthrough_model,1
00af433f-bbd9-4a67-9995-e15483872237,rag_qa_service,lightgbm,xgboost,9c89a98,develop,rag_corpus_4,42,2024-07-24T01:49:33.657319,2024-07-24T02:15:53.362025,success,,0.8726755318470697,0.8495166591766086,0.8977377582771525,f1,0.1283,62,0.07693,512,0.435,multi_gpu,A100,3.369,2.808,azure,user,rag_qa_service_model,15
9bcb4228-0cab-49b2-82a1-439a90988ae1,fraud_detection,tabnet,lightgbm,d44640b,bugfix/data_issue,fraud_v5,2024,2024-12-14T02:14:33.115689,2024-12-14T03:21:55.686053,success,,0.9008069418288949,0.8792655794636146,0.8563813105391409,roc_auc,0.099,79,0.00014,512,7.062,single_gpu,T4,2.922,1.069,gcp,ci_pipeline,fraud_detection_model,1
61b6dbce-a147-4e35-b2ce-72016c23bb46,fraud_detection,cnn,tensorflow,c960629,bugfix/data_issue,fraud_v4,123,2024-01-01T17:26:52.111862,2024-01-01T18:26:54.430068,success,,0.8705399236922963,0.8657915089992789,0.8845458126933974,roc_auc,0.1108,74,0.00446,64,8.641,single_gpu,A100,1.308,0.825,gcp,ci_pipeline,fraud_detection_model,9
cc4e2f53-d228-49d5-a742-24d006ad0a26,recsys_clickthrough,xgboost,pytorch,cbd1b17,main,recsys_v4,2024,2024-05-17T13:41:21.291918,2024-05-17T14:02:47.433692,failed,early_stopped,,,,roc_auc,,70,0.0074,1024,0.519,single_gpu,A100,0.501,0.421,gcp,user,recsys_clickthrough_model,4
c4aa39c1-d22b-4fca-8645-4168a20fbaf2,rag_qa_service,cnn,xgboost,eaea10f,main,rag_corpus_1,789,2024-01-20T20:32:13.619483,2024-01-20T20:51:34.596321,success,,0.8072757604483557,0.7825789544763185,0.7920415081992566,f1,0.1809,9,0.00406,128,4.432,single_gpu,V100,0.716,0.304,azure,user,rag_qa_service_model,1
fb986524-96f2-4b84-be4c-1ed9a54a91fd,fraud_detection,tabnet,sklearn,768962d,experiment/hyperparam,fraud_v3,1337,2024-04-29T01:56:27.808456,2024-04-29T02:10:00.722803,success,,0.854945317409238,0.8505646185478172,0.8291310494501413,roc_auc,0.1688,69,0.00056,256,5.229,cpu,,0.768,0.0,aws,ci_pipeline,fraud_detection_model,19
e9f8a375-3f5e-4e98-b6dd-22130fbd99ee,energy_forecasting,tabnet,pytorch,a741869,main,energy_5,789,2024-11-09T09:09:25.065189,2024-11-09T09:58:50.241135,success,,0.20481090213754147,0.1780389918004617,0.18183354449759404,rmse,0.0436,4,0.00424,256,5.188,single_gpu,V100,1.331,0.902,on_prem,ci_pipeline,energy_forecasting_model,2
bc2d61a3-90ab-4e0f-88f4-2f86ee2f06e0,recsys_clickthrough,xgboost,pytorch,97acf6a,experiment/hyperparam,recsys_v3,456,2024-03-20T16:40:34.289225,2024-03-20T17:00:29.939979,success,,0.8385880101095015,0.8443179026802301,0.8232669588428279,roc_auc,0.1813,69,0.00403,1024,0.307,multi_gpu,A100,1.441,2.142,gcp,ci_pipeline,recsys_clickthrough_model,16
a26a361a-5b19-4f67-a91e-116ca3022d3f,fraud_detection,xgboost,pytorch,0bce22e,develop,fraud_v4,1337,2024-01-07T18:39:00.197152,2024-01-07T19:17:35.239466,success,,0.863955215830959,0.8507810330959211,0.8321272569288131,roc_auc,0.1552,49,0.00042,1024,1.218,cpu,,1.355,0.0,gcp,user,fraud_detection_model,1
c7c02fb2-1739-412e-bd52-590ca6bfe008,recsys_clickthrough,tabnet,tensorflow,96db36c,main,recsys_v2,456,2024-03-29T10:23:58.234613,2024-03-29T10:56:13.386768,success,,0.8131720543252072,0.8063795182115528,0.7872903779584978,roc_auc,0.2088,48,0.00011,512,5.094,single_gpu,T4,1.346,0.499,azure,user,recsys_clickthrough_model,14
201e097a-8d3c-48e1-897f-f5667700f4b8,energy_forecasting,tabnet,sklearn,bdcc403,experiment/new_arch,energy_3,1337,2024-07-18T13:49:51.257820,2024-07-18T14:39:20.337674,success,,0.16538259370857825,0.189886408303274,0.2548453330315597,rmse,0.0358,34,0.00115,512,6.103,cpu,,1.983,0.0,azure,ci_pipeline,energy_forecasting_model,12
4eed391b-879a-4e08-9ac8-5610f8e58bc6,energy_forecasting,transformer,lightgbm,23266c9,bugfix/data_issue,energy_5,789,2024-04-13T13:14:43.300977,2024-04-13T14:18:51.602932,success,,0.25746201944964586,0.25459967434182484,0.22234940460031344,rmse,0.0734,42,0.000132,64,91.401,cpu,,3.034,0.0,gcp,ci_pipeline,energy_forecasting_model,16
d7b86594-d077-46ef-bdf5-8a4b55aec662,recsys_clickthrough,lightgbm,sklearn,f282f92,experiment/new_arch,recsys_v4,789,2024-01-27T12:36:07.095562,2024-01-27T12:54:37.982403,failed,infra_error,,,,roc_auc,,47,0.02862,512,1.42,multi_gpu,A100,1.91,1.335,on_prem,ci_pipeline,recsys_clickthrough_model,19
ff5727aa-4845-405d-84e1-2c6c2a335c89,recsys_clickthrough,tabnet,xgboost,cb3587f,bugfix/data_issue,recsys_v5,789,2024-09-16T04:36:44.397618,2024-09-16T05:03:48.767926,success,,0.7861564764309671,0.775151946926446,0.7337993358446789,roc_auc,0.2182,4,0.00145,512,9.507,multi_gpu,A100,1.089,2.276,gcp,scheduled_job,recsys_clickthrough_model,4
ec1490cd-ce7d-4db2-9723-de64b190b308,recsys_clickthrough,cnn,xgboost,28d4935,bugfix/data_issue,recsys_v5,2024,2024-03-10T04:53:26.508731,2024-03-10T06:05:33.787148,failed,oom,,,,roc_auc,,4,0.0008,128,6.425,cpu,,3.71,0.0,gcp,user,recsys_clickthrough_model,3
408eb23e-7937-4e1a-97c2-191b3d9fe7a4,energy_forecasting,cnn,sklearn,aa76dbf,experiment/hyperparam,energy_2,42,2024-11-13T19:27:54.407440,2024-11-13T20:32:07.288869,success,,0.2544616197389345,0.2107755439479241,0.15414329877856364,rmse,0.0669,5,0.0086,64,9.334,cpu,,4.017,0.0,gcp,user,energy_forecasting_model,17
b3cfd533-1723-4f84-95e0-ddaa3c1af0aa,rag_qa_service,cnn,pytorch,ed70965,experiment/new_arch,rag_corpus_3,123,2024-09-27T22:23:51.282212,2024-09-27T23:54:09.500646,success,,0.7725275554436853,0.751358873820978,0.7000888774211242,f1,0.2138,22,0.00415,256,15.834,single_gpu,V100,2.476,1.635,aws,user,rag_qa_service_model,17
f2e3b989-834a-4370-aa58-5254fab08721,recsys_clickthrough,lightgbm,tensorflow,d0ef6f1,experiment/hyperparam,recsys_v5,1337,2024-05-26T05:56:45.680821,2024-05-26T06:11:39.817819,success,,0.8372243850363912,0.8293697616815708,0.7573480595923805,roc_auc,0.1487,19,0.04458,2048,0.847,cpu,,0.642,0.0,azure,user,recsys_clickthrough_model,3
0f9e5a2f-f53a-4c91-a6af-3fd01eb858a8,rag_qa_service,cnn,pytorch,a096e65,experiment/new_arch,rag_corpus_2,2024,2024-11-30T02:28:58.315873,2024-11-30T02:48:33.118773,success,,0.8487402899902058,0.8297175759907712,0.8172207652304999,f1,0.1621,65,0.00022,128,14.651,single_gpu,T4,1.08,0.321,azure,scheduled_job,rag_qa_service_model,4
67bdb4a6-3075-4536-b692-5e06597e9a4e,recsys_clickthrough,cnn,pytorch,fa79d10,experiment/new_arch,recsys_v4,123,2024-08-22T11:06:18.073168,2024-08-22T11:35:04.839700,success,,0.8291959296242087,0.8121562715729225,0.8283326796184795,roc_auc,0.203,31,0.00019,64,15.215,cpu,,2.057,0.0,on_prem,scheduled_job,recsys_clickthrough_model,3
b2640daf-50c6-4099-b036-c9df881ea741,recsys_clickthrough,xgboost,pytorch,bdb9b98,develop,recsys_v2,789,2024-01-15T17:09:26.905242,2024-01-15T18:06:21.671549,success,,0.7936175992360098,0.7747437755945985,0.7950288727369037,roc_auc,0.2194,38,0.00035,1024,1.004,single_gpu,A100,2.764,0.762,gcp,scheduled_job,recsys_clickthrough_model,10
3d15e475-3bd1-4f1b-83e6-f0fbf89351d4,fraud_detection,cnn,lightgbm,67f623f,main,fraud_v4,789,2024-04-27T07:03:00.813816,2024-04-27T07:32:27.886204,success,,0.8891222098017141,0.8863899511800525,0.8732256908271089,roc_auc,0.1175,74,0.00016,256,10.345,cpu,,3.131,0.0,on_prem,scheduled_job,fraud_detection_model,3
cc6b65c6-50b3-48c0-bbac-67ca72714cf4,rag_qa_service,lightgbm,pytorch,d915349,main,rag_corpus_5,456,2024-07-04T17:49:09.542555,2024-07-04T18:04:02.425737,failed,data_error,,,,f1,,60,0.06504,1024,0.526,single_gpu,V100,0.97,0.292,aws,scheduled_job,rag_qa_service_model,20
9eaebcf4-ade4-4242-9893-d18f4272b805,rag_qa_service,cnn,pytorch,916ad04,bugfix/data_issue,rag_corpus_2,42,2024-09-18T15:22:57.090541,2024-09-18T15:51:29.990309,success,,0.7995208755696793,0.7966615267495011,0.8261220096885941,f1,0.1945,34,0.00185,64,15.457,single_gpu,V100,1.883,0.415,aws,ci_pipeline,rag_qa_service_model,18
eba49097-a68d-4b36-aa5b-e1aab6d44ab0,recsys_clickthrough,lightgbm,sklearn,c036ccb,main,recsys_v2,1337,2024-05-15T16:30:04.741780,2024-05-15T16:45:51.385449,success,,0.8811749173175698,0.8854884657881141,0.8597764835070587,roc_auc,0.0865,59,0.03052,2048,1.448,multi_gpu,A100,1.374,2.096,azure,ci_pipeline,recsys_clickthrough_model,18
71565af9-a3fd-4834-a443-76d18faeb54f,fraud_detection,lightgbm,lightgbm,595f6bb,develop,fraud_v2,2024,2024-03-27T09:45:16.949434,2024-03-27T10:26:41.714701,success,,0.8809532222186607,0.8749947938134537,0.8750217169066253,roc_auc,0.1214,80,0.00718,512,2.328,multi_gpu,T4,1.75,2.255,gcp,scheduled_job,fraud_detection_model,10
dee5a099-5213-4566-afc4-70b59c34039e,energy_forecasting,xgboost,xgboost,eecd78f,bugfix/data_issue,energy_4,42,2024-08-05T18:02:54.135053,2024-08-05T18:15:02.853762,failed,nan_loss,,,,rmse,,39,0.00034,2048,0.867,cpu,,0.931,0.0,aws,user,energy_forecasting_model,3
5fcd6114-1d85-4874-8e0c-373bd4c6a37b,recsys_clickthrough,lightgbm,lightgbm,618885c,develop,recsys_v2,2024,2024-02-13T13:06:38.502665,2024-02-13T13:58:41.538719,success,,0.8317139002996555,0.8251797461158438,0.8195467984707452,roc_auc,0.1811,23,0.01298,2048,1.303,multi_gpu,T4,6.578,5.82,azure,user,recsys_clickthrough_model,1
c3ebd88b-125f-478f-9c74-5829cac23ee8,energy_forecasting,lightgbm,xgboost,ea7f547,main,energy_5,2024,2024-11-21T11:24:05.141475,2024-11-21T13:06:38.450351,failed,data_error,,,,rmse,,11,0.0298,1024,2.243,single_gpu,A100,4.915,2.042,gcp,scheduled_job,energy_forecasting_model,3
fd8b23a7-4584-4ae0-981b-361e20a10a05,energy_forecasting,lightgbm,xgboost,4e766d2,experiment/hyperparam,energy_5,789,2024-12-02T20:09:28.868431,2024-12-02T20:27:38.256533,failed,oom,,,,rmse,,52,0.03721,2048,0.83,single_gpu,T4,1.008,0.358,aws,ci_pipeline,energy_forecasting_model,18
396416fe-bdbc-419b-8fa6-854d529361b0,energy_forecasting,xgboost,pytorch,5de0e80,main,energy_4,123,2024-01-16T03:48:08.706036,2024-01-16T04:23:02.054887,success,,0.2637181944309555,0.2950124472126021,0.30957897588942856,rmse,0.0553,8,0.01746,1024,1.828,multi_gpu,T4,2.769,2.434,on_prem,user,energy_forecasting_model,17
ce05f5f4-ca6d-4364-bcf6-7af3f970e021,fraud_detection,transformer,tensorflow,d990301,develop,fraud_v1,2024,2024-03-27T14:22:35.583460,2024-03-27T14:53:22.795462,success,,0.9326738791398141,0.9137604401237617,0.910695104224077,roc_auc,0.0615,5,0.000118,16,235.918,cpu,,2.888,0.0,gcp,ci_pipeline,fraud_detection_model,9
ea930c40-e695-49e8-8cae-cbc92cceeb84,energy_forecasting,lightgbm,pytorch,c757931,develop,energy_4,42,2024-01-19T01:57:41.574088,2024-01-19T02:40:55.250636,success,,0.23321232026873334,0.2820028945396695,0.27545814006377195,rmse,0.0645,66,0.0211,1024,2.452,multi_gpu,T4,5.154,5.727,gcp,scheduled_job,energy_forecasting_model,11
3f25f117-9106-4354-93d0-862e00418c0a,energy_forecasting,cnn,xgboost,f0489be,develop,energy_5,42,2024-02-15T09:21:22.069386,2024-02-15T09:56:41.992107,success,,0.3538861956950646,0.3603429581574885,0.3747650186991006,rmse,0.1061,47,0.00196,128,19.485,cpu,,0.819,0.0,aws,ci_pipeline,energy_forecasting_model,7
680f52f5-e654-4b43-97df-68f4aa62af30,energy_forecasting,cnn,tensorflow,66d9a27,experiment/new_arch,energy_1,456,2024-09-12T06:50:36.350749,2024-09-12T07:40:39.379736,success,,0.2585615107825627,0.2603414936141287,0.25030074510169154,rmse,0.0585,56,0.0002,64,17.132,multi_gpu,T4,4.279,6.339,gcp,user,energy_forecasting_model,10
51b24bd3-8039-431a-b75c-1c5d3c8d2676,rag_qa_service,xgboost,lightgbm,07ace62,experiment/hyperparam,rag_corpus_1,456,2024-07-02T22:45:30.952447,2024-07-02T22:57:17.795405,success,,0.7945224438463749,0.7861280399413929,0.772245887376367,f1,0.214,3,0.00106,512,1.837,cpu,,0.319,0.0,aws,user,rag_qa_service_model,15
3a5dcccf-de3d-4aca-87fe-4118ff983729,recsys_clickthrough,xgboost,lightgbm,7165702,experiment/hyperparam,recsys_v3,42,2024-03-17T08:29:38.651461,2024-03-17T10:02:45.604773,success,,0.8322233833791888,0.8262062137146142,0.8285579863123582,roc_auc,0.1708,51,0.00361,512,1.741,single_gpu,V100,3.253,1.823,on_prem,scheduled_job,recsys_clickthrough_model,12
f1994b1a-92a1-40bd-b0c2-5b089d4f8138,recsys_clickthrough,xgboost,tensorflow,bf70b1e,main,recsys_v5,2024,2024-07-29T02:04:12.498868,2024-07-29T02:27:36.348540,success,,0.7892033978563237,0.7841452980869927,0.7898221894330475,roc_auc,0.23,30,0.01962,2048,0.344,multi_gpu,V100,2.679,2.462,azure,scheduled_job,recsys_clickthrough_model,11
74a7a847-3663-4b04-a8b5-f82a15d942b8,rag_qa_service,xgboost,xgboost,3eb7a86,main,rag_corpus_3,2024,2024-06-20T01:52:37.206527,2024-06-20T02:59:15.814206,success,,0.7880591369628456,0.7895562116918197,0.784715973915932,f1,0.2268,14,0.03778,2048,0.221,single_gpu,T4,1.188,1.054,on_prem,ci_pipeline,rag_qa_service_model,9
f7bf3e61-8224-45cd-ae54-833af1b3fda2,recsys_clickthrough,xgboost,sklearn,929633d,bugfix/data_issue,recsys_v4,123,2024-10-13T22:32:01.189383,2024-10-13T23:20:41.697345,success,,0.816429781308483,0.8091892958254444,0.8019548191035767,roc_auc,0.1823,8,0.00055,1024,1.859,single_gpu,T4,1.91,0.954,on_prem,user,recsys_clickthrough_model,18
b34d7f23-6909-487e-a6de-a6ff2df9b412,recsys_clickthrough,cnn,pytorch,cdee799,develop,recsys_v3,123,2024-06-09T08:14:00.402683,2024-06-09T08:39:19.114818,success,,0.7950353031001126,0.7843382604058198,0.7713251279790959,roc_auc,0.1984,71,0.00036,256,17.528,single_gpu,A100,1.187,0.441,gcp,scheduled_job,recsys_clickthrough_model,5
2cb442e2-a6f5-41bb-8334-a04c5b22fd30,fraud_detection,lightgbm,pytorch,a01b063,develop,fraud_v5,456,2024-04-17T01:36:55.120004,2024-04-17T03:27:01.565507,failed,early_stopped,,,,roc_auc,,78,0.04856,2048,2.273,single_gpu,V100,7.002,1.508,on_prem,user,fraud_detection_model,20
5ba8b096-c160-422d-95bc-79021aae5cc5,fraud_detection,transformer,tensorflow,dd545e0,experiment/new_arch,fraud_v3,789,2024-07-26T11:07:53.513156,2024-07-26T11:35:25.611879,success,,0.843827398867422,0.8456555538904649,0.8469654844492897,roc_auc,0.121,6,1.1e-05,16,205.175,cpu,,1.388,0.0,gcp,user,fraud_detection_model,13
ef984ebc-a8e4-4869-bb47-868b5f0522a5,energy_forecasting,lightgbm,pytorch,a2cfb22,experiment/new_arch,energy_4,789,2024-03-20T16:41:34.175672,2024-03-20T17:28:44.216429,success,,0.11328910408624034,0.08805798346084032,0.0738285804298902,rmse,0.0013,54,0.0152,1024,1.223,cpu,,2.169,0.0,on_prem,scheduled_job,energy_forecasting_model,16
b2b02103-e53c-4169-8120-8c75e1ea32cb,fraud_detection,transformer,sklearn,353c559,experiment/hyperparam,fraud_v2,2024,2024-04-14T23:56:10.159980,2024-04-15T00:47:20.038252,success,,0.8951475841798171,0.8552842904240529,0.8809187512045012,roc_auc,0.1152,9,0.00015,64,179.793,cpu,,3.743,0.0,on_prem,user,fraud_detection_model,16
94cb6900-feee-4f45-8244-77ceb9f44899,energy_forecasting,xgboost,lightgbm,7c8665e,experiment/new_arch,energy_2,42,2024-11-03T14:39:43.069069,2024-11-03T15:19:17.908546,success,,0.15495538774436063,0.20675883224364494,0.2055044772049155,rmse,0.0099,48,0.00069,2048,0.293,single_gpu,A100,2.591,0.78,on_prem,ci_pipeline,energy_forecasting_model,13
6a8a9926-b462-4250-b27a-26ce23705dd4,energy_forecasting,transformer,sklearn,475791e,bugfix/data_issue,energy_5,2024,2024-06-25T19:23:24.119613,2024-06-25T20:35:41.188207,success,,0.1434472437323901,0.1352808902037046,0.12400535947582185,rmse,0.0338,67,0.000161,64,107.36,single_gpu,A100,4.493,1.383,aws,scheduled_job,energy_forecasting_model,2
e531a52a-bd42-476d-b56c-ee11cfc9e349,energy_forecasting,cnn,sklearn,d9c3dc6,develop,energy_2,123,2024-09-29T00:50:30.034782,2024-09-29T01:17:38.100457,failed,early_stopped,,,,rmse,,23,0.00434,64,3.368,single_gpu,V100,1.616,0.524,aws,ci_pipeline,energy_forecasting_model,18
24d369be-8f85-4e28-9924-1bae04e26605,fraud_detection,xgboost,tensorflow,985401a,experiment/new_arch,fraud_v2,123,2024-11-28T00:15:47.055485,2024-11-28T00:25:42.090665,failed,data_error,,,,roc_auc,,23,0.07358,2048,1.253,single_gpu,V100,0.273,0.157,azure,scheduled_job,fraud_detection_model,15
aa36671e-12ca-43d1-a9eb-a0c4bdc26749,rag_qa_service,xgboost,xgboost,c8e27aa,main,rag_corpus_3,2024,2024-07-18T12:42:09.202278,2024-07-18T13:00:19.880749,success,,0.7767626869393539,0.7542116327735231,0.7713793628822372,f1,0.2322,12,0.01043,1024,1.482,single_gpu,T4,1.09,0.246,on_prem,ci_pipeline,rag_qa_service_model,7
bfed5861-5685-4f65-9626-24f34335ca8a,energy_forecasting,tabnet,tensorflow,67f9ff6,experiment/hyperparam,energy_5,789,2024-09-07T15:28:44.824759,2024-09-07T16:08:23.283344,success,,0.1926386614318007,0.21154363634637532,0.21410303730586838,rmse,0.0448,3,0.00287,256,9.314,single_gpu,A100,1.32,0.662,on_prem,ci_pipeline,energy_forecasting_model,15
016c1ce9-34a8-42c2-94f8-43db0dbdc4a1,recsys_clickthrough,lightgbm,lightgbm,c089216,main,recsys_v1,789,2024-04-27T18:25:38.430157,2024-04-27T19:05:16.124276,success,,0.8558545172772904,0.8496977695458782,0.8396607377565521,roc_auc,0.1748,45,0.0023,1024,2.692,single_gpu,A100,1.238,0.677,on_prem,scheduled_job,recsys_clickthrough_model,17
b47462b7-20b1-4dd9-97ef-8c024237cf96,rag_qa_service,cnn,tensorflow,c571f46,main,rag_corpus_1,42,2024-05-21T00:59:37.838202,2024-05-21T01:40:10.148776,failed,data_error,,,,f1,,10,0.00173,128,5.411,multi_gpu,V100,1.355,4.421,on_prem,user,rag_qa_service_model,14
3db1fb35-043e-428f-a2a0-d4aee42dad71,rag_qa_service,cnn,tensorflow,52ed4c9,experiment/new_arch,rag_corpus_3,42,2024-02-22T10:59:23.302839,2024-02-22T11:56:32.956526,success,,0.7870072009292683,0.7755168039230184,0.813820898163232,f1,0.1905,68,0.00066,64,10.974,single_gpu,T4,2.316,0.933,on_prem,user,rag_qa_service_model,11
bf42b3bc-ef4f-4525-9e62-531ef62db496,rag_qa_service,xgboost,sklearn,7f609c4,develop,rag_corpus_5,2024,2024-05-30T02:13:09.078970,2024-05-30T02:32:59.590222,success,,0.8669007674633321,0.8457394245759509,0.8463261576332662,f1,0.1662,71,0.00039,2048,1.791,single_gpu,T4,0.559,0.284,azure,user,rag_qa_service_model,1
68aa2fb3-95d5-41de-a5cd-30358b746d50,energy_forecasting,xgboost,pytorch,4996199,bugfix/data_issue,energy_4,123,2024-11-02T20:31:43.767510,2024-11-02T21:16:40.406814,failed,infra_error,,,,rmse,,49,0.00182,512,2.951,single_gpu,T4,1.365,0.66,azure,ci_pipeline,energy_forecasting_model,9
774668f5-636e-4344-a595-1c3575007903,fraud_detection,cnn,tensorflow,e75cc7f,main,fraud_v5,456,2024-06-30T20:48:16.411738,2024-06-30T21:54:27.045676,success,,0.9464059273349477,0.9291931460424572,0.9214712705499624,roc_auc,0.0535,77,0.00077,128,2.08,single_gpu,A100,4.341,1.142,azure,ci_pipeline,fraud_detection_model,18
06f2f5ff-b714-486d-b71a-f3d4885164bb,fraud_detection,lightgbm,lightgbm,0b42ddc,main,fraud_v3,1337,2024-08-07T04:04:12.005892,2024-08-07T05:25:53.571161,success,,0.8994365303667624,0.8934563952781237,0.8775071501315663,roc_auc,0.1065,27,0.00348,1024,2.296,single_gpu,V100,2.289,1.21,azure,scheduled_job,fraud_detection_model,5
badc1512-7e43-4796-874f-9f58c3ace968,fraud_detection,lightgbm,sklearn,9774655,main,fraud_v3,42,2024-07-06T10:07:52.555188,2024-07-06T10:47:49.084640,failed,early_stopped,,,,roc_auc,,3,0.00286,512,1.808,multi_gpu,A100,4.211,2.295,azure,ci_pipeline,fraud_detection_model,5
dfba4366-6b47-49ab-a6c7-bc4e98f2f64a,energy_forecasting,tabnet,lightgbm,bc492a3,experiment/new_arch,energy_1,2024,2024-08-22T15:08:50.224196,2024-08-22T15:45:48.373396,failed,infra_error,,,,rmse,,56,0.00047,512,7.179,multi_gpu,A100,2.055,2.198,azure,scheduled_job,energy_forecasting_model,17
d71ba5a0-1a8f-4d3e-9ec9-d3f80e03c646,recsys_clickthrough,xgboost,lightgbm,306d3fe,main,recsys_v3,42,2024-12-24T07:55:11.505697,2024-12-24T08:29:12.568710,failed,infra_error,,,,roc_auc,,21,0.00602,1024,1.027,cpu,,1.232,0.0,on_prem,scheduled_job,recsys_clickthrough_model,11
7230e577-a6b1-46e8-8b55-a290d38264ef,energy_forecasting,transformer,xgboost,8dee372,experiment/new_arch,energy_1,789,2024-08-16T00:08:33.033271,2024-08-16T00:40:14.973750,failed,early_stopped,,,,rmse,,63,1.5e-05,16,68.074,cpu,,0.908,0.0,gcp,user,energy_forecasting_model,2
451faa3a-bcf0-48e8-aa12-6df31cfa17d5,rag_qa_service,cnn,tensorflow,dba7a8c,experiment/new_arch,rag_corpus_5,456,2024-09-13T16:37:06.312692,2024-09-13T18:19:59.137487,success,,0.8120435888470333,0.7962379119766771,0.8264686781572756,f1,0.1875,43,0.00168,128,2.79,cpu,,10.768,0.0,on_prem,scheduled_job,rag_qa_service_model,7
d23310bf-d751-4bf7-94a9-b2c699fc3589,fraud_detection,tabnet,xgboost,9073851,experiment/new_arch,fraud_v5,42,2024-07-22T14:33:31.835982,2024-07-22T16:02:03.821043,failed,nan_loss,,,,roc_auc,,73,0.00971,512,2.707,single_gpu,V100,4.238,1.452,on_prem,ci_pipeline,fraud_detection_model,9
582e5186-7f35-431b-82d1-604d301a776e,rag_qa_service,transformer,pytorch,8dfa629,main,rag_corpus_2,42,2024-12-07T12:19:50.314064,2024-12-07T13:16:56.346546,failed,oom,,,,f1,,72,1.2e-05,64,24.052,cpu,,1.746,0.0,azure,user,rag_qa_service_model,19
762ef7c7-4586-4c69-adb9-7be26b944c41,rag_qa_service,xgboost,xgboost,cd0d06b,bugfix/data_issue,rag_corpus_1,42,2024-01-18T04:22:47.281983,2024-01-18T05:18:32.914837,failed,nan_loss,,,,f1,,74,0.00765,2048,0.192,single_gpu,T4,2.238,1.087,on_prem,scheduled_job,rag_qa_service_model,18
eaff286d-64df-45af-ad30-a72e04274978,recsys_clickthrough,lightgbm,tensorflow,e8e64ee,develop,recsys_v3,42,2024-06-02T13:32:04.596003,2024-06-02T15:17:21.802381,success,,0.876702061420779,0.8660815479325491,0.8839119723006656,roc_auc,0.1183,46,0.00312,512,1.912,single_gpu,V100,5.86,1.954,on_prem,scheduled_job,recsys_clickthrough_model,15
7d52e5cd-51e5-4687-8511-d75c2b55aacb,fraud_detection,transformer,lightgbm,312ce35,experiment/hyperparam,fraud_v1,2024,2024-11-04T02:49:16.804252,2024-11-04T03:09:45.255860,success,,0.8546987934357856,0.8415839096652149,0.838461928223951,roc_auc,0.1493,14,1.3e-05,16,242.763,single_gpu,V100,0.768,0.304,aws,ci_pipeline,fraud_detection_model,16
46f6d02d-1ecd-45f8-aee6-d07e6e0c4bf0,recsys_clickthrough,tabnet,tensorflow,b40583f,experiment/hyperparam,recsys_v1,456,2024-11-20T00:48:43.014161,2024-11-20T01:58:11.349237,failed,oom,,,,roc_auc,,44,0.00171,256,5.006,cpu,,4.332,0.0,aws,user,recsys_clickthrough_model,13
e9ea6b52-4a4d-47e8-a744-fa1d7a1e81d7,rag_qa_service,xgboost,tensorflow,a6e810a,experiment/new_arch,rag_corpus_5,789,2024-07-15T06:29:13.697672,2024-07-15T06:40:23.612753,success,,0.7262142527404121,0.7324654653292373,0.7345382616585383,f1,0.2655,57,0.00556,1024,1.427,single_gpu,T4,0.476,0.159,azure,ci_pipeline,rag_qa_service_model,10
d3f8aa96-2bd6-4cfb-9a3b-6066dc66e1b6,energy_forecasting,transformer,lightgbm,94efd6d,experiment/hyperparam,energy_1,42,2024-06-06T16:22:34.001562,2024-06-06T17:44:06.783584,success,,0.1166509925434186,0.15234823610800896,0.1509795087125955,rmse,0.0118,66,0.000179,16,223.726,single_gpu,A100,4.129,1.343,azure,ci_pipeline,energy_forecasting_model,7
5e930c95-1124-49f4-8c51-364995b109e6,fraud_detection,cnn,xgboost,f5b2eaa,develop,fraud_v1,1337,2024-05-23T15:05:04.579016,2024-05-23T15:19:01.055451,failed,data_error,,,,roc_auc,,14,0.00011,256,17.884,single_gpu,A100,0.391,0.272,aws,ci_pipeline,fraud_detection_model,12
699ed198-2aa5-4bfe-8e03-1fa2418fac70,energy_forecasting,lightgbm,pytorch,346f58a,experiment/hyperparam,energy_5,123,2024-07-31T19:45:46.169396,2024-07-31T20:44:11.016981,success,,0.15848150078995965,0.16534388747975148,0.1544572035504116,rmse,0.0202,40,0.01966,1024,2.312,multi_gpu,T4,3.124,3.315,on_prem,scheduled_job,energy_forecasting_model,16
a60a3ed4-c837-4af4-8165-d9fb8c3b908b,energy_forecasting,transformer,pytorch,b5a541a,experiment/hyperparam,energy_5,42,2024-06-04T00:19:34.722724,2024-06-04T00:43:33.512268,success,,0.25411995653785663,0.2533222298420131,0.2741943177834467,rmse,0.0495,24,1.1e-05,16,196.219,multi_gpu,T4,3.14,1.594,azure,user,energy_forecasting_model,17
4ab433f2-d0a7-451e-8ad7-7bf6a97907e0,fraud_detection,transformer,xgboost,8afe1c4,experiment/hyperparam,fraud_v4,789,2024-09-12T03:40:55.868307,2024-09-12T04:41:06.943393,success,,0.9383017723762667,0.9243090783001249,0.9153475038380366,roc_auc,0.073,65,0.000121,64,45.549,cpu,,5.77,0.0,azure,scheduled_job,fraud_detection_model,10
89ebabe5-2d23-4ed5-9e4e-f98e8999fe06,fraud_detection,lightgbm,xgboost,cd84a33,main,fraud_v2,789,2024-12-17T00:52:13.468098,2024-12-17T01:27:11.634508,success,,0.8428542154267604,0.8184612805884057,0.8248347528369929,roc_auc,0.1766,26,0.00212,2048,2.595,single_gpu,A100,1.411,0.653,aws,user,fraud_detection_model,18
5911f140-0e50-4ccd-a523-b1e365dcdc27,recsys_clickthrough,transformer,lightgbm,71bf6f0,experiment/hyperparam,recsys_v4,123,2024-04-11T10:16:16.385540,2024-04-11T10:40:55.579901,failed,data_error,,,,roc_auc,,31,3.5e-05,16,172.908,cpu,,1.026,0.0,gcp,ci_pipeline,recsys_clickthrough_model,19
137ec74f-2fe3-481f-b1c2-930fc999174c,fraud_detection,xgboost,pytorch,bf8e790,experiment/new_arch,fraud_v4,1337,2024-01-27T08:10:52.767384,2024-01-27T08:20:56.741775,success,,0.8614814991341876,0.8619858754217473,0.8746776524611863,roc_auc,0.1364,18,0.00147,1024,2.904,single_gpu,A100,0.248,0.187,azure,scheduled_job,fraud_detection_model,10
e4ee3174-fee3-4eab-a69a-3b38749f0d08,fraud_detection,tabnet,pytorch,3c57de6,experiment/hyperparam,fraud_v2,789,2024-10-23T22:45:05.806347,2024-10-23T23:09:46.997941,success,,0.9124620345448412,0.9024216149666096,0.9061541711478802,roc_auc,0.0761,19,0.00742,512,0.612,cpu,,2.105,0.0,on_prem,scheduled_job,fraud_detection_model,7
1b2e5f42-d9b7-480b-927b-314af8db7784,fraud_detection,tabnet,xgboost,c5e6959,develop,fraud_v2,789,2024-09-07T03:18:27.791450,2024-09-07T04:24:27.755153,success,,0.9005719152669165,0.9067316786040871,0.8937027321445514,roc_auc,0.0561,6,0.00767,256,8.319,multi_gpu,V100,2.477,5.309,aws,user,fraud_detection_model,18
56cf0aca-3d39-45fb-b9ad-720067abc293,energy_forecasting,xgboost,pytorch,b51b3ef,experiment/hyperparam,energy_3,1337,2024-05-25T18:07:57.026328,2024-05-25T18:27:07.534543,success,,0.3453774338592603,0.3461633492227364,0.29939863797165256,rmse,0.1045,63,0.00381,1024,2.94,single_gpu,T4,0.405,0.374,gcp,user,energy_forecasting_model,8
b27c8915-4e10-4bbf-8bf2-d0b0f95e494b,fraud_detection,cnn,tensorflow,4bb5793,experiment/hyperparam,fraud_v1,42,2024-04-05T03:51:28.207455,2024-04-05T04:40:47.333886,success,,0.8765349756467453,0.8641372739109189,0.8520169250912224,roc_auc,0.1249,11,0.00455,64,3.071,multi_gpu,A100,2.177,3.754,on_prem,user,fraud_detection_model,1
31016639-c481-4019-8a57-7de4b33ec663,energy_forecasting,xgboost,xgboost,537613b,experiment/hyperparam,energy_5,42,2024-01-22T19:37:29.928416,2024-01-22T19:54:01.463592,success,,0.21106301551351864,0.20875321051312382,0.22178593822192555,rmse,0.0463,77,0.00033,512,1.018,multi_gpu,T4,1.67,1.351,aws,user,energy_forecasting_model,11
9570d25a-f864-4b39-9182-a5fc4ddf4825,fraud_detection,xgboost,tensorflow,376af0c,main,fraud_v5,789,2024-02-05T12:30:14.384074,2024-02-05T13:14:05.690522,success,,0.8887200297453661,0.8777171325202957,0.8745078010824825,roc_auc,0.075,19,0.00123,1024,2.734,multi_gpu,A100,2.819,5.744,azure,scheduled_job,fraud_detection_model,15
697c5001-31a1-456f-914f-01560c257578,fraud_detection,transformer,xgboost,a0dda3c,main,fraud_v3,456,2024-03-06T09:50:35.844298,2024-03-06T12:31:06.567185,success,,0.8503540681138608,0.8551739535251188,0.8544061808405125,roc_auc,0.118,26,2.8e-05,16,217.567,single_gpu,T4,4.207,2.732,on_prem,user,fraud_detection_model,2
77ce11de-3c49-4fe1-9597-9f2c1be355b6,recsys_clickthrough,tabnet,lightgbm,dfb5bae,develop,recsys_v2,456,2024-09-27T10:17:16.361501,2024-09-27T10:59:04.756284,failed,infra_error,,,,roc_auc,,54,0.00145,256,1.346,cpu,,4.082,0.0,azure,scheduled_job,recsys_clickthrough_model,2
bc8e4f16-aa49-42d6-8e61-f8cf00471105,fraud_detection,cnn,sklearn,4b90f6e,develop,fraud_v5,123,2024-02-16T23:37:51.388272,2024-02-17T00:27:43.328049,success,,0.9039276989760374,0.8977877247325318,0.9005191984197697,roc_auc,0.0754,32,0.00022,128,15.941,single_gpu,V100,1.455,0.804,aws,ci_pipeline,fraud_detection_model,5
d9257924-3a9a-482b-91bb-bb8b2c827346,recsys_clickthrough,lightgbm,sklearn,520fbcd,main,recsys_v2,456,2024-07-13T23:27:40.809207,2024-07-14T00:10:41.760014,success,,0.7818410401475294,0.7895223504745966,0.8493785618758094,roc_auc,0.2531,25,0.0579,512,1.36,single_gpu,T4,1.767,0.84,aws,scheduled_job,recsys_clickthrough_model,6
b5c71923-554a-4032-8cac-d6e7dd66b945,rag_qa_service,xgboost,pytorch,2b4d642,experiment/hyperparam,rag_corpus_2,1337,2024-05-25T21:36:56.174286,2024-05-25T22:28:01.623675,success,,0.7754675379021381,0.7528289785111741,0.75939155078247,f1,0.2088,25,0.00059,512,2.481,single_gpu,A100,1.964,0.706,on_prem,scheduled_job,rag_qa_service_model,19
11e81c55-dc5b-4322-b3ae-18d4e0ab5e29,rag_qa_service,transformer,pytorch,4bb9567,experiment/new_arch,rag_corpus_2,456,2024-08-29T13:59:24.261017,2024-08-29T14:24:22.269014,success,,0.813644268875204,0.8360594071284952,0.8434884077237008,f1,0.1863,54,0.00016,32,189.769,single_gpu,T4,0.872,0.483,on_prem,user,rag_qa_service_model,11
67ad8eda-13ef-4b88-9f87-a0df9e4aa84d,recsys_clickthrough,transformer,lightgbm,55d4c62,develop,recsys_v5,42,2024-08-14T03:35:43.676409,2024-08-14T04:11:44.692538,failed,data_error,,,,roc_auc,,63,2.3e-05,32,163.659,multi_gpu,V100,4.132,3.999,azure,user,recsys_clickthrough_model,8
b89518dd-d48d-48dd-b0e6-759c6bf683a7,rag_qa_service,tabnet,tensorflow,2ecfe6b,develop,rag_corpus_3,123,2024-07-23T20:03:02.953415,2024-07-23T20:52:55.104492,success,,0.8384058446697354,0.8273288501786693,0.8522842915779626,f1,0.1745,40,0.00032,256,8.69,multi_gpu,T4,6.118,2.631,azure,user,rag_qa_service_model,13
591992e7-24e1-49e6-9dd2-f767a6ad4de9,rag_qa_service,tabnet,pytorch,451adb6,develop,rag_corpus_5,123,2024-04-28T06:04:42.799081,2024-04-28T07:59:52.976734,success,,0.6105355472383043,0.5881672225770316,0.5746578141023552,f1,0.3734,67,0.00013,512,7.582,single_gpu,A100,4.829,2.033,azure,ci_pipeline,rag_qa_service_model,14
a7917e15-1a15-486c-a669-216122ecf3c7,recsys_clickthrough,tabnet,sklearn,61b2993,bugfix/data_issue,recsys_v5,2024,2024-01-29T03:57:22.647400,2024-01-29T04:23:27.078304,success,,0.8294359961772719,0.8021342781274157,0.830585484704266,roc_auc,0.1786,15,0.00883,256,1.955,cpu,,1.254,0.0,azure,scheduled_job,recsys_clickthrough_model,17
743d0b66-e4c4-483b-aeef-c3772f71ef55,recsys_clickthrough,transformer,sklearn,00c7672,main,recsys_v1,456,2024-07-14T18:02:09.282224,2024-07-14T18:27:04.060890,failed,early_stopped,,,,roc_auc,,38,0.000372,32,86.449,multi_gpu,V100,1.55,3.167,aws,user,recsys_clickthrough_model,4
80ca5cc1-b676-4401-bd50-2821207186b0,recsys_clickthrough,xgboost,tensorflow,63cc72a,develop,recsys_v5,2024,2024-03-01T00:33:45.185934,2024-03-01T01:19:34.372538,success,,0.8873152813677495,0.8556428216364196,0.8334295562373947,roc_auc,0.1347,79,0.00051,512,1.313,single_gpu,V100,2.045,0.668,on_prem,user,recsys_clickthrough_model,15
e43fdcf7-4264-4925-b5c3-ec42557d1814,recsys_clickthrough,tabnet,xgboost,a43d4d1,main,recsys_v2,2024,2024-05-30T23:14:10.595267,2024-05-30T23:36:15.387428,success,,0.8222722716984169,0.8097896737335121,0.8143715688577594,roc_auc,0.1642,55,0.0048,256,3.574,multi_gpu,A100,2.588,0.965,azure,scheduled_job,recsys_clickthrough_model,1
161c0ebe-04bb-4ae4-9334-e35955af295c,rag_qa_service,tabnet,pytorch,331162c,bugfix/data_issue,rag_corpus_1,42,2024-05-26T11:50:40.010290,2024-05-26T12:47:19.576427,success,,0.7999615552718489,0.7769208906383605,0.7507421449438615,f1,0.2117,27,0.00053,256,3.228,single_gpu,A100,2.363,0.928,azure,user,rag_qa_service_model,8
b0ef07bf-f367-47b5-a7ac-4ff77608636c,energy_forecasting,cnn,pytorch,7ada3a8,main,energy_3,42,2024-10-28T07:35:43.396326,2024-10-28T08:18:36.028877,failed,early_stopped,,,,rmse,,66,0.00882,128,6.066,single_gpu,T4,2.25,0.684,aws,user,energy_forecasting_model,2
52fe58eb-70c4-4e2d-a908-114bb6efdbd1,fraud_detection,cnn,xgboost,16f9ba1,main,fraud_v1,456,2024-08-27T11:56:13.060733,2024-08-27T12:24:20.130265,success,,0.9239512617050943,0.9303080513950965,0.9262710181212279,roc_auc,0.073,18,0.00972,128,14.849,single_gpu,T4,1.808,0.531,gcp,scheduled_job,fraud_detection_model,18
6eb88b12-050f-4e55-8a48-0cd44083fee7,fraud_detection,xgboost,xgboost,932fc4e,experiment/hyperparam,fraud_v3,1337,2024-04-05T07:31:34.499058,2024-04-05T08:03:53.594254,success,,0.8282129495664369,0.8371140142929744,0.8546679267634957,roc_auc,0.1609,12,0.00646,512,1.565,single_gpu,T4,1.387,0.641,gcp,scheduled_job,fraud_detection_model,2
382f5b0d-4706-49bd-b7d3-2acada651453,rag_qa_service,tabnet,sklearn,7f93805,experiment/new_arch,rag_corpus_1,2024,2024-11-18T13:44:04.972147,2024-11-18T16:22:04.023995,failed,data_error,,,,f1,,77,0.00508,256,8.156,multi_gpu,T4,7.355,16.545,gcp,user,rag_qa_service_model,5
74ff362d-8f19-4e59-97f0-c83270b25353,energy_forecasting,transformer,sklearn,2e8a41d,experiment/new_arch,energy_3,456,2024-02-19T21:38:41.125308,2024-02-19T22:34:26.291093,success,,0.14768661291840895,0.1656958225020026,0.18082135339766933,rmse,0.0277,63,7.4e-05,32,102.502,multi_gpu,A100,2.137,4.575,aws,ci_pipeline,energy_forecasting_model,12
0c8631ef-4b4f-4367-91d0-3a2f730d7cf5,rag_qa_service,transformer,tensorflow,d318f0a,experiment/hyperparam,rag_corpus_5,42,2024-08-28T00:45:45.837349,2024-08-28T01:02:33.294217,failed,oom,,,,f1,,22,1e-05,16,85.932,multi_gpu,T4,0.791,1.588,azure,scheduled_job,rag_qa_service_model,10
deabe282-5772-43c1-a40b-e17bd5804851,fraud_detection,xgboost,pytorch,1556af2,main,fraud_v4,1337,2024-04-02T10:39:11.113592,2024-04-02T10:59:43.970799,success,,0.9045031656262584,0.9008113755653329,0.8780044368282696,roc_auc,0.0513,66,0.00082,512,1.633,single_gpu,V100,0.949,0.315,gcp,ci_pipeline,fraud_detection_model,10
55492d6c-9990-4810-b3a7-195ebbd9e9a4,fraud_detection,xgboost,pytorch,a4b1b99,bugfix/data_issue,fraud_v3,1337,2024-07-10T21:14:08.155650,2024-07-10T22:54:08.335075,success,,0.9033428025240021,0.8733417256051488,0.8616003704719581,roc_auc,0.1443,75,0.00153,2048,0.453,single_gpu,V100,4.447,1.551,on_prem,ci_pipeline,fraud_detection_model,8
93246b04-d65c-4d3c-905f-b5055563ff88,fraud_detection,xgboost,tensorflow,1fb57fe,develop,fraud_v3,456,2024-10-11T01:52:52.184407,2024-10-11T02:23:45.073965,success,,0.9072295989413838,0.8934811181580555,0.8643610655869777,roc_auc,0.0626,14,0.00725,2048,2.245,single_gpu,T4,1.605,0.522,gcp,scheduled_job,fraud_detection_model,5
b773f8b7-8b12-482e-82d6-95343ef181c5,rag_qa_service,transformer,pytorch,c554d7a,main,rag_corpus_3,2024,2024-12-02T03:47:47.841166,2024-12-02T04:31:24.039555,success,,0.8717041539378787,0.8533891652685621,0.8733414414851012,f1,0.0998,68,1.4e-05,32,269.791,cpu,,0.883,0.0,gcp,ci_pipeline,rag_qa_service_model,14
dc79357b-efd8-4c05-9407-35b3148a0652,recsys_clickthrough,cnn,sklearn,c8c10ff,experiment/new_arch,recsys_v4,1337,2024-08-06T19:39:51.567764,2024-08-06T21:24:07.642337,failed,oom,,,,roc_auc,,21,0.00046,256,2.716,single_gpu,T4,4.671,1.723,on_prem,scheduled_job,recsys_clickthrough_model,14
c67ea14e-7ffb-4295-b182-1a142109aacb,recsys_clickthrough,lightgbm,xgboost,b1da222,develop,recsys_v5,123,2024-04-13T15:02:18.499064,2024-04-13T15:40:36.022292,failed,data_error,,,,roc_auc,,27,0.02212,2048,2.325,single_gpu,V100,2.372,0.615,azure,ci_pipeline,recsys_clickthrough_model,19
2f54fd7a-069c-400c-b013-f7bbf3b9b19a,energy_forecasting,xgboost,sklearn,40c4915,main,energy_1,123,2024-05-06T15:58:35.175758,2024-05-06T16:18:27.618866,success,,0.18032838712038238,0.21873023589188384,0.26464087763086336,rmse,0.0376,59,0.07633,1024,2.61,cpu,,1.019,0.0,azure,user,energy_forecasting_model,6
eb4fc852-da67-4772-9726-d9381c47bc8f,recsys_clickthrough,xgboost,lightgbm,4ae57f9,experiment/new_arch,recsys_v5,123,2024-01-11T15:53:07.070435,2024-01-11T16:11:37.890837,success,,0.8293694372893965,0.8209701821554796,0.8161019761041214,roc_auc,0.1718,16,0.04423,1024,0.998,cpu,,2.406,0.0,aws,ci_pipeline,recsys_clickthrough_model,10
eb081f43-ad1f-4de4-a1f5-b7602e1bd2cd,energy_forecasting,lightgbm,tensorflow,15cc8ee,experiment/hyperparam,energy_3,789,2024-07-21T19:40:14.639770,2024-07-21T20:10:58.085180,success,,0.27565223023855256,0.28156902626386654,0.2861726289497888,rmse,0.0743,13,0.04224,512,1.359,multi_gpu,V100,3.877,2.838,gcp,ci_pipeline,energy_forecasting_model,17
fe0269c3-ad39-4ebd-9048-f6f9bbd40e88,recsys_clickthrough,xgboost,lightgbm,35f8b0f,experiment/new_arch,recsys_v5,1337,2024-10-09T04:26:02.519654,2024-10-09T05:00:56.410828,success,,0.8255936128841745,0.8193578384300565,0.8256791958246555,roc_auc,0.1861,33,0.00479,1024,1.706,single_gpu,T4,1.506,0.54,gcp,ci_pipeline,recsys_clickthrough_model,13
33358b80-e55f-43d2-9cc4-56c83fcfc9ce,fraud_detection,cnn,tensorflow,8fec94c,bugfix/data_issue,fraud_v3,123,2024-07-29T04:59:38.624897,2024-07-29T06:11:11.909580,success,,0.9114428954971595,0.8831133902376219,0.8712930659559871,roc_auc,0.0928,9,0.00066,256,5.826,cpu,,8.37,0.0,on_prem,ci_pipeline,fraud_detection_model,10
f6899dff-7878-4b95-903a-160b2a3a9ad3,energy_forecasting,lightgbm,xgboost,9801057,develop,energy_4,456,2024-05-15T12:11:26.598137,2024-05-15T12:25:49.607653,success,,0.22997587419599225,0.22408291880630893,0.21322070126863593,rmse,0.0586,21,0.00105,1024,2.018,cpu,,1.769,0.0,aws,scheduled_job,energy_forecasting_model,14
2702dcb6-e49d-4d27-95ad-ebe77c1c5d6f,fraud_detection,lightgbm,lightgbm,a198230,experiment/hyperparam,fraud_v2,789,2024-09-20T20:28:51.456969,2024-09-20T21:10:31.585916,success,,0.8630812435985405,0.8774882837462914,0.8747239487188008,roc_auc,0.1328,41,0.00694,1024,2.28,single_gpu,A100,0.986,0.652,on_prem,scheduled_job,fraud_detection_model,16
9ee18523-b4de-4ee1-ab2e-d722f3e13729,recsys_clickthrough,cnn,sklearn,8a32438,main,recsys_v3,42,2024-06-14T20:16:27.094081,2024-06-14T20:31:03.353380,success,,0.7937956423332494,0.7828693664537602,0.8077266177109265,roc_auc,0.2087,34,0.0017,128,18.153,single_gpu,V100,0.946,0.258,aws,scheduled_job,recsys_clickthrough_model,20
7ee2ee46-0d44-43cf-b125-80a36059705a,fraud_detection,cnn,xgboost,57d9027,experiment/new_arch,fraud_v1,123,2024-04-11T07:20:29.901017,2024-04-11T07:34:18.235215,success,,0.8907057065789976,0.8818774266287414,0.9054896284192275,roc_auc,0.1024,31,0.00129,64,15.107,single_gpu,V100,0.382,0.218,aws,ci_pipeline,fraud_detection_model,5
3e14f0f0-6fa0-4c31-8375-a0ebcc674b1c,energy_forecasting,tabnet,tensorflow,5ed58c8,develop,energy_1,456,2024-01-08T09:26:27.016137,2024-01-08T09:46:29.225271,success,,0.2672327434284722,0.27478981091179644,0.2996885461031234,rmse,0.0738,79,0.00139,256,8.996,single_gpu,A100,0.81,0.393,on_prem,user,energy_forecasting_model,15
56eff9f8-4fc0-49ab-bb69-5d1af42cfde5,recsys_clickthrough,xgboost,lightgbm,4222468,develop,recsys_v1,456,2024-09-06T20:11:38.585116,2024-09-06T21:18:15.743932,success,,0.8950233415079699,0.9020829324568773,0.8895410759614314,roc_auc,0.1042,3,0.00286,1024,2.81,single_gpu,V100,2.55,1.128,on_prem,scheduled_job,recsys_clickthrough_model,8
d531c4c2-22b2-459f-9f94-7a7f00365b50,recsys_clickthrough,cnn,sklearn,f13208f,experiment/hyperparam,recsys_v1,123,2024-02-25T04:43:12.391570,2024-02-25T05:13:32.144758,failed,nan_loss,,,,roc_auc,,33,0.00151,256,3.645,multi_gpu,T4,1.021,1.755,aws,user,recsys_clickthrough_model,12
fa730923-95cc-4675-95ee-d284ffc17467,recsys_clickthrough,transformer,xgboost,790a295,main,recsys_v4,123,2024-03-08T05:38:36.195555,2024-03-08T06:39:10.566014,success,,0.8029023672004653,0.7980030067014261,0.8037484569819746,roc_auc,0.216,68,0.000257,16,47.774,single_gpu,V100,3.762,0.894,azure,ci_pipeline,recsys_clickthrough_model,12
0f9d333a-b3fa-45ab-8540-3d7e97460f60,energy_forecasting,tabnet,tensorflow,07fc20c,experiment/hyperparam,energy_2,123,2024-09-28T03:48:09.255079,2024-09-28T04:11:16.918975,success,,0.1438940444280296,0.18656162277135452,0.17666690214585368,rmse,0.0289,71,0.0009,512,9.566,cpu,,1.053,0.0,on_prem,user,energy_forecasting_model,10
c77c9d63-f97a-4cda-ba37-4dec459ef6f1,energy_forecasting,transformer,tensorflow,7430b9f,experiment/hyperparam,energy_2,2024,2024-08-12T05:04:56.190920,2024-08-12T05:23:55.114026,success,,0.2535028611091955,0.2378817279220472,0.22314848160783726,rmse,0.0783,57,1.4e-05,32,287.428,cpu,,0.744,0.0,aws,scheduled_job,energy_forecasting_model,14
09a163d9-1aac-49a3-9154-ce3e8524816a,energy_forecasting,xgboost,tensorflow,27e62c2,main,energy_3,789,2024-07-18T19:34:27.144191,2024-07-18T20:03:11.178121,success,,0.21446076841105285,0.16442254310506593,0.17104807912033665,rmse,0.0284,19,0.00082,512,2.948,multi_gpu,A100,1.234,2.651,aws,user,energy_forecasting_model,3
257d9879-d530-4f84-94d3-a0aedf524877,fraud_detection,transformer,lightgbm,aa76da3,develop,fraud_v2,123,2024-03-13T10:10:52.089200,2024-03-13T10:54:20.998969,failed,infra_error,,,,roc_auc,,20,0.000759,16,233.38,multi_gpu,T4,5.678,1.613,azure,ci_pipeline,fraud_detection_model,17
77b5840c-93ef-4ce5-946f-bd1cc5e4b454,energy_forecasting,tabnet,tensorflow,6e14240,main,energy_2,789,2024-10-30T00:21:36.307676,2024-10-30T00:41:04.153649,success,,0.20249805355117848,0.19875826907827587,0.2174795212914661,rmse,0.0335,29,0.00011,256,2.802,single_gpu,A100,0.985,0.29,gcp,user,energy_forecasting_model,9
0b46e924-da6f-4756-9e2f-be3203209071,rag_qa_service,cnn,xgboost,a86927f,experiment/hyperparam,rag_corpus_1,789,2024-08-28T13:48:41.355489,2024-08-28T13:57:44.364102,success,,0.8342006654927314,0.8101856620272099,0.7799641904116918,f1,0.1545,75,0.00023,128,13.046,single_gpu,A100,0.316,0.172,on_prem,user,rag_qa_service_model,11
f896f097-6d2b-4509-a86b-28a16350c052,recsys_clickthrough,tabnet,pytorch,014ddc2,experiment/new_arch,recsys_v4,456,2024-03-08T03:44:40.598839,2024-03-08T04:16:19.331493,failed,nan_loss,,,,roc_auc,,65,0.00028,256,2.354,multi_gpu,T4,1.578,3.514,azure,scheduled_job,recsys_clickthrough_model,11
44200c76-f5e3-4316-8d00-46b6cd745619,energy_forecasting,lightgbm,pytorch,7da5c9f,experiment/hyperparam,energy_5,789,2024-07-05T15:04:09.554312,2024-07-05T16:27:27.965376,success,,0.20539234286461835,0.21391236480048959,0.2722601939150097,rmse,0.0498,39,0.00118,2048,1.627,multi_gpu,T4,6.539,7.605,gcp,ci_pipeline,energy_forecasting_model,12
c3bb8435-cb7f-47d7-8193-fc98aa7cbaf0,fraud_detection,xgboost,tensorflow,6206295,bugfix/data_issue,fraud_v3,42,2024-02-22T04:37:55.471152,2024-02-22T05:20:27.392328,failed,infra_error,,,,roc_auc,,56,0.0009,1024,2.277,cpu,,2.391,0.0,on_prem,user,fraud_detection_model,20
e1b40580-0a54-4942-8219-7f12227aae87,recsys_clickthrough,cnn,sklearn,993a422,main,recsys_v3,789,2024-11-13T01:36:22.946475,2024-11-13T01:54:43.495392,failed,infra_error,,,,roc_auc,,40,0.00263,64,1.909,single_gpu,T4,0.68,0.331,gcp,scheduled_job,recsys_clickthrough_model,18
1f7e5fd2-bcc2-4541-8fc4-ea00656d4801,fraud_detection,cnn,tensorflow,fb7e5d4,main,fraud_v4,42,2024-03-15T07:38:21.499281,2024-03-15T08:28:18.148087,success,,0.8541150261219731,0.850996396743489,0.8874859416038153,roc_auc,0.134,21,0.00183,256,12.164,single_gpu,T4,1.715,0.827,azure,user,fraud_detection_model,7
3001e029-13a5-4032-ae4a-2f7966c5dcd7,rag_qa_service,lightgbm,sklearn,eb41e7c,experiment/new_arch,rag_corpus_1,789,2024-03-12T22:51:43.119420,2024-03-13T00:27:33.131602,success,,0.8355527888007314,0.8189593788500402,0.8402637333830878,f1,0.1645,3,0.00101,512,0.72,single_gpu,A100,1.625,1.47,gcp,user,rag_qa_service_model,3
0e4227b0-fc6e-4718-b9dd-7ba0110fd792,recsys_clickthrough,lightgbm,sklearn,ddeb884,experiment/new_arch,recsys_v3,1337,2024-03-15T07:00:45.157892,2024-03-15T08:02:20.988576,success,,0.8799502844021416,0.8584600037721587,0.8459888226661759,roc_auc,0.1407,68,0.00052,512,0.738,single_gpu,V100,1.054,1.115,on_prem,user,recsys_clickthrough_model,18
d1a5c1c2-fd4b-4519-8666-77f1fe25546e,rag_qa_service,transformer,sklearn,b6da4ee,bugfix/data_issue,rag_corpus_2,42,2024-07-24T05:40:17.079946,2024-07-24T06:04:30.308395,success,,0.8441637067016047,0.8411862021252361,0.8344427090108588,f1,0.1412,27,1.8e-05,16,68.544,single_gpu,V100,0.816,0.389,azure,user,rag_qa_service_model,9
2ec7e58e-819b-4e22-bcbd-2d2656e69b45,energy_forecasting,xgboost,xgboost,e5dfd1e,experiment/hyperparam,energy_4,42,2024-06-22T10:41:40.433726,2024-06-22T11:10:03.783149,success,,0.19215891079272138,0.20470485298038177,0.22804920410806898,rmse,0.0433,68,0.0027,2048,2.352,cpu,,2.447,0.0,aws,ci_pipeline,energy_forecasting_model,2
35a5e517-03ca-4528-b68f-0095b487580f,energy_forecasting,cnn,sklearn,0035681,develop,energy_3,123,2024-07-09T16:34:49.413692,2024-07-09T18:06:31.699190,success,,0.12843415152122292,0.21817468122712386,0.24826456936697397,rmse,0.0092,42,0.00602,128,14.306,cpu,,3.686,0.0,azure,scheduled_job,energy_forecasting_model,11
1cac8539-70ad-4a2e-be56-95cf525662b0,energy_forecasting,tabnet,sklearn,390e854,main,energy_4,789,2024-07-19T08:29:38.998556,2024-07-19T08:54:48.163434,success,,0.2072621142984559,0.2303010567908346,0.20567931476299767,rmse,0.0482,62,0.00707,256,8.592,cpu,,1.958,0.0,aws,ci_pipeline,energy_forecasting_model,4
8f3e7026-8a9b-43fc-9419-679d462e8120,rag_qa_service,tabnet,xgboost,ba3b618,experiment/new_arch,rag_corpus_4,1337,2024-12-22T21:13:48.431909,2024-12-22T21:47:04.392416,success,,0.8474541418572483,0.8382676191276058,0.8656538562403295,f1,0.1508,59,0.00141,512,8.954,cpu,,3.081,0.0,aws,scheduled_job,rag_qa_service_model,19
2b3f0c1c-0875-4a4d-915e-a99e9f071310,recsys_clickthrough,lightgbm,pytorch,67050f8,experiment/hyperparam,recsys_v2,456,2024-05-10T03:15:53.077219,2024-05-10T03:37:39.003730,success,,0.7907451460371507,0.8042899752641167,0.8046550244812389,roc_auc,0.2339,59,0.04348,1024,1.804,cpu,,2.62,0.0,azure,ci_pipeline,recsys_clickthrough_model,5
a52cdc0c-3669-4838-b298-88df2f8de680,energy_forecasting,lightgbm,tensorflow,ff99c22,experiment/new_arch,energy_2,42,2024-06-19T20:46:16.603769,2024-06-19T21:31:43.264767,failed,early_stopped,,,,rmse,,45,0.00159,2048,1.715,multi_gpu,V100,4.736,2.126,aws,scheduled_job,energy_forecasting_model,14
3f07a974-afb1-43f0-af85-4ab2a8be311b,rag_qa_service,tabnet,lightgbm,93dc0c5,develop,rag_corpus_4,123,2024-06-23T19:57:03.992280,2024-06-23T20:39:25.656953,success,,0.8281754256956977,0.8407333390066452,0.851508581309897,f1,0.1753,11,0.00793,512,3.726,multi_gpu,V100,1.87,3.558,gcp,ci_pipeline,rag_qa_service_model,12
71fc2596-5b40-4ca9-8f8a-1cac413531f4,fraud_detection,lightgbm,tensorflow,28f6f08,develop,fraud_v1,1337,2024-11-30T09:00:50.404697,2024-11-30T09:23:41.601940,success,,0.9145071471091557,0.9259214559123528,0.9154274437818173,roc_auc,0.0813,74,0.00918,512,0.915,multi_gpu,T4,2.842,1.457,aws,ci_pipeline,fraud_detection_model,6
4171fff8-70bb-48ee-bcea-fa633f86bb7b,rag_qa_service,transformer,lightgbm,7bc1c45,experiment/new_arch,rag_corpus_5,789,2024-03-13T10:09:18.414073,2024-03-13T11:28:34.785098,success,,0.7166491048518026,0.6981798490396758,0.6838893892504441,f1,0.3088,21,0.000106,16,214.472,cpu,,1.834,0.0,aws,user,rag_qa_service_model,2
cd76eff2-bd4b-47d1-b864-2a8c778b7fac,recsys_clickthrough,cnn,pytorch,3a7ef5a,experiment/new_arch,recsys_v4,42,2024-10-03T10:44:51.126577,2024-10-03T10:57:41.534770,failed,early_stopped,,,,roc_auc,,49,0.0002,128,2.257,multi_gpu,T4,0.705,0.592,on_prem,scheduled_job,recsys_clickthrough_model,12
043908b1-9845-4f1e-9862-40c0320a8771,rag_qa_service,transformer,lightgbm,609a834,experiment/hyperparam,rag_corpus_1,42,2024-08-12T11:20:27.593244,2024-08-12T11:56:43.148518,success,,0.6840202972171338,0.6814259350005043,0.6190670849824343,f1,0.3389,51,0.00015,16,241.163,single_gpu,T4,1.794,0.631,gcp,ci_pipeline,rag_qa_service_model,12
f113eb66-c2fd-40ce-9121-97f4f98cba73,recsys_clickthrough,transformer,xgboost,3b2114f,main,recsys_v4,42,2024-05-12T01:46:08.333704,2024-05-12T02:14:01.570047,success,,0.9274532123339071,0.9185422772852904,0.9375646034313367,roc_auc,0.0528,17,2.9e-05,16,21.602,single_gpu,V100,1.373,0.409,gcp,scheduled_job,recsys_clickthrough_model,16
f2a0b3d3-538e-484d-8a21-7b94f1e1b577,fraud_detection,xgboost,tensorflow,0b06d20,bugfix/data_issue,fraud_v1,123,2024-05-26T11:36:47.676195,2024-05-26T11:48:49.867380,success,,0.9244804071599436,0.8974182140796897,0.8709508795348362,roc_auc,0.0509,79,0.00037,1024,2.275,single_gpu,A100,0.33,0.227,azure,scheduled_job,fraud_detection_model,18
22ad5f17-ab78-4ee5-ae49-1773b03a1468,recsys_clickthrough,lightgbm,tensorflow,4837124,experiment/new_arch,recsys_v4,1337,2024-02-03T07:41:51.437473,2024-02-03T08:05:46.012600,success,,0.8300383776164328,0.8219679175124305,0.7965677821566127,roc_auc,0.1917,52,0.02741,2048,1.356,single_gpu,V100,0.628,0.463,gcp,scheduled_job,recsys_clickthrough_model,8
46b2e287-7824-4a04-8295-e2d0998f32d0,recsys_clickthrough,xgboost,pytorch,1f72a62,bugfix/data_issue,recsys_v2,456,2024-05-23T09:19:32.180894,2024-05-23T09:36:16.796265,success,,0.7718141223439899,0.769015548345593,0.7831558984047452,roc_auc,0.2225,19,0.01586,2048,0.269,single_gpu,V100,1.057,0.248,gcp,scheduled_job,recsys_clickthrough_model,1
85b4ec82-36c9-4583-8e3c-01a872d53c1f,fraud_detection,xgboost,pytorch,0604bc5,bugfix/data_issue,fraud_v1,1337,2024-10-06T11:26:44.817801,2024-10-06T12:29:01.696337,success,,0.8553122502763485,0.8163956633455896,0.8283048613476583,roc_auc,0.1388,54,0.01803,512,1.715,single_gpu,T4,3.694,0.961,gcp,ci_pipeline,fraud_detection_model,7
44655269-7668-4112-a7ea-b2337d966c66,fraud_detection,lightgbm,pytorch,56a39ce,main,fraud_v1,42,2024-01-21T18:07:56.458599,2024-01-21T18:36:17.284840,success,,0.8782178525954533,0.8625893077908819,0.860523191885063,roc_auc,0.1374,73,0.00876,512,2.007,cpu,,1.116,0.0,aws,scheduled_job,fraud_detection_model,17
50a6a2d1-fb4f-4605-9e7c-a5aeb13ea555,fraud_detection,xgboost,tensorflow,d808f3b,experiment/hyperparam,fraud_v1,456,2024-07-17T11:17:41.954453,2024-07-17T11:34:04.182182,success,,0.9351849759205445,0.9391783975790322,0.9511248530786639,roc_auc,0.0981,36,0.02241,512,1.4,single_gpu,A100,1.04,0.299,aws,ci_pipeline,fraud_detection_model,8
5f437ded-7cf7-4576-8621-8de892a2ae87,rag_qa_service,transformer,lightgbm,1c68a8c,develop,rag_corpus_2,2024,2024-08-19T20:15:33.696453,2024-08-19T20:42:48.748321,success,,0.8444433583732367,0.8229815393427423,0.854824173038022,f1,0.1766,35,4e-05,32,79.875,cpu,,0.574,0.0,azure,scheduled_job,rag_qa_service_model,1
245975e2-c779-4db2-9880-ccbd4a1faa2e,energy_forecasting,lightgbm,sklearn,fd1fafa,develop,energy_1,1337,2024-06-06T22:01:02.730309,2024-06-06T22:41:48.159558,success,,0.196048999310567,0.1771607183425059,0.18906821903604576,rmse,0.028,15,0.00502,512,2.624,single_gpu,A100,1.412,0.795,on_prem,ci_pipeline,energy_forecasting_model,19
e460753d-6e7c-49c2-8c37-6e0f0d8ea2e1,fraud_detection,cnn,pytorch,a976dac,main,fraud_v4,789,2024-06-04T21:45:12.214015,2024-06-04T22:12:23.754809,success,,0.8647119183066654,0.8659232584342446,0.8866253425172723,roc_auc,0.176,19,0.00789,128,13.188,cpu,,3.235,0.0,on_prem,ci_pipeline,fraud_detection_model,17
a283ca5c-3f3d-4e15-8888-c0d22864e410,recsys_clickthrough,transformer,pytorch,68a51ae,develop,recsys_v4,789,2024-03-03T17:49:21.602578,2024-03-03T18:25:31.837411,success,,0.8524388016860098,0.8404214151380494,0.8510287989180253,roc_auc,0.1452,59,0.000833,32,91.027,single_gpu,T4,2.185,0.705,on_prem,ci_pipeline,recsys_clickthrough_model,17
89e86cb2-757e-4e05-acb1-ae8a2e7f1233,fraud_detection,tabnet,pytorch,76ff52e,bugfix/data_issue,fraud_v5,1337,2024-01-01T05:55:10.647982,2024-01-01T06:27:36.793462,success,,0.9230917770006818,0.897171528014921,0.8883554584751224,roc_auc,0.048,20,0.00083,256,5.881,single_gpu,A100,0.783,0.534,gcp,scheduled_job,fraud_detection_model,11
84fb5979-44cf-49d1-978d-83834f9f37ca,rag_qa_service,transformer,lightgbm,2597483,bugfix/data_issue,rag_corpus_3,2024,2024-07-13T06:04:53.547387,2024-07-13T06:53:27.473882,success,,0.8043313030918559,0.7902398938640959,0.8256109104347348,f1,0.1782,59,0.000705,16,237.088,single_gpu,T4,2.204,0.873,aws,user,rag_qa_service_model,13
142d93b2-4b14-41e8-b2b2-a3235dccbbe1,energy_forecasting,transformer,xgboost,99f2fdd,experiment/hyperparam,energy_1,1337,2024-07-13T12:00:03.949356,2024-07-13T12:31:01.912903,success,,0.2184707705919699,0.20736549257452333,0.24190016726059432,rmse,0.0586,57,6.5e-05,64,66.715,cpu,,0.6,0.0,aws,user,energy_forecasting_model,2
d4ab42a7-85df-4d88-bd76-1df887efd70c,energy_forecasting,xgboost,sklearn,b24b2f8,experiment/new_arch,energy_3,2024,2024-06-18T00:21:59.386274,2024-06-18T00:34:02.901208,success,,0.22558602585408558,0.21452450570363854,0.2265045421155353,rmse,0.0471,78,0.06964,512,0.584,cpu,,1.211,0.0,gcp,user,energy_forecasting_model,1
36a5ed5c-d8af-4bbf-b146-e81190727d3b,fraud_detection,xgboost,pytorch,50a6a72,main,fraud_v4,2024,2024-08-22T17:48:03.815602,2024-08-22T21:28:17.487627,failed,infra_error,,,,roc_auc,,27,0.00148,512,2.744,single_gpu,T4,7.726,3.003,gcp,ci_pipeline,fraud_detection_model,7
dfceb083-c212-441b-ba04-eaf514b974a2,fraud_detection,tabnet,sklearn,6e0fa02,experiment/hyperparam,fraud_v2,789,2024-08-25T16:35:03.827997,2024-08-25T17:32:07.321929,success,,0.8838214516318386,0.8762141831033571,0.8983860014948494,roc_auc,0.0865,33,0.0004,512,5.546,multi_gpu,T4,4.231,3.464,azure,scheduled_job,fraud_detection_model,10
d42e47ab-1c3d-4f48-b371-27eb2d5c3f4a,fraud_detection,cnn,lightgbm,ebcc4ff,experiment/hyperparam,fraud_v4,2024,2024-10-10T14:16:53.979851,2024-10-10T14:37:59.878167,success,,0.9246096088518126,0.915602752229733,0.9115163487157699,roc_auc,0.0363,66,0.00645,256,11.64,multi_gpu,V100,1.654,2.068,aws,user,fraud_detection_model,12
40a0e94c-f524-46a6-939f-5d8ef400a82f,energy_forecasting,cnn,tensorflow,3516688,experiment/new_arch,energy_3,1337,2024-03-13T11:58:10.030407,2024-03-13T12:25:39.330812,success,,0.25547902397459954,0.2609541584694005,0.24965032982110064,rmse,0.0682,32,0.00251,256,16.699,single_gpu,A100,1.463,0.548,gcp,ci_pipeline,energy_forecasting_model,12
65d7d02f-f86a-4011-a21f-5a2f710cdc29,rag_qa_service,lightgbm,lightgbm,d3fd830,experiment/new_arch,rag_corpus_4,456,2024-07-10T10:50:17.743008,2024-07-10T11:26:49.251447,success,,0.8816606229058133,0.8530858508128559,0.8087428726981248,f1,0.1509,55,0.0017,512,2.002,cpu,,3.343,0.0,azure,ci_pipeline,rag_qa_service_model,18
c7990854-533b-41f7-a012-3daf57892221,recsys_clickthrough,cnn,tensorflow,3f69585,experiment/hyperparam,recsys_v3,42,2024-05-11T19:55:14.208485,2024-05-11T20:32:14.177285,success,,0.8735803586536728,0.8773533135463938,0.8704866100293448,roc_auc,0.1493,62,0.00076,128,15.176,cpu,,1.501,0.0,gcp,user,recsys_clickthrough_model,1
2d6e094c-f6cf-4fab-8609-6b414ef3e5b9,fraud_detection,transformer,pytorch,4ecc9b7,experiment/new_arch,fraud_v2,1337,2024-04-24T21:03:17.116239,2024-04-24T22:09:35.740163,success,,0.862815995498689,0.8648551319883528,0.8682339822181069,roc_auc,0.1498,6,0.000356,64,100.682,single_gpu,A100,2.179,1.184,aws,user,fraud_detection_model,14
7d3a2d2e-2257-45a5-9680-14ffafbd6e3f,recsys_clickthrough,cnn,xgboost,f102b0f,main,recsys_v2,1337,2024-02-04T09:18:29.744938,2024-02-04T09:46:10.293210,failed,early_stopped,,,,roc_auc,,62,0.00238,64,19.734,single_gpu,V100,1.523,0.543,gcp,scheduled_job,recsys_clickthrough_model,8
e297a89b-56bb-4819-ab6e-1f33049845d6,recsys_clickthrough,transformer,xgboost,dc3cb12,experiment/hyperparam,recsys_v5,42,2024-04-10T06:59:45.458386,2024-04-10T07:49:32.147862,failed,nan_loss,,,,roc_auc,,36,1.1e-05,32,207.813,single_gpu,V100,1.998,0.779,azure,ci_pipeline,recsys_clickthrough_model,14
967e97b4-8c29-4524-811c-dcf2e4ae96df,rag_qa_service,lightgbm,tensorflow,10533b5,experiment/hyperparam,rag_corpus_3,42,2024-04-04T17:36:21.613101,2024-04-04T17:57:59.201312,success,,0.7139133470582376,0.7220698368170257,0.7092176167078283,f1,0.304,15,0.04529,1024,2.577,multi_gpu,T4,0.769,2.039,aws,user,rag_qa_service_model,16
f1bb4841-a8cd-468e-957a-3c2074a34902,energy_forecasting,cnn,tensorflow,5abbe67,bugfix/data_issue,energy_1,789,2024-06-15T07:17:49.153786,2024-06-15T08:28:11.148709,success,,0.25685088403707024,0.28938566920692277,0.28536287717703834,rmse,0.0573,20,0.00032,64,7.17,single_gpu,V100,4.11,1.296,azure,user,energy_forecasting_model,11
e23e5f02-edc0-4d16-a0c9-3d4c4db6a82c,rag_qa_service,cnn,lightgbm,bcbc41c,main,rag_corpus_5,456,2024-07-10T21:17:56.351120,2024-07-10T21:50:28.197935,success,,0.8010994666602401,0.7842432729180553,0.7920649142053281,f1,0.2002,10,0.00486,256,14.642,multi_gpu,V100,4.154,3.34,gcp,scheduled_job,rag_qa_service_model,19
72223db8-304d-4717-af28-224f597b61a1,recsys_clickthrough,xgboost,xgboost,d3c3951,experiment/new_arch,recsys_v1,456,2024-05-02T11:44:26.544179,2024-05-02T12:12:37.963487,failed,infra_error,,,,roc_auc,,56,0.02039,2048,2.726,single_gpu,A100,1.591,0.486,gcp,user,recsys_clickthrough_model,4
ad139ca7-94b1-49de-b9a3-9a5a0a44a6a1,recsys_clickthrough,lightgbm,tensorflow,cd88f45,main,recsys_v3,2024,2024-02-25T13:44:30.653976,2024-02-25T14:19:16.895511,success,,0.8516822880630776,0.8553442714397668,0.833716003824981,roc_auc,0.155,49,0.01508,1024,2.972,single_gpu,V100,0.737,0.618,gcp,user,recsys_clickthrough_model,5
bc619ede-7e3c-44c5-a635-360f2f5f7324,recsys_clickthrough,lightgbm,sklearn,3255629,main,recsys_v3,456,2024-08-03T12:31:04.310057,2024-08-03T13:16:12.897564,success,,0.7872630056953126,0.7701979510598401,0.769815507462766,roc_auc,0.2018,69,0.00066,512,0.869,single_gpu,A100,2.638,0.7,azure,ci_pipeline,recsys_clickthrough_model,7
1148eaa8-12d9-47f8-873b-96a3bff1b5cb,energy_forecasting,lightgbm,lightgbm,e5e10a2,bugfix/data_issue,energy_4,789,2024-02-13T07:49:56.828620,2024-02-13T08:04:40.914989,success,,0.21873713969321426,0.23229039842657984,0.1962457944862226,rmse,0.0446,21,0.01038,1024,2.29,cpu,,1.796,0.0,azure,ci_pipeline,energy_forecasting_model,19
35c6ed82-8fa6-4852-822b-9e6a5c13b601,fraud_detection,transformer,xgboost,2efce32,main,fraud_v4,123,2024-09-07T03:18:03.866662,2024-09-07T04:17:17.461333,success,,0.9366453300498817,0.9079546650130991,0.8966401930239919,roc_auc,0.0301,22,1.2e-05,16,254.246,cpu,,2.706,0.0,aws,user,fraud_detection_model,4
1069a676-d660-40bd-840f-b7b459994aca,recsys_clickthrough,transformer,xgboost,ec7a67c,experiment/hyperparam,recsys_v2,1337,2024-07-06T13:16:48.692181,2024-07-06T13:26:46.518611,success,,0.747722487840622,0.7558713261354361,0.761789990942358,roc_auc,0.255,40,1.4e-05,64,132.404,multi_gpu,V100,1.094,1.244,aws,scheduled_job,recsys_clickthrough_model,20
8abb5615-b675-4942-a455-bfb8040b0287,fraud_detection,cnn,pytorch,040c22a,bugfix/data_issue,fraud_v2,1337,2024-06-29T10:39:25.704633,2024-06-29T11:05:04.651737,success,,0.8187100118683449,0.8202856924460309,0.8273658639179741,roc_auc,0.2443,47,0.00391,256,12.584,cpu,,0.758,0.0,gcp,user,fraud_detection_model,6
3c87d9b2-7b2b-4ef2-bb17-170ef78a0a4d,energy_forecasting,tabnet,lightgbm,763c49b,develop,energy_3,789,2024-09-06T23:14:03.432706,2024-09-07T00:18:20.664492,success,,0.2201681150739318,0.22614176123943677,0.21756910393275125,rmse,0.0639,71,0.00565,256,4.894,multi_gpu,A100,3.939,3.628,azure,ci_pipeline,energy_forecasting_model,5
d5f9fa83-fe34-4fcf-9242-8a0c2a3e5588,recsys_clickthrough,transformer,xgboost,80eda71,experiment/hyperparam,recsys_v1,123,2024-03-30T06:24:30.832335,2024-03-30T06:39:45.295559,success,,0.7716719780765616,0.764558058376577,0.7780801569624736,roc_auc,0.2449,22,0.000506,16,175.057,multi_gpu,T4,1.602,1.875,aws,user,recsys_clickthrough_model,4
73cb7654-d96f-4c00-9d07-d479fe3ce570,recsys_clickthrough,tabnet,xgboost,2c2cba1,experiment/new_arch,recsys_v5,42,2024-09-21T03:18:13.952853,2024-09-21T03:46:36.631633,success,,0.8925211100769385,0.8870823670118845,0.8932730056179692,roc_auc,0.1215,71,0.00035,256,3.094,multi_gpu,T4,1.805,2.684,on_prem,ci_pipeline,recsys_clickthrough_model,3
74fc371b-9322-457c-9ca6-eaaa328d7dcb,rag_qa_service,lightgbm,lightgbm,978ba62,main,rag_corpus_1,456,2024-02-17T05:33:27.290225,2024-02-17T05:55:25.636137,success,,0.756328690233912,0.7570051078672377,0.732560551750244,f1,0.2679,4,0.00053,1024,1.734,single_gpu,A100,0.491,0.313,aws,scheduled_job,rag_qa_service_model,4
572bb534-a5c5-4962-9c16-57f6f141cf6c,rag_qa_service,lightgbm,tensorflow,8d0a891,develop,rag_corpus_4,42,2024-07-12T02:47:46.324980,2024-07-12T03:29:49.061395,failed,data_error,,,,f1,,36,0.02531,2048,0.861,cpu,,1.904,0.0,aws,scheduled_job,rag_qa_service_model,9
ab9d91b9-7cfd-4122-9a98-1580efe39573,energy_forecasting,transformer,xgboost,7956126,main,energy_2,789,2024-06-11T20:14:59.085286,2024-06-11T20:43:57.152805,failed,early_stopped,,,,rmse,,33,0.000784,32,115.846,cpu,,1.971,0.0,on_prem,scheduled_job,energy_forecasting_model,13
971adc8f-5030-4508-b829-b194dd215e2c,fraud_detection,lightgbm,lightgbm,c6c8f57,experiment/new_arch,fraud_v1,123,2024-07-17T17:33:45.065112,2024-07-17T18:12:58.347253,success,,0.8765475579958477,0.8692933379933774,0.8749665204330358,roc_auc,0.1065,20,0.01853,512,1.804,multi_gpu,A100,2.554,3.48,azure,user,fraud_detection_model,10
8db67268-8642-4811-b452-7e51569605b7,rag_qa_service,xgboost,tensorflow,4667334,main,rag_corpus_1,789,2024-05-31T21:00:02.053103,2024-05-31T21:27:08.670974,failed,data_error,,,,f1,,16,0.00099,2048,1.691,cpu,,0.819,0.0,azure,user,rag_qa_service_model,10
0d0c63f9-b38e-497e-ad53-9b500690b1de,recsys_clickthrough,xgboost,xgboost,686e67d,experiment/new_arch,recsys_v3,789,2024-07-15T14:33:17.976802,2024-07-15T14:47:25.480135,success,,0.8171139539469923,0.8053463329144896,0.805793344013817,roc_auc,0.1632,51,0.00036,512,0.248,multi_gpu,A100,1.819,0.672,on_prem,ci_pipeline,recsys_clickthrough_model,18
3647cc61-43c6-40a0-bf53-0b26cef9c3bc,recsys_clickthrough,xgboost,sklearn,43ae3bb,main,recsys_v3,1337,2024-12-22T01:38:20.918698,2024-12-22T02:26:35.138341,failed,infra_error,,,,roc_auc,,10,0.07279,1024,2.361,single_gpu,A100,2.256,0.789,aws,scheduled_job,recsys_clickthrough_model,20
b7411481-be58-48a6-8839-188653db2fae,recsys_clickthrough,cnn,sklearn,046e218,develop,recsys_v2,1337,2024-02-27T06:15:10.610698,2024-02-27T06:47:20.243819,success,,0.8276599979717922,0.8141860231074446,0.7944259667473857,roc_auc,0.1694,71,0.00052,64,18.995,multi_gpu,T4,3.011,2.934,gcp,user,recsys_clickthrough_model,15
75d5450b-60dd-435c-b3bb-40768801b80b,rag_qa_service,xgboost,lightgbm,579cbad,experiment/new_arch,rag_corpus_3,1337,2024-08-12T05:16:17.990362,2024-08-12T05:45:41.228114,failed,infra_error,,,,f1,,16,0.05205,512,2.216,cpu,,1.054,0.0,azure,user,rag_qa_service_model,4
40ef252d-03ba-4490-b4ac-53fb26e8a846,energy_forecasting,tabnet,lightgbm,cf5b881,main,energy_4,42,2024-06-28T18:26:24.972524,2024-06-28T19:03:24.924367,failed,oom,,,,rmse,,28,0.00135,512,3.47,single_gpu,V100,0.946,0.705,gcp,user,energy_forecasting_model,20
0ca9f161-064e-4d8a-89ec-6d60b472e032,rag_qa_service,cnn,tensorflow,72d6646,experiment/new_arch,rag_corpus_5,1337,2024-01-26T22:13:40.611142,2024-01-26T22:26:05.493321,success,,0.7095223466541333,0.7022525588282925,0.6947414353850134,f1,0.2845,24,0.00022,256,8.278,single_gpu,A100,0.748,0.196,aws,ci_pipeline,rag_qa_service_model,2
1b328198-9d8e-4c28-8e7d-4de45a412c1b,fraud_detection,lightgbm,sklearn,7673a26,develop,fraud_v4,42,2024-10-19T20:24:52.538627,2024-10-19T21:25:42.185595,success,,0.8863933716705114,0.8740977455219517,0.8955170240557481,roc_auc,0.1231,77,0.00032,1024,0.894,single_gpu,T4,2.831,1.135,on_prem,user,fraud_detection_model,2
f8232328-31dd-4825-bdeb-4b325cf48f14,energy_forecasting,tabnet,sklearn,3a9b5c8,experiment/hyperparam,energy_4,123,2024-09-05T05:31:21.154951,2024-09-05T06:53:54.448056,success,,0.21971113210009413,0.2090457574006462,0.19623691461350193,rmse,0.0473,30,0.00055,512,2.819,cpu,,8.397,0.0,gcp,ci_pipeline,energy_forecasting_model,5
6b77fd10-2f05-48b5-8cf2-fca56a8cf42d,recsys_clickthrough,cnn,tensorflow,1c19b5e,main,recsys_v3,789,2024-11-12T16:34:54.028680,2024-11-12T17:29:16.361987,success,,0.8865312233356836,0.8809806872446361,0.9130021733679239,roc_auc,0.1313,7,0.00308,128,9.872,single_gpu,T4,1.526,0.797,gcp,user,recsys_clickthrough_model,18
30e5229b-bbd5-4f1e-8bd2-1ac318354ac1,rag_qa_service,lightgbm,xgboost,9513c43,experiment/hyperparam,rag_corpus_4,123,2024-10-10T05:35:32.648148,2024-10-10T06:05:43.503782,success,,0.7110075037321858,0.6893353263991421,0.7290465058051449,f1,0.2753,46,0.00041,2048,2.471,single_gpu,T4,1.997,0.484,on_prem,ci_pipeline,rag_qa_service_model,2
a2909c01-dbbb-4a11-b0e8-37aa19f5655e,rag_qa_service,cnn,tensorflow,e97ae0f,bugfix/data_issue,rag_corpus_5,123,2024-09-13T10:56:07.708433,2024-09-13T11:49:41.008096,success,,0.7706718026244429,0.7722288783736121,0.7671637340506603,f1,0.2489,14,0.00337,256,14.072,multi_gpu,V100,3.514,4.707,gcp,scheduled_job,rag_qa_service_model,13
09e37552-b5fa-463b-be5b-891550cd84d6,fraud_detection,xgboost,pytorch,39360b1,develop,fraud_v3,42,2024-09-14T19:36:05.430008,2024-09-14T20:15:51.576659,failed,data_error,,,,roc_auc,,24,0.00095,2048,1.785,single_gpu,V100,1.669,0.636,gcp,user,fraud_detection_model,20
7257f860-dc03-4c47-a8b7-02a107dfc659,recsys_clickthrough,xgboost,lightgbm,a3b640e,main,recsys_v3,456,2024-04-07T23:40:11.917056,2024-04-08T00:46:08.749444,failed,nan_loss,,,,roc_auc,,6,0.00063,2048,1.308,single_gpu,A100,1.339,0.923,azure,ci_pipeline,recsys_clickthrough_model,9
2c9e4133-3ff9-43e3-a109-ad3ff36b979c,recsys_clickthrough,cnn,sklearn,b46bf1b,experiment/new_arch,recsys_v1,456,2024-06-01T00:47:20.678368,2024-06-01T00:59:16.884638,failed,data_error,,,,roc_auc,,66,0.0071,128,8.138,single_gpu,T4,0.651,0.201,azure,user,recsys_clickthrough_model,20
49fdc610-4b10-4d96-875c-a607ac9b6af3,fraud_detection,lightgbm,lightgbm,04a451a,main,fraud_v5,123,2024-05-20T17:21:39.873544,2024-05-20T17:42:58.444937,success,,0.9192945378437817,0.908140003187553,0.8964301871897133,roc_auc,0.0754,28,0.01821,2048,0.854,cpu,,2.697,0.0,aws,scheduled_job,fraud_detection_model,13
f0eb980c-fe20-4a7d-a6b6-fc39d8550a18,energy_forecasting,tabnet,tensorflow,29f0f36,experiment/new_arch,energy_4,1337,2024-08-30T08:20:02.393427,2024-08-30T08:34:27.007834,failed,nan_loss,,,,rmse,,32,0.0018,512,9.804,multi_gpu,A100,1.15,1.658,gcp,ci_pipeline,energy_forecasting_model,13
d89ac447-ec5e-45a2-8eaa-b5c2d2511607,fraud_detection,tabnet,tensorflow,11dc3ad,develop,fraud_v3,123,2024-04-12T08:40:40.664250,2024-04-12T09:11:38.977299,success,,0.8689691948434127,0.8492817437555003,0.8267180436898279,roc_auc,0.1359,25,0.00104,512,5.21,single_gpu,V100,1.957,0.597,aws,ci_pipeline,fraud_detection_model,7
d0f2062d-dbea-4f26-9cc2-a349cb0d63f7,energy_forecasting,transformer,pytorch,3489f47,main,energy_5,789,2024-06-08T04:56:12.316347,2024-06-08T05:16:45.823922,success,,0.1020271970408005,0.08886825208777366,0.05654184466510066,rmse,0.0121,39,0.000461,32,270.888,single_gpu,A100,0.769,0.277,aws,user,energy_forecasting_model,10
0e06ddb5-f30d-4449-9381-64d3eec49a3b,recsys_clickthrough,tabnet,pytorch,6925045,main,recsys_v5,456,2024-02-29T12:39:41.501974,2024-02-29T13:12:06.930802,success,,0.8205699140831265,0.8054469709780839,0.8096861315181152,roc_auc,0.1655,34,0.00016,256,4.525,single_gpu,A100,1.038,0.628,azure,ci_pipeline,recsys_clickthrough_model,14
6e9b90af-eac5-4458-9696-458f34ffd5dc,rag_qa_service,cnn,tensorflow,39d7541,bugfix/data_issue,rag_corpus_5,123,2024-01-02T15:41:05.065358,2024-01-02T16:51:13.052707,success,,0.7480501567285255,0.720538800754381,0.7061037459486451,f1,0.2602,38,0.00012,64,3.535,single_gpu,V100,3.576,1.034,gcp,scheduled_job,rag_qa_service_model,20
f9fc12ab-eeb2-4cf8-85a1-420ebe712aa8,rag_qa_service,transformer,xgboost,f69940b,experiment/new_arch,rag_corpus_1,789,2024-08-01T05:57:37.640873,2024-08-01T06:13:49.223608,success,,0.7250203887625757,0.7001190135415772,0.7514818857766963,f1,0.3058,13,0.000283,16,108.053,cpu,,1.836,0.0,azure,user,rag_qa_service_model,7
ec7ef5af-6bbc-4663-a493-403c1a83fc8d,energy_forecasting,transformer,sklearn,57565a1,bugfix/data_issue,energy_4,42,2024-09-07T11:19:50.824421,2024-09-07T11:46:55.190639,success,,0.16234104578815522,0.1722682830635578,0.14238479188082628,rmse,0.0467,26,4.9e-05,64,132.253,multi_gpu,V100,2.963,2.209,azure,user,energy_forecasting_model,10
f42fa841-de04-4241-896f-6d5f3492f488,recsys_clickthrough,cnn,xgboost,ef95ef4,main,recsys_v3,789,2024-05-29T02:42:34.485499,2024-05-29T04:32:00.098830,success,,0.8544142724304239,0.8478895218556125,0.8247584175142658,roc_auc,0.1712,20,0.00013,64,8.573,single_gpu,V100,3.305,2.188,azure,ci_pipeline,recsys_clickthrough_model,9
345da3e6-0089-4fcd-a3da-cc1a8b638c74,recsys_clickthrough,tabnet,lightgbm,1d82574,main,recsys_v2,456,2024-01-21T07:54:21.575061,2024-01-21T09:03:04.066569,success,,0.8372927570347339,0.8262204641505424,0.8162230434604417,roc_auc,0.1559,25,0.00584,512,2.024,single_gpu,A100,2.312,1.07,azure,scheduled_job,recsys_clickthrough_model,10
3293405f-7136-4515-a90c-fa3108675cca,fraud_detection,transformer,pytorch,843bdda,develop,fraud_v3,1337,2024-05-08T00:57:18.302215,2024-05-08T01:58:26.744683,success,,0.8855709394634299,0.8830036571370189,0.8895710003146732,roc_auc,0.1311,21,0.000302,16,195.756,cpu,,3.699,0.0,aws,scheduled_job,fraud_detection_model,18
ea3d374e-0984-4084-ad4b-0fe4b3efb2b7,rag_qa_service,tabnet,tensorflow,1ca04ed,develop,rag_corpus_4,789,2024-05-07T20:26:11.518273,2024-05-07T21:01:45.743674,success,,0.7507890764746529,0.7435481785986732,0.7194541636392853,f1,0.3008,44,0.00326,512,1.551,multi_gpu,V100,4.168,3.162,aws,scheduled_job,rag_qa_service_model,5
02b70979-78f9-4864-97ae-569448a4bbe5,fraud_detection,lightgbm,lightgbm,344a489,develop,fraud_v2,42,2024-07-15T02:01:14.111103,2024-07-15T02:38:00.334543,success,,0.7852533164912843,0.7858855288992624,0.7908223171005219,roc_auc,0.1604,56,0.01864,1024,2.515,single_gpu,T4,0.836,0.689,gcp,user,fraud_detection_model,16
79e014da-0a07-4fd7-bef3-e6f5945d01f9,fraud_detection,transformer,pytorch,de4d7e2,experiment/new_arch,fraud_v2,789,2024-03-30T10:13:34.356595,2024-03-30T10:48:08.525029,success,,0.9094208348421008,0.8898369153259297,0.9139210860745578,roc_auc,0.1125,73,0.000806,64,70.481,multi_gpu,V100,3.656,3.96,azure,ci_pipeline,fraud_detection_model,16
a36f7582-2639-436c-a6fa-6f111ef2f31a,rag_qa_service,cnn,lightgbm,fd9aafd,experiment/hyperparam,rag_corpus_2,1337,2024-05-09T06:16:49.475550,2024-05-09T06:54:05.474582,success,,0.8147942458705821,0.8086050104150494,0.8417072050053518,f1,0.1794,33,0.0044,64,3.323,single_gpu,V100,2.202,0.6,on_prem,scheduled_job,rag_qa_service_model,13
1b2fc2de-37e2-4821-8d51-37ce94502376,rag_qa_service,transformer,xgboost,70d0d65,experiment/hyperparam,rag_corpus_5,789,2024-05-08T00:24:52.815977,2024-05-08T00:43:39.328160,success,,0.7988599475869163,0.7794628726674603,0.7616578237028266,f1,0.2094,29,0.000323,32,97.301,single_gpu,T4,0.729,0.261,aws,ci_pipeline,rag_qa_service_model,7
095dd14b-a45e-4ea0-9538-51b9c22d2fa3,fraud_detection,tabnet,xgboost,00b9406,experiment/new_arch,fraud_v3,2024,2024-07-03T18:40:04.735622,2024-07-03T18:58:32.717318,success,,0.8905144888005712,0.8833195746468159,0.8966628791130102,roc_auc,0.1369,34,0.00684,512,6.958,single_gpu,A100,1.057,0.26,azure,ci_pipeline,fraud_detection_model,11
225cf6e7-f55a-4d35-8fb9-99f669f6a80b,rag_qa_service,cnn,pytorch,523af60,main,rag_corpus_1,456,2024-06-19T05:47:44.949342,2024-06-19T06:06:45.052203,success,,0.887742673409933,0.8683529787228851,0.8667560329021015,f1,0.0872,34,0.00012,256,15.904,cpu,,1.821,0.0,aws,scheduled_job,rag_qa_service_model,19
aa94e8d6-02d1-41c2-a43a-a0a6145ae9ca,energy_forecasting,transformer,sklearn,1b99bdf,main,energy_5,42,2024-09-06T05:44:31.914690,2024-09-06T06:02:43.059531,success,,0.2217312078897716,0.26156121784858916,0.3127418267770532,rmse,0.0438,54,0.000557,32,243.157,single_gpu,A100,0.771,0.258,gcp,scheduled_job,energy_forecasting_model,3
4e6ae678-8bfb-4193-ad27-d2910661dc18,energy_forecasting,cnn,lightgbm,7e8c670,experiment/new_arch,energy_5,789,2024-05-25T23:04:57.726698,2024-05-25T23:22:50.893595,success,,0.17615395799657876,0.20709315050791402,0.2245325973497457,rmse,0.0139,50,0.00012,256,8.329,multi_gpu,A100,2.212,1.024,gcp,ci_pipeline,energy_forecasting_model,5
54e4a1b1-f261-412a-9f8a-4ed14211cde4,energy_forecasting,transformer,tensorflow,f90a1bb,develop,energy_1,2024,2024-03-06T21:00:37.962443,2024-03-06T21:42:31.291251,success,,0.2548435499777311,0.22553983511541661,0.24386838395918523,rmse,0.0684,43,1.4e-05,16,33.978,single_gpu,V100,0.94,0.578,on_prem,scheduled_job,energy_forecasting_model,16
77c1437e-4480-4662-84dc-e0383316efa1,recsys_clickthrough,tabnet,xgboost,6e101e8,experiment/new_arch,recsys_v1,456,2024-06-25T20:41:18.575222,2024-06-25T20:59:23.520413,failed,early_stopped,,,,roc_auc,,61,0.00169,512,6.424,multi_gpu,T4,1.474,1.327,gcp,scheduled_job,recsys_clickthrough_model,6
0dbffb31-4642-492a-ad9e-8146fb13dc21,energy_forecasting,transformer,tensorflow,dd0541e,develop,energy_2,1337,2024-06-24T12:15:11.947724,2024-06-24T12:28:25.480773,success,,0.18871553436373548,0.20546938829866737,0.23392938786345596,rmse,0.0172,42,0.000938,32,249.915,single_gpu,V100,0.508,0.24,aws,scheduled_job,energy_forecasting_model,16
8e1ac258-00ec-42f8-ae77-81dee9c32711,energy_forecasting,xgboost,pytorch,1358328,develop,energy_3,789,2024-10-08T22:37:38.041803,2024-10-08T23:16:02.745579,success,,0.2895211076121773,0.2743289746378825,0.3061031498930951,rmse,0.0935,70,0.07511,2048,2.996,cpu,,2.307,0.0,azure,ci_pipeline,energy_forecasting_model,12
4ef442be-f9f2-4698-afe5-8b3680fae707,recsys_clickthrough,xgboost,lightgbm,85ec094,main,recsys_v2,1337,2024-12-23T09:50:44.131009,2024-12-23T10:01:25.079947,success,,0.8080634405259483,0.8035416547683805,0.7895141026639314,roc_auc,0.1713,47,0.03825,1024,2.096,single_gpu,V100,0.189,0.166,aws,ci_pipeline,recsys_clickthrough_model,6
7484000d-881a-4c26-8866-6703441286a6,recsys_clickthrough,tabnet,pytorch,f138f1e,main,recsys_v1,123,2024-12-16T14:07:54.705826,2024-12-16T14:57:17.240811,success,,0.9035955494688229,0.9112761166605668,0.9116670335565304,roc_auc,0.0953,36,0.00027,256,2.06,cpu,,2.187,0.0,azure,user,recsys_clickthrough_model,20
9b20c199-1372-486e-9cc5-65f386ace452,recsys_clickthrough,cnn,pytorch,1957dfd,bugfix/data_issue,recsys_v1,123,2024-01-24T02:37:57.184711,2024-01-24T03:26:57.970064,success,,0.8347440971059495,0.841455568753903,0.8246883311538868,roc_auc,0.141,14,0.00013,128,14.856,single_gpu,T4,1.623,0.867,on_prem,user,recsys_clickthrough_model,10
2a01523b-0445-4ca5-ac7b-f70cf0d5a8eb,rag_qa_service,xgboost,pytorch,35a5df5,main,rag_corpus_2,42,2024-10-22T02:10:26.450194,2024-10-22T03:03:22.870283,success,,0.7837325533609014,0.7767294883202304,0.7576428557375026,f1,0.2239,14,0.05668,2048,0.361,single_gpu,T4,1.232,0.881,on_prem,ci_pipeline,rag_qa_service_model,4
4102d590-0f7c-41e1-8ec8-3085b3934d07,fraud_detection,tabnet,lightgbm,58a57bb,develop,fraud_v3,456,2024-12-26T14:28:16.112369,2024-12-26T14:46:32.405493,failed,early_stopped,,,,roc_auc,,55,0.00792,256,9.969,single_gpu,T4,0.647,0.317,gcp,ci_pipeline,fraud_detection_model,9
62764cc1-eaa8-42c6-b4fe-517705f08fde,energy_forecasting,lightgbm,sklearn,6aeec0f,experiment/new_arch,energy_4,2024,2024-08-12T18:55:44.542582,2024-08-12T19:16:09.219886,failed,nan_loss,,,,rmse,,35,0.00104,512,1.268,cpu,,0.521,0.0,aws,ci_pipeline,energy_forecasting_model,4
ed09ed43-193a-4226-b5d3-aab6c47d3507,rag_qa_service,tabnet,pytorch,682aa7e,experiment/new_arch,rag_corpus_2,2024,2024-10-12T11:45:21.878077,2024-10-12T13:15:57.150207,success,,0.8002221643173285,0.7789903948513117,0.8229577157751833,f1,0.2363,66,0.00246,512,2.901,multi_gpu,T4,5.841,4.116,aws,ci_pipeline,rag_qa_service_model,3
0d839167-ecbf-4f5e-88e8-431c94d7db81,fraud_detection,xgboost,tensorflow,92caea7,develop,fraud_v5,2024,2024-06-15T09:22:40.631166,2024-06-15T09:38:01.453572,success,,0.8621864216262164,0.8588057857138501,0.8438442796325739,roc_auc,0.0847,62,0.02306,512,0.468,single_gpu,T4,0.335,0.277,gcp,scheduled_job,fraud_detection_model,18
f0a7db73-e80e-421d-a187-6b6cd6931375,energy_forecasting,tabnet,lightgbm,b437191,experiment/hyperparam,energy_2,2024,2024-10-23T03:52:54.907624,2024-10-23T04:08:06.730578,failed,infra_error,,,,rmse,,5,0.00261,512,6.423,single_gpu,A100,0.743,0.275,aws,user,energy_forecasting_model,10
298b5244-b019-4836-9f9f-f6d27506f4ae,fraud_detection,lightgbm,pytorch,465477c,bugfix/data_issue,fraud_v3,42,2024-09-19T01:49:47.442390,2024-09-19T02:07:50.105789,failed,early_stopped,,,,roc_auc,,67,0.00394,2048,0.992,cpu,,2.374,0.0,azure,ci_pipeline,fraud_detection_model,11
47c2d909-1620-4db6-b85f-1c862a72a995,rag_qa_service,transformer,tensorflow,316a5c3,bugfix/data_issue,rag_corpus_4,1337,2024-07-04T15:51:13.894097,2024-07-04T16:07:31.993294,success,,0.7637926841909322,0.7568631676001831,0.7854523187233985,f1,0.2383,33,0.000425,32,66.103,multi_gpu,A100,0.553,0.613,on_prem,user,rag_qa_service_model,7
94ca99a2-7ff2-4696-b4a7-1571c2471453,rag_qa_service,xgboost,lightgbm,ae29efc,develop,rag_corpus_5,789,2024-01-04T07:54:16.074222,2024-01-04T08:14:14.022466,success,,0.825302727479175,0.8151015161833663,0.8373940307101058,f1,0.1612,76,0.00315,512,1.573,single_gpu,V100,1.142,0.378,azure,ci_pipeline,rag_qa_service_model,1
e91d77b9-c9f8-40bd-b798-ced6c7ab7d26,recsys_clickthrough,tabnet,sklearn,31b4f9f,experiment/hyperparam,recsys_v2,1337,2024-03-02T11:57:31.523650,2024-03-02T12:38:02.976979,failed,early_stopped,,,,roc_auc,,61,0.00135,512,2.863,single_gpu,V100,1.55,0.712,aws,ci_pipeline,recsys_clickthrough_model,2
da2ce217-aa7e-4f0a-9c16-5e6a8eec4303,energy_forecasting,lightgbm,tensorflow,789ef63,main,energy_5,456,2024-09-22T23:31:28.468065,2024-09-22T23:52:27.959484,success,,0.17057974245866575,0.1944992278554224,0.22691897022446095,rmse,0.039,74,0.09268,512,0.987,single_gpu,A100,0.484,0.356,on_prem,scheduled_job,energy_forecasting_model,17
30751034-dbc6-4b15-90b9-acd528fe2d95,rag_qa_service,tabnet,lightgbm,d5b2e5a,bugfix/data_issue,rag_corpus_2,123,2024-07-10T19:42:19.246057,2024-07-10T20:40:26.134350,failed,nan_loss,,,,f1,,22,0.00215,256,8.773,single_gpu,A100,3.497,0.999,aws,scheduled_job,rag_qa_service_model,7
7e88c801-e16f-4942-a0f3-0d4f8413d839,fraud_detection,transformer,xgboost,86bad76,experiment/new_arch,fraud_v5,42,2024-08-10T22:42:42.315185,2024-08-11T00:27:43.246031,success,,0.8621900400570022,0.8414087860990545,0.8401155296289426,roc_auc,0.1352,37,0.000433,32,21.583,multi_gpu,V100,13.918,5.421,azure,ci_pipeline,fraud_detection_model,9
2aa7c5c0-8768-42a4-988e-bfb888a3e7bc,energy_forecasting,tabnet,lightgbm,5153f55,experiment/hyperparam,energy_5,2024,2024-02-27T21:41:33.726437,2024-02-27T21:54:44.037128,success,,0.1841349874967793,0.2075545806343497,0.177089518931884,rmse,0.0375,11,0.00018,256,4.253,multi_gpu,V100,0.672,0.918,on_prem,ci_pipeline,energy_forecasting_model,10
11c49213-7b0e-46e6-a92b-11050f18d687,rag_qa_service,lightgbm,lightgbm,7cdac96,experiment/hyperparam,rag_corpus_2,456,2024-08-11T19:00:21.824352,2024-08-11T19:20:53.193173,success,,0.8379816224573339,0.8337264895114966,0.855519054151467,f1,0.1722,58,0.06387,2048,2.004,single_gpu,V100,0.79,0.382,aws,scheduled_job,rag_qa_service_model,4
faa1b911-8a13-4995-a241-6ddc9350b2e6,rag_qa_service,transformer,xgboost,93be0f5,bugfix/data_issue,rag_corpus_2,42,2024-10-31T19:12:55.036254,2024-10-31T19:42:30.729837,failed,early_stopped,,,,f1,,44,2.1e-05,64,31.802,multi_gpu,T4,2.33,3.358,aws,scheduled_job,rag_qa_service_model,5
949063f5-be84-4362-85af-e6d7309e708a,recsys_clickthrough,cnn,pytorch,248b4a2,experiment/new_arch,recsys_v4,1337,2024-01-18T19:39:43.546041,2024-01-18T20:13:29.931139,failed,oom,,,,roc_auc,,67,0.00117,256,2.901,single_gpu,V100,1.557,0.626,aws,scheduled_job,recsys_clickthrough_model,1
036e892b-85b1-4520-aeab-77ef19799ede,recsys_clickthrough,lightgbm,tensorflow,81dd73c,bugfix/data_issue,recsys_v4,789,2024-12-26T04:03:27.030878,2024-12-26T04:36:59.420482,success,,0.8507323474211458,0.833234681136254,0.845419457754049,roc_auc,0.1426,37,0.00054,1024,0.601,multi_gpu,T4,1.159,3.109,azure,scheduled_job,recsys_clickthrough_model,1
ad559e96-396e-4e32-920c-707693b2fa3f,energy_forecasting,lightgbm,xgboost,2696ded,experiment/new_arch,energy_2,789,2024-02-19T15:38:57.358828,2024-02-19T16:19:11.776769,success,,0.26616600245424504,0.2539969870574139,0.2465050774250512,rmse,0.0669,41,0.0081,2048,0.448,single_gpu,A100,1.741,0.632,gcp,ci_pipeline,energy_forecasting_model,19
77ed4a70-0fac-4486-b96e-10ce3a37afac,fraud_detection,xgboost,xgboost,bbd57aa,bugfix/data_issue,fraud_v3,2024,2024-01-16T12:56:45.585751,2024-01-16T13:36:37.316781,success,,0.8204146367970312,0.8204356760433354,0.8372676608767926,roc_auc,0.1882,30,0.0005,2048,0.16,cpu,,3.588,0.0,azure,ci_pipeline,fraud_detection_model,8
9c995b06-be85-45ed-9a3b-f83157876bf1,fraud_detection,transformer,lightgbm,552e663,bugfix/data_issue,fraud_v3,789,2024-06-23T08:35:11.057984,2024-06-23T10:19:18.471331,success,,0.8459354566925783,0.8388688553389657,0.8321886384140175,roc_auc,0.1647,74,0.000516,32,157.371,single_gpu,V100,2.864,1.506,on_prem,ci_pipeline,fraud_detection_model,1
a8fb4107-1142-447c-bf1c-94ef5435cad9,rag_qa_service,cnn,sklearn,aebf917,experiment/hyperparam,rag_corpus_1,123,2024-07-27T23:51:31.755929,2024-07-28T00:02:54.567174,success,,0.684039021622072,0.6741414156002442,0.6647063914989071,f1,0.3124,24,0.00063,256,13.819,single_gpu,V100,0.221,0.161,aws,scheduled_job,rag_qa_service_model,7
05a37c55-ea84-41d2-9640-b9a5d8738ff2,fraud_detection,transformer,tensorflow,92cc8aa,experiment/new_arch,fraud_v3,789,2024-06-11T09:41:08.379801,2024-06-11T10:21:05.181513,success,,0.9162117522233058,0.8893452386866267,0.8789931261233933,roc_auc,0.0993,5,1.8e-05,32,38.213,single_gpu,V100,2.613,0.714,azure,scheduled_job,fraud_detection_model,11
73e84285-8d7b-4168-89da-cfb1461ca8c1,energy_forecasting,tabnet,tensorflow,aba4f67,experiment/new_arch,energy_1,456,2024-11-09T20:03:11.019958,2024-11-09T20:53:51.304632,success,,0.18313317608404206,0.16565097178596194,0.18854797489189773,rmse,0.0371,65,0.0009,256,4.584,single_gpu,T4,0.872,0.989,aws,scheduled_job,energy_forecasting_model,8
a97d64fe-5858-40de-964c-9ab9ab3cd2e0,energy_forecasting,xgboost,tensorflow,397fa1f,experiment/hyperparam,energy_4,789,2024-11-09T11:09:37.001619,2024-11-09T11:37:11.063358,success,,0.15879932169464595,0.2197621720459923,0.22633131386571895,rmse,0.0174,12,0.08883,2048,0.958,single_gpu,A100,1.66,0.368,azure,ci_pipeline,energy_forecasting_model,9
f8c409fe-cfee-4248-ab1a-064e817fe0de,rag_qa_service,lightgbm,pytorch,55f5434,experiment/new_arch,rag_corpus_3,42,2024-05-23T15:07:45.427142,2024-05-23T15:43:22.379800,success,,0.7460201543875656,0.7377639514616047,0.7154327140236447,f1,0.2533,43,0.00081,512,1.225,single_gpu,A100,0.924,0.663,azure,user,rag_qa_service_model,8
e91e573d-7a14-411c-aa0d-c75e260f3ca6,recsys_clickthrough,tabnet,tensorflow,f50cbcd,experiment/new_arch,recsys_v5,456,2024-10-30T23:53:30.775668,2024-10-31T00:20:12.002302,success,,0.8131889699629063,0.7994967958501296,0.7653128653264625,roc_auc,0.2045,8,0.00524,512,9.284,single_gpu,A100,1.547,0.415,aws,user,recsys_clickthrough_model,17
f26301f7-d6bb-48a7-aa47-f0566806edcc,energy_forecasting,xgboost,pytorch,63baf40,main,energy_4,42,2024-04-01T20:12:52.596250,2024-04-01T20:58:01.444407,success,,0.21337418564609972,0.2067764030071827,0.23934795137303772,rmse,0.0442,66,0.04129,2048,2.068,multi_gpu,A100,5.812,3.812,aws,ci_pipeline,energy_forecasting_model,19
5e49d1f7-a786-49f4-8a80-99364745d3f8,rag_qa_service,lightgbm,tensorflow,15550b7,experiment/hyperparam,rag_corpus_3,2024,2024-10-06T19:16:08.494317,2024-10-06T19:44:20.163388,success,,0.7832920990815793,0.7578666269678381,0.7223696978610649,f1,0.219,27,0.02396,512,0.375,cpu,,1.525,0.0,aws,ci_pipeline,rag_qa_service_model,13
f18d9535-4515-453d-b79b-80058f947f3e,fraud_detection,xgboost,sklearn,790dc70,experiment/new_arch,fraud_v4,1337,2024-10-15T13:27:35.984601,2024-10-15T13:58:37.652075,success,,0.8516309289272659,0.8408351334617002,0.8623477890095052,roc_auc,0.1136,58,0.00416,2048,2.759,single_gpu,A100,1.243,0.471,aws,ci_pipeline,fraud_detection_model,20
a571034d-194d-42f4-9465-79db0feabf39,recsys_clickthrough,tabnet,tensorflow,51e2b5c,develop,recsys_v5,1337,2024-06-03T20:10:18.102506,2024-06-03T20:30:47.415709,success,,0.804075970894528,0.7978922818486601,0.812694795130765,roc_auc,0.1925,57,0.00354,256,9.495,multi_gpu,A100,0.889,1.002,gcp,scheduled_job,recsys_clickthrough_model,8
cbb6a011-3c39-47ca-aa65-556e0ae51094,energy_forecasting,cnn,xgboost,900283c,develop,energy_2,456,2024-10-26T09:35:24.089939,2024-10-26T10:17:54.032716,failed,oom,,,,rmse,,27,0.00204,128,2.521,single_gpu,A100,1.223,0.786,aws,ci_pipeline,energy_forecasting_model,15
4a735e4c-c214-4254-99ed-735480c97a71,energy_forecasting,lightgbm,lightgbm,af36a37,bugfix/data_issue,energy_4,789,2024-10-07T13:09:34.361823,2024-10-07T14:02:29.668298,success,,0.24112017823414958,0.23261863843637842,0.2583733209158391,rmse,0.0541,4,0.00373,512,2.622,cpu,,3.654,0.0,azure,ci_pipeline,energy_forecasting_model,2
44be806d-918f-4f87-9267-1598b1ba1f04,rag_qa_service,lightgbm,tensorflow,c65d602,experiment/hyperparam,rag_corpus_2,2024,2024-05-31T12:06:20.431400,2024-05-31T12:50:41.600844,failed,early_stopped,,,,f1,,67,0.0115,512,0.311,multi_gpu,A100,5.189,2.253,azure,scheduled_job,rag_qa_service_model,14
38fd6474-d5f8-475d-86b1-d4ebb76a5792,fraud_detection,xgboost,pytorch,afc24a5,develop,fraud_v4,42,2024-12-02T23:52:14.208759,2024-12-03T00:22:18.158818,success,,0.8425106913493198,0.849222564678286,0.880575337049777,roc_auc,0.158,42,0.00876,2048,2.579,multi_gpu,A100,3.931,2.324,gcp,scheduled_job,fraud_detection_model,11
c3fa15c9-93a2-45ea-be10-084f164a2e6e,rag_qa_service,cnn,tensorflow,6535d4e,main,rag_corpus_5,42,2024-10-18T00:16:59.539157,2024-10-18T00:27:11.360806,success,,0.7140918758441026,0.7014792587580507,0.7061719949612488,f1,0.3089,27,0.00048,128,15.383,single_gpu,T4,0.447,0.196,gcp,ci_pipeline,rag_qa_service_model,1
864886ac-0099-45e2-8f08-ab9d6576ad01,energy_forecasting,lightgbm,sklearn,3da197f,experiment/new_arch,energy_5,456,2024-10-11T19:37:45.172546,2024-10-11T20:23:03.148872,success,,0.15886813131588962,0.16802941764724544,0.1788786105593754,rmse,0.0203,20,0.00248,1024,2.549,single_gpu,V100,1.782,0.823,aws,user,energy_forecasting_model,1
505d5122-de01-49ec-9629-95637252fcce,fraud_detection,cnn,xgboost,3340122,develop,fraud_v4,42,2024-03-12T09:24:46.150598,2024-03-12T09:45:43.272462,success,,0.9217640409727966,0.9113264256883973,0.895926019317283,roc_auc,0.0748,8,0.00046,128,13.357,multi_gpu,V100,2.284,2.269,azure,ci_pipeline,fraud_detection_model,19
e3e4b507-5112-4202-949a-6441137d5c3f,fraud_detection,transformer,lightgbm,6f37290,experiment/new_arch,fraud_v4,2024,2024-11-01T23:50:16.221053,2024-11-02T00:37:35.097627,success,,0.8640982815327973,0.8725418981550042,0.8607841393851834,roc_auc,0.1278,8,0.000385,16,182.036,multi_gpu,T4,4.637,5.98,aws,scheduled_job,fraud_detection_model,18
d5c5d354-3177-4699-800f-de085fb77491,rag_qa_service,tabnet,sklearn,a1690ea,experiment/new_arch,rag_corpus_3,2024,2024-04-29T21:43:00.216290,2024-04-29T21:53:06.941905,success,,0.7822157767263884,0.7697353702974303,0.7592906340704537,f1,0.2186,16,0.00068,512,1.916,multi_gpu,V100,1.306,0.746,on_prem,ci_pipeline,rag_qa_service_model,20
54b4b815-5183-463c-9466-8156ec696748,fraud_detection,transformer,sklearn,5ec90c4,bugfix/data_issue,fraud_v1,1337,2024-09-19T13:13:36.686741,2024-09-19T13:57:01.010296,success,,0.9328701828920737,0.9141789075198917,0.8925850034024385,roc_auc,0.1071,19,0.000178,32,34.482,multi_gpu,A100,2.363,1.769,aws,scheduled_job,fraud_detection_model,4
a511b1f2-6be9-4474-926b-bb3b5c4bae36,rag_qa_service,xgboost,sklearn,8b593f2,experiment/new_arch,rag_corpus_4,42,2024-06-17T18:22:28.811806,2024-06-17T19:29:39.784600,success,,0.8180290701998496,0.7975250748411052,0.7858782512867731,f1,0.1729,79,0.00747,512,0.892,single_gpu,T4,1.941,0.957,azure,user,rag_qa_service_model,13
ec61466a-9bef-4eda-aecd-45463e88d9b3,recsys_clickthrough,cnn,pytorch,6026bc8,bugfix/data_issue,recsys_v4,456,2024-10-16T07:45:55.317363,2024-10-16T08:27:19.364998,success,,0.8610796888201305,0.8428782528789,0.8335234792017283,roc_auc,0.123,50,0.00208,64,8.73,cpu,,1.955,0.0,gcp,ci_pipeline,recsys_clickthrough_model,8
e6830118-6861-4a95-a55b-e4d76cea1bb2,energy_forecasting,lightgbm,xgboost,a053cd7,experiment/hyperparam,energy_3,789,2024-07-28T11:27:10.445413,2024-07-28T12:28:11.355374,failed,data_error,,,,rmse,,13,0.00368,2048,0.639,single_gpu,T4,1.356,1.108,aws,user,energy_forecasting_model,3
0810047f-5f50-4715-bd74-3865127451a2,recsys_clickthrough,tabnet,pytorch,395f979,develop,recsys_v3,1337,2024-06-14T15:15:04.078130,2024-06-14T16:08:02.811089,success,,0.8139576223591587,0.7972449209921052,0.8121654000517615,roc_auc,0.1735,27,0.0098,256,1.228,multi_gpu,V100,4.272,6.015,aws,user,recsys_clickthrough_model,12
f3ff0bac-96da-478a-9862-7baf46c2cbba,rag_qa_service,tabnet,lightgbm,ee42eb0,main,rag_corpus_4,456,2024-07-16T10:01:36.119218,2024-07-16T10:11:15.669619,success,,0.7885633451697813,0.7584786150599643,0.7216697635221948,f1,0.2261,60,0.00155,256,9.752,single_gpu,A100,0.319,0.188,azure,scheduled_job,rag_qa_service_model,18
47e7f86a-15bc-4eff-9f1e-cba59752b769,energy_forecasting,xgboost,xgboost,7d7d606,develop,energy_3,456,2024-12-09T17:39:46.133011,2024-12-09T18:03:13.651431,failed,nan_loss,,,,rmse,,63,0.00061,2048,1.108,multi_gpu,A100,2.572,2.208,gcp,user,energy_forecasting_model,8
582eed9c-3f6f-47e5-b65e-263041668f28,recsys_clickthrough,lightgbm,tensorflow,96db5c7,experiment/hyperparam,recsys_v3,42,2024-10-11T12:15:32.120709,2024-10-11T12:42:36.494062,success,,0.7957106326942746,0.78054238003603,0.823669372670616,roc_auc,0.1967,41,0.00057,2048,2.571,single_gpu,A100,1.265,0.534,azure,ci_pipeline,recsys_clickthrough_model,15
143bae42-d45f-4ccc-a922-78713731e0a5,recsys_clickthrough,xgboost,xgboost,1505477,bugfix/data_issue,recsys_v3,1337,2024-09-19T02:43:22.023690,2024-09-19T03:09:47.681171,failed,oom,,,,roc_auc,,16,0.00375,512,1.514,single_gpu,V100,0.623,0.471,on_prem,scheduled_job,recsys_clickthrough_model,19
e56cedb2-7873-443f-ac03-75dc32dca413,rag_qa_service,transformer,tensorflow,e5a5529,experiment/new_arch,rag_corpus_2,123,2024-05-21T09:38:02.785182,2024-05-21T10:01:41.761636,success,,0.7325124202090657,0.7258991107479033,0.7625601705276177,f1,0.2393,6,0.000156,64,102.45,single_gpu,V100,0.41,0.328,azure,user,rag_qa_service_model,19
3e0c1940-6102-4d2d-ac3e-0462425e5591,fraud_detection,tabnet,xgboost,4a856d6,bugfix/data_issue,fraud_v5,123,2024-12-02T14:11:59.669879,2024-12-02T14:25:11.847489,failed,infra_error,,,,roc_auc,,73,0.00049,512,6.333,multi_gpu,T4,1.577,1.435,gcp,user,fraud_detection_model,20
c3a7924d-7b51-4921-95a2-9e9e697def9d,rag_qa_service,transformer,lightgbm,750a9e6,experiment/new_arch,rag_corpus_2,789,2024-06-19T23:29:53.221358,2024-06-20T00:08:48.597570,failed,oom,,,,f1,,13,0.000128,64,121.442,single_gpu,A100,1.359,0.747,on_prem,scheduled_job,rag_qa_service_model,8
d2ee07bb-18e3-43a5-9865-dda85108ead6,energy_forecasting,xgboost,pytorch,862c6fa,develop,energy_3,123,2024-02-29T20:19:11.476161,2024-02-29T21:29:23.726809,success,,0.27320624497593726,0.2868227787162423,0.31454040620957396,rmse,0.0765,30,0.00039,512,1.856,single_gpu,A100,2.872,0.986,gcp,ci_pipeline,energy_forecasting_model,19
48cd8d48-51e1-4eee-b016-09a830e57fbe,recsys_clickthrough,cnn,tensorflow,6cdedf6,experiment/hyperparam,recsys_v2,2024,2024-11-30T18:03:39.462317,2024-11-30T18:30:01.659630,failed,infra_error,,,,roc_auc,,46,0.00255,64,12.667,multi_gpu,A100,2.225,2.023,azure,ci_pipeline,recsys_clickthrough_model,13
0b3b2ebb-0cc7-4542-a8df-9af180f43ea6,energy_forecasting,lightgbm,xgboost,4257d06,experiment/hyperparam,energy_3,1337,2024-11-19T07:26:37.487789,2024-11-19T07:40:41.658751,success,,0.24771714630383354,0.2549555253399471,0.24768713296173347,rmse,0.0716,16,0.07131,512,1.808,single_gpu,V100,0.453,0.23,on_prem,user,energy_forecasting_model,19
5fb903f4-e288-434b-9d5b-10a8ee55ab0e,fraud_detection,cnn,pytorch,5fe8037,experiment/hyperparam,fraud_v2,456,2024-05-01T13:16:01.018277,2024-05-01T13:38:27.999435,success,,0.8352485380999664,0.8152258277432103,0.824042501161555,roc_auc,0.1379,70,0.00018,256,15.491,cpu,,0.553,0.0,on_prem,ci_pipeline,fraud_detection_model,15
71bd4e5d-5318-433b-9568-0250b1bcc6cc,rag_qa_service,xgboost,pytorch,0bf2317,main,rag_corpus_5,2024,2024-11-25T19:14:48.322306,2024-11-25T19:53:29.341916,failed,early_stopped,,,,f1,,63,0.09079,2048,1.942,multi_gpu,V100,3.003,3.189,gcp,ci_pipeline,rag_qa_service_model,16
5c803f95-f16a-43d1-833d-5d0cacf91c18,recsys_clickthrough,tabnet,lightgbm,3c1cc9c,develop,recsys_v5,42,2024-06-21T23:16:17.839359,2024-06-21T23:49:30.429357,failed,nan_loss,,,,roc_auc,,4,0.00232,512,1.465,multi_gpu,V100,2.197,1.357,azure,user,recsys_clickthrough_model,6
a8e64db6-5de2-491f-9e04-c5276854ac96,fraud_detection,transformer,sklearn,01084a2,main,fraud_v2,2024,2024-02-28T02:41:14.815471,2024-02-28T04:02:32.366984,success,,0.860663354922939,0.8676747596656114,0.873285690987577,roc_auc,0.1446,41,9.4e-05,32,113.933,cpu,,2.136,0.0,aws,scheduled_job,fraud_detection_model,9
93226221-7639-4c4f-a7c7-1e463ffcff19,fraud_detection,transformer,tensorflow,89ab0e6,develop,fraud_v4,456,2024-08-25T08:02:57.918218,2024-08-25T08:37:22.258500,success,,0.8782106670812267,0.861129368476274,0.8587041695680565,roc_auc,0.1174,54,1.7e-05,16,79.395,cpu,,2.472,0.0,aws,ci_pipeline,fraud_detection_model,19
5d96e746-ca3e-4de6-a5fc-254bd797e08a,rag_qa_service,cnn,tensorflow,20d67e5,bugfix/data_issue,rag_corpus_2,123,2024-01-05T21:21:22.310547,2024-01-05T21:55:02.621285,failed,nan_loss,,,,f1,,74,0.00361,64,15.747,single_gpu,A100,1.462,0.628,on_prem,scheduled_job,rag_qa_service_model,18
6672bc2b-80a9-4d9b-80ce-cf4826781e9a,fraud_detection,transformer,sklearn,cd5f227,experiment/hyperparam,fraud_v5,456,2024-07-01T13:28:05.859464,2024-07-01T14:02:47.694565,success,,0.9204968053130066,0.9091450428995799,0.9083657213360682,roc_auc,0.0851,49,0.000155,16,108.073,cpu,,2.85,0.0,on_prem,user,fraud_detection_model,4
608f960a-ec28-4b34-b37a-a4d03e36542f,rag_qa_service,transformer,xgboost,ffa0212,main,rag_corpus_5,123,2024-07-19T15:26:53.316018,2024-07-19T15:53:48.743128,success,,0.7921021848622545,0.7913514430194473,0.7980708377481633,f1,0.2116,22,0.000358,64,123.997,single_gpu,T4,0.502,0.424,gcp,ci_pipeline,rag_qa_service_model,15
8ce422e4-6142-4482-8fd2-9f56a6a89e30,fraud_detection,cnn,xgboost,a3752e5,experiment/hyperparam,fraud_v3,42,2024-01-29T05:22:11.682046,2024-01-29T06:04:00.079417,failed,nan_loss,,,,roc_auc,,79,0.00046,128,8.424,single_gpu,A100,2.245,0.725,on_prem,user,fraud_detection_model,15
ceeaa5bc-dcf5-4dfb-b6e8-c35906b35686,energy_forecasting,transformer,tensorflow,b1c4287,develop,energy_5,789,2024-02-27T20:02:00.878384,2024-02-27T20:19:54.220346,success,,0.3110699509443038,0.3094720641780849,0.3266515166540349,rmse,0.0779,11,9.5e-05,64,297.163,single_gpu,V100,0.489,0.288,aws,user,energy_forecasting_model,10
e4d60a25-1f2a-4fd9-81af-6f1988c974d9,rag_qa_service,transformer,pytorch,cab72c4,experiment/hyperparam,rag_corpus_2,2024,2024-11-18T10:04:25.336380,2024-11-18T10:17:41.803522,success,,0.9142395578444262,0.9065184834320845,0.9007488296295165,f1,0.0698,80,0.000948,16,151.545,single_gpu,A100,0.391,0.256,on_prem,scheduled_job,rag_qa_service_model,12
c2b530af-1b60-4fa5-8d6a-866009c5a1a6,rag_qa_service,xgboost,tensorflow,ecd38a0,develop,rag_corpus_5,1337,2024-01-18T02:37:37.932982,2024-01-18T03:13:18.205944,success,,0.8266186369482842,0.8107480616023388,0.8109117780474523,f1,0.1842,40,0.0023,512,1.914,single_gpu,V100,2.218,0.541,aws,scheduled_job,rag_qa_service_model,19
213eca55-e6f6-45c0-9751-fbd124005295,rag_qa_service,xgboost,sklearn,b901b77,develop,rag_corpus_3,123,2024-05-28T00:20:01.728607,2024-05-28T00:40:24.611316,success,,0.74443361220362,0.7276539124946547,0.695535718334218,f1,0.2489,22,0.01087,2048,2.071,single_gpu,T4,0.698,0.314,azure,user,rag_qa_service_model,8
b4a54c71-4c1b-4896-b93e-345cc9600af6,rag_qa_service,tabnet,pytorch,0cb4dfe,experiment/hyperparam,rag_corpus_2,789,2024-03-29T05:31:36.650519,2024-03-29T06:15:06.811560,failed,data_error,,,,f1,,53,0.00019,256,6.08,cpu,,1.745,0.0,on_prem,user,rag_qa_service_model,9
a47e9927-fc43-4779-8d8f-bfec2fb3ddbd,rag_qa_service,cnn,lightgbm,9cea829,develop,rag_corpus_2,456,2024-08-10T22:46:41.641903,2024-08-10T23:18:31.234124,failed,early_stopped,,,,f1,,76,0.0038,64,15.89,single_gpu,V100,0.71,0.618,azure,ci_pipeline,rag_qa_service_model,8
6dfb6e89-2c47-4977-ac0a-27fc08b780b8,energy_forecasting,tabnet,lightgbm,ae77ef3,bugfix/data_issue,energy_1,123,2024-03-01T15:35:50.694376,2024-03-01T16:19:20.539360,success,,0.15444212879946004,0.16857546618095465,0.1458274214632539,rmse,0.0281,54,0.00936,256,8.883,single_gpu,A100,2.805,0.679,azure,scheduled_job,energy_forecasting_model,1
570a635b-4cf8-42ab-9fd3-5aaab0c26399,fraud_detection,lightgbm,pytorch,900f047,main,fraud_v3,456,2024-02-23T03:53:06.296835,2024-02-23T04:12:02.137664,success,,0.871583975756225,0.8579377122168045,0.8662941815953694,roc_auc,0.1066,9,0.00204,1024,1.089,multi_gpu,T4,1.884,1.515,azure,ci_pipeline,fraud_detection_model,10
f6e19e1f-833c-4f53-8925-e9351ee322ea,recsys_clickthrough,lightgbm,sklearn,672b06f,experiment/hyperparam,recsys_v5,123,2024-08-15T00:28:54.479881,2024-08-15T00:54:24.873811,success,,0.8497284335943722,0.8449766055573009,0.8530739194165731,roc_auc,0.1807,43,0.00208,1024,1.658,single_gpu,T4,0.695,0.478,on_prem,user,recsys_clickthrough_model,19
89e37edb-2018-49c5-b7f8-3b0c4ee90eb1,recsys_clickthrough,cnn,pytorch,88373c8,develop,recsys_v2,42,2024-12-07T00:03:46.443487,2024-12-07T00:33:08.230262,success,,0.8383172054423914,0.8312802794702424,0.8044590510909663,roc_auc,0.1439,29,0.00047,256,13.029,single_gpu,V100,0.563,0.511,azure,user,recsys_clickthrough_model,6
14ae4b61-7456-4a1d-9a45-63e9afefccef,recsys_clickthrough,transformer,tensorflow,12474a8,develop,recsys_v4,123,2024-01-21T01:29:27.504650,2024-01-21T01:41:48.818374,success,,0.7800325949433321,0.7677239508420513,0.8040355004739527,roc_auc,0.214,54,3.7e-05,16,275.291,single_gpu,V100,0.67,0.17,aws,user,recsys_clickthrough_model,5
45d531a4-6597-44a5-9eef-b963abe95990,recsys_clickthrough,lightgbm,tensorflow,10b5587,bugfix/data_issue,recsys_v3,2024,2024-12-30T03:33:43.846993,2024-12-30T04:22:10.957524,failed,data_error,,,,roc_auc,,41,0.00862,512,1.552,cpu,,3.575,0.0,azure,scheduled_job,recsys_clickthrough_model,10
e666935f-1374-44d1-909b-1be03e71bf0e,fraud_detection,xgboost,xgboost,955158d,experiment/new_arch,fraud_v5,42,2024-08-02T00:42:39.977272,2024-08-02T00:56:45.102800,success,,0.8776264144480443,0.8636264489186083,0.8661143343205884,roc_auc,0.1391,31,0.02451,1024,1.409,single_gpu,A100,0.91,0.212,azure,ci_pipeline,fraud_detection_model,10
95ccbcb7-879e-4728-9741-55c641937958,energy_forecasting,xgboost,xgboost,b757c5f,experiment/new_arch,energy_4,123,2024-03-04T09:24:58.222706,2024-03-04T10:06:16.807712,success,,0.15948449109556861,0.15262151029318444,0.11795504852331247,rmse,0.0194,58,0.03704,512,1.144,single_gpu,V100,1.928,0.594,on_prem,user,energy_forecasting_model,14
132cbeda-e3d2-44c2-8d3c-fc49e42e63a8,recsys_clickthrough,xgboost,xgboost,aeb32d0,experiment/new_arch,recsys_v1,456,2024-01-16T03:51:04.902012,2024-01-16T04:45:19.923051,success,,0.8452157407692673,0.8334126902558923,0.8142899761967215,roc_auc,0.143,48,0.00108,2048,2.919,single_gpu,T4,1.291,0.76,azure,ci_pipeline,recsys_clickthrough_model,14
482cbc0a-94a5-44b3-9cac-39848924bc0b,rag_qa_service,transformer,sklearn,4ab6e8b,bugfix/data_issue,rag_corpus_1,42,2024-01-17T02:35:25.442530,2024-01-17T03:45:19.270394,success,,0.8417228451490748,0.8266905213037499,0.8843314422379296,f1,0.138,30,0.000903,64,141.638,single_gpu,V100,1.691,1.149,aws,ci_pipeline,rag_qa_service_model,5
758ab2a0-26de-43fa-9fba-2808a3190105,rag_qa_service,tabnet,xgboost,8190cea,experiment/new_arch,rag_corpus_2,1337,2024-07-09T21:30:13.847859,2024-07-09T22:24:28.655039,success,,0.7037014505371851,0.71442280169815,0.7092994898421098,f1,0.285,70,0.00937,256,0.966,multi_gpu,A100,6.617,4.858,on_prem,ci_pipeline,rag_qa_service_model,12
f221e8b6-d92d-46da-b5f7-ad213b715549,rag_qa_service,tabnet,sklearn,faa6fc8,develop,rag_corpus_4,789,2024-03-05T06:36:41.635863,2024-03-05T06:58:25.607750,success,,0.7645588703231851,0.7577124121034919,0.7578000328952074,f1,0.231,65,0.00463,256,6.337,cpu,,2.678,0.0,aws,user,rag_qa_service_model,1
df1d9daa-4030-43ad-8464-1898a2439e70,fraud_detection,cnn,lightgbm,233608b,main,fraud_v5,123,2024-01-19T03:31:11.314287,2024-01-19T04:22:30.727721,success,,0.8646403284735495,0.8588616201142775,0.8507560458103023,roc_auc,0.0856,35,0.00366,64,1.293,multi_gpu,A100,5.903,3.253,on_prem,scheduled_job,fraud_detection_model,10
c03c2a81-ea05-4775-8ca2-8742f7185639,recsys_clickthrough,transformer,lightgbm,e479f68,experiment/new_arch,recsys_v4,456,2024-01-25T22:59:32.147275,2024-01-25T23:17:17.054052,failed,data_error,,,,roc_auc,,41,3.8e-05,32,68.221,single_gpu,V100,0.972,0.354,aws,scheduled_job,recsys_clickthrough_model,2
7195fef4-a19f-4f90-977f-dda7192d9e63,energy_forecasting,tabnet,tensorflow,d34e10a,experiment/new_arch,energy_2,1337,2024-12-06T04:17:57.905017,2024-12-06T04:39:26.182129,failed,data_error,,,,rmse,,70,0.00031,512,2.568,cpu,,0.7,0.0,aws,scheduled_job,energy_forecasting_model,11
88dca8ff-cc1b-4b05-ab1c-702483c86c79,recsys_clickthrough,lightgbm,lightgbm,b73a178,main,recsys_v5,123,2024-11-02T11:19:39.162420,2024-11-02T12:19:22.946947,success,,0.7934131927743544,0.7732765219156861,0.7977106847060852,roc_auc,0.1837,64,0.00756,2048,1.856,cpu,,5.912,0.0,azure,ci_pipeline,recsys_clickthrough_model,5
a34fa054-14e3-4862-b1cf-84c2aaa67f92,fraud_detection,xgboost,pytorch,40ff45a,experiment/hyperparam,fraud_v3,1337,2024-12-28T06:45:30.367612,2024-12-28T07:01:57.934859,success,,0.8643717383600016,0.851687605623056,0.8554518709337366,roc_auc,0.1191,61,0.00273,1024,0.889,cpu,,0.444,0.0,gcp,user,fraud_detection_model,17
81415adc-a1a2-4dd7-a945-207499a60683,rag_qa_service,lightgbm,tensorflow,660cc33,main,rag_corpus_1,42,2024-07-30T19:06:17.393035,2024-07-30T19:56:15.506119,failed,early_stopped,,,,f1,,42,0.00305,2048,0.286,single_gpu,T4,1.398,0.93,azure,user,rag_qa_service_model,1
703d04bd-ffa9-44ff-8cfe-f6874b4b1b41,rag_qa_service,cnn,sklearn,79f6f66,bugfix/data_issue,rag_corpus_5,789,2024-09-10T00:19:06.401055,2024-09-10T00:42:38.360517,failed,nan_loss,,,,f1,,46,0.00047,64,3.551,single_gpu,T4,0.479,0.469,on_prem,scheduled_job,rag_qa_service_model,11
12d2d89b-628a-40dc-a42e-40f1fd31f38f,rag_qa_service,xgboost,sklearn,232e45b,experiment/new_arch,rag_corpus_1,123,2024-05-11T04:34:09.636476,2024-05-11T05:21:23.355844,success,,0.805808176442966,0.8065400791836365,0.8094299976506342,f1,0.1936,69,0.01377,512,1.672,single_gpu,A100,2.595,0.894,aws,ci_pipeline,rag_qa_service_model,6
a6f93633-ca5a-4e80-84de-8a27771dfec1,fraud_detection,cnn,sklearn,66bcd32,bugfix/data_issue,fraud_v5,456,2024-10-08T12:47:57.292637,2024-10-08T13:28:07.083603,success,,0.8840813307479941,0.8734952415742762,0.8550778130834212,roc_auc,0.1095,56,0.00025,64,17.415,multi_gpu,A100,2.629,5.313,aws,user,fraud_detection_model,11
727a5291-6641-40e8-ae4f-7d4e04ca567f,recsys_clickthrough,transformer,lightgbm,9dcd440,develop,recsys_v3,2024,2024-07-21T16:36:55.560296,2024-07-21T17:53:12.769243,success,,0.8027488918949138,0.7756217777821511,0.7765409965031298,roc_auc,0.1924,12,8.6e-05,64,296.18,single_gpu,A100,2.894,1.324,on_prem,user,recsys_clickthrough_model,15
9fba3581-1f2d-483e-96b1-572a43480ce3,recsys_clickthrough,transformer,sklearn,40fdde0,develop,recsys_v4,2024,2024-05-18T22:28:49.168068,2024-05-18T22:44:56.771153,failed,early_stopped,,,,roc_auc,,34,2.4e-05,64,202.916,cpu,,0.37,0.0,azure,scheduled_job,recsys_clickthrough_model,1
927bd5a8-7820-4642-a2f3-7e4e67d97ea1,rag_qa_service,xgboost,sklearn,4ecd9bd,bugfix/data_issue,rag_corpus_5,123,2024-09-24T18:39:58.283090,2024-09-24T19:23:17.491765,success,,0.7507926754426049,0.7321459461366692,0.7478307479887613,f1,0.2471,65,0.00192,2048,0.533,multi_gpu,A100,3.957,4.311,gcp,scheduled_job,rag_qa_service_model,18
55783bb9-5f88-4d03-b193-ed1f4da34a93,recsys_clickthrough,cnn,sklearn,f311c81,bugfix/data_issue,recsys_v1,456,2024-01-04T13:02:14.628420,2024-01-04T13:23:53.902249,failed,infra_error,,,,roc_auc,,17,0.00016,128,12.506,single_gpu,T4,1.097,0.382,gcp,ci_pipeline,recsys_clickthrough_model,1
ad7efc18-ba02-44f1-938e-59a04bb1e164,energy_forecasting,cnn,lightgbm,050bcce,experiment/new_arch,energy_1,456,2024-08-29T02:41:58.561905,2024-08-29T03:02:12.270729,failed,oom,,,,rmse,,28,0.00528,64,10.242,multi_gpu,A100,0.946,1.26,gcp,scheduled_job,energy_forecasting_model,12
f220495a-f5ca-4e90-a421-24b48618bd16,rag_qa_service,cnn,tensorflow,7f25f9c,experiment/new_arch,rag_corpus_3,42,2024-03-22T04:57:38.999748,2024-03-22T06:01:43.925880,success,,0.8830271343472612,0.8589933477802754,0.8698254511162569,f1,0.1331,80,0.00115,64,13.976,multi_gpu,V100,6.221,7.784,azure,user,rag_qa_service_model,8
d041914c-7520-451b-bf01-e87c9e47518a,fraud_detection,lightgbm,lightgbm,bf42af1,experiment/new_arch,fraud_v1,123,2024-03-02T06:11:16.808701,2024-03-02T06:28:02.161185,failed,oom,,,,roc_auc,,74,0.05695,2048,1.219,multi_gpu,V100,1.864,1.773,gcp,scheduled_job,fraud_detection_model,16
d709598d-baa8-4ce5-8a02-ba647d94bbef,rag_qa_service,lightgbm,sklearn,a008656,main,rag_corpus_2,456,2024-03-23T10:31:42.245336,2024-03-23T11:07:18.346052,success,,0.7402095957136976,0.747398899843236,0.7735727632039413,f1,0.2607,10,0.00067,512,2.905,cpu,,3.964,0.0,on_prem,scheduled_job,rag_qa_service_model,15
af95d3ea-2db8-4634-bbed-ddaa0a6f2529,energy_forecasting,tabnet,lightgbm,748cad9,bugfix/data_issue,energy_3,1337,2024-01-26T07:23:12.097526,2024-01-26T07:47:25.712502,success,,0.25039893737014385,0.23820079783203058,0.21322784621897778,rmse,0.056,6,0.0006,256,1.46,cpu,,2.67,0.0,gcp,user,energy_forecasting_model,15
4b43f473-9aeb-4063-bb9f-b8a892207a91,rag_qa_service,xgboost,sklearn,7fc3794,develop,rag_corpus_2,42,2024-06-11T02:45:52.613342,2024-06-11T03:34:09.357235,failed,early_stopped,,,,f1,,16,0.0125,1024,1.224,cpu,,3.203,0.0,aws,ci_pipeline,rag_qa_service_model,14
a4f4152f-b0a1-43e4-a1c3-61c148a8592b,fraud_detection,xgboost,tensorflow,92141f5,bugfix/data_issue,fraud_v4,789,2024-04-11T22:48:31.329329,2024-04-11T23:29:33.113414,success,,0.9589769943582802,0.9306652230026213,0.927770502486211,roc_auc,0.0054,46,0.00049,2048,0.191,single_gpu,T4,2.111,0.667,azure,scheduled_job,fraud_detection_model,6
c47b3a77-6916-4daf-9388-3bed3f8f6738,recsys_clickthrough,tabnet,sklearn,7adb5ee,main,recsys_v3,1337,2024-09-10T13:51:01.582306,2024-09-10T13:59:08.707470,success,,0.7965400258286122,0.7954384735380235,0.7762228823731258,roc_auc,0.2085,52,0.00438,256,4.786,single_gpu,V100,0.38,0.157,on_prem,ci_pipeline,recsys_clickthrough_model,4
422cfec7-ae10-4ae9-88a4-d2e8ed8047f6,rag_qa_service,transformer,pytorch,17fdcb2,bugfix/data_issue,rag_corpus_4,2024,2024-09-20T19:30:14.025314,2024-09-20T20:20:32.705981,success,,0.8267924911106184,0.8125333814396043,0.7857667212848498,f1,0.1575,34,1.5e-05,32,57.906,single_gpu,A100,1.23,0.882,azure,ci_pipeline,rag_qa_service_model,5
54e50ddb-7416-4bd5-9899-c5af43ac2ced,rag_qa_service,transformer,xgboost,71bff43,main,rag_corpus_4,1337,2024-05-22T12:55:41.751798,2024-05-22T13:45:44.977269,success,,0.7960287689942523,0.7682746232427055,0.775968004963416,f1,0.218,49,0.000141,32,226.694,cpu,,3.696,0.0,on_prem,ci_pipeline,rag_qa_service_model,4
beb73fc6-f443-4951-8eeb-ed78cfc4592e,rag_qa_service,lightgbm,tensorflow,72e120b,bugfix/data_issue,rag_corpus_5,1337,2024-03-09T14:41:15.584987,2024-03-09T15:00:33.145166,success,,0.8531444447142053,0.8356282051037417,0.8063108328622507,f1,0.1406,29,0.03363,1024,1.295,single_gpu,V100,1.042,0.309,on_prem,ci_pipeline,rag_qa_service_model,18
571bb2f6-90f2-4e3d-9789-0101f07028d3,rag_qa_service,xgboost,sklearn,faa57d3,develop,rag_corpus_3,2024,2024-02-18T07:07:32.144609,2024-02-18T07:56:16.618466,success,,0.7369979760640216,0.7307125962748985,0.6863130401008511,f1,0.2434,77,0.06203,2048,1.244,cpu,,1.835,0.0,on_prem,user,rag_qa_service_model,12
c1b1d3eb-1bf6-4da8-82cd-05f246e77795,energy_forecasting,lightgbm,xgboost,da592f0,main,energy_1,2024,2024-10-08T07:29:20.935682,2024-10-08T07:50:12.133197,success,,0.2157418745912783,0.19666882220159765,0.1891697404216306,rmse,0.0665,12,0.02188,1024,0.123,cpu,,1.659,0.0,aws,scheduled_job,energy_forecasting_model,3
62fe5239-e09b-45ca-bf4b-5e9c3bc4e09f,rag_qa_service,lightgbm,xgboost,44c9821,develop,rag_corpus_1,42,2024-09-02T11:51:10.436058,2024-09-02T12:51:33.902069,success,,0.7688698385713583,0.7571321465517855,0.7358630253345924,f1,0.2282,51,0.0249,2048,1.032,single_gpu,A100,1.318,0.834,gcp,ci_pipeline,rag_qa_service_model,20
615fbc75-a3f1-4c2e-a539-3a138022e5d8,fraud_detection,tabnet,lightgbm,73e1441,experiment/new_arch,fraud_v2,2024,2024-12-28T00:39:29.544746,2024-12-28T01:05:25.782469,failed,oom,,,,roc_auc,,19,0.00321,256,3.296,single_gpu,V100,1.422,0.475,on_prem,ci_pipeline,fraud_detection_model,18
2dbb2d4d-6a0e-4a48-9738-cbdf6134e134,recsys_clickthrough,lightgbm,sklearn,6c8fd16,develop,recsys_v1,123,2024-03-10T04:44:58.859683,2024-03-10T05:39:17.765562,success,,0.7955280934876535,0.783358650211696,0.7964544754450587,roc_auc,0.215,67,0.02341,1024,1.253,single_gpu,T4,1.477,0.913,on_prem,user,recsys_clickthrough_model,11
28281b53-acff-430a-88f9-29f87ad0a331,fraud_detection,transformer,lightgbm,6033919,develop,fraud_v2,456,2024-02-21T01:37:44.603725,2024-02-21T01:56:36.469638,success,,0.9061119082085769,0.8877497125180633,0.8719522502805113,roc_auc,0.1008,25,7.2e-05,16,185.628,single_gpu,A100,1.007,0.316,on_prem,scheduled_job,fraud_detection_model,20
8c1ccbde-6f0f-4975-aead-0675bf291c1c,recsys_clickthrough,transformer,xgboost,4d9d222,bugfix/data_issue,recsys_v4,456,2024-04-04T05:17:26.178226,2024-04-04T05:49:49.944920,success,,0.7833657787769752,0.7747982332334253,0.7781839937065456,roc_auc,0.2125,17,3.3e-05,64,231.267,single_gpu,T4,1.709,0.462,on_prem,user,recsys_clickthrough_model,3
bac7ba57-99d2-428f-aad8-a84c5e653240,energy_forecasting,lightgbm,pytorch,0498571,experiment/hyperparam,energy_3,2024,2024-05-06T22:01:38.205166,2024-05-06T23:18:56.866362,failed,infra_error,,,,rmse,,70,0.00209,1024,0.559,cpu,,2.8,0.0,on_prem,ci_pipeline,energy_forecasting_model,2
b44e3dfe-e8d4-42bb-b582-6963155e07ca,recsys_clickthrough,cnn,xgboost,12b4632,experiment/new_arch,recsys_v2,2024,2024-12-18T19:38:29.747287,2024-12-18T20:26:29.553767,success,,0.9068348383105526,0.8994270564405935,0.9019147517787478,roc_auc,0.0766,27,0.00018,64,3.141,multi_gpu,A100,1.947,5.17,aws,scheduled_job,recsys_clickthrough_model,17
c85471f8-8a33-40e7-a21f-36b5ffc28b54,energy_forecasting,xgboost,xgboost,c25a9f7,develop,energy_4,1337,2024-03-12T09:09:09.265080,2024-03-12T09:44:44.781325,success,,0.2600429873468473,0.25287709670023906,0.23506717494316218,rmse,0.0567,75,0.05746,512,2.731,single_gpu,V100,1.836,0.694,azure,ci_pipeline,energy_forecasting_model,5
37e24203-25ec-406a-97fb-f3112c80251d,energy_forecasting,transformer,tensorflow,a1736e0,bugfix/data_issue,energy_4,123,2024-12-16T20:59:40.161928,2024-12-16T21:16:44.368449,success,,0.2813508042515086,0.2516770805236265,0.29089077166362187,rmse,0.0655,16,3.3e-05,16,151.057,multi_gpu,A100,0.967,1.574,on_prem,user,energy_forecasting_model,12
b517b2b7-cba0-4adf-b37a-b751690dc78d,energy_forecasting,lightgbm,pytorch,3c85f0f,develop,energy_5,123,2024-08-17T07:43:14.401808,2024-08-17T08:15:19.746417,success,,0.16013042850803766,0.20795489056945723,0.22652927794988403,rmse,0.0302,17,0.05455,512,0.821,single_gpu,A100,0.681,0.588,on_prem,user,energy_forecasting_model,16
3be25d24-b981-4bdd-8eed-4fb4009a904f,recsys_clickthrough,xgboost,pytorch,a365e82,main,recsys_v4,123,2024-01-03T09:40:17.174178,2024-01-03T10:37:43.298456,failed,data_error,,,,roc_auc,,63,0.00108,2048,1.044,multi_gpu,T4,2.78,5.479,azure,ci_pipeline,recsys_clickthrough_model,3
16026cd7-e578-4f9e-ab2f-4ebf3921d2f9,rag_qa_service,lightgbm,lightgbm,96ea52b,experiment/hyperparam,rag_corpus_3,456,2024-02-03T08:26:23.388330,2024-02-03T08:53:52.689395,success,,0.9052579965283228,0.8875551360144915,0.883255742423271,f1,0.1022,7,0.00355,512,1.879,cpu,,2.901,0.0,aws,ci_pipeline,rag_qa_service_model,4
d99f0cae-3548-4f18-b116-745909273434,energy_forecasting,tabnet,tensorflow,b2e3030,experiment/new_arch,energy_2,123,2024-03-28T19:53:36.616813,2024-03-28T21:08:32.045785,success,,0.1493640096279003,0.18598419124960158,0.19468878040137652,rmse,0.0212,27,0.00167,256,2.196,cpu,,4.537,0.0,gcp,ci_pipeline,energy_forecasting_model,9
8de175f8-cda4-4de5-8dc6-72a2ea0d2200,recsys_clickthrough,cnn,pytorch,f53169d,bugfix/data_issue,recsys_v1,1337,2024-02-10T19:52:09.276387,2024-02-10T21:18:35.797817,success,,0.8882332893079025,0.8762259039003185,0.834173890061898,roc_auc,0.0983,57,0.00229,64,18.048,multi_gpu,A100,4.059,5.046,on_prem,scheduled_job,recsys_clickthrough_model,20
882247fb-f474-4f09-b676-740ac06a3d99,rag_qa_service,tabnet,lightgbm,b43d444,main,rag_corpus_4,42,2024-06-08T02:25:56.488060,2024-06-08T02:45:43.761753,success,,0.7619181454710902,0.7526867995411268,0.7855236285742577,f1,0.2242,72,0.00383,256,9.576,single_gpu,A100,0.739,0.389,on_prem,scheduled_job,rag_qa_service_model,10
ff1686c1-3d9b-490a-bf55-76f948feb658,energy_forecasting,tabnet,sklearn,1b162fd,develop,energy_5,42,2024-08-02T00:24:47.387017,2024-08-02T02:06:08.021211,success,,0.2468222071831607,0.25222959975365644,0.3144430145959887,rmse,0.0561,43,0.00131,256,1.051,single_gpu,T4,5.217,1.387,aws,user,energy_forecasting_model,20
027bb063-5be9-4fc2-8786-f9f45d1eaaef,rag_qa_service,tabnet,xgboost,f6bc1db,experiment/hyperparam,rag_corpus_2,2024,2024-03-30T06:11:24.278826,2024-03-30T07:01:46.876886,success,,0.7143460851731186,0.6996179344738402,0.6315565809490418,f1,0.289,61,0.00039,256,1.027,single_gpu,T4,0.846,0.706,aws,ci_pipeline,rag_qa_service_model,15
8ba5d030-d397-40b3-9730-d22741ad2954,energy_forecasting,lightgbm,tensorflow,ebfd4f2,experiment/hyperparam,energy_2,1337,2024-05-12T21:47:59.513847,2024-05-12T22:04:36.263551,failed,data_error,,,,rmse,,23,0.00073,1024,1.873,cpu,,2.086,0.0,aws,scheduled_job,energy_forecasting_model,17
cd20762d-f10e-43e7-a2c9-85fe59c21445,rag_qa_service,lightgbm,lightgbm,78863f4,bugfix/data_issue,rag_corpus_1,123,2024-01-08T06:04:44.934266,2024-01-08T06:52:27.592317,success,,0.7506810327510862,0.7449992582453356,0.7171816433701731,f1,0.2154,72,0.00036,512,1.189,single_gpu,A100,1.059,0.748,aws,scheduled_job,rag_qa_service_model,3
9ba9e6d6-d032-4a7c-8e19-902bac016c5b,energy_forecasting,lightgbm,pytorch,9e5bfca,experiment/hyperparam,energy_5,123,2024-01-17T11:54:47.637653,2024-01-17T12:16:32.580555,success,,0.24963898250307698,0.2646232170682164,0.2652790579240714,rmse,0.0507,59,0.01385,1024,2.765,single_gpu,A100,0.798,0.318,on_prem,scheduled_job,energy_forecasting_model,20
6ffe6b56-a5cc-4900-8ed0-c56fc40eb61b,fraud_detection,xgboost,pytorch,cfc3bc7,develop,fraud_v4,456,2024-04-28T16:12:47.503794,2024-04-28T16:49:29.462750,success,,0.8728619816923656,0.867431900030618,0.8463084985060062,roc_auc,0.1287,73,0.05131,512,0.343,cpu,,2.824,0.0,aws,ci_pipeline,fraud_detection_model,12
aa2c25dd-ff20-4cf5-af00-04e1f1e0a309,rag_qa_service,xgboost,sklearn,eaf2c3b,bugfix/data_issue,rag_corpus_4,42,2024-01-03T19:59:55.098934,2024-01-03T21:02:18.542145,success,,0.713652662015394,0.7053405093895535,0.7124187799475417,f1,0.2843,12,0.00217,2048,0.703,single_gpu,V100,3.536,1.092,on_prem,user,rag_qa_service_model,17
bef4136c-1895-44cd-9f48-670d953b15fb,recsys_clickthrough,xgboost,lightgbm,4ebbb9c,experiment/new_arch,recsys_v5,1337,2024-02-16T05:25:02.637190,2024-02-16T05:32:32.197188,success,,0.8533104950257678,0.8400436003723508,0.8153277721422223,roc_auc,0.1715,31,0.00636,512,2.359,cpu,,0.422,0.0,azure,user,recsys_clickthrough_model,17
013b6960-21c2-4194-b175-c92eb218132a,rag_qa_service,tabnet,xgboost,ae25afd,bugfix/data_issue,rag_corpus_4,1337,2024-08-25T23:10:46.076320,2024-08-26T00:09:51.040001,success,,0.8794439896454469,0.8799877915979011,0.8938739461529743,f1,0.1603,9,0.00581,256,4.026,single_gpu,T4,1.207,1.165,on_prem,ci_pipeline,rag_qa_service_model,19
51810f52-d578-4c72-a109-391ccccbcc5e,fraud_detection,xgboost,lightgbm,399fdfa,experiment/hyperparam,fraud_v3,456,2024-06-17T19:58:48.255623,2024-06-17T20:47:48.248079,failed,infra_error,,,,roc_auc,,60,0.03231,512,1.704,single_gpu,V100,2.014,0.691,azure,ci_pipeline,fraud_detection_model,6
be5d91a2-cf70-46f7-ade8-86e6a85b77ea,rag_qa_service,lightgbm,lightgbm,ae43cdf,main,rag_corpus_4,42,2024-12-07T21:20:27.495009,2024-12-07T21:41:31.088410,success,,0.8335772039210518,0.8121675089784876,0.7803467484671389,f1,0.1678,69,0.00051,2048,1.085,single_gpu,T4,0.678,0.415,azure,scheduled_job,rag_qa_service_model,19
4e2b94d5-97e5-4cbb-a0b8-d7ae1ac3a158,fraud_detection,transformer,xgboost,b968583,experiment/new_arch,fraud_v3,789,2024-08-31T02:06:00.102849,2024-08-31T02:38:04.694084,success,,0.8827564016563845,0.8761024402016875,0.8845869337299883,roc_auc,0.1227,42,1.6e-05,64,158.264,cpu,,3.805,0.0,on_prem,user,fraud_detection_model,10
a1a581aa-f0ca-4ec5-9508-209ff7b6a882,fraud_detection,transformer,pytorch,07acd76,develop,fraud_v3,2024,2024-01-10T07:44:08.676017,2024-01-10T08:45:35.821418,success,,0.8936235071366252,0.8739314749188352,0.8372842953403742,roc_auc,0.1063,77,0.000141,32,247.674,cpu,,6.662,0.0,on_prem,user,fraud_detection_model,5
05d31681-9ec5-44b2-980a-865f28d055b8,recsys_clickthrough,lightgbm,xgboost,50e695f,experiment/hyperparam,recsys_v1,2024,2024-03-09T08:38:04.382810,2024-03-09T09:01:33.570006,success,,0.8425271076362761,0.8258327239208515,0.8235901950486246,roc_auc,0.1192,28,0.00584,1024,2.626,cpu,,0.976,0.0,gcp,user,recsys_clickthrough_model,15
44fc5c6a-253f-4c1c-8916-c7a0eb97ec75,recsys_clickthrough,cnn,tensorflow,c474b3f,develop,recsys_v3,789,2024-06-26T20:44:16.902683,2024-06-26T21:02:50.462510,success,,0.8806613513923912,0.8726470432612008,0.8314189347807427,roc_auc,0.1279,34,0.00076,256,10.87,single_gpu,V100,0.896,0.347,azure,ci_pipeline,recsys_clickthrough_model,12
aa1ffd9f-babc-4c7c-adf8-dcc944485c61,energy_forecasting,cnn,tensorflow,bf0f067,main,energy_2,789,2024-12-21T15:31:30.843316,2024-12-21T16:42:39.849932,success,,0.23989316337052857,0.2762360902756711,0.29753063380395994,rmse,0.0426,17,0.00131,128,2.076,single_gpu,V100,1.79,1.084,azure,user,energy_forecasting_model,4
a299d00c-ab92-4683-8c0a-9869977435b8,recsys_clickthrough,tabnet,sklearn,f2ac060,experiment/new_arch,recsys_v1,123,2024-03-02T15:12:47.155313,2024-03-02T15:48:56.527603,success,,0.7781695333748535,0.7597700879774333,0.7934841230581328,roc_auc,0.2089,52,0.00587,512,1.311,single_gpu,A100,1.406,0.687,gcp,scheduled_job,recsys_clickthrough_model,10
e6791ffb-1536-4fda-be5d-e9986663b67c,rag_qa_service,tabnet,tensorflow,3045c55,develop,rag_corpus_4,123,2024-09-14T13:52:07.917791,2024-09-14T14:16:58.932235,success,,0.8024585336941877,0.8057830315041697,0.8215684966609799,f1,0.2135,71,0.00013,512,2.753,multi_gpu,T4,1.887,2.644,on_prem,ci_pipeline,rag_qa_service_model,10
e4c9c935-c90f-4d58-8b76-613f550044a9,recsys_clickthrough,lightgbm,pytorch,7d3b0a6,main,recsys_v5,123,2024-09-10T09:54:03.108552,2024-09-10T10:27:17.358779,failed,oom,,,,roc_auc,,75,0.03448,1024,1.037,single_gpu,V100,2.186,0.6,on_prem,user,recsys_clickthrough_model,6
4aca8d99-9543-42f0-b528-7190309635bf,recsys_clickthrough,xgboost,xgboost,7fa6796,experiment/new_arch,recsys_v1,2024,2024-01-25T12:06:11.424585,2024-01-25T12:51:38.993993,failed,nan_loss,,,,roc_auc,,10,0.00091,512,1.583,single_gpu,A100,0.97,0.885,aws,ci_pipeline,recsys_clickthrough_model,7
bc5abd14-c63b-4404-b511-5b2bbca4b5c5,energy_forecasting,cnn,xgboost,0672121,develop,energy_2,2024,2024-10-25T12:46:58.154993,2024-10-25T13:07:51.139076,success,,0.20229358976586878,0.22928654112027214,0.22900323625740107,rmse,0.0413,21,0.00049,256,18.255,cpu,,2.65,0.0,gcp,user,energy_forecasting_model,1
24c05c7d-1f0c-46d1-925a-dafdd6a51067,energy_forecasting,lightgbm,sklearn,72e008e,bugfix/data_issue,energy_2,2024,2024-06-18T02:31:01.239273,2024-06-18T02:59:20.961399,success,,0.16532929763607296,0.18647348718859963,0.19006358536026102,rmse,0.03,39,0.07089,1024,2.109,single_gpu,T4,1.701,0.447,on_prem,ci_pipeline,energy_forecasting_model,18
c2ef3de7-ee9f-4697-89a5-35a3aaf626cb,energy_forecasting,transformer,xgboost,8728262,bugfix/data_issue,energy_1,42,2024-12-24T00:15:08.740896,2024-12-24T00:30:28.426825,success,,0.28478515577842184,0.28009156056307655,0.2850119919299126,rmse,0.0846,56,0.000188,32,227.037,single_gpu,V100,0.394,0.302,aws,ci_pipeline,energy_forecasting_model,14
cbff25f7-64c2-414b-8062-5453449a23d8,energy_forecasting,tabnet,xgboost,5b46d6b,main,energy_4,456,2024-06-09T14:03:21.009339,2024-06-09T14:49:08.861879,success,,0.2816570160242668,0.3268138556322282,0.296289212270202,rmse,0.0836,30,0.0001,512,0.88,single_gpu,V100,1.223,0.667,gcp,scheduled_job,energy_forecasting_model,18
fc713bf4-2d7d-4e75-988d-e34c1c01b505,rag_qa_service,cnn,lightgbm,7e47cb4,experiment/hyperparam,rag_corpus_4,789,2024-06-16T05:22:41.701964,2024-06-16T07:11:50.445614,failed,early_stopped,,,,f1,,68,0.00077,64,13.054,cpu,,12.358,0.0,on_prem,ci_pipeline,rag_qa_service_model,15
71d48022-de90-4872-bcc4-4089be38da81,recsys_clickthrough,tabnet,tensorflow,28c2c26,main,recsys_v4,456,2024-02-13T15:03:03.280087,2024-02-13T16:47:03.925988,success,,0.7801749257135868,0.7809054353006515,0.7905229366095708,roc_auc,0.2267,66,0.00808,256,8.476,cpu,,6.903,0.0,aws,user,recsys_clickthrough_model,17
694b5ba7-1c16-448d-89a6-08b21e00d10e,rag_qa_service,xgboost,tensorflow,6b803bf,experiment/new_arch,rag_corpus_4,456,2024-12-30T19:14:34.236371,2024-12-30T19:48:33.548292,failed,early_stopped,,,,f1,,77,0.00625,1024,2.79,single_gpu,A100,1.259,0.68,aws,user,rag_qa_service_model,4
2d4dca33-a3ac-4a79-b601-560c4a6136b9,recsys_clickthrough,cnn,pytorch,85fa4dc,main,recsys_v5,1337,2024-02-01T05:51:18.653654,2024-02-01T06:15:20.425390,success,,0.8423827448942814,0.8237004523592857,0.8105681617303625,roc_auc,0.1397,18,0.00149,64,6.217,single_gpu,A100,0.44,0.452,aws,scheduled_job,recsys_clickthrough_model,1
1e1f62b2-215f-4815-90fb-4e1ea73aa870,rag_qa_service,transformer,sklearn,5071f74,experiment/hyperparam,rag_corpus_2,123,2024-06-03T23:55:25.224353,2024-06-04T00:18:15.125099,success,,0.8327897398771186,0.8215771332536267,0.7984040311011364,f1,0.2008,22,0.000887,32,121.261,single_gpu,A100,1.067,0.397,on_prem,ci_pipeline,rag_qa_service_model,10
a74a7ce2-c3ea-477f-ba62-49125333c483,rag_qa_service,xgboost,sklearn,510de07,main,rag_corpus_4,1337,2024-09-25T23:19:29.658034,2024-09-25T23:48:02.243171,success,,0.8092303369260273,0.7940687066967627,0.8207043247867022,f1,0.1753,9,0.00725,1024,2.857,cpu,,2.558,0.0,gcp,user,rag_qa_service_model,12
d4c75508-05b0-4e5e-9dfa-74a9f78a5798,energy_forecasting,tabnet,lightgbm,2cab900,develop,energy_5,789,2024-05-13T00:47:44.213718,2024-05-13T01:11:47.648053,success,,0.2393452740758546,0.24000168936561642,0.2292568872790154,rmse,0.046,79,0.00093,256,7.168,multi_gpu,V100,1.348,0.812,on_prem,scheduled_job,energy_forecasting_model,11
f67f6601-2046-4419-9d53-28753d027d91,rag_qa_service,cnn,tensorflow,d22aac4,develop,rag_corpus_1,456,2024-01-31T10:24:50.769171,2024-01-31T10:50:06.875036,success,,0.6987927392695118,0.6799146999137233,0.7148767997404564,f1,0.3168,40,0.00026,128,6.727,single_gpu,T4,0.675,0.467,azure,user,rag_qa_service_model,12
bc145890-b119-44ec-b690-eb0eb83bf90f,fraud_detection,lightgbm,pytorch,7c9376c,bugfix/data_issue,fraud_v5,789,2024-05-18T10:50:51.250347,2024-05-18T11:19:57.300724,success,,0.8538094771296418,0.8432503563797765,0.8729736101305106,roc_auc,0.1154,43,0.08391,2048,0.604,cpu,,1.242,0.0,on_prem,scheduled_job,fraud_detection_model,16
b1c50c1b-00fc-4a49-9bc5-0454cdee952b,fraud_detection,transformer,tensorflow,9054b81,experiment/hyperparam,fraud_v5,1337,2024-01-13T17:22:28.371037,2024-01-13T17:32:06.740460,success,,0.884443013843269,0.8780553157724127,0.8798926796530295,roc_auc,0.1173,54,0.000122,64,288.464,cpu,,0.392,0.0,gcp,user,fraud_detection_model,10
ce1fa717-3b92-44f5-9f97-0933e8f0f2c9,fraud_detection,cnn,lightgbm,4599625,develop,fraud_v3,123,2024-12-21T12:21:54.273041,2024-12-21T12:43:15.862930,failed,early_stopped,,,,roc_auc,,10,0.00016,64,1.425,cpu,,0.783,0.0,aws,scheduled_job,fraud_detection_model,3
3c3a0d27-48eb-4da1-b247-c86459f4ab12,energy_forecasting,transformer,lightgbm,e9ab9d1,experiment/hyperparam,energy_5,789,2024-02-12T23:47:30.468619,2024-02-13T01:22:35.970204,success,,0.22881882428976447,0.25803403300450256,0.2438861959534136,rmse,0.0532,38,2.5e-05,64,207.113,single_gpu,T4,2.452,1.657,on_prem,ci_pipeline,energy_forecasting_model,18
1b69cf6c-e762-4a92-afbd-579c60a7e10d,fraud_detection,xgboost,pytorch,2d45f7e,main,fraud_v3,456,2024-04-18T05:23:55.511094,2024-04-18T05:57:55.336608,failed,oom,,,,roc_auc,,21,0.01064,2048,2.176,single_gpu,A100,1.862,0.513,on_prem,scheduled_job,fraud_detection_model,16
33aa1952-43d0-4bdd-a1bf-458acdb7eefd,energy_forecasting,tabnet,xgboost,4402371,bugfix/data_issue,energy_3,2024,2024-06-22T04:05:30.468407,2024-06-22T04:21:12.684983,success,,0.23748533572481295,0.19408234805846786,0.22394771387634405,rmse,0.0535,61,0.00013,256,2.206,single_gpu,T4,0.359,0.305,azure,user,energy_forecasting_model,16
f389b661-242a-4643-baa9-8661ccf18d51,energy_forecasting,tabnet,sklearn,c52d27f,experiment/new_arch,energy_5,1337,2024-07-08T05:47:49.500099,2024-07-08T06:10:13.401843,success,,0.2851493386822376,0.24592531993006875,0.23679088465295248,rmse,0.0867,40,0.00013,512,4.259,multi_gpu,A100,1.169,2.005,on_prem,scheduled_job,energy_forecasting_model,11
df2c4fda-6934-49e0-9422-36a53b7d9fec,energy_forecasting,transformer,tensorflow,f30ee2e,develop,energy_4,42,2024-09-09T07:24:03.469294,2024-09-09T08:20:33.430714,success,,0.24372806008498793,0.2704967246250418,0.27546390535092713,rmse,0.055,11,6.9e-05,64,103.244,multi_gpu,T4,4.542,2.41,on_prem,ci_pipeline,energy_forecasting_model,19
55152c7d-5c5a-48e7-b180-12f5a7b537df,recsys_clickthrough,cnn,lightgbm,e8024f4,experiment/hyperparam,recsys_v4,1337,2024-03-29T11:26:02.150506,2024-03-29T12:12:56.976401,failed,early_stopped,,,,roc_auc,,55,0.00742,128,19.143,single_gpu,V100,3.031,0.887,aws,scheduled_job,recsys_clickthrough_model,5
ddcb4953-ffda-4299-9780-f86849621140,recsys_clickthrough,lightgbm,sklearn,fc0698d,develop,recsys_v1,789,2024-01-13T19:40:45.711521,2024-01-13T20:03:28.578812,success,,0.8003770556581453,0.8119906665843989,0.8142686180243685,roc_auc,0.258,9,0.00836,512,1.72,single_gpu,V100,1.344,0.454,azure,user,recsys_clickthrough_model,15
369b58a1-19ac-4e79-851b-f489c178c5c4,recsys_clickthrough,transformer,sklearn,8a24d53,main,recsys_v1,123,2024-08-16T07:45:34.586069,2024-08-16T08:29:42.831724,success,,0.8236229238044674,0.8115878202003183,0.8201204340011623,roc_auc,0.1937,26,0.000447,64,161.282,single_gpu,A100,2.758,0.773,aws,ci_pipeline,recsys_clickthrough_model,16
a83157a6-5696-497e-baf5-419ef41961c4,fraud_detection,transformer,lightgbm,1b49886,experiment/hyperparam,fraud_v4,456,2024-09-15T15:46:53.863753,2024-09-15T16:12:27.370147,failed,early_stopped,,,,roc_auc,,73,0.000713,64,29.02,single_gpu,T4,1.017,0.394,aws,user,fraud_detection_model,11
674beb22-e3da-4377-bc79-cd0369a64181,recsys_clickthrough,xgboost,pytorch,e8860ed,bugfix/data_issue,recsys_v3,789,2024-08-03T02:32:52.505729,2024-08-03T02:58:01.207958,success,,0.8335409491229372,0.8143031705964974,0.804725203960301,roc_auc,0.1376,7,0.01454,1024,2.535,single_gpu,T4,0.872,0.407,gcp,scheduled_job,recsys_clickthrough_model,5
a421030e-0ad0-4769-96f1-566192ec99cc,fraud_detection,lightgbm,sklearn,ad298e1,develop,fraud_v2,2024,2024-02-28T03:50:11.826790,2024-02-28T04:13:26.813628,success,,0.8946521809390535,0.8797847659174729,0.8827444671018269,roc_auc,0.1208,69,0.0015,1024,0.235,cpu,,1.56,0.0,gcp,scheduled_job,fraud_detection_model,10
66c8bad0-a133-4c58-b2e7-4e7c71e1784a,recsys_clickthrough,transformer,lightgbm,82fbc22,experiment/new_arch,recsys_v4,42,2024-09-20T16:00:25.278920,2024-09-20T16:18:02.902604,success,,0.8402936644314734,0.8382258764035437,0.8565389524887106,roc_auc,0.1834,31,0.000892,64,289.438,single_gpu,T4,0.501,0.247,on_prem,scheduled_job,recsys_clickthrough_model,15
2d08832c-4dea-4112-8c20-743d6401321e,fraud_detection,xgboost,lightgbm,28d4adc,experiment/hyperparam,fraud_v4,123,2024-05-04T20:59:54.953869,2024-05-04T21:18:12.707430,failed,oom,,,,roc_auc,,66,0.00895,1024,1.503,multi_gpu,T4,1.943,1.417,gcp,user,fraud_detection_model,9
b300397d-134a-419e-bdcb-cfce2072e27b,energy_forecasting,lightgbm,tensorflow,8b7027b,develop,energy_2,1337,2024-05-05T16:51:52.285634,2024-05-05T17:16:32.320353,failed,nan_loss,,,,rmse,,8,0.00222,1024,0.951,multi_gpu,T4,1.344,1.478,azure,scheduled_job,energy_forecasting_model,11
35305442-b969-4913-9d6e-3e7f1cc31d19,energy_forecasting,cnn,lightgbm,8bb397e,experiment/new_arch,energy_1,456,2024-02-08T01:19:40.432866,2024-02-08T01:47:52.329288,success,,0.20998489061974773,0.1945610898639251,0.2538936101743975,rmse,0.0391,56,0.00012,256,4.542,multi_gpu,V100,3.046,1.858,aws,ci_pipeline,energy_forecasting_model,10
6498a0ec-bfd1-46f1-8c5f-620d52eee377,rag_qa_service,transformer,pytorch,8df594f,bugfix/data_issue,rag_corpus_3,2024,2024-09-01T23:05:26.224895,2024-09-01T23:24:07.755967,success,,0.8889654034677692,0.8750324520861044,0.9026938808934705,f1,0.1061,25,2.2e-05,16,188.366,multi_gpu,A100,1.954,1.216,gcp,ci_pipeline,rag_qa_service_model,3
121bd2f4-949f-44fa-83e3-31c4f7c58e34,recsys_clickthrough,cnn,xgboost,957b0a6,develop,recsys_v2,2024,2024-08-12T11:03:02.613295,2024-08-12T11:17:53.074958,failed,oom,,,,roc_auc,,38,0.0013,128,19.181,single_gpu,A100,0.9,0.238,azure,scheduled_job,recsys_clickthrough_model,14
4874dda3-e73a-4f8f-82de-a10ff1d9c8fd,fraud_detection,tabnet,xgboost,502b3f9,main,fraud_v1,123,2024-09-20T06:56:39.393538,2024-09-20T07:44:28.189036,failed,data_error,,,,roc_auc,,34,0.00038,256,2.727,multi_gpu,T4,4.14,2.14,on_prem,scheduled_job,fraud_detection_model,18
78c530c5-9609-4bd3-8a68-20cb2ec596a8,fraud_detection,cnn,xgboost,c1801d3,experiment/hyperparam,fraud_v2,456,2024-05-27T08:24:48.995275,2024-05-27T08:42:03.428301,success,,0.8598456753827493,0.8494727345845426,0.8359156539080094,roc_auc,0.1439,24,0.00876,128,14.818,cpu,,0.991,0.0,gcp,ci_pipeline,fraud_detection_model,15
9be6397c-e6ef-4c69-b806-2b66c2ce54aa,fraud_detection,cnn,lightgbm,5697ea4,experiment/new_arch,fraud_v3,1337,2024-05-05T06:57:18.031635,2024-05-05T07:11:00.716798,success,,0.8231179589629314,0.8118482681621335,0.7916957572147657,roc_auc,0.1734,33,0.00469,128,12.7,single_gpu,V100,0.663,0.232,aws,ci_pipeline,fraud_detection_model,13
c1a50bd2-53a7-45f5-b8d9-a9da4fe9e56e,recsys_clickthrough,tabnet,sklearn,745ede8,bugfix/data_issue,recsys_v3,123,2024-09-08T17:35:10.807658,2024-09-08T18:08:19.576280,failed,early_stopped,,,,roc_auc,,61,0.00016,256,2.378,single_gpu,A100,1.347,0.638,azure,ci_pipeline,recsys_clickthrough_model,17
d5f667cf-49e0-4f03-b63e-a2f4afe6c73a,recsys_clickthrough,xgboost,lightgbm,a11a24e,experiment/new_arch,recsys_v3,2024,2024-04-17T23:39:33.882445,2024-04-18T01:49:36.791134,success,,0.9028439235504414,0.899408512753462,0.8992139094032952,roc_auc,0.0841,20,0.00824,2048,2.076,single_gpu,T4,4.372,2.229,gcp,scheduled_job,recsys_clickthrough_model,13
918c374f-ec2e-47a7-a13e-e113157bf806,energy_forecasting,transformer,pytorch,0b840d5,develop,energy_2,2024,2024-12-08T01:48:10.707048,2024-12-08T02:06:05.403764,success,,0.21341438487310238,0.169891581641283,0.17005855619269686,rmse,0.0366,25,0.000835,16,71.155,single_gpu,A100,0.577,0.3,azure,ci_pipeline,energy_forecasting_model,7
51186e28-50cf-460d-84b4-2a4a0ecf969c,rag_qa_service,lightgbm,tensorflow,ac042bd,main,rag_corpus_3,2024,2024-10-30T02:46:08.812982,2024-10-30T02:58:55.966893,success,,0.8420528089553033,0.8136196484940438,0.8501790022796295,f1,0.1113,75,0.00246,2048,2.515,single_gpu,V100,0.241,0.197,on_prem,user,rag_qa_service_model,1
85012b3d-43f4-4487-b770-5006bd78471e,energy_forecasting,transformer,xgboost,e1cae56,main,energy_5,1337,2024-02-01T17:46:23.090011,2024-02-01T18:13:54.229915,success,,0.1415867667645094,0.16266282407407306,0.1421296071203457,rmse,0.0071,32,0.000101,64,272.333,cpu,,1.296,0.0,gcp,scheduled_job,energy_forecasting_model,17
befc385f-c768-4847-9dc7-6ff169a82367,energy_forecasting,transformer,sklearn,39a6278,main,energy_2,789,2024-03-28T07:32:15.575996,2024-03-28T07:46:01.975476,failed,early_stopped,,,,rmse,,24,4.3e-05,16,193.917,single_gpu,T4,0.343,0.261,aws,user,energy_forecasting_model,7
e1dd1b25-f451-49b8-8aae-ba4af06dc2a5,fraud_detection,lightgbm,sklearn,19409f0,bugfix/data_issue,fraud_v5,2024,2024-01-26T15:15:52.682736,2024-01-26T15:47:00.928953,success,,0.9439079100998556,0.9109082188559909,0.8892880926702604,roc_auc,0.0819,23,0.04284,1024,0.817,multi_gpu,A100,1.093,2.966,on_prem,user,fraud_detection_model,4
c42424e4-0c7d-4b52-81cf-3b61470fd6f4,fraud_detection,tabnet,xgboost,02a368d,develop,fraud_v1,789,2024-12-16T01:43:28.903171,2024-12-16T02:32:34.858700,success,,0.8193390300553532,0.814556696628344,0.7964294635643078,roc_auc,0.1889,41,0.00015,256,2.027,single_gpu,V100,2.618,0.796,on_prem,ci_pipeline,fraud_detection_model,3
08a5af49-697d-4465-8c97-d9514bde5510,rag_qa_service,xgboost,sklearn,d3899ec,experiment/new_arch,rag_corpus_3,42,2024-04-27T04:28:50.552328,2024-04-27T04:45:49.480051,success,,0.8135945188571224,0.801653197337066,0.7694384046276261,f1,0.1741,29,0.00046,2048,1.058,cpu,,0.741,0.0,aws,user,rag_qa_service_model,1
97a566d4-cbcc-4bf0-a07f-4954ceda410c,recsys_clickthrough,cnn,tensorflow,96f1e76,main,recsys_v4,789,2024-05-06T13:33:04.965667,2024-05-06T14:05:41.466992,failed,infra_error,,,,roc_auc,,12,0.0001,64,19.773,single_gpu,V100,1.618,0.514,on_prem,ci_pipeline,recsys_clickthrough_model,7
21b68a9e-3cad-4c8b-92f3-efefe3382429,fraud_detection,transformer,sklearn,daf81ad,main,fraud_v3,2024,2024-10-02T14:10:40.145068,2024-10-02T14:22:26.997498,success,,0.8774420525443786,0.8634549245264751,0.8579045875389164,roc_auc,0.117,10,4.9e-05,16,201.732,cpu,,1.41,0.0,gcp,scheduled_job,fraud_detection_model,13
41e070bb-c366-4abb-a0c5-edef5f2d9dbb,rag_qa_service,xgboost,sklearn,5969d6a,develop,rag_corpus_2,123,2024-03-20T15:25:56.478290,2024-03-20T15:52:26.949962,success,,0.811804898921476,0.7968037706252673,0.8092927433314974,f1,0.2059,43,0.00039,512,0.508,multi_gpu,T4,3.315,2.101,aws,ci_pipeline,rag_qa_service_model,1
c62edf0c-03a7-4cb4-95b1-e57d9a83c98b,fraud_detection,tabnet,lightgbm,d1a8324,main,fraud_v4,456,2024-11-20T16:28:43.186962,2024-11-20T17:08:05.117498,success,,0.8925945878165701,0.8807654421803676,0.8529594585620807,roc_auc,0.1166,34,0.00049,256,7.857,multi_gpu,V100,2.345,2.606,azure,scheduled_job,fraud_detection_model,11
1644a88d-3015-4d3e-8e89-68368bfe9e95,fraud_detection,tabnet,lightgbm,28eed25,experiment/hyperparam,fraud_v3,456,2024-04-25T11:21:25.812986,2024-04-25T11:52:26.737522,failed,nan_loss,,,,roc_auc,,6,0.00047,512,7.896,cpu,,3.612,0.0,gcp,scheduled_job,fraud_detection_model,17
b925790e-d408-4255-8dd0-9cad98f5fb57,recsys_clickthrough,lightgbm,lightgbm,783b3ed,develop,recsys_v2,123,2024-07-13T03:20:54.062449,2024-07-13T03:30:49.876159,success,,0.7912961101046905,0.777559576048479,0.7723080628621666,roc_auc,0.2343,35,0.02341,1024,2.747,cpu,,1.04,0.0,azure,scheduled_job,recsys_clickthrough_model,12
2f487321-4cc1-4c43-8c16-1010849b9c87,energy_forecasting,transformer,lightgbm,e467b13,main,energy_2,42,2024-05-26T02:50:40.803976,2024-05-26T03:01:20.199011,success,,0.259686285059746,0.2746104936404993,0.26607249824781165,rmse,0.0563,24,0.00046,32,72.751,cpu,,1.153,0.0,on_prem,ci_pipeline,energy_forecasting_model,15
c7eebd89-c480-4cde-9235-40bf3893c57a,rag_qa_service,transformer,sklearn,15481c4,main,rag_corpus_3,789,2024-03-06T01:34:49.678946,2024-03-06T02:27:07.357231,success,,0.8477037077617221,0.8410214954794433,0.8028067130729611,f1,0.1585,51,0.000145,64,168.372,cpu,,6.017,0.0,azure,user,rag_qa_service_model,3
b808da86-bb30-4f49-aa34-9eb3009b5b66,rag_qa_service,tabnet,lightgbm,14ede18,develop,rag_corpus_4,2024,2024-09-30T03:28:44.123791,2024-09-30T03:45:41.736036,success,,0.7976756627041456,0.7936807290582852,0.8204128217181648,f1,0.1982,47,0.00032,512,3.671,single_gpu,V100,0.682,0.229,azure,scheduled_job,rag_qa_service_model,6
1d5df01f-a26a-4ec3-9eeb-7ad83c9612f3,rag_qa_service,tabnet,pytorch,6cefff7,main,rag_corpus_3,42,2024-03-13T10:01:27.384143,2024-03-13T10:22:05.952081,success,,0.7976860570884358,0.7913146133621718,0.7531280794592042,f1,0.1979,75,0.00365,512,9.919,single_gpu,A100,0.892,0.369,azure,scheduled_job,rag_qa_service_model,14
f54e198f-8177-468f-b3d0-6effaff54851,rag_qa_service,xgboost,sklearn,30196f2,develop,rag_corpus_2,1337,2024-05-17T09:19:39.247967,2024-05-17T09:57:46.946165,failed,nan_loss,,,,f1,,59,0.00146,2048,1.392,multi_gpu,V100,3.987,2.704,gcp,scheduled_job,rag_qa_service_model,17
a8130145-3f8f-4c57-9de4-e5df75098aab,recsys_clickthrough,tabnet,tensorflow,adf5a7f,bugfix/data_issue,recsys_v2,456,2024-01-11T17:20:22.401326,2024-01-11T18:38:39.710767,success,,0.795440272466631,0.784534433231816,0.7995872039214008,roc_auc,0.1924,72,0.00028,256,6.736,cpu,,2.805,0.0,on_prem,user,recsys_clickthrough_model,3
fca3d98b-680e-44e0-8afd-fa3136c85568,recsys_clickthrough,transformer,tensorflow,dcf3da8,develop,recsys_v4,789,2024-01-13T09:11:34.888489,2024-01-13T10:14:53.652612,success,,0.7897222939821754,0.7554329466014064,0.7529056266402836,roc_auc,0.2147,76,0.000153,64,158.587,multi_gpu,T4,8.098,6.844,on_prem,scheduled_job,recsys_clickthrough_model,4
448da015-56a0-494d-814f-efd63adc6a1e,energy_forecasting,lightgbm,xgboost,f49694d,experiment/new_arch,energy_3,789,2024-02-17T14:34:19.796564,2024-02-17T14:57:22.465474,success,,0.14273784404778267,0.1515559353488306,0.1765514661409126,rmse,0.0037,56,0.00128,512,0.475,single_gpu,T4,1.372,0.393,aws,ci_pipeline,energy_forecasting_model,3
6de33305-baf9-4d8a-b84a-809315cc32f3,rag_qa_service,lightgbm,tensorflow,49cb525,main,rag_corpus_4,2024,2024-03-18T16:38:28.309964,2024-03-18T16:51:57.594986,success,,0.8187623275990167,0.8043857713099342,0.796869670316535,f1,0.1432,68,0.00181,2048,1.436,single_gpu,T4,0.395,0.214,on_prem,ci_pipeline,rag_qa_service_model,16
dfc727ae-591e-4097-8874-aa2f7eb4f85a,fraud_detection,xgboost,sklearn,108f2b4,experiment/hyperparam,fraud_v4,789,2024-12-13T11:51:34.979097,2024-12-13T12:20:18.385739,success,,0.8870063700582094,0.8798587834612831,0.8687147720169139,roc_auc,0.1401,39,0.01572,2048,1.789,single_gpu,T4,1.273,0.548,azure,user,fraud_detection_model,10
dd8b4b78-bbf1-4049-a5a7-9ec1da93c084,recsys_clickthrough,lightgbm,tensorflow,bccee33,develop,recsys_v5,789,2024-09-17T05:22:12.550047,2024-09-17T05:58:48.343869,failed,oom,,,,roc_auc,,29,0.0011,2048,2.428,multi_gpu,A100,2.682,1.911,on_prem,user,recsys_clickthrough_model,14
7d7ff33e-fcb2-4aa4-8548-890d0cc50b35,energy_forecasting,transformer,tensorflow,af7d58e,main,energy_5,789,2024-12-16T07:43:27.948107,2024-12-16T08:11:04.655814,success,,0.1998358945952388,0.23958862168220693,0.18767849415187274,rmse,0.046,76,0.000107,64,37.885,single_gpu,T4,0.952,0.479,aws,user,energy_forecasting_model,4
72937917-1f57-4c2a-8188-bdec5ccece09,rag_qa_service,xgboost,sklearn,464b119,bugfix/data_issue,rag_corpus_2,42,2024-10-03T18:15:25.083018,2024-10-03T18:47:22.643090,failed,infra_error,,,,f1,,41,0.04228,2048,0.521,multi_gpu,V100,1.16,4.049,azure,user,rag_qa_service_model,17
5929e022-fb80-4617-907f-5e743288d2fc,energy_forecasting,lightgbm,pytorch,7b74af7,main,energy_1,789,2024-07-23T12:22:52.151776,2024-07-23T14:52:57.491849,success,,0.3107864634855561,0.3190312477958608,0.3207394105395893,rmse,0.103,25,0.0283,512,1.013,cpu,,10.94,0.0,gcp,scheduled_job,energy_forecasting_model,4
1428554b-5475-4b09-81a2-b98bb144b65e,recsys_clickthrough,xgboost,xgboost,d8227f0,experiment/new_arch,recsys_v4,789,2024-09-22T17:23:34.021837,2024-09-22T17:45:12.894132,success,,0.7978178734375236,0.8025978959905655,0.7567720398528842,roc_auc,0.18,29,0.00173,2048,0.162,single_gpu,A100,1.383,0.313,on_prem,ci_pipeline,recsys_clickthrough_model,7
3dd426cc-7e87-41fe-856b-5429b64f4784,energy_forecasting,transformer,sklearn,66d8fc0,main,energy_2,2024,2024-12-28T10:53:30.177784,2024-12-28T11:06:24.624666,success,,0.2299752252066325,0.24683561477103058,0.23980350496516054,rmse,0.068,34,1.3e-05,16,282.983,multi_gpu,T4,0.671,0.686,aws,scheduled_job,energy_forecasting_model,17
26b0a06c-e95f-4510-9eee-e4d134045f65,fraud_detection,tabnet,xgboost,c6bccf3,main,fraud_v4,2024,2024-01-13T19:40:36.416284,2024-01-13T19:58:46.688026,failed,data_error,,,,roc_auc,,65,0.00029,512,4.519,single_gpu,V100,0.809,0.35,azure,ci_pipeline,fraud_detection_model,15
c86c3f5e-62f0-4a9c-83d5-2a3acff55fef,rag_qa_service,lightgbm,xgboost,6074dc6,experiment/new_arch,rag_corpus_2,789,2024-06-20T21:00:20.981893,2024-06-20T21:20:31.163107,failed,nan_loss,,,,f1,,68,0.00529,2048,2.265,single_gpu,A100,0.447,0.326,azure,ci_pipeline,rag_qa_service_model,4
cfeeedfd-33e8-4d52-891d-35999ffb88f0,rag_qa_service,tabnet,tensorflow,790e04c,develop,rag_corpus_1,123,2024-06-08T16:10:42.808683,2024-06-08T16:36:53.084866,success,,0.8172701002595075,0.7962742556162309,0.7400618422537395,f1,0.1602,19,0.00011,256,0.819,single_gpu,V100,1.068,0.401,gcp,ci_pipeline,rag_qa_service_model,13
