incident_id,project,environment,detected_at,resolved_at,detection_method,severity,root_cause_category,primary_symptom,sla_breached,impact_duration_minutes,impacted_requests,deployment_id,rollback_performed,retrain_triggered
INC-e09bddc2,energy_forecasting,prod,2024-01-02T06:00:00,2024-01-02T09:59:00,dashboard,SEV2,external_dependency,latency_spike,True,239,118,7f1f63c1-8fd3-480f-a593-c9f010f18514,False,False
INC-986b5265,energy_forecasting,prod,2024-01-02T08:00:00,2024-01-02T10:21:00,user_report,SEV2,infra_outage,latency_spike,True,141,46,7f1f63c1-8fd3-480f-a593-c9f010f18514,True,True
INC-b11e279d,energy_forecasting,prod,2024-01-02T18:00:00,2024-01-02T21:01:00,user_report,SEV3,external_dependency,latency_spike,True,181,404,7f1f63c1-8fd3-480f-a593-c9f010f18514,False,False
INC-26234363,fraud_detection,staging,2024-01-02T22:00:00,2024-01-02T22:32:00,alerting,SEV2,infra_outage,latency_spike,True,32,15,5b0dd5cd-8b8c-447d-8acd-091060a12735,True,False
INC-a0e2122f,energy_forecasting,prod,2024-01-02T21:00:00,2024-01-02T23:44:00,alerting,SEV2,infra_outage,latency_spike,True,164,125,7f1f63c1-8fd3-480f-a593-c9f010f18514,True,False
INC-8f22c2a1,energy_forecasting,prod,2024-01-03T08:00:00,2024-01-03T13:55:00,user_report,SEV2,external_dependency,latency_spike,True,355,113,7f1f63c1-8fd3-480f-a593-c9f010f18514,True,True
INC-458ec550,energy_forecasting,prod,2024-01-03T19:00:00,2024-01-03T22:24:00,alerting,SEV2,external_dependency,latency_spike,True,204,155,7f1f63c1-8fd3-480f-a593-c9f010f18514,False,False
INC-cf59533a,energy_forecasting,prod,2024-01-04T20:00:00,2024-01-05T01:05:00,dashboard,SEV2,external_dependency,latency_spike,True,305,431,7f1f63c1-8fd3-480f-a593-c9f010f18514,False,False
INC-c0cd7a64,energy_forecasting,dev,2024-01-06T08:00:00,2024-01-06T10:33:00,user_report,SEV3,external_dependency,latency_spike,True,153,6,d569f6f8-ea6f-420b-9bfd-65e04139617a,False,True
INC-3c21c113,energy_forecasting,dev,2024-01-06T19:00:00,2024-01-06T21:39:00,alerting,SEV2,external_dependency,latency_spike,True,159,5,d569f6f8-ea6f-420b-9bfd-65e04139617a,True,True
INC-811bc5e8,energy_forecasting,dev,2024-01-06T22:00:00,2024-01-06T23:30:00,user_report,SEV1,external_dependency,latency_spike,True,90,3,d569f6f8-ea6f-420b-9bfd-65e04139617a,False,False
INC-5f5d31a1,fraud_detection,dev,2024-01-06T23:00:00,2024-01-07T02:36:00,alerting,SEV1,external_dependency,latency_spike,True,216,3,b3e1e93a-d123-4125-96e5-25a857103484,False,False
INC-f74ada81,energy_forecasting,dev,2024-01-07T07:00:00,2024-01-07T08:29:00,dashboard,SEV1,external_dependency,latency_spike,True,89,6,d569f6f8-ea6f-420b-9bfd-65e04139617a,False,True
INC-6c0cce35,fraud_detection,dev,2024-01-07T08:00:00,2024-01-07T11:30:00,user_report,SEV1,infra_outage,latency_spike,True,210,8,b3e1e93a-d123-4125-96e5-25a857103484,True,False
INC-3be9c48e,energy_forecasting,dev,2024-01-07T11:00:00,2024-01-07T13:57:00,user_report,SEV1,external_dependency,latency_spike,True,177,7,d569f6f8-ea6f-420b-9bfd-65e04139617a,False,True
INC-2800d7b9,fraud_detection,dev,2024-01-07T11:00:00,2024-01-07T14:41:00,dashboard,SEV3,external_dependency,latency_spike,True,221,2,b3e1e93a-d123-4125-96e5-25a857103484,True,True
INC-bfd6d2fa,fraud_detection,dev,2024-01-07T13:00:00,2024-01-07T16:57:00,alerting,SEV1,external_dependency,latency_spike,True,237,5,b3e1e93a-d123-4125-96e5-25a857103484,False,False
INC-ec8e2914,fraud_detection,dev,2024-01-07T20:00:00,2024-01-07T22:56:00,dashboard,SEV3,infra_outage,latency_spike,True,176,4,b3e1e93a-d123-4125-96e5-25a857103484,False,True
INC-cefcbeef,energy_forecasting,dev,2024-01-07T19:00:00,2024-01-07T23:21:00,alerting,SEV3,external_dependency,latency_spike,True,261,9,d569f6f8-ea6f-420b-9bfd-65e04139617a,True,False
INC-9f529dce,fraud_detection,dev,2024-01-07T22:00:00,2024-01-07T23:18:00,dashboard,SEV2,infra_outage,latency_spike,True,78,5,b3e1e93a-d123-4125-96e5-25a857103484,True,False
INC-0e5b4ac9,fraud_detection,dev,2024-01-08T06:00:00,2024-01-08T10:43:00,alerting,SEV2,model_bug,error_spike,True,283,71,b3e1e93a-d123-4125-96e5-25a857103484,False,False
INC-750dba4f,fraud_detection,dev,2024-01-08T11:00:00,2024-01-08T15:14:00,dashboard,SEV1,infra_outage,latency_spike,True,254,13,b3e1e93a-d123-4125-96e5-25a857103484,True,True
INC-30c00732,fraud_detection,dev,2024-01-08T13:00:00,2024-01-08T14:04:00,user_report,SEV3,external_dependency,latency_spike,True,64,7,151c1b4f-2108-4667-982d-5da1832c36d6,False,True
INC-21a4d1d8,fraud_detection,dev,2024-01-08T15:00:00,2024-01-08T16:23:00,alerting,SEV2,external_dependency,latency_spike,True,83,4,b3e1e93a-d123-4125-96e5-25a857103484,True,False
INC-b1e8d57d,energy_forecasting,dev,2024-01-08T17:00:00,2024-01-08T20:16:00,alerting,SEV2,external_dependency,latency_spike,True,196,11,d569f6f8-ea6f-420b-9bfd-65e04139617a,False,False
INC-2f5477ac,fraud_detection,dev,2024-01-08T18:00:00,2024-01-08T23:48:00,alerting,SEV3,infra_outage,latency_spike,True,348,75,151c1b4f-2108-4667-982d-5da1832c36d6,False,False
INC-5e4d19f9,energy_forecasting,dev,2024-01-08T21:00:00,2024-01-09T01:40:00,alerting,SEV2,external_dependency,latency_spike,True,280,11,d569f6f8-ea6f-420b-9bfd-65e04139617a,False,True
INC-f4b31262,fraud_detection,dev,2024-01-09T06:00:00,2024-01-09T07:54:00,alerting,SEV2,infra_outage,latency_spike,True,114,11,b3e1e93a-d123-4125-96e5-25a857103484,True,False
INC-27c12142,fraud_detection,dev,2024-01-09T08:00:00,2024-01-09T12:03:00,dashboard,SEV2,infra_outage,latency_spike,True,243,46,b3e1e93a-d123-4125-96e5-25a857103484,False,False
INC-b4f2e7c5,energy_forecasting,dev,2024-01-09T07:00:00,2024-01-09T13:24:00,alerting,SEV3,external_dependency,latency_spike,True,384,25,d569f6f8-ea6f-420b-9bfd-65e04139617a,False,False
INC-8e502310,fraud_detection,dev,2024-01-09T12:00:00,2024-01-09T13:18:00,user_report,SEV3,external_dependency,latency_spike,True,78,13,f0318c69-d2ff-4bba-a6a6-104f210d5209,True,False
INC-5ab1fe35,fraud_detection,dev,2024-01-09T14:00:00,2024-01-09T15:55:00,alerting,SEV2,infra_outage,latency_spike,True,115,1,f0318c69-d2ff-4bba-a6a6-104f210d5209,False,False
INC-a0ebec20,fraud_detection,dev,2024-01-09T15:00:00,2024-01-09T18:01:00,alerting,SEV1,infra_outage,latency_spike,True,181,5,f0318c69-d2ff-4bba-a6a6-104f210d5209,False,True
INC-8e638f3e,fraud_detection,dev,2024-01-09T16:00:00,2024-01-09T17:58:00,user_report,SEV2,infra_outage,latency_spike,True,118,4,f0318c69-d2ff-4bba-a6a6-104f210d5209,False,True
INC-7320caa5,fraud_detection,dev,2024-01-09T18:00:00,2024-01-10T01:01:00,alerting,SEV2,infra_outage,latency_spike,True,421,92,b3e1e93a-d123-4125-96e5-25a857103484,False,False
INC-81375b0a,fraud_detection,dev,2024-01-09T23:00:00,2024-01-10T02:15:00,dashboard,SEV2,infra_outage,latency_spike,True,195,4,b3e1e93a-d123-4125-96e5-25a857103484,True,False
INC-a978e1e5,fraud_detection,dev,2024-01-10T05:00:00,2024-01-10T05:48:00,dashboard,SEV2,external_dependency,latency_spike,True,48,2,b3e1e93a-d123-4125-96e5-25a857103484,False,False
INC-9609516f,fraud_detection,dev,2024-01-10T06:00:00,2024-01-10T09:23:00,user_report,SEV1,external_dependency,latency_spike,True,203,4,f0318c69-d2ff-4bba-a6a6-104f210d5209,False,True
INC-10d468f8,fraud_detection,dev,2024-01-10T08:00:00,2024-01-10T14:20:00,user_report,SEV2,infra_outage,latency_spike,True,380,62,b3e1e93a-d123-4125-96e5-25a857103484,True,False
INC-db3e9438,fraud_detection,dev,2024-01-10T12:00:00,2024-01-10T12:19:00,dashboard,SEV3,external_dependency,latency_spike,True,19,13,151c1b4f-2108-4667-982d-5da1832c36d6,True,True
INC-bc83a05f,fraud_detection,dev,2024-01-10T13:00:00,2024-01-10T13:37:00,alerting,SEV2,infra_outage,latency_spike,True,37,4,b3e1e93a-d123-4125-96e5-25a857103484,True,False
INC-646ce898,fraud_detection,dev,2024-01-10T14:00:00,2024-01-10T15:35:00,alerting,SEV2,external_dependency,latency_spike,True,95,8,f0318c69-d2ff-4bba-a6a6-104f210d5209,False,False
INC-8dc54762,fraud_detection,dev,2024-01-10T16:00:00,2024-01-10T20:26:00,user_report,SEV2,external_dependency,latency_spike,True,266,16,b3e1e93a-d123-4125-96e5-25a857103484,True,False
INC-0e7b0597,fraud_detection,dev,2024-01-10T19:00:00,2024-01-11T01:00:00,alerting,SEV2,external_dependency,latency_spike,True,360,36,f0318c69-d2ff-4bba-a6a6-104f210d5209,True,False
INC-0050c0d3,fraud_detection,dev,2024-01-11T06:00:00,2024-01-11T15:11:00,dashboard,SEV3,external_dependency,latency_spike,True,551,50,b3e1e93a-d123-4125-96e5-25a857103484,False,True
INC-37272bd4,fraud_detection,dev,2024-01-11T13:00:00,2024-01-11T14:58:00,dashboard,SEV3,infra_outage,latency_spike,True,118,5,b3e1e93a-d123-4125-96e5-25a857103484,False,False
INC-d97104b4,fraud_detection,dev,2024-01-11T15:00:00,2024-01-11T19:35:00,user_report,SEV1,external_dependency,latency_spike,True,275,7,b3e1e93a-d123-4125-96e5-25a857103484,True,False
INC-d2f24c35,fraud_detection,dev,2024-01-11T17:00:00,2024-01-11T18:02:00,user_report,SEV1,external_dependency,latency_spike,True,62,3,b3e1e93a-d123-4125-96e5-25a857103484,True,True
INC-ce71725a,fraud_detection,dev,2024-01-11T18:00:00,2024-01-12T01:10:00,dashboard,SEV3,external_dependency,latency_spike,True,430,54,f0318c69-d2ff-4bba-a6a6-104f210d5209,True,True
INC-64385be3,fraud_detection,dev,2024-01-12T06:00:00,2024-01-12T06:51:00,user_report,SEV1,external_dependency,latency_spike,True,51,7,b3e1e93a-d123-4125-96e5-25a857103484,False,False
INC-ebc64351,fraud_detection,dev,2024-01-12T07:00:00,2024-01-12T15:27:00,alerting,SEV3,infra_outage,latency_spike,True,507,47,b3e1e93a-d123-4125-96e5-25a857103484,True,False
INC-5c1afc90,fraud_detection,dev,2024-01-12T15:00:00,2024-01-12T17:16:00,alerting,SEV2,infra_outage,latency_spike,True,136,20,b3e1e93a-d123-4125-96e5-25a857103484,False,True
INC-ed185ecd,fraud_detection,dev,2024-01-12T17:00:00,2024-01-12T22:28:00,alerting,SEV2,infra_outage,latency_spike,True,328,54,b3e1e93a-d123-4125-96e5-25a857103484,True,True
INC-3e0a1229,fraud_detection,dev,2024-01-13T07:00:00,2024-01-13T12:40:00,dashboard,SEV2,infra_outage,latency_spike,True,340,47,b3e1e93a-d123-4125-96e5-25a857103484,True,True
INC-96940442,recsys_clickthrough,dev,2024-01-13T07:00:00,2024-01-13T14:23:00,user_report,SEV3,infra_outage,latency_spike,True,443,53,42235c0c-9002-4786-b012-1278a2a51de6,True,False
INC-c896df1a,recsys_clickthrough,dev,2024-01-13T15:00:00,2024-01-13T16:41:00,alerting,SEV2,infra_outage,latency_spike,True,101,16,42235c0c-9002-4786-b012-1278a2a51de6,False,False
INC-cfe14cbb,recsys_clickthrough,dev,2024-01-13T17:00:00,2024-01-13T19:06:00,user_report,SEV2,infra_outage,latency_spike,True,126,6,42235c0c-9002-4786-b012-1278a2a51de6,False,True
INC-e0e89692,fraud_detection,dev,2024-01-13T16:00:00,2024-01-13T19:01:00,dashboard,SEV1,external_dependency,latency_spike,True,181,7,f0318c69-d2ff-4bba-a6a6-104f210d5209,True,False
INC-ddeba42b,recsys_clickthrough,dev,2024-01-13T20:00:00,2024-01-14T02:54:00,dashboard,SEV1,infra_outage,latency_spike,True,414,62,42235c0c-9002-4786-b012-1278a2a51de6,False,False
INC-d08d222c,fraud_detection,dev,2024-01-13T18:00:00,2024-01-14T01:29:00,user_report,SEV2,infra_outage,latency_spike,True,449,51,f0318c69-d2ff-4bba-a6a6-104f210d5209,True,True
INC-349bdfd6,fraud_detection,dev,2024-01-14T02:00:00,2024-01-14T03:27:00,user_report,SEV1,external_dependency,latency_spike,True,87,2,f0318c69-d2ff-4bba-a6a6-104f210d5209,False,False
INC-08df8190,fraud_detection,dev,2024-01-14T06:00:00,2024-01-14T08:37:00,dashboard,SEV3,external_dependency,latency_spike,True,157,6,f0318c69-d2ff-4bba-a6a6-104f210d5209,True,True
INC-9dd302c8,recsys_clickthrough,dev,2024-01-14T06:00:00,2024-01-14T12:20:00,alerting,SEV2,infra_outage,latency_spike,True,380,77,6a36acaf-bbca-4730-9a2d-caf83b1f4aca,False,True
INC-08e7a875,fraud_detection,dev,2024-01-14T09:00:00,2024-01-14T11:43:00,user_report,SEV2,external_dependency,latency_spike,True,163,14,f0318c69-d2ff-4bba-a6a6-104f210d5209,False,False
INC-e18cffa7,recsys_clickthrough,dev,2024-01-14T10:00:00,2024-01-14T14:00:00,user_report,SEV1,external_dependency,latency_spike,True,240,73,6a36acaf-bbca-4730-9a2d-caf83b1f4aca,False,False
INC-bb4caf2b,fraud_detection,dev,2024-01-14T11:00:00,2024-01-14T15:14:00,dashboard,SEV1,external_dependency,latency_spike,True,254,28,f0318c69-d2ff-4bba-a6a6-104f210d5209,True,True
INC-f1070e7d,recsys_clickthrough,dev,2024-01-14T15:00:00,2024-01-14T15:33:00,user_report,SEV2,infra_outage,latency_spike,True,33,14,6a36acaf-bbca-4730-9a2d-caf83b1f4aca,False,False
INC-c796f8e1,recsys_clickthrough,dev,2024-01-14T16:00:00,2024-01-15T01:22:00,user_report,SEV2,external_dependency,latency_spike,True,562,139,42235c0c-9002-4786-b012-1278a2a51de6,True,True
INC-34b7ee8c,fraud_detection,dev,2024-01-14T15:00:00,2024-01-15T03:00:00,alerting,SEV3,infra_outage,latency_spike,True,720,77,f0318c69-d2ff-4bba-a6a6-104f210d5209,True,False
INC-a8b4ca45,fraud_detection,dev,2024-01-15T01:00:00,2024-01-15T01:28:00,alerting,SEV2,infra_outage,latency_spike,True,28,3,b3e1e93a-d123-4125-96e5-25a857103484,True,False
INC-2bdfa44b,recsys_clickthrough,dev,2024-01-15T04:00:00,2024-01-15T05:41:00,alerting,SEV3,config_error,error_spike,True,101,1,42235c0c-9002-4786-b012-1278a2a51de6,False,True
INC-384f5ab1,recsys_clickthrough,dev,2024-01-15T06:00:00,2024-01-15T06:29:00,dashboard,SEV1,infra_outage,latency_spike,True,29,8,42235c0c-9002-4786-b012-1278a2a51de6,False,False
INC-e7762271,fraud_detection,dev,2024-01-15T06:00:00,2024-01-15T06:21:00,dashboard,SEV2,external_dependency,latency_spike,True,21,7,b3e1e93a-d123-4125-96e5-25a857103484,True,False
INC-310248b6,recsys_clickthrough,dev,2024-01-15T07:00:00,2024-01-15T09:27:00,dashboard,SEV3,external_dependency,latency_spike,True,147,23,6a36acaf-bbca-4730-9a2d-caf83b1f4aca,False,False
INC-bea33867,recsys_clickthrough,dev,2024-01-15T09:00:00,2024-01-15T13:20:00,dashboard,SEV1,infra_outage,latency_spike,True,260,108,6a36acaf-bbca-4730-9a2d-caf83b1f4aca,True,False
INC-b6c3821a,fraud_detection,dev,2024-01-15T08:00:00,2024-01-15T17:17:00,dashboard,SEV2,infra_outage,latency_spike,True,557,66,b3e1e93a-d123-4125-96e5-25a857103484,False,False
INC-405eacb3,fraud_detection,dev,2024-01-15T18:00:00,2024-01-16T00:47:00,user_report,SEV3,external_dependency,latency_spike,True,407,57,f0318c69-d2ff-4bba-a6a6-104f210d5209,False,False
INC-066faf9e,recsys_clickthrough,dev,2024-01-15T15:00:00,2024-01-16T03:59:00,alerting,SEV1,infra_outage,latency_spike,True,779,197,42235c0c-9002-4786-b012-1278a2a51de6,True,False
INC-ab447f0b,recsys_clickthrough,dev,2024-01-16T01:00:00,2024-01-16T04:35:00,user_report,SEV3,infra_outage,latency_spike,True,215,17,6a36acaf-bbca-4730-9a2d-caf83b1f4aca,True,False
INC-6aa2f847,recsys_clickthrough,dev,2024-01-16T04:00:00,2024-01-16T07:28:00,user_report,SEV3,external_dependency,latency_spike,True,208,15,42235c0c-9002-4786-b012-1278a2a51de6,False,False
INC-5b0454e5,fraud_detection,dev,2024-01-16T07:00:00,2024-01-16T14:15:00,dashboard,SEV3,external_dependency,latency_spike,True,435,36,b3e1e93a-d123-4125-96e5-25a857103484,True,False
INC-46cd0152,fraud_detection,dev,2024-01-16T12:00:00,2024-01-16T14:09:00,dashboard,SEV2,external_dependency,latency_spike,True,129,15,b3e1e93a-d123-4125-96e5-25a857103484,True,False
INC-261afba7,fraud_detection,dev,2024-01-16T14:00:00,2024-01-16T19:55:00,alerting,SEV3,infra_outage,latency_spike,True,355,18,b3e1e93a-d123-4125-96e5-25a857103484,False,False
INC-82ac3b85,fraud_detection,dev,2024-01-16T18:00:00,2024-01-16T22:32:00,dashboard,SEV2,infra_outage,latency_spike,True,272,60,b3e1e93a-d123-4125-96e5-25a857103484,False,True
INC-10e9dd5f,fraud_detection,dev,2024-01-17T00:00:00,2024-01-17T00:19:00,user_report,SEV2,data_drift,metric_degradation,True,19,3,b3e1e93a-d123-4125-96e5-25a857103484,False,True
INC-b5325b5b,fraud_detection,dev,2024-01-17T01:00:00,2024-01-17T02:03:00,user_report,SEV1,data_drift,metric_degradation,True,63,2,b3e1e93a-d123-4125-96e5-25a857103484,False,False
INC-2dcb68c0,fraud_detection,dev,2024-01-17T03:00:00,2024-01-17T06:49:00,alerting,SEV3,data_pipeline_failure,metric_degradation,True,229,3,b3e1e93a-d123-4125-96e5-25a857103484,False,False
INC-c4640270,fraud_detection,dev,2024-01-17T05:00:00,2024-01-17T14:25:00,user_report,SEV2,data_pipeline_failure,metric_degradation,True,565,104,b3e1e93a-d123-4125-96e5-25a857103484,True,False
INC-2036b57f,fraud_detection,dev,2024-01-17T15:00:00,2024-01-17T23:02:00,dashboard,SEV1,infra_outage,latency_spike,True,482,109,f0318c69-d2ff-4bba-a6a6-104f210d5209,False,False
INC-212d538c,fraud_detection,dev,2024-01-17T23:00:00,2024-01-18T01:42:00,dashboard,SEV3,infra_outage,latency_spike,True,162,4,b3e1e93a-d123-4125-96e5-25a857103484,True,True
INC-106b40a1,fraud_detection,dev,2024-01-18T06:00:00,2024-01-18T17:03:00,alerting,SEV3,infra_outage,latency_spike,True,663,92,b3e1e93a-d123-4125-96e5-25a857103484,False,False
INC-f2c25910,fraud_detection,dev,2024-01-18T15:00:00,2024-01-19T03:22:00,dashboard,SEV1,infra_outage,latency_spike,True,742,191,b3e1e93a-d123-4125-96e5-25a857103484,False,True
INC-547872b8,fraud_detection,dev,2024-01-19T02:00:00,2024-01-19T06:15:00,dashboard,SEV2,external_dependency,latency_spike,True,255,12,b3e1e93a-d123-4125-96e5-25a857103484,False,False
INC-6053d200,rag_qa_service,staging,2024-01-23T11:00:00,2024-01-23T14:35:00,user_report,SEV2,infra_outage,latency_spike,True,215,0,62f78b5a-8b3f-4bd6-968f-52ef7c5f2379,False,False
INC-42d5b03d,fraud_detection,staging,2024-01-28T02:00:00,2024-01-28T07:14:00,dashboard,SEV3,data_pipeline_failure,metric_degradation,True,314,39,43f37ef1-aaae-4ec5-b621-f4707e6dd0ca,True,False
INC-90847867,rag_qa_service,dev,2024-01-28T10:00:00,2024-01-28T15:25:00,alerting,SEV3,external_dependency,latency_spike,True,325,14,1c64b28a-be7b-4e15-a159-788a2065ca3f,False,False
INC-91bdc0e4,rag_qa_service,dev,2024-01-28T17:00:00,2024-01-29T00:56:00,dashboard,SEV2,external_dependency,latency_spike,True,476,18,1c64b28a-be7b-4e15-a159-788a2065ca3f,True,True
INC-ce715720,rag_qa_service,dev,2024-01-29T08:00:00,2024-01-29T12:08:00,user_report,SEV2,infra_outage,latency_spike,True,248,8,1c64b28a-be7b-4e15-a159-788a2065ca3f,False,False
INC-6ed5e187,rag_qa_service,dev,2024-01-29T14:00:00,2024-01-29T18:06:00,dashboard,SEV2,infra_outage,latency_spike,True,246,3,1c64b28a-be7b-4e15-a159-788a2065ca3f,True,False
INC-b46bce48,rag_qa_service,dev,2024-01-29T18:00:00,2024-01-30T01:43:00,alerting,SEV2,external_dependency,latency_spike,True,463,20,1c64b28a-be7b-4e15-a159-788a2065ca3f,False,False
INC-adcc8161,rag_qa_service,dev,2024-01-30T10:00:00,2024-01-30T14:24:00,user_report,SEV3,external_dependency,latency_spike,True,264,13,1c64b28a-be7b-4e15-a159-788a2065ca3f,False,True
INC-ab61512d,rag_qa_service,dev,2024-01-30T18:00:00,2024-01-30T22:23:00,dashboard,SEV3,infra_outage,latency_spike,True,263,9,1c64b28a-be7b-4e15-a159-788a2065ca3f,True,False
INC-68c23f03,rag_qa_service,dev,2024-01-31T07:00:00,2024-01-31T14:31:00,user_report,SEV3,infra_outage,latency_spike,True,451,14,1c64b28a-be7b-4e15-a159-788a2065ca3f,True,False
INC-f69ffb66,rag_qa_service,dev,2024-01-31T15:00:00,2024-02-01T02:16:00,alerting,SEV1,infra_outage,latency_spike,True,676,25,1c64b28a-be7b-4e15-a159-788a2065ca3f,True,False
INC-a158778e,rag_qa_service,dev,2024-02-01T06:00:00,2024-02-01T17:54:00,dashboard,SEV2,external_dependency,latency_spike,True,714,22,1c64b28a-be7b-4e15-a159-788a2065ca3f,True,False
INC-0035611f,rag_qa_service,dev,2024-02-01T19:00:00,2024-02-01T22:43:00,alerting,SEV2,external_dependency,latency_spike,True,223,14,1c64b28a-be7b-4e15-a159-788a2065ca3f,True,False
INC-ab3a8396,rag_qa_service,staging,2024-01-25T18:00:00,2024-01-27T04:33:00,user_report,SEV1,data_drift,metric_degradation,True,2073,1626,62f78b5a-8b3f-4bd6-968f-52ef7c5f2379,True,False
INC-e73c4f3c,rag_qa_service,staging,2024-02-02T19:00:00,2024-02-02T23:31:00,user_report,SEV3,external_dependency,latency_spike,True,271,110,762ded9a-f6f2-4ed5-8b91-d142b16807a8,False,False
INC-b275dcf9,rag_qa_service,dev,2024-02-02T10:00:00,2024-02-03T02:32:00,dashboard,SEV3,infra_outage,latency_spike,True,992,35,1c64b28a-be7b-4e15-a159-788a2065ca3f,True,True
INC-a1359bdb,rag_qa_service,staging,2024-02-03T10:00:00,2024-02-03T12:20:00,alerting,SEV2,infra_outage,latency_spike,True,140,33,762ded9a-f6f2-4ed5-8b91-d142b16807a8,True,False
INC-5b355873,rag_qa_service,dev,2024-02-03T06:00:00,2024-02-03T17:06:00,alerting,SEV2,infra_outage,latency_spike,True,666,29,1c64b28a-be7b-4e15-a159-788a2065ca3f,True,True
INC-7615008b,rag_qa_service,staging,2024-02-03T18:00:00,2024-02-03T20:08:00,user_report,SEV3,infra_outage,latency_spike,True,128,31,22227703-a247-49dc-99a0-91242039e9a8,True,False
INC-fe3434d4,rag_qa_service,staging,2024-02-03T19:00:00,2024-02-03T21:04:00,dashboard,SEV3,external_dependency,latency_spike,True,124,112,22227703-a247-49dc-99a0-91242039e9a8,True,False
INC-fbfbb1cb,rag_qa_service,staging,2024-02-03T21:00:00,2024-02-04T02:43:00,alerting,SEV2,infra_outage,latency_spike,True,343,79,762ded9a-f6f2-4ed5-8b91-d142b16807a8,True,True
INC-23140d61,rag_qa_service,dev,2024-02-03T16:00:00,2024-02-04T02:20:00,alerting,SEV1,infra_outage,latency_spike,True,620,20,1c64b28a-be7b-4e15-a159-788a2065ca3f,False,False
INC-dc822bcb,rag_qa_service,staging,2024-02-04T06:00:00,2024-02-04T07:17:00,alerting,SEV3,infra_outage,latency_spike,True,77,35,762ded9a-f6f2-4ed5-8b91-d142b16807a8,True,False
INC-f28c1804,rag_qa_service,staging,2024-02-04T07:00:00,2024-02-04T10:50:00,user_report,SEV3,external_dependency,latency_spike,True,230,40,22227703-a247-49dc-99a0-91242039e9a8,False,False
INC-dacd60ad,rag_qa_service,staging,2024-02-04T09:00:00,2024-02-04T11:13:00,user_report,SEV2,external_dependency,latency_spike,True,133,95,22227703-a247-49dc-99a0-91242039e9a8,False,False
INC-e4d3575d,rag_qa_service,dev,2024-02-04T06:00:00,2024-02-04T12:28:00,user_report,SEV3,external_dependency,latency_spike,True,388,18,1c64b28a-be7b-4e15-a159-788a2065ca3f,True,False
INC-85ac7bfb,rag_qa_service,staging,2024-02-04T18:00:00,2024-02-04T19:48:00,user_report,SEV1,infra_outage,latency_spike,True,108,76,22227703-a247-49dc-99a0-91242039e9a8,True,True
INC-9c333f58,rag_qa_service,staging,2024-02-04T19:00:00,2024-02-04T20:42:00,alerting,SEV2,infra_outage,latency_spike,True,102,72,22227703-a247-49dc-99a0-91242039e9a8,True,False
INC-ea06bc73,rag_qa_service,staging,2024-02-04T20:00:00,2024-02-04T21:48:00,user_report,SEV2,infra_outage,latency_spike,True,108,67,762ded9a-f6f2-4ed5-8b91-d142b16807a8,False,True
INC-9395f44c,rag_qa_service,staging,2024-02-05T07:00:00,2024-02-05T09:08:00,user_report,SEV1,external_dependency,latency_spike,True,128,39,22227703-a247-49dc-99a0-91242039e9a8,False,True
INC-5eb64fc4,rag_qa_service,staging,2024-02-05T08:00:00,2024-02-05T10:07:00,alerting,SEV2,infra_outage,latency_spike,True,127,37,762ded9a-f6f2-4ed5-8b91-d142b16807a8,True,False
INC-54ecc242,rag_qa_service,staging,2024-02-05T09:00:00,2024-02-05T12:40:00,alerting,SEV3,infra_outage,latency_spike,True,220,74,762ded9a-f6f2-4ed5-8b91-d142b16807a8,True,False
INC-e9392720,rag_qa_service,staging,2024-02-05T11:00:00,2024-02-05T12:53:00,alerting,SEV3,infra_outage,latency_spike,True,113,51,22227703-a247-49dc-99a0-91242039e9a8,False,True
INC-106ff624,rag_qa_service,staging,2024-02-05T13:00:00,2024-02-05T13:46:00,alerting,SEV2,infra_outage,latency_spike,True,46,61,762ded9a-f6f2-4ed5-8b91-d142b16807a8,True,False
INC-6945196f,rag_qa_service,staging,2024-02-05T19:00:00,2024-02-05T22:25:00,dashboard,SEV2,infra_outage,latency_spike,True,205,28,762ded9a-f6f2-4ed5-8b91-d142b16807a8,True,True
INC-a7fab8f8,rag_qa_service,staging,2024-02-05T19:00:00,2024-02-05T19:31:00,user_report,SEV2,external_dependency,latency_spike,True,31,36,22227703-a247-49dc-99a0-91242039e9a8,False,False
INC-81b03435,rag_qa_service,staging,2024-02-05T22:00:00,2024-02-06T00:51:00,alerting,SEV2,external_dependency,latency_spike,True,171,47,762ded9a-f6f2-4ed5-8b91-d142b16807a8,False,False
INC-3dcdf0cd,rag_qa_service,prod,2024-02-05T21:00:00,2024-02-06T01:18:00,user_report,SEV1,infra_outage,latency_spike,True,258,181,771144da-7dba-4145-b328-50c4c1f7b199,False,False
INC-95ac0135,rag_qa_service,staging,2024-02-06T09:00:00,2024-02-06T12:40:00,alerting,SEV2,external_dependency,latency_spike,True,220,14,22227703-a247-49dc-99a0-91242039e9a8,False,False
INC-03770c5f,rag_qa_service,staging,2024-02-06T10:00:00,2024-02-06T12:42:00,alerting,SEV1,infra_outage,latency_spike,True,162,70,762ded9a-f6f2-4ed5-8b91-d142b16807a8,True,False
INC-7bdde9ef,rag_qa_service,staging,2024-02-06T11:00:00,2024-02-06T12:22:00,user_report,SEV3,data_drift,metric_degradation,True,82,73,385f0a9a-21f2-446f-8abb-99ec5b9d26ae,True,False
INC-99d983dd,rag_qa_service,prod,2024-02-06T08:00:00,2024-02-06T13:29:00,alerting,SEV2,external_dependency,latency_spike,True,329,490,771144da-7dba-4145-b328-50c4c1f7b199,True,True
INC-dee66acd,rag_qa_service,staging,2024-02-06T12:00:00,2024-02-06T16:37:00,dashboard,SEV1,data_drift,metric_degradation,True,277,127,385f0a9a-21f2-446f-8abb-99ec5b9d26ae,True,False
INC-f731bf29,rag_qa_service,prod,2024-02-06T14:00:00,2024-02-06T14:29:00,alerting,SEV3,external_dependency,latency_spike,True,29,100,771144da-7dba-4145-b328-50c4c1f7b199,True,True
INC-a283c10f,rag_qa_service,staging,2024-02-06T14:00:00,2024-02-06T17:33:00,alerting,SEV2,data_pipeline_failure,metric_degradation,True,213,70,385f0a9a-21f2-446f-8abb-99ec5b9d26ae,False,False
INC-30672976,rag_qa_service,staging,2024-02-06T17:00:00,2024-02-06T20:18:00,alerting,SEV2,data_drift,metric_degradation,True,198,41,385f0a9a-21f2-446f-8abb-99ec5b9d26ae,True,False
INC-64a053fe,rag_qa_service,staging,2024-02-06T17:00:00,2024-02-06T19:57:00,dashboard,SEV2,external_dependency,latency_spike,True,177,111,22227703-a247-49dc-99a0-91242039e9a8,True,False
INC-45ea2fba,rag_qa_service,staging,2024-02-06T19:00:00,2024-02-06T19:24:00,user_report,SEV3,data_drift,metric_degradation,True,24,63,385f0a9a-21f2-446f-8abb-99ec5b9d26ae,True,False
INC-66174ebe,rag_qa_service,prod,2024-02-06T19:00:00,2024-02-06T22:11:00,alerting,SEV1,infra_outage,latency_spike,True,191,192,771144da-7dba-4145-b328-50c4c1f7b199,True,True
INC-42e8f01a,rag_qa_service,staging,2024-02-06T20:00:00,2024-02-06T22:02:00,dashboard,SEV3,data_pipeline_failure,metric_degradation,True,122,148,385f0a9a-21f2-446f-8abb-99ec5b9d26ae,False,False
INC-fd44591b,rag_qa_service,staging,2024-02-06T21:00:00,2024-02-06T22:33:00,user_report,SEV2,infra_outage,latency_spike,True,93,95,762ded9a-f6f2-4ed5-8b91-d142b16807a8,False,True
INC-8d4b22cf,rag_qa_service,prod,2024-02-06T21:00:00,2024-02-07T00:06:00,dashboard,SEV3,external_dependency,latency_spike,True,186,168,771144da-7dba-4145-b328-50c4c1f7b199,True,False
INC-99df3b1c,rag_qa_service,prod,2024-02-07T07:00:00,2024-02-07T09:40:00,dashboard,SEV2,infra_outage,latency_spike,True,160,85,771144da-7dba-4145-b328-50c4c1f7b199,True,False
INC-040bf07f,fraud_detection,dev,2024-01-19T05:00:00,2024-01-20T07:22:00,dashboard,SEV3,external_dependency,latency_spike,True,1582,260,b3e1e93a-d123-4125-96e5-25a857103484,True,True
INC-d3617200,rag_qa_service,staging,2024-02-07T08:00:00,2024-02-07T09:31:00,user_report,SEV3,external_dependency,latency_spike,True,91,76,22227703-a247-49dc-99a0-91242039e9a8,False,False
INC-55115481,fraud_detection,dev,2024-02-07T09:00:00,2024-02-07T13:08:00,alerting,SEV1,external_dependency,latency_spike,True,248,10,dccfe362-a380-4163-a83a-3e48eed8382b,True,False
INC-6d51b19e,rag_qa_service,staging,2024-02-07T11:00:00,2024-02-07T12:46:00,user_report,SEV2,external_dependency,latency_spike,True,106,112,762ded9a-f6f2-4ed5-8b91-d142b16807a8,True,False
INC-b693df43,rag_qa_service,staging,2024-02-07T13:00:00,2024-02-07T14:53:00,user_report,SEV2,data_drift,metric_degradation,True,113,114,385f0a9a-21f2-446f-8abb-99ec5b9d26ae,True,True
INC-7591adf3,fraud_detection,dev,2024-02-07T13:00:00,2024-02-07T16:43:00,dashboard,SEV2,external_dependency,latency_spike,True,223,2,dccfe362-a380-4163-a83a-3e48eed8382b,True,False
INC-3ece0884,rag_qa_service,staging,2024-02-07T16:00:00,2024-02-07T17:32:00,alerting,SEV2,infra_outage,latency_spike,True,92,86,22227703-a247-49dc-99a0-91242039e9a8,True,False
INC-a0461c60,rag_qa_service,staging,2024-02-07T18:00:00,2024-02-07T20:00:00,dashboard,SEV1,external_dependency,latency_spike,True,120,31,22227703-a247-49dc-99a0-91242039e9a8,True,True
INC-87f0baba,rag_qa_service,prod,2024-02-07T18:00:00,2024-02-07T22:27:00,dashboard,SEV2,external_dependency,latency_spike,True,267,269,771144da-7dba-4145-b328-50c4c1f7b199,True,False
INC-2e4672fd,rag_qa_service,staging,2024-02-07T18:00:00,2024-02-08T00:35:00,user_report,SEV2,data_drift,metric_degradation,True,395,569,385f0a9a-21f2-446f-8abb-99ec5b9d26ae,False,False
INC-bd2e639f,rag_qa_service,staging,2024-02-07T22:00:00,2024-02-07T23:32:00,user_report,SEV2,data_pipeline_failure,metric_degradation,True,92,184,385f0a9a-21f2-446f-8abb-99ec5b9d26ae,False,False
INC-73119356,rag_qa_service,staging,2024-02-07T23:00:00,2024-02-08T02:00:00,user_report,SEV1,data_pipeline_failure,metric_degradation,True,180,48,385f0a9a-21f2-446f-8abb-99ec5b9d26ae,True,False
INC-f619a094,rag_qa_service,prod,2024-02-07T21:00:00,2024-02-07T23:19:00,user_report,SEV2,infra_outage,latency_spike,True,139,253,771144da-7dba-4145-b328-50c4c1f7b199,False,False
INC-f5971885,fraud_detection,dev,2024-02-07T16:00:00,2024-02-07T23:43:00,alerting,SEV1,infra_outage,latency_spike,True,463,17,dccfe362-a380-4163-a83a-3e48eed8382b,False,False
INC-e635dc73,rag_qa_service,staging,2024-02-08T01:00:00,2024-02-08T03:31:00,dashboard,SEV3,data_drift,metric_degradation,True,151,4,385f0a9a-21f2-446f-8abb-99ec5b9d26ae,False,False
INC-3bac9f71,rag_qa_service,staging,2024-02-08T09:00:00,2024-02-08T11:30:00,user_report,SEV3,infra_outage,latency_spike,True,150,56,762ded9a-f6f2-4ed5-8b91-d142b16807a8,False,False
INC-7487cfdb,rag_qa_service,prod,2024-02-08T13:00:00,2024-02-08T15:30:00,alerting,SEV1,infra_outage,latency_spike,True,150,99,771144da-7dba-4145-b328-50c4c1f7b199,False,False
INC-1db80618,rag_qa_service,staging,2024-02-08T16:00:00,2024-02-08T17:04:00,alerting,SEV3,external_dependency,latency_spike,True,64,37,22227703-a247-49dc-99a0-91242039e9a8,True,True
INC-cb8504af,fraud_detection,dev,2024-02-08T06:00:00,2024-02-08T17:58:00,dashboard,SEV2,infra_outage,latency_spike,True,718,38,dccfe362-a380-4163-a83a-3e48eed8382b,False,False
INC-c5527eb8,rag_qa_service,staging,2024-02-08T19:00:00,2024-02-08T21:41:00,user_report,SEV2,external_dependency,latency_spike,True,161,47,22227703-a247-49dc-99a0-91242039e9a8,False,True
INC-4e4c7a41,rag_qa_service,staging,2024-02-08T19:00:00,2024-02-08T23:33:00,user_report,SEV1,infra_outage,latency_spike,True,273,246,762ded9a-f6f2-4ed5-8b91-d142b16807a8,True,False
INC-7738a4e3,rag_qa_service,staging,2024-02-08T21:00:00,2024-02-08T22:46:00,user_report,SEV1,infra_outage,latency_spike,True,106,85,762ded9a-f6f2-4ed5-8b91-d142b16807a8,True,False
INC-b182b95c,rag_qa_service,staging,2024-02-08T22:00:00,2024-02-09T00:43:00,alerting,SEV1,infra_outage,latency_spike,True,163,83,762ded9a-f6f2-4ed5-8b91-d142b16807a8,True,False
INC-3b0425c9,rag_qa_service,prod,2024-02-08T21:00:00,2024-02-09T00:24:00,dashboard,SEV2,infra_outage,latency_spike,True,204,550,771144da-7dba-4145-b328-50c4c1f7b199,False,False
INC-f533243c,fraud_detection,dev,2024-02-08T18:00:00,2024-02-08T23:25:00,user_report,SEV3,infra_outage,latency_spike,True,325,23,dccfe362-a380-4163-a83a-3e48eed8382b,False,False
INC-0f533dd3,fraud_detection,dev,2024-02-09T06:00:00,2024-02-09T07:17:00,alerting,SEV2,external_dependency,latency_spike,True,77,3,dccfe362-a380-4163-a83a-3e48eed8382b,True,True
INC-7f537188,energy_forecasting,prod,2024-02-09T07:00:00,2024-02-09T10:14:00,user_report,SEV1,config_error,error_spike,True,194,1988,937d2173-1e81-4b92-a723-f4763972e8e8,False,False
INC-634edec4,fraud_detection,dev,2024-02-09T09:00:00,2024-02-09T12:35:00,user_report,SEV2,infra_outage,latency_spike,True,215,5,dccfe362-a380-4163-a83a-3e48eed8382b,False,False
INC-5c3613d7,rag_qa_service,staging,2024-02-09T09:00:00,2024-02-09T12:52:00,alerting,SEV2,external_dependency,latency_spike,True,232,340,762ded9a-f6f2-4ed5-8b91-d142b16807a8,True,False
INC-9298bb90,rag_qa_service,prod,2024-02-09T09:00:00,2024-02-09T12:35:00,alerting,SEV3,external_dependency,latency_spike,True,215,626,771144da-7dba-4145-b328-50c4c1f7b199,True,False
INC-57a6f501,rag_qa_service,staging,2024-02-09T12:00:00,2024-02-09T14:43:00,dashboard,SEV2,data_drift,metric_degradation,True,163,57,385f0a9a-21f2-446f-8abb-99ec5b9d26ae,True,True
INC-58478cbc,rag_qa_service,staging,2024-02-09T13:00:00,2024-02-09T15:05:00,dashboard,SEV3,data_pipeline_failure,metric_degradation,True,125,105,385f0a9a-21f2-446f-8abb-99ec5b9d26ae,True,False
INC-6744b3bf,rag_qa_service,staging,2024-02-09T14:00:00,2024-02-09T15:49:00,alerting,SEV3,external_dependency,latency_spike,True,109,38,762ded9a-f6f2-4ed5-8b91-d142b16807a8,True,True
INC-a4e07650,rag_qa_service,staging,2024-02-09T17:00:00,2024-02-09T19:59:00,user_report,SEV2,data_drift,metric_degradation,True,179,67,385f0a9a-21f2-446f-8abb-99ec5b9d26ae,False,False
INC-d1215bdb,rag_qa_service,staging,2024-02-09T19:00:00,2024-02-10T00:47:00,alerting,SEV2,infra_outage,latency_spike,True,347,428,22227703-a247-49dc-99a0-91242039e9a8,True,False
INC-cf41c078,rag_qa_service,staging,2024-02-09T22:00:00,2024-02-10T00:40:00,user_report,SEV2,infra_outage,latency_spike,True,160,150,762ded9a-f6f2-4ed5-8b91-d142b16807a8,True,True
INC-9e3962fb,fraud_detection,dev,2024-02-09T17:00:00,2024-02-09T23:24:00,alerting,SEV1,infra_outage,latency_spike,True,384,30,dccfe362-a380-4163-a83a-3e48eed8382b,True,True
INC-f0b564c5,rag_qa_service,staging,2024-02-09T23:00:00,2024-02-10T01:14:00,alerting,SEV3,data_pipeline_failure,metric_degradation,True,134,42,385f0a9a-21f2-446f-8abb-99ec5b9d26ae,True,True
INC-8c4003cc,rag_qa_service,staging,2024-02-10T00:00:00,2024-02-10T00:30:00,user_report,SEV1,data_pipeline_failure,metric_degradation,True,30,11,385f0a9a-21f2-446f-8abb-99ec5b9d26ae,True,False
INC-69e9e29a,rag_qa_service,staging,2024-02-10T01:00:00,2024-02-10T05:15:00,dashboard,SEV3,data_pipeline_failure,metric_degradation,True,255,36,385f0a9a-21f2-446f-8abb-99ec5b9d26ae,True,True
INC-21d27739,rag_qa_service,staging,2024-02-10T04:00:00,2024-02-10T05:01:00,dashboard,SEV2,data_pipeline_failure,metric_degradation,True,61,30,385f0a9a-21f2-446f-8abb-99ec5b9d26ae,True,True
INC-a105a25d,rag_qa_service,staging,2024-02-10T05:00:00,2024-02-10T08:44:00,alerting,SEV3,data_drift,metric_degradation,True,224,51,385f0a9a-21f2-446f-8abb-99ec5b9d26ae,True,False
INC-fb1c11a4,rag_qa_service,staging,2024-02-10T08:00:00,2024-02-10T09:21:00,alerting,SEV2,data_pipeline_failure,metric_degradation,True,81,75,385f0a9a-21f2-446f-8abb-99ec5b9d26ae,False,False
INC-f51f4d9a,rag_qa_service,staging,2024-02-10T09:00:00,2024-02-10T10:36:00,dashboard,SEV3,external_dependency,latency_spike,True,96,266,762ded9a-f6f2-4ed5-8b91-d142b16807a8,False,False
INC-e8d697ca,rag_qa_service,prod,2024-02-10T07:00:00,2024-02-10T14:47:00,user_report,SEV1,data_pipeline_failure,metric_degradation,True,467,1281,771144da-7dba-4145-b328-50c4c1f7b199,True,False
INC-6197235c,fraud_detection,dev,2024-02-10T06:00:00,2024-02-10T16:57:00,user_report,SEV2,infra_outage,latency_spike,True,657,30,dccfe362-a380-4163-a83a-3e48eed8382b,False,True
INC-8cebc55b,rag_qa_service,prod,2024-02-10T15:00:00,2024-02-10T15:47:00,dashboard,SEV3,external_dependency,latency_spike,True,47,169,771144da-7dba-4145-b328-50c4c1f7b199,False,False
INC-eb356b10,rag_qa_service,prod,2024-02-10T16:00:00,2024-02-10T16:45:00,user_report,SEV1,data_drift,metric_degradation,True,45,131,771144da-7dba-4145-b328-50c4c1f7b199,False,False
INC-275dcead,rag_qa_service,prod,2024-02-10T17:00:00,2024-02-10T19:48:00,alerting,SEV3,data_drift,metric_degradation,True,168,161,771144da-7dba-4145-b328-50c4c1f7b199,False,False
INC-249f51b4,fraud_detection,dev,2024-02-10T16:00:00,2024-02-11T00:07:00,dashboard,SEV2,infra_outage,latency_spike,True,487,36,dccfe362-a380-4163-a83a-3e48eed8382b,True,False
INC-44616c05,rag_qa_service,prod,2024-02-11T00:00:00,2024-02-11T01:36:00,alerting,SEV1,data_drift,metric_degradation,True,96,50,771144da-7dba-4145-b328-50c4c1f7b199,True,False
INC-0f616407,rag_qa_service,prod,2024-02-11T04:00:00,2024-02-11T05:00:00,alerting,SEV2,data_drift,metric_degradation,True,60,90,771144da-7dba-4145-b328-50c4c1f7b199,False,True
INC-0e432c90,rag_qa_service,prod,2024-02-11T05:00:00,2024-02-11T06:12:00,alerting,SEV2,data_pipeline_failure,metric_degradation,True,72,93,771144da-7dba-4145-b328-50c4c1f7b199,True,False
INC-fbd7fc7f,rag_qa_service,prod,2024-02-11T06:00:00,2024-02-11T07:23:00,dashboard,SEV1,data_pipeline_failure,metric_degradation,True,83,139,771144da-7dba-4145-b328-50c4c1f7b199,True,False
INC-4f106481,rag_qa_service,prod,2024-02-11T08:00:00,2024-02-11T10:56:00,alerting,SEV3,data_pipeline_failure,metric_degradation,True,176,299,771144da-7dba-4145-b328-50c4c1f7b199,False,True
INC-11b85723,rag_qa_service,prod,2024-02-11T09:00:00,2024-02-11T11:00:00,user_report,SEV2,data_drift,metric_degradation,True,120,439,771144da-7dba-4145-b328-50c4c1f7b199,True,True
INC-3bd336ca,rag_qa_service,prod,2024-02-11T11:00:00,2024-02-11T11:37:00,user_report,SEV2,infra_outage,latency_spike,True,37,171,771144da-7dba-4145-b328-50c4c1f7b199,False,False
INC-2d29c765,fraud_detection,dev,2024-02-11T06:00:00,2024-02-11T11:23:00,dashboard,SEV1,external_dependency,latency_spike,True,323,15,dccfe362-a380-4163-a83a-3e48eed8382b,False,True
INC-b0e2cb7f,rag_qa_service,prod,2024-02-11T13:00:00,2024-02-11T14:09:00,user_report,SEV3,infra_outage,latency_spike,True,69,217,771144da-7dba-4145-b328-50c4c1f7b199,True,True
INC-5889e7c6,rag_qa_service,prod,2024-02-11T14:00:00,2024-02-11T18:31:00,dashboard,SEV3,data_drift,metric_degradation,True,271,294,771144da-7dba-4145-b328-50c4c1f7b199,True,True
INC-71e6a148,rag_qa_service,prod,2024-02-11T16:00:00,2024-02-11T16:28:00,alerting,SEV2,data_pipeline_failure,metric_degradation,True,28,182,771144da-7dba-4145-b328-50c4c1f7b199,True,True
INC-3684d8ac,fraud_detection,dev,2024-02-11T13:00:00,2024-02-11T18:42:00,user_report,SEV2,infra_outage,latency_spike,True,342,20,dccfe362-a380-4163-a83a-3e48eed8382b,False,False
INC-27d04996,rag_qa_service,prod,2024-02-11T19:00:00,2024-02-11T22:45:00,user_report,SEV2,data_pipeline_failure,metric_degradation,True,225,172,771144da-7dba-4145-b328-50c4c1f7b199,True,False
INC-f3e6b54c,rag_qa_service,prod,2024-02-11T20:00:00,2024-02-12T00:00:00,dashboard,SEV3,data_pipeline_failure,metric_degradation,True,240,269,771144da-7dba-4145-b328-50c4c1f7b199,True,True
INC-3e8187b0,rag_qa_service,prod,2024-02-11T21:00:00,2024-02-11T23:20:00,alerting,SEV2,infra_outage,latency_spike,True,140,500,771144da-7dba-4145-b328-50c4c1f7b199,False,False
INC-8a62a862,energy_forecasting,dev,2024-01-09T17:00:00,2024-01-11T10:28:00,user_report,SEV3,infra_outage,latency_spike,True,2488,178,d569f6f8-ea6f-420b-9bfd-65e04139617a,False,False
INC-6dbb258c,rag_qa_service,prod,2024-02-11T23:00:00,2024-02-11T23:56:00,user_report,SEV2,data_drift,metric_degradation,True,56,145,771144da-7dba-4145-b328-50c4c1f7b199,True,False
INC-86de51fd,energy_forecasting,staging,2024-02-11T17:00:00,2024-02-12T01:21:00,user_report,SEV2,model_bug,error_spike,True,501,283,d8c78093-f247-41cd-9201-58eebaed257a,True,False
INC-6d44f528,fraud_detection,dev,2024-02-11T19:00:00,2024-02-12T03:00:00,alerting,SEV2,infra_outage,latency_spike,True,480,19,dccfe362-a380-4163-a83a-3e48eed8382b,True,False
INC-f1a0b76e,rag_qa_service,prod,2024-02-12T01:00:00,2024-02-12T02:01:00,user_report,SEV1,data_drift,metric_degradation,True,61,112,771144da-7dba-4145-b328-50c4c1f7b199,False,False
INC-bdfd03a7,rag_qa_service,prod,2024-02-12T02:00:00,2024-02-12T05:32:00,alerting,SEV3,data_pipeline_failure,metric_degradation,True,212,62,771144da-7dba-4145-b328-50c4c1f7b199,True,True
INC-3e5459ee,rag_qa_service,prod,2024-02-12T04:00:00,2024-02-12T07:52:00,dashboard,SEV2,data_drift,metric_degradation,True,232,67,771144da-7dba-4145-b328-50c4c1f7b199,False,False
INC-6e35f84b,rag_qa_service,prod,2024-02-12T05:00:00,2024-02-12T06:10:00,alerting,SEV2,data_drift,metric_degradation,True,70,18,771144da-7dba-4145-b328-50c4c1f7b199,True,True
INC-8261f48f,rag_qa_service,prod,2024-02-12T06:00:00,2024-02-12T07:46:00,dashboard,SEV2,external_dependency,latency_spike,True,106,195,771144da-7dba-4145-b328-50c4c1f7b199,False,False
INC-46326dd0,rag_qa_service,prod,2024-02-12T07:00:00,2024-02-12T08:31:00,dashboard,SEV2,data_pipeline_failure,metric_degradation,True,91,105,771144da-7dba-4145-b328-50c4c1f7b199,True,False
INC-9f87de9c,rag_qa_service,prod,2024-02-12T09:00:00,2024-02-12T09:41:00,dashboard,SEV2,external_dependency,latency_spike,True,41,212,771144da-7dba-4145-b328-50c4c1f7b199,True,False
INC-0c35c4ff,energy_forecasting,staging,2024-02-12T07:00:00,2024-02-12T12:15:00,alerting,SEV2,infra_outage,latency_spike,True,315,72,d8c78093-f247-41cd-9201-58eebaed257a,False,False
INC-f71345dd,rag_qa_service,prod,2024-02-12T10:00:00,2024-02-12T12:01:00,user_report,SEV2,infra_outage,latency_spike,True,121,478,771144da-7dba-4145-b328-50c4c1f7b199,False,True
INC-80f01735,fraud_detection,dev,2024-02-12T09:00:00,2024-02-12T13:48:00,alerting,SEV2,external_dependency,latency_spike,True,288,10,dccfe362-a380-4163-a83a-3e48eed8382b,True,True
INC-f2ba9982,rag_qa_service,prod,2024-02-12T13:00:00,2024-02-12T16:15:00,alerting,SEV1,data_pipeline_failure,metric_degradation,True,195,217,771144da-7dba-4145-b328-50c4c1f7b199,True,False
INC-8c854671,rag_qa_service,prod,2024-02-12T14:00:00,2024-02-12T18:33:00,dashboard,SEV3,data_drift,metric_degradation,True,273,448,771144da-7dba-4145-b328-50c4c1f7b199,True,True
INC-54d5fe8e,rag_qa_service,prod,2024-02-12T16:00:00,2024-02-12T18:05:00,dashboard,SEV2,data_pipeline_failure,metric_degradation,True,125,213,771144da-7dba-4145-b328-50c4c1f7b199,False,True
INC-ba835e4d,rag_qa_service,prod,2024-02-12T17:00:00,2024-02-12T18:03:00,dashboard,SEV2,data_pipeline_failure,metric_degradation,True,63,225,771144da-7dba-4145-b328-50c4c1f7b199,False,False
INC-3545eb46,rag_qa_service,prod,2024-02-12T19:00:00,2024-02-12T22:02:00,user_report,SEV3,infra_outage,latency_spike,True,182,225,771144da-7dba-4145-b328-50c4c1f7b199,False,True
INC-f03cfb91,energy_forecasting,staging,2024-02-12T19:00:00,2024-02-12T22:48:00,user_report,SEV1,infra_outage,latency_spike,True,228,24,d8c78093-f247-41cd-9201-58eebaed257a,False,False
INC-4af20f54,energy_forecasting,dev,2024-02-12T20:00:00,2024-02-12T23:00:00,user_report,SEV2,external_dependency,latency_spike,True,180,1,9ea1624f-3e3a-483c-b76c-3eb853b15e0f,True,False
INC-83136a62,energy_forecasting,staging,2024-02-12T21:00:00,2024-02-13T01:45:00,user_report,SEV1,external_dependency,latency_spike,True,285,36,d8c78093-f247-41cd-9201-58eebaed257a,False,False
INC-c0d5118a,rag_qa_service,prod,2024-02-13T00:00:00,2024-02-13T03:01:00,user_report,SEV3,data_pipeline_failure,metric_degradation,True,181,75,771144da-7dba-4145-b328-50c4c1f7b199,True,False
INC-24e63df0,rag_qa_service,prod,2024-02-13T01:00:00,2024-02-13T05:36:00,user_report,SEV3,data_drift,metric_degradation,True,276,173,771144da-7dba-4145-b328-50c4c1f7b199,True,False
INC-4d576d6e,rag_qa_service,prod,2024-02-13T03:00:00,2024-02-13T04:20:00,dashboard,SEV2,data_drift,metric_degradation,True,80,107,771144da-7dba-4145-b328-50c4c1f7b199,True,False
INC-33b5b54c,rag_qa_service,prod,2024-02-13T04:00:00,2024-02-13T06:24:00,dashboard,SEV2,data_drift,metric_degradation,True,144,92,771144da-7dba-4145-b328-50c4c1f7b199,False,False
INC-66b3f527,rag_qa_service,prod,2024-02-13T05:00:00,2024-02-13T08:35:00,alerting,SEV3,data_pipeline_failure,metric_degradation,True,215,133,771144da-7dba-4145-b328-50c4c1f7b199,True,False
INC-e7d98f3e,rag_qa_service,staging,2024-02-10T11:00:00,2024-02-13T07:31:00,alerting,SEV2,data_pipeline_failure,metric_degradation,True,4111,3997,385f0a9a-21f2-446f-8abb-99ec5b9d26ae,True,False
INC-b6f89ee3,rag_qa_service,prod,2024-02-13T06:00:00,2024-02-13T07:27:00,user_report,SEV2,external_dependency,latency_spike,True,87,239,771144da-7dba-4145-b328-50c4c1f7b199,True,False
INC-02169183,rag_qa_service,prod,2024-02-13T08:00:00,2024-02-13T12:51:00,dashboard,SEV2,data_drift,metric_degradation,True,291,500,771144da-7dba-4145-b328-50c4c1f7b199,False,False
INC-8682708f,rag_qa_service,prod,2024-02-13T10:00:00,2024-02-13T11:53:00,alerting,SEV3,external_dependency,latency_spike,True,113,183,771144da-7dba-4145-b328-50c4c1f7b199,False,False
INC-0a05c049,rag_qa_service,prod,2024-02-13T11:00:00,2024-02-13T14:54:00,user_report,SEV1,data_pipeline_failure,metric_degradation,True,234,415,771144da-7dba-4145-b328-50c4c1f7b199,False,True
INC-aa0885a8,energy_forecasting,staging,2024-02-13T12:00:00,2024-02-13T13:23:00,user_report,SEV3,external_dependency,latency_spike,True,83,6,d8c78093-f247-41cd-9201-58eebaed257a,False,False
INC-c1ccda46,rag_qa_service,prod,2024-02-13T13:00:00,2024-02-13T16:54:00,user_report,SEV2,data_drift,metric_degradation,True,234,140,771144da-7dba-4145-b328-50c4c1f7b199,True,True
INC-c61e7321,energy_forecasting,dev,2024-02-13T06:00:00,2024-02-13T14:30:00,user_report,SEV2,external_dependency,error_spike,True,510,7,9ea1624f-3e3a-483c-b76c-3eb853b15e0f,False,True
INC-fae17b6d,rag_qa_service,prod,2024-02-13T14:00:00,2024-02-13T14:39:00,dashboard,SEV2,data_pipeline_failure,metric_degradation,True,39,206,771144da-7dba-4145-b328-50c4c1f7b199,False,False
INC-a47f396c,rag_qa_service,prod,2024-02-13T16:00:00,2024-02-13T17:11:00,user_report,SEV1,data_pipeline_failure,metric_degradation,True,71,159,771144da-7dba-4145-b328-50c4c1f7b199,True,False
INC-51d3e568,rag_qa_service,prod,2024-02-13T17:00:00,2024-02-13T21:30:00,user_report,SEV1,data_pipeline_failure,metric_degradation,True,270,425,771144da-7dba-4145-b328-50c4c1f7b199,True,False
INC-75be39b2,rag_qa_service,prod,2024-02-13T20:00:00,2024-02-13T23:59:00,alerting,SEV2,infra_outage,latency_spike,True,239,519,771144da-7dba-4145-b328-50c4c1f7b199,False,False
INC-135f2e7a,energy_forecasting,staging,2024-02-13T18:00:00,2024-02-13T23:55:00,alerting,SEV2,external_dependency,latency_spike,True,355,132,d8c78093-f247-41cd-9201-58eebaed257a,True,True
INC-1aa29215,energy_forecasting,dev,2024-02-13T15:00:00,2024-02-14T00:31:00,user_report,SEV2,external_dependency,latency_spike,True,571,8,9ea1624f-3e3a-483c-b76c-3eb853b15e0f,True,False
INC-b0c61765,rag_qa_service,prod,2024-02-14T01:00:00,2024-02-14T04:19:00,dashboard,SEV2,data_drift,metric_degradation,True,199,35,771144da-7dba-4145-b328-50c4c1f7b199,True,False
INC-d2e3832f,rag_qa_service,prod,2024-02-14T02:00:00,2024-02-14T04:12:00,dashboard,SEV3,data_pipeline_failure,metric_degradation,True,132,36,771144da-7dba-4145-b328-50c4c1f7b199,True,False
INC-14553d59,rag_qa_service,prod,2024-02-14T03:00:00,2024-02-14T04:42:00,dashboard,SEV3,data_pipeline_failure,metric_degradation,True,102,16,771144da-7dba-4145-b328-50c4c1f7b199,False,False
INC-b0ee17e5,rag_qa_service,prod,2024-02-14T04:00:00,2024-02-14T08:38:00,alerting,SEV2,data_pipeline_failure,metric_degradation,True,278,101,771144da-7dba-4145-b328-50c4c1f7b199,True,False
INC-0fa01f0e,rag_qa_service,prod,2024-02-14T06:00:00,2024-02-14T09:22:00,dashboard,SEV2,data_drift,metric_degradation,True,202,151,771144da-7dba-4145-b328-50c4c1f7b199,False,False
INC-c1b26dca,rag_qa_service,prod,2024-02-14T07:00:00,2024-02-14T09:07:00,user_report,SEV2,data_pipeline_failure,metric_degradation,True,127,164,771144da-7dba-4145-b328-50c4c1f7b199,False,False
INC-2630247d,rag_qa_service,prod,2024-02-14T08:00:00,2024-02-14T09:08:00,alerting,SEV2,infra_outage,latency_spike,True,68,221,771144da-7dba-4145-b328-50c4c1f7b199,True,True
INC-d7d80b39,rag_qa_service,prod,2024-02-14T09:00:00,2024-02-14T12:30:00,user_report,SEV2,data_drift,metric_degradation,True,210,569,771144da-7dba-4145-b328-50c4c1f7b199,False,False
INC-53f7c5b3,energy_forecasting,staging,2024-02-14T10:00:00,2024-02-14T14:56:00,alerting,SEV2,external_dependency,latency_spike,True,296,40,d8c78093-f247-41cd-9201-58eebaed257a,False,False
INC-43f80a9f,energy_forecasting,staging,2024-02-14T13:00:00,2024-02-14T14:25:00,user_report,SEV2,infra_outage,latency_spike,True,85,34,d8c78093-f247-41cd-9201-58eebaed257a,False,False
INC-1592112d,rag_qa_service,prod,2024-02-14T13:00:00,2024-02-14T15:54:00,user_report,SEV2,data_drift,metric_degradation,True,174,161,771144da-7dba-4145-b328-50c4c1f7b199,True,True
INC-cb879d9d,rag_qa_service,prod,2024-02-14T14:00:00,2024-02-14T16:10:00,alerting,SEV2,data_pipeline_failure,metric_degradation,True,130,247,771144da-7dba-4145-b328-50c4c1f7b199,True,False
INC-775a75b6,rag_qa_service,prod,2024-02-14T16:00:00,2024-02-14T18:20:00,alerting,SEV3,data_pipeline_failure,metric_degradation,True,140,90,771144da-7dba-4145-b328-50c4c1f7b199,True,False
INC-c4cb0969,energy_forecasting,staging,2024-02-14T16:00:00,2024-02-14T19:00:00,alerting,SEV3,infra_outage,latency_spike,True,180,24,d8c78093-f247-41cd-9201-58eebaed257a,False,True
INC-c63d57ec,rag_qa_service,prod,2024-02-14T17:00:00,2024-02-14T17:32:00,alerting,SEV2,data_drift,metric_degradation,True,32,107,771144da-7dba-4145-b328-50c4c1f7b199,False,True
INC-4ea4dccb,rag_qa_service,prod,2024-02-14T18:00:00,2024-02-14T19:45:00,dashboard,SEV2,infra_outage,latency_spike,True,105,283,771144da-7dba-4145-b328-50c4c1f7b199,True,False
INC-71ec4287,energy_forecasting,staging,2024-02-14T19:00:00,2024-02-14T21:31:00,alerting,SEV1,external_dependency,latency_spike,True,151,22,d8c78093-f247-41cd-9201-58eebaed257a,True,False
INC-56f17637,energy_forecasting,staging,2024-02-14T22:00:00,2024-02-14T22:18:00,alerting,SEV3,external_dependency,latency_spike,True,18,31,d8c78093-f247-41cd-9201-58eebaed257a,True,False
INC-6a4f9a3c,rag_qa_service,prod,2024-02-14T22:00:00,2024-02-15T02:29:00,user_report,SEV2,infra_outage,latency_spike,True,269,401,771144da-7dba-4145-b328-50c4c1f7b199,True,True
INC-ae4814a3,energy_forecasting,dev,2024-02-14T07:00:00,2024-02-15T02:59:00,dashboard,SEV2,infra_outage,latency_spike,True,1199,14,9ea1624f-3e3a-483c-b76c-3eb853b15e0f,False,True
INC-feae5ffd,rag_qa_service,prod,2024-02-15T01:00:00,2024-02-15T03:11:00,alerting,SEV3,data_pipeline_failure,metric_degradation,True,131,123,771144da-7dba-4145-b328-50c4c1f7b199,True,True
INC-c8351c2b,rag_qa_service,prod,2024-02-15T03:00:00,2024-02-15T05:00:00,user_report,SEV2,data_drift,metric_degradation,True,120,73,771144da-7dba-4145-b328-50c4c1f7b199,True,False
INC-2537e6a8,energy_forecasting,dev,2024-02-15T04:00:00,2024-02-15T06:11:00,user_report,SEV2,infra_outage,latency_spike,True,131,0,9ea1624f-3e3a-483c-b76c-3eb853b15e0f,True,False
INC-917618ff,rag_qa_service,prod,2024-02-15T07:00:00,2024-02-15T10:23:00,alerting,SEV2,data_pipeline_failure,metric_degradation,True,203,104,a1a48fa0-e72a-4175-a9b9-22ba7cab4d9c,False,True
INC-9193fd87,energy_forecasting,staging,2024-02-15T08:00:00,2024-02-15T10:00:00,alerting,SEV2,infra_outage,latency_spike,True,120,49,d8c78093-f247-41cd-9201-58eebaed257a,True,False
INC-f96e7c4b,energy_forecasting,dev,2024-02-15T11:00:00,2024-02-15T14:16:00,dashboard,SEV2,external_dependency,latency_spike,True,196,3,9ea1624f-3e3a-483c-b76c-3eb853b15e0f,False,True
INC-2d283703,energy_forecasting,staging,2024-02-15T14:00:00,2024-02-15T14:20:00,dashboard,SEV2,infra_outage,latency_spike,True,20,26,d8c78093-f247-41cd-9201-58eebaed257a,True,False
INC-ec642ade,rag_qa_service,prod,2024-02-15T09:00:00,2024-02-15T18:25:00,alerting,SEV3,data_drift,metric_degradation,True,565,4993,a1a48fa0-e72a-4175-a9b9-22ba7cab4d9c,False,True
INC-955f2b03,rag_qa_service,prod,2024-02-15T18:00:00,2024-02-15T23:11:00,user_report,SEV2,data_drift,metric_degradation,True,311,1614,a1a48fa0-e72a-4175-a9b9-22ba7cab4d9c,True,False
INC-61a835d6,energy_forecasting,dev,2024-02-15T15:00:00,2024-02-16T00:20:00,user_report,SEV2,external_dependency,latency_spike,True,560,5,9ea1624f-3e3a-483c-b76c-3eb853b15e0f,True,True
INC-1f2298c8,rag_qa_service,prod,2024-02-15T22:00:00,2024-02-16T00:12:00,dashboard,SEV2,data_drift,metric_degradation,True,132,469,a1a48fa0-e72a-4175-a9b9-22ba7cab4d9c,False,False
INC-033645f9,energy_forecasting,dev,2024-02-16T02:00:00,2024-02-16T03:06:00,alerting,SEV3,external_dependency,error_spike,True,66,3,9ea1624f-3e3a-483c-b76c-3eb853b15e0f,True,True
INC-32b01c12,rag_qa_service,prod,2024-02-16T01:00:00,2024-02-16T03:07:00,alerting,SEV1,data_pipeline_failure,metric_degradation,True,127,40,a1a48fa0-e72a-4175-a9b9-22ba7cab4d9c,False,True
INC-6a2679a7,rag_qa_service,prod,2024-02-16T03:00:00,2024-02-16T04:47:00,alerting,SEV1,data_pipeline_failure,metric_degradation,True,107,51,a1a48fa0-e72a-4175-a9b9-22ba7cab4d9c,False,True
INC-c296a331,rag_qa_service,prod,2024-02-16T04:00:00,2024-02-16T06:23:00,alerting,SEV2,data_drift,metric_degradation,True,143,26,a1a48fa0-e72a-4175-a9b9-22ba7cab4d9c,False,True
INC-59ac8d22,energy_forecasting,dev,2024-02-16T05:00:00,2024-02-16T07:15:00,alerting,SEV2,external_dependency,latency_spike,True,135,0,9ea1624f-3e3a-483c-b76c-3eb853b15e0f,False,False
INC-284205dc,energy_forecasting,dev,2024-02-16T06:00:00,2024-02-16T07:21:00,user_report,SEV1,infra_outage,latency_spike,True,81,1,9ea1624f-3e3a-483c-b76c-3eb853b15e0f,False,False
INC-3c98cd41,fraud_detection,prod,2024-02-16T08:00:00,2024-02-16T10:27:00,dashboard,SEV2,external_dependency,latency_spike,True,147,56,f6ff26b7-cdf1-4f34-9ca3-a7414df152bc,False,False
INC-e7efc3f0,rag_qa_service,prod,2024-02-16T07:00:00,2024-02-16T15:24:00,user_report,SEV2,data_drift,metric_degradation,True,504,1707,a1a48fa0-e72a-4175-a9b9-22ba7cab4d9c,True,False
INC-1241ed32,energy_forecasting,dev,2024-02-16T07:00:00,2024-02-16T16:27:00,alerting,SEV2,external_dependency,latency_spike,True,567,44,9ea1624f-3e3a-483c-b76c-3eb853b15e0f,False,False
INC-05f1299b,rag_qa_service,prod,2024-02-16T13:00:00,2024-02-16T16:12:00,dashboard,SEV2,data_pipeline_failure,metric_degradation,True,192,158,a1a48fa0-e72a-4175-a9b9-22ba7cab4d9c,True,False
INC-9474f52b,energy_forecasting,dev,2024-02-16T14:00:00,2024-02-16T16:38:00,alerting,SEV2,infra_outage,latency_spike,True,158,3,9ea1624f-3e3a-483c-b76c-3eb853b15e0f,True,True
INC-1b468fe7,rag_qa_service,prod,2024-02-16T14:00:00,2024-02-16T15:49:00,user_report,SEV1,data_pipeline_failure,metric_degradation,True,109,339,a1a48fa0-e72a-4175-a9b9-22ba7cab4d9c,False,True
INC-63230394,rag_qa_service,prod,2024-02-16T16:00:00,2024-02-16T18:17:00,user_report,SEV2,data_pipeline_failure,metric_degradation,True,137,149,a1a48fa0-e72a-4175-a9b9-22ba7cab4d9c,True,True
INC-54c755e7,fraud_detection,prod,2024-02-16T19:00:00,2024-02-16T23:46:00,dashboard,SEV2,infra_outage,latency_spike,True,286,32,f6ff26b7-cdf1-4f34-9ca3-a7414df152bc,True,True
INC-7cc81a3f,fraud_detection,prod,2024-02-16T22:00:00,2024-02-16T22:36:00,alerting,SEV2,infra_outage,latency_spike,True,36,18,f6ff26b7-cdf1-4f34-9ca3-a7414df152bc,False,True
INC-9e9b4d91,energy_forecasting,dev,2024-02-16T16:00:00,2024-02-17T01:18:00,dashboard,SEV1,infra_outage,latency_spike,True,558,58,e96d6c02-b0e4-40f3-938b-83a0bbf47375,True,False
INC-d21d91b5,rag_qa_service,prod,2024-02-16T17:00:00,2024-02-17T01:08:00,dashboard,SEV3,data_drift,metric_degradation,True,488,2353,a1a48fa0-e72a-4175-a9b9-22ba7cab4d9c,False,False
INC-84981c16,rag_qa_service,prod,2024-02-17T01:00:00,2024-02-17T04:22:00,dashboard,SEV1,data_drift,metric_degradation,True,202,54,a1a48fa0-e72a-4175-a9b9-22ba7cab4d9c,True,False
INC-957f2218,rag_qa_service,prod,2024-02-17T03:00:00,2024-02-17T04:43:00,dashboard,SEV2,data_drift,metric_degradation,True,103,62,a1a48fa0-e72a-4175-a9b9-22ba7cab4d9c,False,False
INC-5a998552,rag_qa_service,prod,2024-02-17T04:00:00,2024-02-17T06:47:00,alerting,SEV2,data_pipeline_failure,metric_degradation,True,167,39,a1a48fa0-e72a-4175-a9b9-22ba7cab4d9c,False,True
INC-d843a726,rag_qa_service,prod,2024-02-17T06:00:00,2024-02-17T06:37:00,dashboard,SEV2,infra_outage,latency_spike,True,37,266,771144da-7dba-4145-b328-50c4c1f7b199,False,True
INC-aca162c5,energy_forecasting,dev,2024-02-17T06:00:00,2024-02-17T07:42:00,user_report,SEV3,infra_outage,latency_spike,True,102,1,9ea1624f-3e3a-483c-b76c-3eb853b15e0f,False,False
INC-e49e6716,energy_forecasting,dev,2024-02-17T07:00:00,2024-02-17T11:01:00,user_report,SEV1,external_dependency,latency_spike,True,241,2,9ea1624f-3e3a-483c-b76c-3eb853b15e0f,True,True
INC-7ae9a1a4,rag_qa_service,prod,2024-02-17T07:00:00,2024-02-17T13:07:00,user_report,SEV2,data_drift,metric_degradation,True,367,2931,a1a48fa0-e72a-4175-a9b9-22ba7cab4d9c,True,False
INC-00bf80a3,fraud_detection,prod,2024-02-17T10:00:00,2024-02-17T13:38:00,user_report,SEV1,infra_outage,latency_spike,True,218,40,f6ff26b7-cdf1-4f34-9ca3-a7414df152bc,True,False
INC-f86958c6,energy_forecasting,dev,2024-02-17T09:00:00,2024-02-17T13:45:00,dashboard,SEV2,infra_outage,latency_spike,True,285,18,e96d6c02-b0e4-40f3-938b-83a0bbf47375,False,True
INC-e01f8628,rag_qa_service,prod,2024-02-17T12:00:00,2024-02-17T14:58:00,alerting,SEV2,infra_outage,latency_spike,True,178,428,a1a48fa0-e72a-4175-a9b9-22ba7cab4d9c,False,True
INC-1d28bf0c,rag_qa_service,prod,2024-02-17T18:00:00,2024-02-18T00:20:00,dashboard,SEV3,data_pipeline_failure,metric_degradation,True,380,1139,a1a48fa0-e72a-4175-a9b9-22ba7cab4d9c,False,False
INC-f86dbbf8,fraud_detection,prod,2024-02-17T20:00:00,2024-02-18T01:46:00,dashboard,SEV2,external_dependency,latency_spike,True,346,107,f6ff26b7-cdf1-4f34-9ca3-a7414df152bc,False,True
INC-6a8ddcb5,energy_forecasting,dev,2024-02-17T16:00:00,2024-02-18T02:28:00,alerting,SEV2,infra_outage,latency_spike,True,628,46,e96d6c02-b0e4-40f3-938b-83a0bbf47375,False,False
INC-0edfc4ee,rag_qa_service,prod,2024-02-18T01:00:00,2024-02-18T03:59:00,user_report,SEV2,data_pipeline_failure,metric_degradation,True,179,66,a1a48fa0-e72a-4175-a9b9-22ba7cab4d9c,True,False
INC-57fb83ae,rag_qa_service,prod,2024-02-18T02:00:00,2024-02-18T06:25:00,user_report,SEV3,data_drift,metric_degradation,True,265,94,a1a48fa0-e72a-4175-a9b9-22ba7cab4d9c,False,False
INC-07727cc1,rag_qa_service,prod,2024-02-18T04:00:00,2024-02-18T07:12:00,alerting,SEV2,data_pipeline_failure,metric_degradation,True,192,36,a1a48fa0-e72a-4175-a9b9-22ba7cab4d9c,True,False
INC-1ee99031,rag_qa_service,prod,2024-02-18T05:00:00,2024-02-18T09:29:00,alerting,SEV2,data_drift,metric_degradation,True,269,309,a1a48fa0-e72a-4175-a9b9-22ba7cab4d9c,True,False
INC-5a3ca279,fraud_detection,prod,2024-02-18T09:00:00,2024-02-18T12:48:00,alerting,SEV2,external_dependency,latency_spike,True,228,115,f6ff26b7-cdf1-4f34-9ca3-a7414df152bc,True,False
INC-1de07952,energy_forecasting,dev,2024-02-18T09:00:00,2024-02-18T15:40:00,alerting,SEV2,external_dependency,latency_spike,True,400,37,e96d6c02-b0e4-40f3-938b-83a0bbf47375,False,False
INC-a8f293e2,fraud_detection,prod,2024-02-18T18:00:00,2024-02-18T21:32:00,alerting,SEV1,infra_outage,latency_spike,True,212,38,f6ff26b7-cdf1-4f34-9ca3-a7414df152bc,False,False
INC-59464c97,fraud_detection,prod,2024-02-19T18:00:00,2024-02-19T19:00:00,alerting,SEV2,infra_outage,latency_spike,True,60,32,f6ff26b7-cdf1-4f34-9ca3-a7414df152bc,False,False
INC-6e19e537,fraud_detection,prod,2024-02-19T20:00:00,2024-02-19T23:33:00,user_report,SEV2,infra_outage,latency_spike,True,213,38,f6ff26b7-cdf1-4f34-9ca3-a7414df152bc,False,False
INC-4aa38f82,fraud_detection,prod,2024-02-20T10:00:00,2024-02-20T11:57:00,user_report,SEV1,infra_outage,latency_spike,True,117,47,f6ff26b7-cdf1-4f34-9ca3-a7414df152bc,False,True
INC-336b9862,fraud_detection,prod,2024-02-20T19:00:00,2024-02-21T00:23:00,user_report,SEV2,infra_outage,latency_spike,True,323,123,f6ff26b7-cdf1-4f34-9ca3-a7414df152bc,True,True
INC-9d046636,rag_qa_service,staging,2024-02-13T07:00:00,2024-02-17T22:27:00,dashboard,SEV3,data_pipeline_failure,metric_degradation,True,6687,7193,385f0a9a-21f2-446f-8abb-99ec5b9d26ae,True,False
INC-1e2ecc4b,fraud_detection,prod,2024-02-21T08:00:00,2024-02-21T13:25:00,dashboard,SEV1,infra_outage,latency_spike,True,325,79,f6ff26b7-cdf1-4f34-9ca3-a7414df152bc,True,False
INC-d3b9d5b2,rag_qa_service,staging,2024-02-21T10:00:00,2024-02-21T12:38:00,dashboard,SEV3,external_dependency,latency_spike,True,158,10,272c5efc-6f94-41a6-a49e-4398a1df355f,True,False
INC-aa19e8bd,fraud_detection,prod,2024-02-21T12:00:00,2024-02-21T13:39:00,alerting,SEV3,external_dependency,latency_spike,True,99,98,f6ff26b7-cdf1-4f34-9ca3-a7414df152bc,False,False
INC-dc59024d,energy_forecasting,staging,2024-02-15T18:00:00,2024-02-16T03:24:00,user_report,SEV2,infra_outage,latency_spike,True,564,192,d8c78093-f247-41cd-9201-58eebaed257a,False,True
INC-f9f89511,rag_qa_service,staging,2024-02-21T18:00:00,2024-02-21T22:24:00,alerting,SEV1,infra_outage,latency_spike,True,264,35,272c5efc-6f94-41a6-a49e-4398a1df355f,True,True
INC-23d8ada5,fraud_detection,prod,2024-02-21T18:00:00,2024-02-22T01:48:00,user_report,SEV1,external_dependency,latency_spike,True,468,218,f6ff26b7-cdf1-4f34-9ca3-a7414df152bc,False,False
INC-89a27d19,rag_qa_service,staging,2024-02-21T23:00:00,2024-02-21T23:18:00,user_report,SEV2,external_dependency,latency_spike,True,18,15,272c5efc-6f94-41a6-a49e-4398a1df355f,True,False
INC-96506f2b,fraud_detection,prod,2024-02-22T06:00:00,2024-02-22T09:55:00,dashboard,SEV1,infra_outage,latency_spike,True,235,25,f6ff26b7-cdf1-4f34-9ca3-a7414df152bc,False,False
INC-9970066d,rag_qa_service,staging,2024-02-22T19:00:00,2024-02-22T20:26:00,alerting,SEV1,infra_outage,latency_spike,True,86,17,272c5efc-6f94-41a6-a49e-4398a1df355f,False,False
INC-db13a309,rag_qa_service,staging,2024-02-22T22:00:00,2024-02-23T00:34:00,dashboard,SEV2,infra_outage,latency_spike,True,154,16,272c5efc-6f94-41a6-a49e-4398a1df355f,False,True
INC-f0d90321,fraud_detection,prod,2024-02-22T08:00:00,2024-02-23T01:33:00,alerting,SEV2,infra_outage,latency_spike,True,1053,577,f6ff26b7-cdf1-4f34-9ca3-a7414df152bc,False,False
INC-f1bd0cb4,fraud_detection,prod,2024-02-23T08:00:00,2024-02-23T10:59:00,dashboard,SEV2,infra_outage,latency_spike,True,179,61,f6ff26b7-cdf1-4f34-9ca3-a7414df152bc,False,False
INC-6428df85,fraud_detection,prod,2024-02-23T11:00:00,2024-02-23T17:34:00,alerting,SEV1,external_dependency,latency_spike,True,394,147,f6ff26b7-cdf1-4f34-9ca3-a7414df152bc,True,False
INC-54345d09,rag_qa_service,staging,2024-02-23T23:00:00,2024-02-24T01:21:00,dashboard,SEV2,model_bug,error_spike,True,141,76,272c5efc-6f94-41a6-a49e-4398a1df355f,False,False
INC-4bdf254e,fraud_detection,prod,2024-02-23T17:00:00,2024-02-24T00:00:00,user_report,SEV2,infra_outage,latency_spike,True,420,327,f6ff26b7-cdf1-4f34-9ca3-a7414df152bc,True,False
INC-54875196,rag_qa_service,staging,2024-02-24T07:00:00,2024-02-24T18:00:00,alerting,SEV2,infra_outage,latency_spike,True,660,126,272c5efc-6f94-41a6-a49e-4398a1df355f,True,False
INC-4b764da6,fraud_detection,prod,2024-02-24T07:00:00,2024-02-24T16:23:00,dashboard,SEV3,infra_outage,latency_spike,True,563,351,f6ff26b7-cdf1-4f34-9ca3-a7414df152bc,False,False
INC-39d050fa,rag_qa_service,staging,2024-02-24T19:00:00,2024-02-25T01:57:00,alerting,SEV2,infra_outage,latency_spike,True,417,80,272c5efc-6f94-41a6-a49e-4398a1df355f,True,True
INC-b846d416,fraud_detection,prod,2024-02-24T18:00:00,2024-02-25T01:41:00,user_report,SEV2,external_dependency,latency_spike,True,461,220,f6ff26b7-cdf1-4f34-9ca3-a7414df152bc,False,False
INC-6c25a868,fraud_detection,prod,2024-02-25T08:00:00,2024-02-25T16:01:00,user_report,SEV3,external_dependency,latency_spike,True,481,335,f6ff26b7-cdf1-4f34-9ca3-a7414df152bc,True,False
INC-c592943c,rag_qa_service,staging,2024-02-25T10:00:00,2024-02-26T01:43:00,dashboard,SEV3,external_dependency,latency_spike,True,943,193,272c5efc-6f94-41a6-a49e-4398a1df355f,False,False
INC-2bd03181,fraud_detection,prod,2024-02-25T17:00:00,2024-02-26T02:08:00,user_report,SEV2,infra_outage,latency_spike,True,548,291,f6ff26b7-cdf1-4f34-9ca3-a7414df152bc,True,True
INC-df7fb979,fraud_detection,prod,2024-02-26T07:00:00,2024-02-26T14:08:00,dashboard,SEV1,infra_outage,latency_spike,True,428,368,f6ff26b7-cdf1-4f34-9ca3-a7414df152bc,True,True
INC-761ccb85,fraud_detection,prod,2024-02-26T15:00:00,2024-02-26T19:55:00,user_report,SEV3,infra_outage,latency_spike,True,295,80,f6ff26b7-cdf1-4f34-9ca3-a7414df152bc,True,True
INC-879e3f1d,rag_qa_service,dev,2024-02-04T17:00:00,2024-02-04T21:56:00,dashboard,SEV2,external_dependency,latency_spike,True,296,13,1c64b28a-be7b-4e15-a159-788a2065ca3f,False,False
INC-2364f77c,rag_qa_service,dev,2024-02-26T19:00:00,2024-02-27T00:28:00,user_report,SEV1,external_dependency,latency_spike,True,328,5,a047355e-06cf-40be-94da-582131bee13b,True,False
INC-4efc163c,fraud_detection,prod,2024-02-26T18:00:00,2024-02-27T00:55:00,user_report,SEV1,infra_outage,latency_spike,True,415,356,f6ff26b7-cdf1-4f34-9ca3-a7414df152bc,True,True
INC-8c40a90c,rag_qa_service,staging,2024-02-26T09:00:00,2024-02-27T02:38:00,user_report,SEV3,external_dependency,latency_spike,True,1058,253,272c5efc-6f94-41a6-a49e-4398a1df355f,False,False
INC-e785f3e6,fraud_detection,prod,2024-02-27T05:00:00,2024-02-27T07:40:00,alerting,SEV3,infra_outage,latency_spike,True,160,43,f6ff26b7-cdf1-4f34-9ca3-a7414df152bc,True,False
INC-3dfd2a6c,rag_qa_service,dev,2024-02-27T06:00:00,2024-02-27T08:51:00,dashboard,SEV2,external_dependency,latency_spike,True,171,2,a047355e-06cf-40be-94da-582131bee13b,True,False
INC-e6b79fbb,rag_qa_service,dev,2024-02-27T09:00:00,2024-02-27T12:33:00,alerting,SEV2,external_dependency,latency_spike,True,213,8,a047355e-06cf-40be-94da-582131bee13b,False,True
INC-591c6a31,fraud_detection,prod,2024-02-27T09:00:00,2024-02-27T15:52:00,alerting,SEV3,external_dependency,latency_spike,True,412,316,f6ff26b7-cdf1-4f34-9ca3-a7414df152bc,False,False
INC-b28d5a25,rag_qa_service,dev,2024-02-27T16:00:00,2024-02-27T17:46:00,dashboard,SEV3,infra_outage,latency_spike,True,106,2,a047355e-06cf-40be-94da-582131bee13b,True,False
INC-321b2abf,rag_qa_service,dev,2024-02-27T18:00:00,2024-02-27T23:34:00,alerting,SEV2,external_dependency,latency_spike,True,334,13,a047355e-06cf-40be-94da-582131bee13b,True,True
INC-317e0648,rag_qa_service,staging,2024-02-27T06:00:00,2024-02-28T01:46:00,alerting,SEV1,infra_outage,latency_spike,True,1186,284,272c5efc-6f94-41a6-a49e-4398a1df355f,True,False
INC-e79dca63,fraud_detection,prod,2024-02-27T16:00:00,2024-02-27T23:20:00,alerting,SEV3,infra_outage,latency_spike,True,440,360,f6ff26b7-cdf1-4f34-9ca3-a7414df152bc,True,True
INC-b3c0fcc1,rag_qa_service,dev,2024-02-28T11:00:00,2024-02-28T16:52:00,alerting,SEV2,external_dependency,latency_spike,True,352,9,a047355e-06cf-40be-94da-582131bee13b,True,False
INC-bcd59fbc,rag_qa_service,dev,2024-02-28T17:00:00,2024-02-28T23:53:00,user_report,SEV3,infra_outage,latency_spike,True,413,12,a047355e-06cf-40be-94da-582131bee13b,False,True
INC-96fcbb47,energy_forecasting,dev,2024-02-28T20:00:00,2024-02-28T23:46:00,user_report,SEV3,config_error,error_spike,True,226,89,481bc661-7a6a-4429-9f9d-1672ba3dea74,True,True
INC-799097f9,rag_qa_service,staging,2024-02-28T07:00:00,2024-02-29T00:43:00,alerting,SEV2,external_dependency,latency_spike,True,1063,262,272c5efc-6f94-41a6-a49e-4398a1df355f,False,True
INC-cae1cd81,rag_qa_service,dev,2024-02-29T06:00:00,2024-02-29T08:04:00,alerting,SEV3,infra_outage,latency_spike,True,124,4,a047355e-06cf-40be-94da-582131bee13b,True,True
INC-6fc07744,rag_qa_service,dev,2024-02-29T08:00:00,2024-02-29T09:46:00,dashboard,SEV2,external_dependency,latency_spike,True,106,2,a047355e-06cf-40be-94da-582131bee13b,False,False
INC-34ccecae,energy_forecasting,dev,2024-02-29T09:00:00,2024-02-29T15:37:00,alerting,SEV2,infra_outage,latency_spike,True,397,17,481bc661-7a6a-4429-9f9d-1672ba3dea74,True,False
INC-199de887,rag_qa_service,dev,2024-02-29T10:00:00,2024-02-29T14:34:00,alerting,SEV2,external_dependency,latency_spike,True,274,10,a047355e-06cf-40be-94da-582131bee13b,False,False
INC-03f276e9,energy_forecasting,staging,2024-02-29T14:00:00,2024-02-29T15:56:00,user_report,SEV2,external_dependency,latency_spike,True,116,20,ad077007-a017-4d54-a459-42a3d9a81a7e,True,False
INC-3352657b,energy_forecasting,dev,2024-02-29T14:00:00,2024-02-29T17:42:00,alerting,SEV3,infra_outage,latency_spike,True,222,9,481bc661-7a6a-4429-9f9d-1672ba3dea74,True,False
INC-8808aea4,energy_forecasting,staging,2024-02-29T15:00:00,2024-02-29T18:25:00,alerting,SEV2,external_dependency,latency_spike,True,205,22,ad077007-a017-4d54-a459-42a3d9a81a7e,False,False
INC-24078fab,energy_forecasting,staging,2024-02-29T18:00:00,2024-02-29T21:44:00,user_report,SEV2,external_dependency,latency_spike,True,224,17,ad077007-a017-4d54-a459-42a3d9a81a7e,True,True
INC-26f71671,energy_forecasting,staging,2024-02-29T20:00:00,2024-02-29T22:10:00,dashboard,SEV2,external_dependency,latency_spike,True,130,46,ad077007-a017-4d54-a459-42a3d9a81a7e,True,False
INC-981b8210,fraud_detection,dev,2024-02-12T14:00:00,2024-02-12T16:31:00,user_report,SEV2,infra_outage,latency_spike,True,151,10,dccfe362-a380-4163-a83a-3e48eed8382b,True,False
INC-cc4f33bb,energy_forecasting,dev,2024-02-29T17:00:00,2024-02-29T23:58:00,user_report,SEV1,external_dependency,latency_spike,True,418,17,481bc661-7a6a-4429-9f9d-1672ba3dea74,True,False
INC-4ecb3c2a,fraud_detection,staging,2024-01-28T23:00:00,2024-01-30T19:44:00,dashboard,SEV2,data_pipeline_failure,metric_degradation,True,2684,1875,43f37ef1-aaae-4ec5-b621-f4707e6dd0ca,True,False
INC-c9079296,rag_qa_service,dev,2024-02-29T18:00:00,2024-02-29T21:34:00,alerting,SEV2,external_dependency,latency_spike,True,214,11,a047355e-06cf-40be-94da-582131bee13b,True,False
INC-2f6e1f7d,energy_forecasting,staging,2024-02-29T22:00:00,2024-02-29T22:37:00,alerting,SEV3,infra_outage,latency_spike,True,37,36,617854e9-6559-448d-8cc0-1f052343abe5,False,False
INC-bd4dc9f3,fraud_detection,staging,2024-02-29T23:00:00,2024-03-01T00:06:00,dashboard,SEV1,infra_outage,latency_spike,True,66,26,25e0246d-b699-4fd2-b62a-208b67bb2920,False,False
INC-fcfa5a0c,fraud_detection,dev,2024-02-29T22:00:00,2024-03-01T02:19:00,dashboard,SEV1,external_dependency,latency_spike,True,259,1,06261d7b-a3a9-4f87-8900-f0f18068efc0,True,False
INC-b4c65124,energy_forecasting,staging,2024-03-01T06:00:00,2024-03-01T07:39:00,alerting,SEV2,data_pipeline_failure,metric_degradation,True,99,18,617854e9-6559-448d-8cc0-1f052343abe5,True,False
INC-9cd23160,energy_forecasting,dev,2024-03-01T08:00:00,2024-03-01T08:31:00,user_report,SEV2,external_dependency,latency_spike,True,31,8,481bc661-7a6a-4429-9f9d-1672ba3dea74,False,True
INC-76a29bd6,fraud_detection,dev,2024-03-01T06:00:00,2024-03-01T14:58:00,alerting,SEV2,infra_outage,latency_spike,True,538,7,06261d7b-a3a9-4f87-8900-f0f18068efc0,False,True
INC-a9cc7533,fraud_detection,staging,2024-03-01T07:00:00,2024-03-01T14:07:00,dashboard,SEV1,infra_outage,latency_spike,True,427,203,25e0246d-b699-4fd2-b62a-208b67bb2920,False,False
INC-0b3785ee,energy_forecasting,staging,2024-03-01T07:00:00,2024-03-01T16:07:00,user_report,SEV2,data_drift,metric_degradation,True,547,208,617854e9-6559-448d-8cc0-1f052343abe5,True,False
INC-ea4f8efa,energy_forecasting,staging,2024-03-01T15:00:00,2024-03-01T17:14:00,dashboard,SEV2,data_pipeline_failure,metric_degradation,True,134,11,617854e9-6559-448d-8cc0-1f052343abe5,True,True
INC-bdef8bc9,fraud_detection,staging,2024-03-01T15:00:00,2024-03-01T19:29:00,dashboard,SEV1,external_dependency,latency_spike,True,269,39,25e0246d-b699-4fd2-b62a-208b67bb2920,False,True
INC-0f5d4255,energy_forecasting,staging,2024-03-01T17:00:00,2024-03-01T20:19:00,dashboard,SEV2,external_dependency,latency_spike,True,199,32,ad077007-a017-4d54-a459-42a3d9a81a7e,False,False
INC-65de7e00,fraud_detection,dev,2024-03-01T16:00:00,2024-03-01T22:34:00,alerting,SEV2,external_dependency,latency_spike,True,394,6,06261d7b-a3a9-4f87-8900-f0f18068efc0,True,False
INC-d881776a,energy_forecasting,dev,2024-03-01T21:00:00,2024-03-02T00:45:00,user_report,SEV2,external_dependency,latency_spike,True,225,5,481bc661-7a6a-4429-9f9d-1672ba3dea74,False,True
INC-5fd9141d,fraud_detection,staging,2024-03-01T22:00:00,2024-03-02T00:05:00,alerting,SEV1,external_dependency,latency_spike,True,125,47,25e0246d-b699-4fd2-b62a-208b67bb2920,True,False
INC-1df89d5b,fraud_detection,dev,2024-03-01T22:00:00,2024-03-02T00:54:00,dashboard,SEV2,external_dependency,latency_spike,True,174,1,06261d7b-a3a9-4f87-8900-f0f18068efc0,True,False
INC-74e8106b,energy_forecasting,staging,2024-03-01T19:00:00,2024-03-02T01:46:00,user_report,SEV2,infra_outage,latency_spike,True,406,131,ad077007-a017-4d54-a459-42a3d9a81a7e,True,False
INC-2567f8b7,fraud_detection,staging,2024-03-01T23:00:00,2024-03-02T02:43:00,alerting,SEV2,infra_outage,latency_spike,True,223,16,25e0246d-b699-4fd2-b62a-208b67bb2920,True,False
INC-f30cf388,energy_forecasting,staging,2024-03-02T00:00:00,2024-03-02T03:04:00,dashboard,SEV1,data_drift,metric_degradation,True,184,21,617854e9-6559-448d-8cc0-1f052343abe5,False,False
INC-39f34b2e,energy_forecasting,staging,2024-03-02T03:00:00,2024-03-02T05:24:00,dashboard,SEV1,data_pipeline_failure,metric_degradation,True,144,5,617854e9-6559-448d-8cc0-1f052343abe5,False,False
INC-b48558de,energy_forecasting,staging,2024-03-02T04:00:00,2024-03-02T07:09:00,user_report,SEV2,data_drift,metric_degradation,True,189,4,617854e9-6559-448d-8cc0-1f052343abe5,True,False
INC-26c24ccd,energy_forecasting,dev,2024-03-02T06:00:00,2024-03-02T09:16:00,alerting,SEV3,infra_outage,latency_spike,True,196,5,481bc661-7a6a-4429-9f9d-1672ba3dea74,False,False
INC-adf2dce7,energy_forecasting,staging,2024-03-02T06:00:00,2024-03-02T10:20:00,alerting,SEV2,external_dependency,latency_spike,True,260,32,ad077007-a017-4d54-a459-42a3d9a81a7e,False,False
INC-2c1968b2,fraud_detection,staging,2024-03-02T09:00:00,2024-03-02T10:26:00,alerting,SEV2,external_dependency,latency_spike,True,86,15,25e0246d-b699-4fd2-b62a-208b67bb2920,True,True
INC-1a0710eb,energy_forecasting,staging,2024-03-02T08:00:00,2024-03-02T12:57:00,user_report,SEV3,external_dependency,latency_spike,True,297,134,617854e9-6559-448d-8cc0-1f052343abe5,True,True
INC-d7ff2e07,energy_forecasting,dev,2024-03-02T09:00:00,2024-03-02T11:28:00,dashboard,SEV3,infra_outage,latency_spike,True,148,23,481bc661-7a6a-4429-9f9d-1672ba3dea74,True,False
INC-7af24f1b,fraud_detection,staging,2024-03-02T11:00:00,2024-03-02T14:45:00,alerting,SEV2,external_dependency,latency_spike,True,225,87,d8ea992d-4721-41f3-8b14-78f97d45dfef,False,False
INC-ec66916c,fraud_detection,dev,2024-03-02T10:00:00,2024-03-02T14:51:00,alerting,SEV2,external_dependency,latency_spike,True,291,3,06261d7b-a3a9-4f87-8900-f0f18068efc0,True,True
INC-e861af75,energy_forecasting,staging,2024-03-02T12:00:00,2024-03-02T16:41:00,user_report,SEV2,data_pipeline_failure,metric_degradation,True,281,28,617854e9-6559-448d-8cc0-1f052343abe5,True,False
INC-a78ba5a8,fraud_detection,staging,2024-03-02T13:00:00,2024-03-02T15:03:00,alerting,SEV3,infra_outage,latency_spike,True,123,34,25e0246d-b699-4fd2-b62a-208b67bb2920,True,False
INC-7ab921a8,energy_forecasting,dev,2024-03-02T13:00:00,2024-03-02T14:45:00,alerting,SEV2,external_dependency,latency_spike,True,105,3,481bc661-7a6a-4429-9f9d-1672ba3dea74,False,False
INC-8918f776,energy_forecasting,staging,2024-03-02T14:00:00,2024-03-02T17:44:00,dashboard,SEV3,data_pipeline_failure,metric_degradation,True,224,14,617854e9-6559-448d-8cc0-1f052343abe5,False,False
INC-8e82f7c0,fraud_detection,staging,2024-03-02T15:00:00,2024-03-02T16:04:00,alerting,SEV2,infra_outage,latency_spike,True,64,21,25e0246d-b699-4fd2-b62a-208b67bb2920,True,False
INC-1074c78a,fraud_detection,dev,2024-03-02T14:00:00,2024-03-02T15:28:00,dashboard,SEV1,external_dependency,latency_spike,True,88,1,06261d7b-a3a9-4f87-8900-f0f18068efc0,False,False
INC-da970b8a,energy_forecasting,staging,2024-03-02T15:00:00,2024-03-02T16:24:00,user_report,SEV1,data_pipeline_failure,metric_degradation,True,84,11,617854e9-6559-448d-8cc0-1f052343abe5,False,False
INC-a959c556,energy_forecasting,staging,2024-03-02T18:00:00,2024-03-02T18:28:00,user_report,SEV1,infra_outage,latency_spike,True,28,35,ad077007-a017-4d54-a459-42a3d9a81a7e,False,True
INC-c2a9eec3,fraud_detection,staging,2024-03-02T18:00:00,2024-03-02T20:36:00,dashboard,SEV1,infra_outage,latency_spike,True,156,59,25e0246d-b699-4fd2-b62a-208b67bb2920,True,True
INC-b7933b8d,energy_forecasting,dev,2024-03-02T18:00:00,2024-03-02T22:29:00,alerting,SEV2,infra_outage,latency_spike,True,269,16,481bc661-7a6a-4429-9f9d-1672ba3dea74,False,False
INC-00955eec,fraud_detection,staging,2024-03-02T20:00:00,2024-03-02T23:39:00,dashboard,SEV3,external_dependency,latency_spike,True,219,44,25e0246d-b699-4fd2-b62a-208b67bb2920,True,False
INC-d4ecc206,fraud_detection,staging,2024-03-02T21:00:00,2024-03-02T23:47:00,alerting,SEV3,infra_outage,latency_spike,True,167,112,d8ea992d-4721-41f3-8b14-78f97d45dfef,False,False
INC-3857f0b5,fraud_detection,dev,2024-03-02T19:00:00,2024-03-03T01:55:00,alerting,SEV3,infra_outage,latency_spike,True,415,8,06261d7b-a3a9-4f87-8900-f0f18068efc0,False,False
INC-fa45101a,energy_forecasting,staging,2024-03-02T20:00:00,2024-03-03T00:48:00,dashboard,SEV3,external_dependency,latency_spike,True,288,130,ad077007-a017-4d54-a459-42a3d9a81a7e,False,True
INC-b9f17192,energy_forecasting,dev,2024-03-02T23:00:00,2024-03-02T23:33:00,user_report,SEV3,external_dependency,latency_spike,True,33,6,481bc661-7a6a-4429-9f9d-1672ba3dea74,True,False
INC-43b8cc55,energy_forecasting,staging,2024-03-03T01:00:00,2024-03-03T02:28:00,user_report,SEV3,data_drift,metric_degradation,True,88,8,617854e9-6559-448d-8cc0-1f052343abe5,False,False
INC-35848595,energy_forecasting,staging,2024-03-03T04:00:00,2024-03-03T07:39:00,user_report,SEV2,data_pipeline_failure,metric_degradation,True,219,4,617854e9-6559-448d-8cc0-1f052343abe5,False,False
INC-ba81a57a,energy_forecasting,staging,2024-03-03T05:00:00,2024-03-03T08:00:00,alerting,SEV2,data_drift,metric_degradation,True,180,20,617854e9-6559-448d-8cc0-1f052343abe5,True,False
INC-915c5511,fraud_detection,staging,2024-03-03T08:00:00,2024-03-03T08:19:00,user_report,SEV2,external_dependency,latency_spike,True,19,23,25e0246d-b699-4fd2-b62a-208b67bb2920,False,False
INC-f55313cf,energy_forecasting,dev,2024-03-03T08:00:00,2024-03-03T08:39:00,dashboard,SEV1,external_dependency,latency_spike,True,39,11,481bc661-7a6a-4429-9f9d-1672ba3dea74,False,False
INC-87ff6622,energy_forecasting,dev,2024-03-03T09:00:00,2024-03-03T12:22:00,dashboard,SEV3,infra_outage,latency_spike,True,202,6,481bc661-7a6a-4429-9f9d-1672ba3dea74,False,False
INC-0406cfaa,energy_forecasting,staging,2024-03-03T07:00:00,2024-03-03T10:36:00,alerting,SEV2,data_drift,metric_degradation,True,216,94,617854e9-6559-448d-8cc0-1f052343abe5,False,False
INC-bdef90b4,fraud_detection,staging,2024-03-03T10:00:00,2024-03-03T12:35:00,alerting,SEV3,infra_outage,latency_spike,True,155,21,25e0246d-b699-4fd2-b62a-208b67bb2920,True,False
INC-6724d5fc,energy_forecasting,staging,2024-03-03T11:00:00,2024-03-03T12:44:00,dashboard,SEV2,external_dependency,latency_spike,True,104,22,617854e9-6559-448d-8cc0-1f052343abe5,False,False
INC-1e0a1641,energy_forecasting,dev,2024-03-03T10:00:00,2024-03-03T14:09:00,user_report,SEV2,external_dependency,latency_spike,True,249,23,481bc661-7a6a-4429-9f9d-1672ba3dea74,False,False
INC-31e48ad5,fraud_detection,staging,2024-03-03T13:00:00,2024-03-03T15:43:00,dashboard,SEV3,external_dependency,latency_spike,True,163,29,25e0246d-b699-4fd2-b62a-208b67bb2920,True,False
INC-5ef9fc6c,fraud_detection,staging,2024-03-03T14:00:00,2024-03-03T15:56:00,alerting,SEV3,infra_outage,latency_spike,True,116,23,25e0246d-b699-4fd2-b62a-208b67bb2920,False,True
INC-2537256f,energy_forecasting,dev,2024-03-03T15:00:00,2024-03-03T18:48:00,user_report,SEV1,infra_outage,latency_spike,True,228,4,481bc661-7a6a-4429-9f9d-1672ba3dea74,False,False
INC-479b7f36,energy_forecasting,staging,2024-03-03T14:00:00,2024-03-03T18:56:00,user_report,SEV1,data_drift,metric_degradation,True,296,112,617854e9-6559-448d-8cc0-1f052343abe5,False,False
INC-9006815e,energy_forecasting,dev,2024-03-03T16:00:00,2024-03-03T18:33:00,dashboard,SEV2,external_dependency,latency_spike,True,153,5,481bc661-7a6a-4429-9f9d-1672ba3dea74,True,True
INC-dbafaa00,fraud_detection,staging,2024-03-03T18:00:00,2024-03-03T18:16:00,user_report,SEV2,infra_outage,latency_spike,True,16,33,25e0246d-b699-4fd2-b62a-208b67bb2920,False,False
INC-71ccbb67,energy_forecasting,dev,2024-03-03T17:00:00,2024-03-03T22:45:00,user_report,SEV1,external_dependency,latency_spike,True,345,25,481bc661-7a6a-4429-9f9d-1672ba3dea74,False,True
INC-d68c915f,fraud_detection,staging,2024-03-03T19:00:00,2024-03-03T21:05:00,dashboard,SEV3,infra_outage,latency_spike,True,125,38,25e0246d-b699-4fd2-b62a-208b67bb2920,True,True
INC-140dc639,fraud_detection,staging,2024-03-03T20:00:00,2024-03-03T23:50:00,dashboard,SEV2,infra_outage,latency_spike,True,230,51,25e0246d-b699-4fd2-b62a-208b67bb2920,True,False
INC-7253491d,energy_forecasting,staging,2024-03-03T16:00:00,2024-03-03T23:42:00,user_report,SEV2,external_dependency,latency_spike,True,462,171,617854e9-6559-448d-8cc0-1f052343abe5,True,False
INC-3bb792d2,energy_forecasting,dev,2024-03-03T21:00:00,2024-03-03T23:27:00,dashboard,SEV3,external_dependency,latency_spike,True,147,10,9a224063-1d56-4258-8859-9145944b7d8f,True,False
INC-cd60a0ed,fraud_detection,staging,2024-03-03T22:00:00,2024-03-04T01:39:00,dashboard,SEV2,infra_outage,latency_spike,True,219,39,25e0246d-b699-4fd2-b62a-208b67bb2920,False,False
INC-531b1b23,energy_forecasting,dev,2024-03-03T22:00:00,2024-03-04T00:56:00,user_report,SEV2,external_dependency,latency_spike,True,176,5,9a224063-1d56-4258-8859-9145944b7d8f,False,False
INC-ab87f0bb,energy_forecasting,staging,2024-03-03T22:00:00,2024-03-03T23:17:00,dashboard,SEV2,external_dependency,latency_spike,True,77,18,ad077007-a017-4d54-a459-42a3d9a81a7e,False,False
INC-219351e2,energy_forecasting,staging,2024-03-04T00:00:00,2024-03-04T03:29:00,user_report,SEV3,data_drift,metric_degradation,True,209,3,617854e9-6559-448d-8cc0-1f052343abe5,False,False
INC-640e14c8,energy_forecasting,prod,2024-02-09T20:00:00,2024-02-15T16:33:00,alerting,SEV1,external_dependency,latency_spike,True,8433,14016,937d2173-1e81-4b92-a723-f4763972e8e8,False,False
INC-f5537085,energy_forecasting,staging,2024-03-04T03:00:00,2024-03-04T04:13:00,dashboard,SEV1,data_drift,metric_degradation,True,73,7,617854e9-6559-448d-8cc0-1f052343abe5,False,True
INC-fd28f079,energy_forecasting,staging,2024-03-04T05:00:00,2024-03-04T06:29:00,user_report,SEV2,data_pipeline_failure,metric_degradation,True,89,4,617854e9-6559-448d-8cc0-1f052343abe5,True,True
INC-4527c3d1,fraud_detection,staging,2024-03-04T06:00:00,2024-03-04T09:24:00,alerting,SEV3,external_dependency,latency_spike,True,204,11,25e0246d-b699-4fd2-b62a-208b67bb2920,False,False
INC-9bb692d2,fraud_detection,staging,2024-03-04T07:00:00,2024-03-04T09:57:00,dashboard,SEV2,infra_outage,latency_spike,True,177,22,25e0246d-b699-4fd2-b62a-208b67bb2920,True,True
INC-b9f21f7c,energy_forecasting,staging,2024-03-04T06:00:00,2024-03-04T10:18:00,user_report,SEV3,external_dependency,latency_spike,True,258,39,617854e9-6559-448d-8cc0-1f052343abe5,False,False
INC-6da04ef4,energy_forecasting,prod,2024-03-04T08:00:00,2024-03-04T10:47:00,alerting,SEV3,external_dependency,latency_spike,True,167,82,1af65828-1f0a-4893-8527-fefabb9b9ed9,False,False
INC-04a1fab1,fraud_detection,staging,2024-03-04T08:00:00,2024-03-04T12:19:00,user_report,SEV2,infra_outage,latency_spike,True,259,87,25e0246d-b699-4fd2-b62a-208b67bb2920,False,True
INC-70912074,fraud_detection,staging,2024-03-04T10:00:00,2024-03-04T13:16:00,user_report,SEV3,infra_outage,latency_spike,True,196,60,25e0246d-b699-4fd2-b62a-208b67bb2920,True,False
INC-07032698,energy_forecasting,prod,2024-03-04T10:00:00,2024-03-04T11:02:00,user_report,SEV3,infra_outage,latency_spike,True,62,15,1af65828-1f0a-4893-8527-fefabb9b9ed9,False,False
INC-a37430fc,energy_forecasting,dev,2024-03-04T10:00:00,2024-03-04T13:56:00,dashboard,SEV3,external_dependency,latency_spike,True,236,27,481bc661-7a6a-4429-9f9d-1672ba3dea74,False,True
INC-7c566dc9,energy_forecasting,staging,2024-03-04T09:00:00,2024-03-04T15:05:00,user_report,SEV2,external_dependency,latency_spike,True,365,118,617854e9-6559-448d-8cc0-1f052343abe5,False,False
INC-ab70bb4d,fraud_detection,staging,2024-03-04T12:00:00,2024-03-04T15:21:00,user_report,SEV1,external_dependency,latency_spike,True,201,54,d8ea992d-4721-41f3-8b14-78f97d45dfef,False,False
INC-87e0a0b1,energy_forecasting,dev,2024-03-04T13:00:00,2024-03-04T17:39:00,user_report,SEV3,infra_outage,latency_spike,True,279,12,481bc661-7a6a-4429-9f9d-1672ba3dea74,True,True
INC-dc734d61,energy_forecasting,prod,2024-03-04T12:00:00,2024-03-04T16:39:00,dashboard,SEV2,external_dependency,latency_spike,True,279,97,1af65828-1f0a-4893-8527-fefabb9b9ed9,True,False
INC-415e6a7c,energy_forecasting,dev,2024-03-04T15:00:00,2024-03-04T16:29:00,dashboard,SEV2,external_dependency,latency_spike,True,89,6,9a224063-1d56-4258-8859-9145944b7d8f,False,False
INC-49b2bb3b,energy_forecasting,staging,2024-03-04T14:00:00,2024-03-04T17:29:00,dashboard,SEV3,infra_outage,latency_spike,True,209,68,ad077007-a017-4d54-a459-42a3d9a81a7e,False,True
INC-4e82b7c0,fraud_detection,staging,2024-03-04T16:00:00,2024-03-04T16:26:00,dashboard,SEV2,external_dependency,latency_spike,True,26,26,25e0246d-b699-4fd2-b62a-208b67bb2920,False,False
INC-2581a3f0,energy_forecasting,dev,2024-03-04T18:00:00,2024-03-04T18:50:00,alerting,SEV2,infra_outage,latency_spike,True,50,0,f775afd8-1d5b-4e92-be69-23234ba9b3a2,True,True
INC-6defa4ef,energy_forecasting,dev,2024-03-04T18:00:00,2024-03-04T22:50:00,dashboard,SEV2,external_dependency,latency_spike,True,290,7,481bc661-7a6a-4429-9f9d-1672ba3dea74,False,True
INC-cc75797f,fraud_detection,staging,2024-03-04T18:00:00,2024-03-04T20:22:00,dashboard,SEV3,external_dependency,latency_spike,True,142,55,d8ea992d-4721-41f3-8b14-78f97d45dfef,True,False
INC-1246daf7,fraud_detection,staging,2024-03-04T19:00:00,2024-03-04T22:14:00,user_report,SEV3,infra_outage,latency_spike,True,194,60,25e0246d-b699-4fd2-b62a-208b67bb2920,True,False
INC-230d801d,fraud_detection,staging,2024-03-04T21:00:00,2024-03-05T00:43:00,alerting,SEV1,external_dependency,latency_spike,True,223,72,d8ea992d-4721-41f3-8b14-78f97d45dfef,False,True
INC-468a9a14,energy_forecasting,staging,2024-03-04T17:00:00,2024-03-05T00:50:00,dashboard,SEV3,infra_outage,latency_spike,True,470,159,ad077007-a017-4d54-a459-42a3d9a81a7e,False,True
INC-86caf770,energy_forecasting,dev,2024-03-04T21:00:00,2024-03-05T00:03:00,dashboard,SEV1,infra_outage,latency_spike,True,183,26,481bc661-7a6a-4429-9f9d-1672ba3dea74,True,True
INC-8c5879ce,energy_forecasting,dev,2024-03-04T22:00:00,2024-03-05T00:55:00,alerting,SEV2,external_dependency,latency_spike,True,175,0,f775afd8-1d5b-4e92-be69-23234ba9b3a2,True,False
INC-528e7336,energy_forecasting,prod,2024-03-04T18:00:00,2024-03-04T23:51:00,dashboard,SEV3,external_dependency,latency_spike,True,351,450,1af65828-1f0a-4893-8527-fefabb9b9ed9,False,False
INC-fabb331e,energy_forecasting,staging,2024-03-04T22:00:00,2024-03-05T00:47:00,alerting,SEV2,infra_outage,latency_spike,True,167,20,617854e9-6559-448d-8cc0-1f052343abe5,True,False
INC-c5bc6ae6,rag_qa_service,staging,2024-02-29T06:00:00,2024-02-29T23:42:00,alerting,SEV2,infra_outage,latency_spike,True,1062,278,272c5efc-6f94-41a6-a49e-4398a1df355f,True,True
INC-f3fbf93d,energy_forecasting,staging,2024-03-04T23:00:00,2024-03-05T02:07:00,dashboard,SEV2,external_dependency,latency_spike,True,187,18,617854e9-6559-448d-8cc0-1f052343abe5,True,True
INC-36a3f1f9,energy_forecasting,dev,2024-03-04T23:00:00,2024-03-05T00:44:00,dashboard,SEV2,external_dependency,latency_spike,True,104,1,f775afd8-1d5b-4e92-be69-23234ba9b3a2,True,False
INC-ce558a5d,fraud_detection,staging,2024-03-04T23:00:00,2024-03-05T01:14:00,alerting,SEV3,external_dependency,latency_spike,True,134,17,25e0246d-b699-4fd2-b62a-208b67bb2920,True,False
INC-21063b5b,energy_forecasting,staging,2024-03-05T02:00:00,2024-03-05T02:45:00,alerting,SEV2,data_drift,metric_degradation,True,45,0,617854e9-6559-448d-8cc0-1f052343abe5,False,True
INC-423cfe0f,energy_forecasting,staging,2024-03-05T05:00:00,2024-03-05T07:30:00,user_report,SEV3,data_pipeline_failure,metric_degradation,True,150,4,617854e9-6559-448d-8cc0-1f052343abe5,True,False
INC-e45063a8,energy_forecasting,staging,2024-03-05T06:00:00,2024-03-05T08:40:00,user_report,SEV3,external_dependency,latency_spike,True,160,14,617854e9-6559-448d-8cc0-1f052343abe5,True,False
INC-3dd2522d,fraud_detection,staging,2024-03-05T06:00:00,2024-03-05T07:14:00,alerting,SEV3,infra_outage,latency_spike,True,74,20,25e0246d-b699-4fd2-b62a-208b67bb2920,False,False
INC-7872d569,energy_forecasting,dev,2024-03-05T06:00:00,2024-03-05T08:44:00,user_report,SEV3,external_dependency,latency_spike,True,164,0,f775afd8-1d5b-4e92-be69-23234ba9b3a2,True,True
INC-56a8b5fd,fraud_detection,staging,2024-03-05T09:00:00,2024-03-05T10:04:00,alerting,SEV3,external_dependency,latency_spike,True,64,22,25e0246d-b699-4fd2-b62a-208b67bb2920,False,False
INC-77ca1d22,energy_forecasting,dev,2024-03-05T08:00:00,2024-03-05T11:27:00,alerting,SEV2,external_dependency,latency_spike,True,207,29,9a224063-1d56-4258-8859-9145944b7d8f,False,False
INC-cc990e80,fraud_detection,staging,2024-03-05T10:00:00,2024-03-05T11:17:00,user_report,SEV3,external_dependency,latency_spike,True,77,32,25e0246d-b699-4fd2-b62a-208b67bb2920,False,False
INC-61a5cffb,energy_forecasting,dev,2024-03-05T10:00:00,2024-03-05T13:31:00,dashboard,SEV3,infra_outage,latency_spike,True,211,18,f775afd8-1d5b-4e92-be69-23234ba9b3a2,True,True
INC-d5d06d6e,fraud_detection,staging,2024-03-05T11:00:00,2024-03-05T14:30:00,alerting,SEV3,external_dependency,latency_spike,True,210,58,25e0246d-b699-4fd2-b62a-208b67bb2920,True,False
INC-82148f41,energy_forecasting,dev,2024-03-05T13:00:00,2024-03-05T13:55:00,alerting,SEV1,external_dependency,latency_spike,True,55,1,f775afd8-1d5b-4e92-be69-23234ba9b3a2,True,False
INC-e0ff12af,fraud_detection,dev,2024-03-03T08:00:00,2024-03-05T17:30:00,dashboard,SEV2,infra_outage,latency_spike,True,3450,110,06261d7b-a3a9-4f87-8900-f0f18068efc0,True,False
INC-39ed4390,fraud_detection,staging,2024-03-05T14:00:00,2024-03-05T14:21:00,alerting,SEV3,model_bug,error_spike,True,21,520,25e0246d-b699-4fd2-b62a-208b67bb2920,False,False
INC-a4a7b09e,fraud_detection,staging,2024-03-05T15:00:00,2024-03-05T16:13:00,dashboard,SEV1,external_dependency,latency_spike,True,73,13,25e0246d-b699-4fd2-b62a-208b67bb2920,False,False
INC-7ae7080f,energy_forecasting,dev,2024-03-05T16:00:00,2024-03-05T18:14:00,dashboard,SEV3,external_dependency,latency_spike,True,134,5,f775afd8-1d5b-4e92-be69-23234ba9b3a2,False,True
INC-9068b8a3,fraud_detection,dev,2024-03-05T16:00:00,2024-03-05T19:10:00,user_report,SEV3,data_drift,metric_degradation,True,190,2,06261d7b-a3a9-4f87-8900-f0f18068efc0,False,False
INC-9f0e5810,energy_forecasting,staging,2024-03-05T07:00:00,2024-03-05T17:12:00,dashboard,SEV2,infra_outage,latency_spike,True,612,163,617854e9-6559-448d-8cc0-1f052343abe5,True,True
INC-4549d364,fraud_detection,dev,2024-03-05T17:00:00,2024-03-05T21:55:00,alerting,SEV2,data_pipeline_failure,metric_degradation,True,295,6,06261d7b-a3a9-4f87-8900-f0f18068efc0,True,False
INC-c1a5bb5e,energy_forecasting,dev,2024-03-05T17:00:00,2024-03-05T22:22:00,dashboard,SEV1,infra_outage,latency_spike,True,322,33,f775afd8-1d5b-4e92-be69-23234ba9b3a2,True,False
INC-717ef480,energy_forecasting,dev,2024-03-05T20:00:00,2024-03-05T23:43:00,dashboard,SEV3,infra_outage,latency_spike,True,223,60,9a224063-1d56-4258-8859-9145944b7d8f,False,True
INC-bdbcf4cb,fraud_detection,dev,2024-03-05T20:00:00,2024-03-05T23:18:00,user_report,SEV2,external_dependency,latency_spike,True,198,15,2cd8ecf0-67d0-442d-812b-1cc8e36f711c,False,True
INC-618fde4a,energy_forecasting,prod,2024-03-05T22:00:00,2024-03-06T01:22:00,user_report,SEV3,external_dependency,latency_spike,True,202,29,1af65828-1f0a-4893-8527-fefabb9b9ed9,False,False
INC-651e31b7,fraud_detection,staging,2024-03-05T16:00:00,2024-03-06T00:39:00,alerting,SEV1,infra_outage,latency_spike,True,519,817,25e0246d-b699-4fd2-b62a-208b67bb2920,True,True
INC-b2ff3535,fraud_detection,dev,2024-03-06T00:00:00,2024-03-06T01:16:00,dashboard,SEV1,data_pipeline_failure,metric_degradation,True,76,1,06261d7b-a3a9-4f87-8900-f0f18068efc0,True,False
INC-e7c3a094,fraud_detection,staging,2024-03-06T00:00:00,2024-03-06T02:47:00,alerting,SEV3,external_dependency,latency_spike,True,167,4,25e0246d-b699-4fd2-b62a-208b67bb2920,False,False
INC-d2501690,fraud_detection,staging,2024-03-06T02:00:00,2024-03-06T04:44:00,dashboard,SEV2,external_dependency,latency_spike,True,164,16,25e0246d-b699-4fd2-b62a-208b67bb2920,False,True
INC-09d54451,fraud_detection,dev,2024-03-06T04:00:00,2024-03-06T05:15:00,alerting,SEV3,data_pipeline_failure,metric_degradation,True,75,1,06261d7b-a3a9-4f87-8900-f0f18068efc0,False,True
INC-5ef2b7be,energy_forecasting,dev,2024-03-06T06:00:00,2024-03-06T09:57:00,user_report,SEV1,infra_outage,latency_spike,True,237,11,f775afd8-1d5b-4e92-be69-23234ba9b3a2,False,False
INC-cca4e303,fraud_detection,dev,2024-03-06T05:00:00,2024-03-06T07:01:00,dashboard,SEV1,data_pipeline_failure,metric_degradation,True,121,4,06261d7b-a3a9-4f87-8900-f0f18068efc0,True,False
INC-a7521131,energy_forecasting,staging,2024-03-06T06:00:00,2024-03-06T09:01:00,user_report,SEV2,external_dependency,latency_spike,True,181,12,ad077007-a017-4d54-a459-42a3d9a81a7e,False,False
INC-10a47649,energy_forecasting,dev,2024-03-06T07:00:00,2024-03-06T09:08:00,dashboard,SEV1,data_pipeline_failure,metric_degradation,True,128,10,9a224063-1d56-4258-8859-9145944b7d8f,False,False
INC-b110132a,fraud_detection,dev,2024-03-06T07:00:00,2024-03-06T10:44:00,user_report,SEV2,data_drift,metric_degradation,True,224,3,06261d7b-a3a9-4f87-8900-f0f18068efc0,True,False
INC-fdfb2a9f,fraud_detection,dev,2024-03-06T09:00:00,2024-03-06T11:31:00,alerting,SEV1,infra_outage,latency_spike,True,151,6,06261d7b-a3a9-4f87-8900-f0f18068efc0,True,False
INC-81aa88ee,energy_forecasting,prod,2024-03-06T08:00:00,2024-03-06T11:45:00,alerting,SEV3,external_dependency,latency_spike,True,225,190,1af65828-1f0a-4893-8527-fefabb9b9ed9,True,False
INC-9d0d43d9,energy_forecasting,staging,2024-03-06T08:00:00,2024-03-06T15:35:00,alerting,SEV3,external_dependency,latency_spike,True,455,105,ad077007-a017-4d54-a459-42a3d9a81a7e,True,False
INC-b079cf03,energy_forecasting,prod,2024-03-06T12:00:00,2024-03-06T13:46:00,alerting,SEV3,external_dependency,latency_spike,True,106,63,1af65828-1f0a-4893-8527-fefabb9b9ed9,False,True
INC-7340a5de,fraud_detection,dev,2024-03-06T11:00:00,2024-03-06T16:10:00,alerting,SEV2,external_dependency,latency_spike,True,310,6,2cd8ecf0-67d0-442d-812b-1cc8e36f711c,False,True
INC-da8aa482,energy_forecasting,dev,2024-03-06T08:00:00,2024-03-06T15:18:00,user_report,SEV3,external_dependency,latency_spike,True,438,224,f775afd8-1d5b-4e92-be69-23234ba9b3a2,False,False
INC-ac2d75e9,fraud_detection,dev,2024-03-06T14:00:00,2024-03-06T15:22:00,alerting,SEV2,infra_outage,latency_spike,True,82,6,06261d7b-a3a9-4f87-8900-f0f18068efc0,True,False
INC-71255551,energy_forecasting,prod,2024-03-06T18:00:00,2024-03-06T20:26:00,user_report,SEV2,infra_outage,latency_spike,True,146,0,1af65828-1f0a-4893-8527-fefabb9b9ed9,True,False
INC-b3878878,energy_forecasting,staging,2024-03-06T18:00:00,2024-03-07T00:52:00,dashboard,SEV2,external_dependency,latency_spike,True,412,292,ad077007-a017-4d54-a459-42a3d9a81a7e,True,False
INC-e1a56f92,fraud_detection,dev,2024-03-06T18:00:00,2024-03-07T02:18:00,alerting,SEV1,infra_outage,latency_spike,True,498,21,2cd8ecf0-67d0-442d-812b-1cc8e36f711c,False,False
INC-469dd580,energy_forecasting,dev,2024-03-06T15:00:00,2024-03-07T01:58:00,alerting,SEV1,data_drift,metric_degradation,True,658,183,9a224063-1d56-4258-8859-9145944b7d8f,False,False
INC-054b7b53,fraud_detection,staging,2024-03-06T06:00:00,2024-03-07T01:51:00,user_report,SEV1,infra_outage,latency_spike,True,1191,1574,25e0246d-b699-4fd2-b62a-208b67bb2920,True,False
INC-0cb3ed34,energy_forecasting,prod,2024-03-06T22:00:00,2024-03-07T01:57:00,dashboard,SEV2,external_dependency,latency_spike,True,237,100,1af65828-1f0a-4893-8527-fefabb9b9ed9,True,False
INC-7ed8122b,fraud_detection,staging,2024-03-07T00:00:00,2024-03-07T01:40:00,user_report,SEV1,data_pipeline_failure,metric_degradation,True,100,14,d8ea992d-4721-41f3-8b14-78f97d45dfef,True,False
INC-1e9ee61e,energy_forecasting,dev,2024-03-07T01:00:00,2024-03-07T01:49:00,user_report,SEV1,external_dependency,error_spike,True,49,30,481bc661-7a6a-4429-9f9d-1672ba3dea74,False,False
INC-fdddf377,energy_forecasting,dev,2024-03-07T02:00:00,2024-03-07T05:02:00,alerting,SEV2,infra_outage,latency_spike,True,182,4,481bc661-7a6a-4429-9f9d-1672ba3dea74,True,False
INC-b3e2d05e,fraud_detection,staging,2024-03-07T01:00:00,2024-03-07T03:01:00,alerting,SEV2,data_drift,metric_degradation,True,121,24,d8ea992d-4721-41f3-8b14-78f97d45dfef,False,True
INC-ae0abb0c,fraud_detection,dev,2024-03-07T01:00:00,2024-03-07T02:45:00,alerting,SEV2,data_drift,metric_degradation,True,105,1,06261d7b-a3a9-4f87-8900-f0f18068efc0,False,False
INC-299dafbe,energy_forecasting,dev,2024-03-07T02:00:00,2024-03-07T03:47:00,dashboard,SEV3,data_drift,metric_degradation,True,107,11,9a224063-1d56-4258-8859-9145944b7d8f,True,False
INC-b09d2ff7,fraud_detection,dev,2024-03-07T02:00:00,2024-03-07T05:14:00,user_report,SEV2,data_pipeline_failure,metric_degradation,True,194,11,06261d7b-a3a9-4f87-8900-f0f18068efc0,False,False
INC-2190e181,fraud_detection,staging,2024-03-07T03:00:00,2024-03-07T05:05:00,dashboard,SEV1,data_pipeline_failure,metric_degradation,True,125,22,d8ea992d-4721-41f3-8b14-78f97d45dfef,True,False
INC-d2ea4ff5,fraud_detection,dev,2024-03-07T04:00:00,2024-03-07T07:38:00,dashboard,SEV2,data_drift,metric_degradation,True,218,0,06261d7b-a3a9-4f87-8900-f0f18068efc0,True,False
INC-a13c37be,energy_forecasting,dev,2024-03-07T04:00:00,2024-03-07T07:26:00,user_report,SEV3,infra_outage,latency_spike,True,206,3,481bc661-7a6a-4429-9f9d-1672ba3dea74,True,True
INC-d546de8d,fraud_detection,staging,2024-03-07T04:00:00,2024-03-07T07:33:00,user_report,SEV1,data_pipeline_failure,metric_degradation,True,213,40,d8ea992d-4721-41f3-8b14-78f97d45dfef,False,False
INC-9fa71a6d,energy_forecasting,dev,2024-03-07T06:00:00,2024-03-07T10:05:00,dashboard,SEV1,data_drift,metric_degradation,True,245,15,9a224063-1d56-4258-8859-9145944b7d8f,True,False
INC-014b0fb2,energy_forecasting,dev,2024-03-07T08:00:00,2024-03-07T11:04:00,dashboard,SEV3,data_drift,metric_degradation,True,184,32,9a224063-1d56-4258-8859-9145944b7d8f,True,False
INC-2f9c1e0c,energy_forecasting,dev,2024-03-07T09:00:00,2024-03-07T12:29:00,alerting,SEV2,external_dependency,latency_spike,True,209,7,481bc661-7a6a-4429-9f9d-1672ba3dea74,True,False
INC-9ad7b9ce,energy_forecasting,prod,2024-03-07T09:00:00,2024-03-07T12:14:00,user_report,SEV3,external_dependency,latency_spike,True,194,0,1af65828-1f0a-4893-8527-fefabb9b9ed9,True,False
INC-217babae,fraud_detection,dev,2024-03-07T05:00:00,2024-03-07T10:52:00,user_report,SEV1,data_pipeline_failure,metric_degradation,True,352,15,06261d7b-a3a9-4f87-8900-f0f18068efc0,False,False
INC-f33d9226,energy_forecasting,dev,2024-03-07T10:00:00,2024-03-07T13:17:00,user_report,SEV2,infra_outage,latency_spike,True,197,35,f775afd8-1d5b-4e92-be69-23234ba9b3a2,False,False
INC-c0cca3a2,energy_forecasting,dev,2024-03-07T12:00:00,2024-03-07T12:33:00,user_report,SEV1,infra_outage,latency_spike,True,33,17,481bc661-7a6a-4429-9f9d-1672ba3dea74,False,True
INC-f03bccb1,fraud_detection,dev,2024-03-07T11:00:00,2024-03-07T12:28:00,alerting,SEV2,external_dependency,latency_spike,True,88,2,06261d7b-a3a9-4f87-8900-f0f18068efc0,False,False
INC-535f9e89,energy_forecasting,dev,2024-03-07T12:00:00,2024-03-07T13:48:00,dashboard,SEV2,external_dependency,latency_spike,True,108,12,f775afd8-1d5b-4e92-be69-23234ba9b3a2,False,False
INC-733aab68,energy_forecasting,prod,2024-03-07T11:00:00,2024-03-07T13:43:00,alerting,SEV3,infra_outage,latency_spike,True,163,138,1af65828-1f0a-4893-8527-fefabb9b9ed9,True,False
INC-73f0a6ba,energy_forecasting,dev,2024-03-07T13:00:00,2024-03-07T14:16:00,user_report,SEV2,external_dependency,latency_spike,True,76,21,481bc661-7a6a-4429-9f9d-1672ba3dea74,False,True
INC-d894a7bf,energy_forecasting,staging,2024-03-07T06:00:00,2024-03-07T16:59:00,user_report,SEV3,infra_outage,latency_spike,True,659,86,ad077007-a017-4d54-a459-42a3d9a81a7e,True,True
INC-03230d5c,fraud_detection,dev,2024-03-07T12:00:00,2024-03-07T16:53:00,user_report,SEV2,external_dependency,latency_spike,True,293,22,06261d7b-a3a9-4f87-8900-f0f18068efc0,True,False
INC-6752c49f,energy_forecasting,dev,2024-03-07T16:00:00,2024-03-07T19:51:00,alerting,SEV2,data_drift,metric_degradation,True,231,9,9a224063-1d56-4258-8859-9145944b7d8f,False,False
INC-3f309b60,fraud_detection,dev,2024-03-07T16:00:00,2024-03-07T20:44:00,dashboard,SEV2,infra_outage,latency_spike,True,284,4,06261d7b-a3a9-4f87-8900-f0f18068efc0,True,False
INC-d69f5b9c,energy_forecasting,dev,2024-03-07T17:00:00,2024-03-07T19:22:00,dashboard,SEV3,infra_outage,latency_spike,True,142,17,9a224063-1d56-4258-8859-9145944b7d8f,False,False
INC-eb855471,energy_forecasting,staging,2024-03-07T16:00:00,2024-03-07T18:03:00,alerting,SEV1,external_dependency,latency_spike,True,123,11,ad077007-a017-4d54-a459-42a3d9a81a7e,True,False
INC-e7947cc7,energy_forecasting,dev,2024-03-07T18:00:00,2024-03-07T18:52:00,dashboard,SEV2,infra_outage,latency_spike,True,52,15,9a224063-1d56-4258-8859-9145944b7d8f,False,False
INC-c700d058,energy_forecasting,prod,2024-03-07T17:00:00,2024-03-07T19:10:00,alerting,SEV3,external_dependency,latency_spike,True,130,317,1af65828-1f0a-4893-8527-fefabb9b9ed9,True,False
INC-518907f5,fraud_detection,dev,2024-03-07T18:00:00,2024-03-07T19:28:00,user_report,SEV2,external_dependency,latency_spike,True,88,6,06261d7b-a3a9-4f87-8900-f0f18068efc0,False,False
INC-0ff92429,energy_forecasting,dev,2024-03-07T19:00:00,2024-03-07T20:53:00,dashboard,SEV1,external_dependency,latency_spike,True,113,13,9a224063-1d56-4258-8859-9145944b7d8f,False,True
INC-ddd07c0d,fraud_detection,dev,2024-03-07T20:00:00,2024-03-08T00:29:00,user_report,SEV2,infra_outage,latency_spike,True,269,8,2cd8ecf0-67d0-442d-812b-1cc8e36f711c,True,True
INC-2bbf663c,fraud_detection,dev,2024-03-07T22:00:00,2024-03-08T01:16:00,alerting,SEV2,external_dependency,latency_spike,True,196,4,06261d7b-a3a9-4f87-8900-f0f18068efc0,True,False
INC-805b5b14,energy_forecasting,dev,2024-03-07T19:00:00,2024-03-08T00:43:00,dashboard,SEV3,external_dependency,latency_spike,True,343,92,481bc661-7a6a-4429-9f9d-1672ba3dea74,True,False
INC-8b0dc44d,energy_forecasting,prod,2024-03-07T21:00:00,2024-03-07T23:52:00,dashboard,SEV1,external_dependency,latency_spike,True,172,169,1af65828-1f0a-4893-8527-fefabb9b9ed9,True,False
INC-2348bb29,energy_forecasting,staging,2024-03-07T19:00:00,2024-03-08T00:35:00,dashboard,SEV1,external_dependency,latency_spike,True,335,66,ad077007-a017-4d54-a459-42a3d9a81a7e,True,False
INC-5e27ef51,energy_forecasting,dev,2024-03-07T23:00:00,2024-03-08T01:18:00,user_report,SEV3,external_dependency,latency_spike,True,138,12,481bc661-7a6a-4429-9f9d-1672ba3dea74,False,False
INC-effa4818,energy_forecasting,dev,2024-03-08T00:00:00,2024-03-08T03:00:00,dashboard,SEV3,infra_outage,latency_spike,True,180,9,481bc661-7a6a-4429-9f9d-1672ba3dea74,True,True
INC-22a643b0,energy_forecasting,dev,2024-03-08T01:00:00,2024-03-08T02:55:00,user_report,SEV2,infra_outage,latency_spike,True,115,8,481bc661-7a6a-4429-9f9d-1672ba3dea74,False,False
INC-acf852ba,fraud_detection,dev,2024-03-08T01:00:00,2024-03-08T03:11:00,dashboard,SEV1,data_pipeline_failure,metric_degradation,True,131,0,06261d7b-a3a9-4f87-8900-f0f18068efc0,False,True
INC-201d3c96,energy_forecasting,dev,2024-03-08T02:00:00,2024-03-08T03:39:00,dashboard,SEV2,data_pipeline_failure,metric_degradation,True,99,4,9a224063-1d56-4258-8859-9145944b7d8f,True,False
INC-c4059f04,fraud_detection,dev,2024-03-08T02:00:00,2024-03-08T04:18:00,alerting,SEV2,external_dependency,latency_spike,True,138,2,06261d7b-a3a9-4f87-8900-f0f18068efc0,True,False
INC-a09c8753,fraud_detection,dev,2024-03-08T03:00:00,2024-03-08T05:19:00,dashboard,SEV2,data_pipeline_failure,metric_degradation,True,139,1,06261d7b-a3a9-4f87-8900-f0f18068efc0,False,True
INC-2a6a32b5,fraud_detection,dev,2024-03-08T04:00:00,2024-03-08T06:01:00,alerting,SEV2,external_dependency,latency_spike,True,121,2,06261d7b-a3a9-4f87-8900-f0f18068efc0,False,False
INC-abdfcc4b,energy_forecasting,dev,2024-03-08T04:00:00,2024-03-08T06:44:00,user_report,SEV2,data_drift,metric_degradation,True,164,7,9a224063-1d56-4258-8859-9145944b7d8f,False,False
INC-e6ed1eba,fraud_detection,dev,2024-03-08T05:00:00,2024-03-08T06:44:00,dashboard,SEV3,external_dependency,latency_spike,True,104,1,06261d7b-a3a9-4f87-8900-f0f18068efc0,False,True
INC-3d0e26c7,energy_forecasting,dev,2024-03-08T06:00:00,2024-03-08T08:23:00,user_report,SEV2,data_pipeline_failure,metric_degradation,True,143,23,9a224063-1d56-4258-8859-9145944b7d8f,False,True
INC-84ddcebe,fraud_detection,dev,2024-03-08T06:00:00,2024-03-08T09:04:00,user_report,SEV2,infra_outage,latency_spike,True,184,2,06261d7b-a3a9-4f87-8900-f0f18068efc0,False,False
INC-c4dcbf8f,energy_forecasting,dev,2024-03-08T07:00:00,2024-03-08T07:56:00,alerting,SEV1,infra_outage,latency_spike,True,56,22,481bc661-7a6a-4429-9f9d-1672ba3dea74,True,False
INC-d26911e7,energy_forecasting,dev,2024-03-08T08:00:00,2024-03-08T10:01:00,user_report,SEV2,external_dependency,latency_spike,True,121,11,481bc661-7a6a-4429-9f9d-1672ba3dea74,True,True
INC-08907460,energy_forecasting,dev,2024-03-08T09:00:00,2024-03-08T11:17:00,user_report,SEV3,infra_outage,latency_spike,True,137,7,de29e7d4-9ddc-48bb-a6fd-9e1564bfb89e,False,False
INC-90e8f176,energy_forecasting,dev,2024-03-08T10:00:00,2024-03-08T11:20:00,dashboard,SEV1,infra_outage,latency_spike,True,80,5,f775afd8-1d5b-4e92-be69-23234ba9b3a2,True,False
INC-8c761e33,energy_forecasting,dev,2024-03-08T10:00:00,2024-03-08T10:37:00,alerting,SEV3,external_dependency,latency_spike,True,37,16,9a224063-1d56-4258-8859-9145944b7d8f,True,False
INC-d759dd6e,energy_forecasting,prod,2024-03-08T08:00:00,2024-03-08T10:52:00,user_report,SEV1,infra_outage,latency_spike,True,172,293,1af65828-1f0a-4893-8527-fefabb9b9ed9,True,False
INC-0a204a78,energy_forecasting,dev,2024-03-08T11:00:00,2024-03-08T11:56:00,dashboard,SEV2,external_dependency,latency_spike,True,56,19,de29e7d4-9ddc-48bb-a6fd-9e1564bfb89e,False,False
INC-15c68358,fraud_detection,dev,2024-03-08T07:00:00,2024-03-08T13:10:00,user_report,SEV2,external_dependency,latency_spike,True,370,20,06261d7b-a3a9-4f87-8900-f0f18068efc0,False,False
INC-ee45b5f1,energy_forecasting,dev,2024-03-08T12:00:00,2024-03-08T14:19:00,user_report,SEV2,data_drift,metric_degradation,True,139,18,9a224063-1d56-4258-8859-9145944b7d8f,True,False
INC-5a1d0f50,energy_forecasting,prod,2024-03-08T13:00:00,2024-03-08T15:30:00,dashboard,SEV2,external_dependency,latency_spike,True,150,175,1af65828-1f0a-4893-8527-fefabb9b9ed9,True,False
INC-3113e43c,energy_forecasting,dev,2024-03-08T14:00:00,2024-03-08T15:29:00,dashboard,SEV1,data_pipeline_failure,metric_degradation,True,89,6,9a224063-1d56-4258-8859-9145944b7d8f,True,False
INC-2eb11e93,energy_forecasting,dev,2024-03-08T15:00:00,2024-03-08T18:54:00,alerting,SEV2,external_dependency,latency_spike,True,234,1,de29e7d4-9ddc-48bb-a6fd-9e1564bfb89e,False,False
INC-385c39fb,energy_forecasting,dev,2024-03-08T15:00:00,2024-03-08T19:52:00,alerting,SEV2,data_pipeline_failure,metric_degradation,True,292,22,9a224063-1d56-4258-8859-9145944b7d8f,True,True
INC-dea09917,fraud_detection,dev,2024-03-08T16:00:00,2024-03-08T18:00:00,user_report,SEV3,infra_outage,latency_spike,True,120,2,06261d7b-a3a9-4f87-8900-f0f18068efc0,False,False
INC-ddf195f0,energy_forecasting,dev,2024-03-08T16:00:00,2024-03-08T17:00:00,dashboard,SEV2,external_dependency,latency_spike,True,60,5,481bc661-7a6a-4429-9f9d-1672ba3dea74,True,False
INC-5d805727,energy_forecasting,dev,2024-03-08T17:00:00,2024-03-08T21:24:00,alerting,SEV3,data_pipeline_failure,metric_degradation,True,264,21,9a224063-1d56-4258-8859-9145944b7d8f,False,False
INC-8a302b19,energy_forecasting,dev,2024-03-08T18:00:00,2024-03-08T21:41:00,alerting,SEV2,infra_outage,latency_spike,True,221,41,de29e7d4-9ddc-48bb-a6fd-9e1564bfb89e,False,False
INC-27160195,energy_forecasting,dev,2024-03-08T20:00:00,2024-03-08T21:06:00,alerting,SEV3,infra_outage,latency_spike,True,66,13,9a224063-1d56-4258-8859-9145944b7d8f,True,True
INC-15f6988f,energy_forecasting,dev,2024-03-08T21:00:00,2024-03-09T00:37:00,dashboard,SEV3,infra_outage,latency_spike,True,217,16,481bc661-7a6a-4429-9f9d-1672ba3dea74,False,True
INC-460580fe,fraud_detection,dev,2024-03-08T17:00:00,2024-03-08T21:40:00,alerting,SEV3,infra_outage,latency_spike,True,280,19,06261d7b-a3a9-4f87-8900-f0f18068efc0,False,True
INC-e10c0e93,energy_forecasting,dev,2024-03-08T21:00:00,2024-03-08T21:48:00,dashboard,SEV2,external_dependency,latency_spike,True,48,10,9a224063-1d56-4258-8859-9145944b7d8f,False,False
INC-28883cc6,energy_forecasting,dev,2024-03-08T22:00:00,2024-03-08T23:50:00,dashboard,SEV1,infra_outage,latency_spike,True,110,16,f775afd8-1d5b-4e92-be69-23234ba9b3a2,True,False
INC-77fcde28,fraud_detection,dev,2024-03-08T23:00:00,2024-03-09T01:43:00,alerting,SEV1,external_dependency,latency_spike,True,163,1,06261d7b-a3a9-4f87-8900-f0f18068efc0,True,True
INC-6a4bfe23,energy_forecasting,dev,2024-03-08T23:00:00,2024-03-09T02:17:00,user_report,SEV2,infra_outage,latency_spike,True,197,1,f775afd8-1d5b-4e92-be69-23234ba9b3a2,False,False
INC-1193df3f,energy_forecasting,dev,2024-03-09T00:00:00,2024-03-09T03:27:00,user_report,SEV2,data_pipeline_failure,metric_degradation,True,207,3,9a224063-1d56-4258-8859-9145944b7d8f,True,True
INC-0f398363,fraud_detection,dev,2024-03-09T00:00:00,2024-03-09T03:47:00,user_report,SEV1,data_drift,metric_degradation,True,227,2,06261d7b-a3a9-4f87-8900-f0f18068efc0,True,False
INC-f94f794c,fraud_detection,dev,2024-03-09T02:00:00,2024-03-09T04:56:00,dashboard,SEV2,infra_outage,latency_spike,True,176,1,06261d7b-a3a9-4f87-8900-f0f18068efc0,True,False
INC-c3e8062c,energy_forecasting,dev,2024-03-09T01:00:00,2024-03-09T03:51:00,user_report,SEV3,data_pipeline_failure,metric_degradation,True,171,6,9a224063-1d56-4258-8859-9145944b7d8f,False,True
INC-e8ce15b0,energy_forecasting,dev,2024-03-09T02:00:00,2024-03-09T04:44:00,alerting,SEV1,external_dependency,latency_spike,True,164,7,481bc661-7a6a-4429-9f9d-1672ba3dea74,False,False
INC-ce0b4de2,energy_forecasting,dev,2024-03-09T03:00:00,2024-03-09T03:26:00,dashboard,SEV3,data_drift,metric_degradation,True,26,1,481bc661-7a6a-4429-9f9d-1672ba3dea74,True,True
INC-3869fc6f,fraud_detection,dev,2024-03-09T03:00:00,2024-03-09T05:45:00,dashboard,SEV3,data_drift,metric_degradation,True,165,1,06261d7b-a3a9-4f87-8900-f0f18068efc0,True,True
INC-63b664c9,energy_forecasting,dev,2024-03-09T03:00:00,2024-03-09T03:17:00,dashboard,SEV2,data_pipeline_failure,metric_degradation,True,17,5,9a224063-1d56-4258-8859-9145944b7d8f,False,False
INC-4ba0bc8f,energy_forecasting,dev,2024-03-09T04:00:00,2024-03-09T08:31:00,dashboard,SEV2,data_pipeline_failure,metric_degradation,True,271,2,481bc661-7a6a-4429-9f9d-1672ba3dea74,False,False
INC-08d7240b,fraud_detection,dev,2024-03-09T04:00:00,2024-03-09T07:36:00,alerting,SEV2,infra_outage,latency_spike,True,216,2,06261d7b-a3a9-4f87-8900-f0f18068efc0,False,True
INC-d4edd76e,fraud_detection,prod,2024-02-28T08:00:00,2024-03-01T02:39:00,alerting,SEV2,infra_outage,latency_spike,True,2559,2579,f6ff26b7-cdf1-4f34-9ca3-a7414df152bc,False,False
INC-300806d0,energy_forecasting,dev,2024-03-09T05:00:00,2024-03-09T08:14:00,user_report,SEV2,data_drift,metric_degradation,True,194,18,9a224063-1d56-4258-8859-9145944b7d8f,True,True
INC-763237f9,energy_forecasting,dev,2024-03-09T06:00:00,2024-03-09T07:03:00,alerting,SEV2,external_dependency,latency_spike,True,63,1,f775afd8-1d5b-4e92-be69-23234ba9b3a2,False,True
INC-d2d04462,energy_forecasting,dev,2024-03-09T07:00:00,2024-03-09T10:50:00,dashboard,SEV1,data_drift,metric_degradation,True,230,16,9a224063-1d56-4258-8859-9145944b7d8f,False,False
INC-0ecf1efd,energy_forecasting,dev,2024-03-09T08:00:00,2024-03-09T10:03:00,user_report,SEV2,infra_outage,latency_spike,True,123,24,de29e7d4-9ddc-48bb-a6fd-9e1564bfb89e,True,False
INC-c42edfed,energy_forecasting,dev,2024-03-09T09:00:00,2024-03-09T13:13:00,alerting,SEV3,infra_outage,latency_spike,True,253,22,481bc661-7a6a-4429-9f9d-1672ba3dea74,False,True
INC-56a5c178,energy_forecasting,dev,2024-03-09T10:00:00,2024-03-09T11:45:00,user_report,SEV2,external_dependency,latency_spike,True,105,24,481bc661-7a6a-4429-9f9d-1672ba3dea74,False,False
INC-94334b59,energy_forecasting,dev,2024-03-09T11:00:00,2024-03-09T13:51:00,alerting,SEV2,infra_outage,latency_spike,True,171,18,481bc661-7a6a-4429-9f9d-1672ba3dea74,True,False
INC-53d1259a,energy_forecasting,dev,2024-03-09T12:00:00,2024-03-09T14:31:00,user_report,SEV3,data_drift,metric_degradation,True,151,11,9a224063-1d56-4258-8859-9145944b7d8f,True,False
INC-3210129f,fraud_detection,dev,2024-03-09T09:00:00,2024-03-09T14:40:00,alerting,SEV3,external_dependency,latency_spike,True,340,4,2cd8ecf0-67d0-442d-812b-1cc8e36f711c,True,False
INC-0f989376,energy_forecasting,dev,2024-03-09T13:00:00,2024-03-09T15:51:00,user_report,SEV3,external_dependency,error_spike,True,171,14,f775afd8-1d5b-4e92-be69-23234ba9b3a2,True,False
INC-0dd8086d,energy_forecasting,dev,2024-03-09T14:00:00,2024-03-09T15:13:00,dashboard,SEV1,external_dependency,latency_spike,True,73,15,f775afd8-1d5b-4e92-be69-23234ba9b3a2,False,False
INC-864c483d,energy_forecasting,dev,2024-03-09T15:00:00,2024-03-09T15:37:00,alerting,SEV2,infra_outage,latency_spike,True,37,1,f775afd8-1d5b-4e92-be69-23234ba9b3a2,True,False
INC-7bd1f0b2,energy_forecasting,dev,2024-03-09T16:00:00,2024-03-09T19:14:00,alerting,SEV2,external_dependency,latency_spike,True,194,29,f775afd8-1d5b-4e92-be69-23234ba9b3a2,True,False
INC-cf5b7311,energy_forecasting,dev,2024-03-09T17:00:00,2024-03-09T20:49:00,user_report,SEV2,infra_outage,latency_spike,True,229,1,f775afd8-1d5b-4e92-be69-23234ba9b3a2,True,False
INC-293db863,energy_forecasting,dev,2024-03-09T18:00:00,2024-03-09T18:27:00,user_report,SEV2,data_pipeline_failure,metric_degradation,True,27,11,9a224063-1d56-4258-8859-9145944b7d8f,False,False
INC-2654c008,recsys_clickthrough,staging,2024-03-09T18:00:00,2024-03-09T18:19:00,alerting,SEV1,external_dependency,latency_spike,True,19,34,ed6acdb7-a84a-4163-82a4-a6b7910cfb62,True,False
INC-209d6831,energy_forecasting,dev,2024-03-09T19:00:00,2024-03-09T21:56:00,dashboard,SEV2,external_dependency,latency_spike,True,176,36,99797ca1-13c2-4139-bf2f-d8b99a2056eb,False,False
INC-9eb52adf,energy_forecasting,dev,2024-03-09T20:00:00,2024-03-09T23:37:00,alerting,SEV3,external_dependency,latency_spike,True,217,19,25fda183-6507-41e4-a94b-9c105b369550,True,False
INC-f8d0480c,energy_forecasting,dev,2024-03-09T21:00:00,2024-03-09T23:52:00,dashboard,SEV2,external_dependency,latency_spike,True,172,36,25fda183-6507-41e4-a94b-9c105b369550,True,False
INC-bda9330f,energy_forecasting,prod,2024-03-08T18:00:00,2024-03-08T21:53:00,alerting,SEV3,infra_outage,latency_spike,True,233,721,1af65828-1f0a-4893-8527-fefabb9b9ed9,True,False
INC-367cc46a,fraud_detection,dev,2024-03-09T19:00:00,2024-03-10T00:55:00,alerting,SEV3,external_dependency,latency_spike,True,355,6,2cd8ecf0-67d0-442d-812b-1cc8e36f711c,True,False
INC-47770abe,energy_forecasting,dev,2024-03-10T00:00:00,2024-03-10T02:47:00,dashboard,SEV3,data_drift,metric_degradation,True,167,4,9a224063-1d56-4258-8859-9145944b7d8f,True,False
INC-481339ef,energy_forecasting,dev,2024-03-10T00:00:00,2024-03-10T02:25:00,dashboard,SEV3,data_pipeline_failure,metric_degradation,True,145,0,f775afd8-1d5b-4e92-be69-23234ba9b3a2,True,True
INC-574ca1ca,energy_forecasting,dev,2024-03-10T02:00:00,2024-03-10T03:40:00,user_report,SEV3,data_drift,metric_degradation,True,100,1,9a224063-1d56-4258-8859-9145944b7d8f,True,False
INC-f9b9fd24,energy_forecasting,dev,2024-03-10T03:00:00,2024-03-10T05:57:00,alerting,SEV1,data_pipeline_failure,metric_degradation,True,177,8,f775afd8-1d5b-4e92-be69-23234ba9b3a2,False,False
INC-8f582559,fraud_detection,dev,2024-03-10T04:00:00,2024-03-10T05:01:00,dashboard,SEV2,config_error,error_spike,True,61,2,2cd8ecf0-67d0-442d-812b-1cc8e36f711c,False,True
INC-d7bdebac,energy_forecasting,dev,2024-03-10T04:00:00,2024-03-10T07:59:00,user_report,SEV2,data_drift,metric_degradation,True,239,14,99797ca1-13c2-4139-bf2f-d8b99a2056eb,False,True
INC-ff7951ca,energy_forecasting,dev,2024-03-10T06:00:00,2024-03-10T08:39:00,alerting,SEV2,data_pipeline_failure,metric_degradation,True,159,19,9a224063-1d56-4258-8859-9145944b7d8f,False,False
INC-15f6e3d5,energy_forecasting,dev,2024-03-10T07:00:00,2024-03-10T07:30:00,dashboard,SEV2,external_dependency,latency_spike,True,30,8,f775afd8-1d5b-4e92-be69-23234ba9b3a2,True,False
INC-9db6ab8e,energy_forecasting,dev,2024-03-10T08:00:00,2024-03-10T09:30:00,dashboard,SEV2,external_dependency,latency_spike,True,90,44,f775afd8-1d5b-4e92-be69-23234ba9b3a2,False,False
INC-3b6d23e6,energy_forecasting,prod,2024-03-10T08:00:00,2024-03-10T12:18:00,user_report,SEV3,external_dependency,latency_spike,True,258,325,7da0ace0-488d-47dc-b150-e1d87b8ac6d3,False,False
INC-bd14d3f7,energy_forecasting,dev,2024-03-10T09:00:00,2024-03-10T12:00:00,user_report,SEV2,data_pipeline_failure,metric_degradation,True,180,47,99797ca1-13c2-4139-bf2f-d8b99a2056eb,True,True
INC-b9d50779,energy_forecasting,dev,2024-03-10T11:00:00,2024-03-10T15:00:00,dashboard,SEV3,infra_outage,latency_spike,True,240,67,f775afd8-1d5b-4e92-be69-23234ba9b3a2,False,False
INC-c952a663,energy_forecasting,dev,2024-03-10T14:00:00,2024-03-10T17:29:00,dashboard,SEV3,data_drift,metric_degradation,True,209,23,9a224063-1d56-4258-8859-9145944b7d8f,True,True
INC-63385cd5,energy_forecasting,dev,2024-03-10T15:00:00,2024-03-10T18:55:00,dashboard,SEV2,data_pipeline_failure,metric_degradation,True,235,9,99797ca1-13c2-4139-bf2f-d8b99a2056eb,False,False
INC-e10ab9eb,energy_forecasting,dev,2024-03-10T16:00:00,2024-03-10T20:12:00,dashboard,SEV2,data_pipeline_failure,metric_degradation,True,252,31,99797ca1-13c2-4139-bf2f-d8b99a2056eb,True,True
INC-0c9dc753,energy_forecasting,dev,2024-03-10T18:00:00,2024-03-11T02:14:00,alerting,SEV3,external_dependency,latency_spike,True,494,152,25fda183-6507-41e4-a94b-9c105b369550,False,True
INC-28704000,energy_forecasting,prod,2024-03-10T19:00:00,2024-03-11T00:01:00,dashboard,SEV3,infra_outage,latency_spike,True,301,296,7da0ace0-488d-47dc-b150-e1d87b8ac6d3,False,False
INC-6567ec7e,energy_forecasting,dev,2024-03-11T00:00:00,2024-03-11T03:17:00,user_report,SEV2,data_drift,metric_degradation,True,197,4,9a224063-1d56-4258-8859-9145944b7d8f,True,False
INC-ea96a34c,energy_forecasting,dev,2024-03-11T01:00:00,2024-03-11T01:52:00,alerting,SEV2,data_drift,metric_degradation,True,52,11,99797ca1-13c2-4139-bf2f-d8b99a2056eb,True,True
INC-21557eea,rag_qa_service,prod,2024-02-18T09:00:00,2024-02-24T00:41:00,dashboard,SEV3,infra_outage,latency_spike,True,8141,20429,a1a48fa0-e72a-4175-a9b9-22ba7cab4d9c,True,False
INC-ce399de4,energy_forecasting,dev,2024-03-11T02:00:00,2024-03-11T03:49:00,dashboard,SEV1,data_drift,metric_degradation,True,109,5,99797ca1-13c2-4139-bf2f-d8b99a2056eb,True,False
INC-2426bd9b,energy_forecasting,dev,2024-03-11T06:00:00,2024-03-11T06:57:00,alerting,SEV3,data_pipeline_failure,metric_degradation,True,57,23,99797ca1-13c2-4139-bf2f-d8b99a2056eb,True,False
INC-6bd2eb87,energy_forecasting,prod,2024-03-11T09:00:00,2024-03-11T12:35:00,dashboard,SEV2,external_dependency,latency_spike,True,215,341,7da0ace0-488d-47dc-b150-e1d87b8ac6d3,False,False
INC-0989f41d,energy_forecasting,dev,2024-03-11T07:00:00,2024-03-11T13:30:00,dashboard,SEV3,data_drift,metric_degradation,True,390,143,99797ca1-13c2-4139-bf2f-d8b99a2056eb,False,False
INC-c40f2f5f,rag_qa_service,prod,2024-03-11T07:00:00,2024-03-11T16:28:00,dashboard,SEV2,infra_outage,latency_spike,True,568,918,92d48649-0c6d-4323-b97b-ab4063013cb6,False,True
INC-351c79ab,energy_forecasting,dev,2024-03-11T13:00:00,2024-03-11T18:41:00,alerting,SEV2,infra_outage,latency_spike,True,341,69,25fda183-6507-41e4-a94b-9c105b369550,False,True
INC-947c7cd7,energy_forecasting,dev,2024-03-11T16:00:00,2024-03-11T20:29:00,user_report,SEV3,data_pipeline_failure,metric_degradation,True,269,37,99797ca1-13c2-4139-bf2f-d8b99a2056eb,True,False
INC-70dd00db,energy_forecasting,prod,2024-03-11T16:00:00,2024-03-11T18:39:00,alerting,SEV1,infra_outage,latency_spike,True,159,192,7da0ace0-488d-47dc-b150-e1d87b8ac6d3,False,True
INC-7d3f3a23,rag_qa_service,prod,2024-03-11T17:00:00,2024-03-11T19:43:00,user_report,SEV1,infra_outage,latency_spike,True,163,265,92d48649-0c6d-4323-b97b-ab4063013cb6,True,False
INC-4a429a8f,energy_forecasting,prod,2024-03-11T19:00:00,2024-03-12T00:20:00,dashboard,SEV2,external_dependency,latency_spike,True,320,520,7da0ace0-488d-47dc-b150-e1d87b8ac6d3,False,False
INC-fa0e956f,rag_qa_service,prod,2024-03-11T20:00:00,2024-03-11T23:13:00,alerting,SEV1,infra_outage,latency_spike,True,193,522,92d48649-0c6d-4323-b97b-ab4063013cb6,True,True
INC-0cb45c4e,energy_forecasting,dev,2024-03-11T17:00:00,2024-03-12T02:30:00,dashboard,SEV2,data_pipeline_failure,metric_degradation,True,570,227,9a224063-1d56-4258-8859-9145944b7d8f,True,False
INC-53ae4326,recsys_clickthrough,staging,2024-03-12T01:00:00,2024-03-12T01:57:00,user_report,SEV2,external_dependency,error_spike,True,57,240,ed6acdb7-a84a-4163-82a4-a6b7910cfb62,False,False
INC-e4ba8995,rag_qa_service,prod,2024-03-12T02:00:00,2024-03-12T03:04:00,user_report,SEV2,external_dependency,error_spike,True,64,910,92d48649-0c6d-4323-b97b-ab4063013cb6,False,True
INC-af3d26d8,energy_forecasting,dev,2024-03-12T02:00:00,2024-03-12T03:18:00,user_report,SEV1,data_pipeline_failure,metric_degradation,True,78,5,99797ca1-13c2-4139-bf2f-d8b99a2056eb,True,True
INC-ef63e653,energy_forecasting,dev,2024-03-12T03:00:00,2024-03-12T03:26:00,alerting,SEV1,data_drift,metric_degradation,True,26,13,9a224063-1d56-4258-8859-9145944b7d8f,False,False
INC-ca1c6b82,energy_forecasting,dev,2024-03-12T04:00:00,2024-03-12T08:06:00,alerting,SEV2,data_pipeline_failure,metric_degradation,True,246,14,9a224063-1d56-4258-8859-9145944b7d8f,True,False
INC-e2bfafe9,energy_forecasting,dev,2024-03-12T06:00:00,2024-03-12T09:21:00,user_report,SEV3,data_pipeline_failure,metric_degradation,True,201,12,9a224063-1d56-4258-8859-9145944b7d8f,True,False
INC-577dc643,recsys_clickthrough,staging,2024-03-12T06:00:00,2024-03-12T06:46:00,user_report,SEV2,external_dependency,latency_spike,True,46,33,ed6acdb7-a84a-4163-82a4-a6b7910cfb62,False,True
INC-427297a8,recsys_clickthrough,staging,2024-03-12T08:00:00,2024-03-12T11:59:00,user_report,SEV2,external_dependency,latency_spike,True,239,86,ed6acdb7-a84a-4163-82a4-a6b7910cfb62,True,False
INC-53b0e8f5,energy_forecasting,prod,2024-03-12T08:00:00,2024-03-12T09:18:00,dashboard,SEV3,infra_outage,latency_spike,True,78,217,7da0ace0-488d-47dc-b150-e1d87b8ac6d3,False,False
INC-4d5de9ef,recsys_clickthrough,staging,2024-03-12T10:00:00,2024-03-12T12:37:00,alerting,SEV2,infra_outage,latency_spike,True,157,143,ed6acdb7-a84a-4163-82a4-a6b7910cfb62,False,False
INC-51d58f53,rag_qa_service,prod,2024-03-12T06:00:00,2024-03-12T11:42:00,user_report,SEV2,infra_outage,latency_spike,True,342,732,92d48649-0c6d-4323-b97b-ab4063013cb6,False,False
INC-408282a5,energy_forecasting,prod,2024-03-12T12:00:00,2024-03-12T14:27:00,user_report,SEV3,external_dependency,latency_spike,True,147,118,7da0ace0-488d-47dc-b150-e1d87b8ac6d3,True,False
INC-861508cd,recsys_clickthrough,staging,2024-03-12T13:00:00,2024-03-12T14:33:00,user_report,SEV3,external_dependency,latency_spike,True,93,75,ed6acdb7-a84a-4163-82a4-a6b7910cfb62,False,False
INC-6f2e922d,energy_forecasting,dev,2024-03-12T07:00:00,2024-03-12T15:45:00,alerting,SEV2,data_drift,metric_degradation,True,525,271,99797ca1-13c2-4139-bf2f-d8b99a2056eb,False,False
INC-41cbb141,rag_qa_service,prod,2024-03-12T16:00:00,2024-03-12T18:30:00,alerting,SEV2,infra_outage,latency_spike,True,150,106,92d48649-0c6d-4323-b97b-ab4063013cb6,False,True
INC-fb4a7afd,energy_forecasting,dev,2024-03-12T16:00:00,2024-03-12T18:39:00,user_report,SEV2,infra_outage,latency_spike,True,159,34,9a224063-1d56-4258-8859-9145944b7d8f,False,False
INC-5c50ce76,recsys_clickthrough,staging,2024-03-12T20:00:00,2024-03-13T01:09:00,dashboard,SEV3,external_dependency,latency_spike,True,309,192,ed6acdb7-a84a-4163-82a4-a6b7910cfb62,False,True
INC-40fdb57f,energy_forecasting,prod,2024-03-12T20:00:00,2024-03-13T00:46:00,dashboard,SEV2,infra_outage,latency_spike,True,286,464,7da0ace0-488d-47dc-b150-e1d87b8ac6d3,True,True
INC-1f55a4c7,energy_forecasting,dev,2024-03-12T19:00:00,2024-03-12T23:45:00,user_report,SEV2,data_pipeline_failure,metric_degradation,True,285,166,9a224063-1d56-4258-8859-9145944b7d8f,True,False
INC-03248315,rag_qa_service,prod,2024-03-12T18:00:00,2024-03-13T02:28:00,dashboard,SEV2,infra_outage,latency_spike,True,508,823,92d48649-0c6d-4323-b97b-ab4063013cb6,True,False
INC-9c56fb2f,energy_forecasting,dev,2024-03-13T01:00:00,2024-03-13T04:14:00,user_report,SEV1,data_drift,metric_degradation,True,194,5,9a224063-1d56-4258-8859-9145944b7d8f,True,True
INC-21567e73,energy_forecasting,dev,2024-03-13T02:00:00,2024-03-13T05:49:00,alerting,SEV2,data_drift,metric_degradation,True,229,19,9a224063-1d56-4258-8859-9145944b7d8f,False,False
INC-bc054145,energy_forecasting,dev,2024-03-13T04:00:00,2024-03-13T08:46:00,alerting,SEV2,data_drift,metric_degradation,True,286,11,99797ca1-13c2-4139-bf2f-d8b99a2056eb,True,True
INC-942c3a3f,energy_forecasting,dev,2024-03-13T05:00:00,2024-03-13T08:06:00,user_report,SEV1,data_drift,metric_degradation,True,186,22,9a224063-1d56-4258-8859-9145944b7d8f,False,False
INC-7ce95fa1,energy_forecasting,dev,2024-03-13T08:00:00,2024-03-13T14:04:00,user_report,SEV1,infra_outage,latency_spike,True,364,117,9a224063-1d56-4258-8859-9145944b7d8f,True,True
INC-2574284e,energy_forecasting,dev,2024-03-13T13:00:00,2024-03-13T15:55:00,user_report,SEV2,data_drift,metric_degradation,True,175,14,99797ca1-13c2-4139-bf2f-d8b99a2056eb,True,False
INC-ba5c7e88,energy_forecasting,dev,2024-03-13T14:00:00,2024-03-13T15:38:00,user_report,SEV3,data_pipeline_failure,metric_degradation,True,98,31,9a224063-1d56-4258-8859-9145944b7d8f,False,False
INC-a34bddf7,energy_forecasting,dev,2024-03-13T15:00:00,2024-03-13T18:24:00,user_report,SEV2,data_pipeline_failure,metric_degradation,True,204,48,99797ca1-13c2-4139-bf2f-d8b99a2056eb,False,False
INC-31c4ef50,energy_forecasting,dev,2024-03-13T17:00:00,2024-03-13T20:22:00,alerting,SEV3,external_dependency,latency_spike,True,202,55,9a224063-1d56-4258-8859-9145944b7d8f,True,False
INC-2c2bb810,energy_forecasting,prod,2024-03-13T21:00:00,2024-03-13T22:09:00,dashboard,SEV1,infra_outage,latency_spike,True,69,145,7da0ace0-488d-47dc-b150-e1d87b8ac6d3,False,False
INC-abb85ed0,energy_forecasting,dev,2024-03-13T20:00:00,2024-03-14T00:06:00,dashboard,SEV3,external_dependency,latency_spike,True,246,107,9a224063-1d56-4258-8859-9145944b7d8f,False,False
INC-ceff4605,recsys_clickthrough,dev,2024-01-16T06:00:00,2024-01-25T12:54:00,user_report,SEV1,infra_outage,latency_spike,True,13374,4288,6a36acaf-bbca-4730-9a2d-caf83b1f4aca,False,False
INC-14483835,rag_qa_service,dev,2024-03-13T22:00:00,2024-03-14T00:25:00,alerting,SEV2,infra_outage,latency_spike,True,145,8,7d806718-814c-4b07-9c85-257ee9990b6b,True,False
INC-c80aed1f,rag_qa_service,prod,2024-03-13T06:00:00,2024-03-14T00:59:00,alerting,SEV3,infra_outage,latency_spike,True,1139,1994,92d48649-0c6d-4323-b97b-ab4063013cb6,False,False
INC-556e52f2,energy_forecasting,dev,2024-03-13T23:00:00,2024-03-14T00:50:00,alerting,SEV2,infra_outage,latency_spike,True,110,20,9a224063-1d56-4258-8859-9145944b7d8f,False,False
INC-74148c87,recsys_clickthrough,dev,2024-03-13T23:00:00,2024-03-14T00:30:00,user_report,SEV1,infra_outage,latency_spike,True,90,1,2442be8a-95d5-44d5-afbe-6c06a16b51a2,True,False
INC-6fe35836,energy_forecasting,dev,2024-03-14T01:00:00,2024-03-14T02:22:00,user_report,SEV3,data_pipeline_failure,metric_degradation,True,82,5,99797ca1-13c2-4139-bf2f-d8b99a2056eb,False,True
INC-63b30e41,energy_forecasting,dev,2024-03-14T02:00:00,2024-03-14T05:53:00,user_report,SEV2,data_pipeline_failure,metric_degradation,True,233,8,9a224063-1d56-4258-8859-9145944b7d8f,False,False
INC-751f36fa,recsys_clickthrough,dev,2024-03-14T02:00:00,2024-03-14T03:24:00,alerting,SEV2,infra_outage,latency_spike,True,84,1,2442be8a-95d5-44d5-afbe-6c06a16b51a2,True,False
INC-26596a43,energy_forecasting,dev,2024-03-14T03:00:00,2024-03-14T03:43:00,alerting,SEV2,data_drift,metric_degradation,True,43,7,9a224063-1d56-4258-8859-9145944b7d8f,False,True
INC-69ffb5e3,energy_forecasting,dev,2024-03-14T04:00:00,2024-03-14T06:41:00,user_report,SEV2,data_pipeline_failure,metric_degradation,True,161,15,9a224063-1d56-4258-8859-9145944b7d8f,True,True
INC-7c879c57,energy_forecasting,dev,2024-03-14T06:00:00,2024-03-14T06:22:00,dashboard,SEV2,data_drift,metric_degradation,True,22,9,99797ca1-13c2-4139-bf2f-d8b99a2056eb,False,False
INC-f864f623,recsys_clickthrough,prod,2024-03-14T06:00:00,2024-03-14T09:48:00,dashboard,SEV1,external_dependency,latency_spike,True,228,47,e056c4e2-337f-4569-b557-9da8a1450bba,False,False
INC-21555f6b,energy_forecasting,dev,2024-03-14T07:00:00,2024-03-14T12:32:00,alerting,SEV3,infra_outage,latency_spike,True,332,101,25fda183-6507-41e4-a94b-9c105b369550,True,False
INC-8cc02f2d,energy_forecasting,prod,2024-03-14T07:00:00,2024-03-14T13:42:00,alerting,SEV1,data_pipeline_failure,metric_degradation,True,402,845,7da0ace0-488d-47dc-b150-e1d87b8ac6d3,True,True
INC-bbff36c7,energy_forecasting,dev,2024-03-14T11:00:00,2024-03-14T15:42:00,user_report,SEV2,infra_outage,latency_spike,True,282,40,9a224063-1d56-4258-8859-9145944b7d8f,False,True
INC-ebad705e,rag_qa_service,dev,2024-03-14T08:00:00,2024-03-14T12:47:00,dashboard,SEV3,infra_outage,latency_spike,True,287,26,7d806718-814c-4b07-9c85-257ee9990b6b,False,False
INC-904e5ea3,energy_forecasting,dev,2024-03-14T13:00:00,2024-03-14T15:45:00,dashboard,SEV2,external_dependency,latency_spike,True,165,44,9a224063-1d56-4258-8859-9145944b7d8f,True,True
INC-61d8024a,rag_qa_service,dev,2024-03-14T13:00:00,2024-03-14T15:44:00,alerting,SEV2,infra_outage,latency_spike,True,164,15,7d806718-814c-4b07-9c85-257ee9990b6b,True,False
INC-7aa49f33,energy_forecasting,dev,2024-03-14T15:00:00,2024-03-14T19:45:00,alerting,SEV2,data_drift,metric_degradation,True,285,36,9a224063-1d56-4258-8859-9145944b7d8f,False,False
INC-f7a9fa4c,rag_qa_service,dev,2024-03-14T16:00:00,2024-03-14T18:18:00,user_report,SEV3,external_dependency,latency_spike,True,138,9,7d806718-814c-4b07-9c85-257ee9990b6b,True,False
INC-2cf44b82,energy_forecasting,prod,2024-03-14T19:00:00,2024-03-14T22:20:00,user_report,SEV3,infra_outage,latency_spike,True,200,540,7da0ace0-488d-47dc-b150-e1d87b8ac6d3,True,False
INC-193af9f2,rag_qa_service,prod,2024-03-14T06:00:00,2024-03-15T00:37:00,user_report,SEV2,infra_outage,latency_spike,True,1117,1207,92d48649-0c6d-4323-b97b-ab4063013cb6,True,False
INC-f14c7aab,energy_forecasting,dev,2024-03-14T17:00:00,2024-03-15T00:40:00,dashboard,SEV3,data_drift,metric_degradation,True,460,194,9a224063-1d56-4258-8859-9145944b7d8f,False,False
INC-502acf44,rag_qa_service,dev,2024-03-14T18:00:00,2024-03-14T22:39:00,dashboard,SEV3,external_dependency,latency_spike,True,279,38,7d806718-814c-4b07-9c85-257ee9990b6b,False,True
INC-e6a5ee37,recsys_clickthrough,dev,2024-03-14T06:00:00,2024-03-15T00:42:00,user_report,SEV2,external_dependency,latency_spike,True,1122,94,2442be8a-95d5-44d5-afbe-6c06a16b51a2,True,False
INC-b95efd71,energy_forecasting,dev,2024-03-15T00:00:00,2024-03-15T01:33:00,user_report,SEV3,data_pipeline_failure,metric_degradation,True,93,7,9a224063-1d56-4258-8859-9145944b7d8f,False,True
INC-0786ac30,energy_forecasting,dev,2024-03-15T00:00:00,2024-03-15T01:33:00,user_report,SEV3,data_pipeline_failure,metric_degradation,True,93,7,99797ca1-13c2-4139-bf2f-d8b99a2056eb,True,False
INC-61e043fa,energy_forecasting,dev,2024-03-15T02:00:00,2024-03-15T06:59:00,alerting,SEV3,data_pipeline_failure,metric_degradation,True,299,15,9a224063-1d56-4258-8859-9145944b7d8f,True,False
INC-0a7dff3a,energy_forecasting,dev,2024-03-15T07:00:00,2024-03-15T08:39:00,alerting,SEV3,data_drift,metric_degradation,True,99,8,99797ca1-13c2-4139-bf2f-d8b99a2056eb,True,False
INC-7a79952c,energy_forecasting,prod,2024-03-15T09:00:00,2024-03-15T10:52:00,alerting,SEV1,infra_outage,latency_spike,True,112,400,7da0ace0-488d-47dc-b150-e1d87b8ac6d3,True,False
INC-92c56aaa,rag_qa_service,prod,2024-03-15T06:00:00,2024-03-15T12:11:00,user_report,SEV3,infra_outage,latency_spike,True,371,367,92d48649-0c6d-4323-b97b-ab4063013cb6,True,True
INC-09ec6d18,energy_forecasting,dev,2024-03-15T11:00:00,2024-03-15T14:29:00,dashboard,SEV1,data_drift,metric_degradation,True,209,35,99797ca1-13c2-4139-bf2f-d8b99a2056eb,True,False
INC-50d29f4a,energy_forecasting,dev,2024-03-15T13:00:00,2024-03-15T16:32:00,user_report,SEV2,data_drift,metric_degradation,True,212,25,99797ca1-13c2-4139-bf2f-d8b99a2056eb,False,False
INC-fddfcef4,rag_qa_service,prod,2024-03-15T13:00:00,2024-03-15T13:29:00,dashboard,SEV1,infra_outage,latency_spike,True,29,68,92d48649-0c6d-4323-b97b-ab4063013cb6,False,False
INC-cb60e778,recsys_clickthrough,dev,2024-03-15T08:00:00,2024-03-15T18:28:00,user_report,SEV3,external_dependency,latency_spike,True,628,52,2442be8a-95d5-44d5-afbe-6c06a16b51a2,False,False
INC-c2f25afe,fraud_detection,prod,2024-03-15T18:00:00,2024-03-15T20:47:00,dashboard,SEV2,external_dependency,latency_spike,True,167,81,c2bb7f8d-b9fc-41e1-a46e-46ac3f7279e4,False,True
INC-b4b005dc,energy_forecasting,dev,2024-03-15T16:00:00,2024-03-15T21:14:00,dashboard,SEV2,data_drift,metric_degradation,True,314,82,99797ca1-13c2-4139-bf2f-d8b99a2056eb,True,False
INC-17f2bd8e,recsys_clickthrough,prod,2024-03-15T20:00:00,2024-03-15T22:58:00,alerting,SEV3,infra_outage,latency_spike,True,178,58,e056c4e2-337f-4569-b557-9da8a1450bba,True,False
INC-6d750e9b,energy_forecasting,dev,2024-03-15T21:00:00,2024-03-15T23:51:00,user_report,SEV2,data_pipeline_failure,metric_degradation,True,171,15,99797ca1-13c2-4139-bf2f-d8b99a2056eb,False,False
INC-630659fb,energy_forecasting,dev,2024-03-15T23:00:00,2024-03-15T23:39:00,dashboard,SEV3,data_drift,metric_degradation,True,39,14,99797ca1-13c2-4139-bf2f-d8b99a2056eb,False,False
INC-0e5bde4a,rag_qa_service,prod,2024-03-15T15:00:00,2024-03-15T23:59:00,user_report,SEV3,external_dependency,latency_spike,True,539,768,92d48649-0c6d-4323-b97b-ab4063013cb6,False,False
INC-ad92b6be,energy_forecasting,dev,2024-03-16T01:00:00,2024-03-16T04:04:00,dashboard,SEV2,data_pipeline_failure,metric_degradation,True,184,7,99797ca1-13c2-4139-bf2f-d8b99a2056eb,True,True
INC-dac3aee5,energy_forecasting,dev,2024-03-16T04:00:00,2024-03-16T06:00:00,dashboard,SEV3,data_pipeline_failure,metric_degradation,True,120,1,99797ca1-13c2-4139-bf2f-d8b99a2056eb,True,False
INC-26e5c7bb,rag_qa_service,prod,2024-03-16T06:00:00,2024-03-16T08:28:00,user_report,SEV2,infra_outage,latency_spike,True,148,38,77a122ab-3277-45ea-821f-164a7a824cbe,True,False
INC-40c68308,rag_qa_service,dev,2024-03-15T04:00:00,2024-03-15T23:34:00,user_report,SEV1,model_bug,error_spike,True,1174,182,7d806718-814c-4b07-9c85-257ee9990b6b,False,True
INC-1095d53b,rag_qa_service,prod,2024-03-16T08:00:00,2024-03-16T10:47:00,alerting,SEV2,external_dependency,latency_spike,True,167,493,77a122ab-3277-45ea-821f-164a7a824cbe,False,True
INC-6baa8415,rag_qa_service,prod,2024-03-16T10:00:00,2024-03-16T14:23:00,alerting,SEV2,external_dependency,latency_spike,True,263,391,92d48649-0c6d-4323-b97b-ab4063013cb6,False,False
INC-862b6fb2,energy_forecasting,dev,2024-03-16T06:00:00,2024-03-16T14:51:00,alerting,SEV1,external_dependency,latency_spike,True,531,40,25fda183-6507-41e4-a94b-9c105b369550,True,False
INC-5d378a3b,rag_qa_service,dev,2024-03-16T08:00:00,2024-03-16T14:08:00,dashboard,SEV2,external_dependency,latency_spike,True,368,22,ec564495-f3be-477f-b48c-a36ebfb190c6,True,False
INC-d7bfad25,energy_forecasting,staging,2024-03-16T16:00:00,2024-03-16T19:19:00,dashboard,SEV3,external_dependency,latency_spike,True,199,9,6c23bcbb-683b-4bf6-a1af-ffe117e326d6,False,True
INC-5f2f878c,rag_qa_service,dev,2024-03-16T14:00:00,2024-03-16T19:30:00,alerting,SEV1,infra_outage,latency_spike,True,330,14,ec564495-f3be-477f-b48c-a36ebfb190c6,False,True
INC-c70582ce,recsys_clickthrough,prod,2024-03-16T18:00:00,2024-03-16T19:10:00,user_report,SEV2,infra_outage,latency_spike,True,70,65,e056c4e2-337f-4569-b557-9da8a1450bba,True,False
INC-b3f109a3,energy_forecasting,staging,2024-03-16T19:00:00,2024-03-16T20:28:00,user_report,SEV3,external_dependency,latency_spike,True,88,2,6c23bcbb-683b-4bf6-a1af-ffe117e326d6,True,True
INC-371e6bd0,recsys_clickthrough,prod,2024-03-16T19:00:00,2024-03-16T20:16:00,dashboard,SEV1,infra_outage,latency_spike,True,76,106,bd663eef-21bc-40cb-a4a0-a175cdce9e62,True,False
INC-6bbaa7bc,energy_forecasting,staging,2024-03-16T20:00:00,2024-03-16T22:00:00,alerting,SEV1,infra_outage,latency_spike,True,120,11,6c23bcbb-683b-4bf6-a1af-ffe117e326d6,True,False
INC-aff96a64,recsys_clickthrough,prod,2024-03-16T21:00:00,2024-03-16T21:44:00,alerting,SEV3,external_dependency,latency_spike,True,44,237,e056c4e2-337f-4569-b557-9da8a1450bba,True,False
INC-a7b0d207,rag_qa_service,dev,2024-03-16T18:00:00,2024-03-17T01:15:00,alerting,SEV2,external_dependency,latency_spike,True,435,32,ec564495-f3be-477f-b48c-a36ebfb190c6,False,True
INC-2df0f5a4,recsys_clickthrough,prod,2024-03-17T00:00:00,2024-03-17T03:01:00,user_report,SEV3,config_error,error_spike,True,181,360,e056c4e2-337f-4569-b557-9da8a1450bba,False,False
INC-94b8959b,energy_forecasting,staging,2024-03-17T07:00:00,2024-03-17T08:51:00,alerting,SEV1,external_dependency,latency_spike,True,111,2,6c23bcbb-683b-4bf6-a1af-ffe117e326d6,True,False
INC-52733686,fraud_detection,staging,2024-03-07T06:00:00,2024-03-09T12:05:00,dashboard,SEV3,infra_outage,latency_spike,True,3245,2975,d8ea992d-4721-41f3-8b14-78f97d45dfef,True,False
INC-941d60bb,recsys_clickthrough,prod,2024-03-17T07:00:00,2024-03-17T10:39:00,dashboard,SEV2,external_dependency,latency_spike,True,219,155,e056c4e2-337f-4569-b557-9da8a1450bba,True,False
INC-935853a0,energy_forecasting,staging,2024-03-17T10:00:00,2024-03-17T10:52:00,alerting,SEV2,infra_outage,latency_spike,True,52,3,6c23bcbb-683b-4bf6-a1af-ffe117e326d6,False,True
INC-ecf185fc,recsys_clickthrough,prod,2024-03-17T09:00:00,2024-03-17T14:09:00,user_report,SEV2,external_dependency,latency_spike,True,309,250,bd663eef-21bc-40cb-a4a0-a175cdce9e62,True,True
INC-8270cfc1,energy_forecasting,staging,2024-03-17T11:00:00,2024-03-17T13:09:00,alerting,SEV2,infra_outage,latency_spike,True,129,5,6c23bcbb-683b-4bf6-a1af-ffe117e326d6,True,True
INC-b6986766,energy_forecasting,staging,2024-03-17T13:00:00,2024-03-17T15:32:00,user_report,SEV2,infra_outage,latency_spike,True,152,4,6c23bcbb-683b-4bf6-a1af-ffe117e326d6,True,True
INC-f0bff42a,recsys_clickthrough,prod,2024-03-17T12:00:00,2024-03-17T15:58:00,dashboard,SEV2,external_dependency,latency_spike,True,238,65,e056c4e2-337f-4569-b557-9da8a1450bba,True,False
INC-936cf842,rag_qa_service,dev,2024-03-17T09:00:00,2024-03-17T15:36:00,alerting,SEV1,external_dependency,latency_spike,True,396,26,ec564495-f3be-477f-b48c-a36ebfb190c6,True,False
INC-9c6c8981,recsys_clickthrough,prod,2024-03-17T14:00:00,2024-03-17T16:50:00,dashboard,SEV2,external_dependency,latency_spike,True,170,117,e056c4e2-337f-4569-b557-9da8a1450bba,False,False
INC-4540eb02,fraud_detection,prod,2024-03-17T16:00:00,2024-03-17T20:37:00,alerting,SEV1,data_pipeline_failure,metric_degradation,True,277,264,c2bb7f8d-b9fc-41e1-a46e-46ac3f7279e4,False,False
INC-00fdc15c,rag_qa_service,prod,2024-03-17T18:00:00,2024-03-17T20:58:00,user_report,SEV2,infra_outage,latency_spike,True,178,54,77a122ab-3277-45ea-821f-164a7a824cbe,False,True
INC-5f18c1cc,recsys_clickthrough,prod,2024-03-17T17:00:00,2024-03-17T21:48:00,alerting,SEV2,external_dependency,latency_spike,True,288,1395,e056c4e2-337f-4569-b557-9da8a1450bba,False,False
INC-093d574d,fraud_detection,prod,2024-03-17T19:00:00,2024-03-17T20:08:00,dashboard,SEV3,data_pipeline_failure,metric_degradation,True,68,168,c2bb7f8d-b9fc-41e1-a46e-46ac3f7279e4,True,False
INC-ae220a9e,energy_forecasting,staging,2024-03-17T16:00:00,2024-03-17T21:37:00,user_report,SEV2,infra_outage,latency_spike,True,337,250,6c23bcbb-683b-4bf6-a1af-ffe117e326d6,False,False
INC-c9378074,fraud_detection,prod,2024-03-17T20:00:00,2024-03-18T00:31:00,alerting,SEV1,data_drift,metric_degradation,True,271,216,c2bb7f8d-b9fc-41e1-a46e-46ac3f7279e4,True,False
INC-de0ff79f,fraud_detection,prod,2024-03-17T22:00:00,2024-03-17T23:37:00,dashboard,SEV2,data_pipeline_failure,metric_degradation,True,97,219,c2bb7f8d-b9fc-41e1-a46e-46ac3f7279e4,False,False
INC-3b867890,energy_forecasting,staging,2024-03-17T22:00:00,2024-03-17T22:23:00,dashboard,SEV3,data_pipeline_failure,metric_degradation,True,23,89,3a243712-e7fb-4ce3-8f9c-525c5a8e3b2c,False,False
INC-06cfdffa,rag_qa_service,prod,2024-03-17T21:00:00,2024-03-18T01:50:00,user_report,SEV3,infra_outage,latency_spike,True,290,149,77a122ab-3277-45ea-821f-164a7a824cbe,False,False
INC-10f077d4,recsys_clickthrough,prod,2024-03-17T20:00:00,2024-03-18T02:08:00,dashboard,SEV2,infra_outage,latency_spike,True,368,672,bd663eef-21bc-40cb-a4a0-a175cdce9e62,False,False
INC-89e46a25,rag_qa_service,dev,2024-03-17T20:00:00,2024-03-18T00:07:00,user_report,SEV2,external_dependency,latency_spike,True,247,22,ec564495-f3be-477f-b48c-a36ebfb190c6,False,False
INC-1383a9f0,fraud_detection,prod,2024-03-18T00:00:00,2024-03-18T04:40:00,alerting,SEV2,data_drift,metric_degradation,True,280,111,c2bb7f8d-b9fc-41e1-a46e-46ac3f7279e4,False,True
INC-cf1572e8,fraud_detection,prod,2024-03-18T02:00:00,2024-03-18T04:15:00,dashboard,SEV2,data_drift,metric_degradation,True,135,98,c2bb7f8d-b9fc-41e1-a46e-46ac3f7279e4,True,False
INC-b18a650c,energy_forecasting,staging,2024-03-18T03:00:00,2024-03-18T06:59:00,alerting,SEV3,data_pipeline_failure,metric_degradation,True,239,13,3a243712-e7fb-4ce3-8f9c-525c5a8e3b2c,False,False
INC-d5101961,recsys_clickthrough,prod,2024-03-18T04:00:00,2024-03-18T07:34:00,dashboard,SEV3,external_dependency,latency_spike,True,214,29,e056c4e2-337f-4569-b557-9da8a1450bba,False,True
INC-6f8f90af,fraud_detection,prod,2024-03-18T04:00:00,2024-03-18T04:58:00,alerting,SEV1,data_drift,metric_degradation,True,58,7,c2bb7f8d-b9fc-41e1-a46e-46ac3f7279e4,False,False
INC-9bda570c,energy_forecasting,staging,2024-03-18T05:00:00,2024-03-18T08:33:00,dashboard,SEV2,data_drift,metric_degradation,True,213,30,3a243712-e7fb-4ce3-8f9c-525c5a8e3b2c,False,True
INC-41be51d2,fraud_detection,prod,2024-03-18T05:00:00,2024-03-18T08:34:00,alerting,SEV1,data_pipeline_failure,metric_degradation,True,214,149,c2bb7f8d-b9fc-41e1-a46e-46ac3f7279e4,False,False
INC-3a4995ab,recsys_clickthrough,prod,2024-03-18T06:00:00,2024-03-18T09:22:00,alerting,SEV3,external_dependency,latency_spike,True,202,30,e056c4e2-337f-4569-b557-9da8a1450bba,True,False
INC-e7af8710,energy_forecasting,staging,2024-03-18T06:00:00,2024-03-18T06:21:00,dashboard,SEV2,infra_outage,latency_spike,True,21,62,6c23bcbb-683b-4bf6-a1af-ffe117e326d6,True,False
INC-bd4a5870,rag_qa_service,prod,2024-03-18T06:00:00,2024-03-18T07:57:00,user_report,SEV3,external_dependency,latency_spike,True,117,19,77a122ab-3277-45ea-821f-164a7a824cbe,False,False
INC-95b29d80,fraud_detection,prod,2024-03-18T07:00:00,2024-03-18T09:27:00,alerting,SEV3,data_drift,metric_degradation,True,147,163,c2bb7f8d-b9fc-41e1-a46e-46ac3f7279e4,False,False
INC-42074ba8,fraud_detection,prod,2024-03-18T08:00:00,2024-03-18T10:38:00,alerting,SEV3,data_pipeline_failure,metric_degradation,True,158,319,c2bb7f8d-b9fc-41e1-a46e-46ac3f7279e4,True,True
INC-74ce1f09,fraud_detection,prod,2024-03-18T12:00:00,2024-03-18T15:57:00,dashboard,SEV2,data_drift,metric_degradation,True,237,188,c2bb7f8d-b9fc-41e1-a46e-46ac3f7279e4,True,False
INC-01188455,rag_qa_service,dev,2024-03-18T08:00:00,2024-03-18T14:50:00,user_report,SEV2,external_dependency,latency_spike,True,410,43,ec564495-f3be-477f-b48c-a36ebfb190c6,False,False
INC-6a3a45d1,rag_qa_service,prod,2024-03-18T08:00:00,2024-03-18T16:37:00,user_report,SEV2,external_dependency,latency_spike,True,517,152,77a122ab-3277-45ea-821f-164a7a824cbe,False,True
INC-997f0413,recsys_clickthrough,prod,2024-03-18T07:00:00,2024-03-18T15:26:00,dashboard,SEV2,infra_outage,latency_spike,True,506,2099,bd663eef-21bc-40cb-a4a0-a175cdce9e62,True,False
INC-590daf02,fraud_detection,prod,2024-03-18T13:00:00,2024-03-18T16:30:00,dashboard,SEV1,data_drift,metric_degradation,True,210,277,c2bb7f8d-b9fc-41e1-a46e-46ac3f7279e4,True,False
INC-88504cd2,fraud_detection,prod,2024-03-18T15:00:00,2024-03-18T18:41:00,alerting,SEV1,data_pipeline_failure,metric_degradation,True,221,163,c2bb7f8d-b9fc-41e1-a46e-46ac3f7279e4,False,False
INC-fc806495,recsys_clickthrough,prod,2024-03-18T15:00:00,2024-03-18T18:06:00,dashboard,SEV2,external_dependency,latency_spike,True,186,106,e056c4e2-337f-4569-b557-9da8a1450bba,False,False
INC-0a6d1a20,fraud_detection,prod,2024-03-18T16:00:00,2024-03-18T18:31:00,user_report,SEV2,data_drift,metric_degradation,True,151,173,c2bb7f8d-b9fc-41e1-a46e-46ac3f7279e4,False,False
INC-5c63cdce,fraud_detection,prod,2024-03-18T17:00:00,2024-03-18T20:20:00,dashboard,SEV2,external_dependency,error_spike,True,200,1559,c2bb7f8d-b9fc-41e1-a46e-46ac3f7279e4,True,False
INC-a76985a5,fraud_detection,prod,2024-03-18T20:00:00,2024-03-18T20:49:00,user_report,SEV3,infra_outage,latency_spike,True,49,122,c2bb7f8d-b9fc-41e1-a46e-46ac3f7279e4,True,False
INC-b077b7ba,energy_forecasting,dev,2024-03-18T18:00:00,2024-03-19T01:01:00,alerting,SEV3,external_dependency,latency_spike,True,421,16,52bd4f11-797c-4cba-9840-b0b7701ad978,True,False
INC-6c7f7baa,recsys_clickthrough,prod,2024-03-18T17:00:00,2024-03-19T00:11:00,alerting,SEV3,external_dependency,latency_spike,True,431,1604,e056c4e2-337f-4569-b557-9da8a1450bba,False,False
INC-b23c2c29,fraud_detection,prod,2024-03-18T23:00:00,2024-03-19T01:12:00,user_report,SEV2,external_dependency,latency_spike,True,132,147,c2bb7f8d-b9fc-41e1-a46e-46ac3f7279e4,False,False
INC-427cdcc6,energy_forecasting,staging,2024-03-18T07:00:00,2024-03-19T02:33:00,alerting,SEV3,data_drift,metric_degradation,True,1173,1120,3a243712-e7fb-4ce3-8f9c-525c5a8e3b2c,False,False
INC-2a9e41e9,rag_qa_service,dev,2024-03-18T14:00:00,2024-03-19T01:00:00,user_report,SEV1,external_dependency,latency_spike,True,660,77,ec564495-f3be-477f-b48c-a36ebfb190c6,True,True
INC-c4111623,rag_qa_service,prod,2024-03-18T17:00:00,2024-03-19T01:06:00,dashboard,SEV1,infra_outage,latency_spike,True,486,568,77a122ab-3277-45ea-821f-164a7a824cbe,True,False
INC-089f7ac7,fraud_detection,prod,2024-03-19T00:00:00,2024-03-19T02:38:00,user_report,SEV2,data_pipeline_failure,metric_degradation,True,158,29,c2bb7f8d-b9fc-41e1-a46e-46ac3f7279e4,False,True
INC-011c32c5,fraud_detection,prod,2024-03-19T01:00:00,2024-03-19T03:43:00,user_report,SEV3,data_drift,metric_degradation,True,163,122,c2bb7f8d-b9fc-41e1-a46e-46ac3f7279e4,False,False
INC-5b4762f1,energy_forecasting,staging,2024-03-19T02:00:00,2024-03-19T04:16:00,user_report,SEV2,data_pipeline_failure,metric_degradation,True,136,42,3a243712-e7fb-4ce3-8f9c-525c5a8e3b2c,True,False
INC-b5749fde,rag_qa_service,dev,2024-03-19T03:00:00,2024-03-19T04:19:00,alerting,SEV2,infra_outage,latency_spike,True,79,5,ec564495-f3be-477f-b48c-a36ebfb190c6,False,True
INC-28cab0b9,recsys_clickthrough,prod,2024-03-19T03:00:00,2024-03-19T05:26:00,alerting,SEV2,infra_outage,latency_spike,True,146,15,e056c4e2-337f-4569-b557-9da8a1450bba,True,True
INC-88f5305a,rag_qa_service,prod,2024-03-19T04:00:00,2024-03-19T05:18:00,alerting,SEV1,infra_outage,latency_spike,True,78,33,77a122ab-3277-45ea-821f-164a7a824cbe,True,False
INC-0c6d9a53,recsys_clickthrough,prod,2024-03-19T04:00:00,2024-03-19T06:15:00,dashboard,SEV2,external_dependency,latency_spike,True,135,20,e056c4e2-337f-4569-b557-9da8a1450bba,False,True
INC-aa742853,fraud_detection,prod,2024-03-19T05:00:00,2024-03-19T07:52:00,dashboard,SEV3,data_drift,metric_degradation,True,172,35,c2bb7f8d-b9fc-41e1-a46e-46ac3f7279e4,True,False
INC-025f7247,fraud_detection,prod,2024-03-19T06:00:00,2024-03-19T08:42:00,user_report,SEV2,data_drift,metric_degradation,True,162,188,c2bb7f8d-b9fc-41e1-a46e-46ac3f7279e4,True,True
INC-be4e1bc2,recsys_clickthrough,prod,2024-03-19T06:00:00,2024-03-19T10:13:00,user_report,SEV2,external_dependency,latency_spike,True,253,46,e056c4e2-337f-4569-b557-9da8a1450bba,True,False
INC-006ab2ce,fraud_detection,prod,2024-03-19T07:00:00,2024-03-19T07:27:00,alerting,SEV1,infra_outage,latency_spike,True,27,158,c2bb7f8d-b9fc-41e1-a46e-46ac3f7279e4,True,False
INC-a1278c7d,recsys_clickthrough,prod,2024-03-19T09:00:00,2024-03-19T09:48:00,user_report,SEV3,external_dependency,latency_spike,True,48,71,e056c4e2-337f-4569-b557-9da8a1450bba,True,True
INC-84be2872,fraud_detection,prod,2024-03-19T08:00:00,2024-03-19T09:27:00,user_report,SEV2,external_dependency,latency_spike,True,87,386,c2bb7f8d-b9fc-41e1-a46e-46ac3f7279e4,False,False
INC-5a31b91f,rag_qa_service,prod,2024-03-19T07:00:00,2024-03-19T10:23:00,user_report,SEV1,external_dependency,latency_spike,True,203,267,77a122ab-3277-45ea-821f-164a7a824cbe,False,False
INC-3673f3a7,fraud_detection,prod,2024-03-19T10:00:00,2024-03-19T11:30:00,user_report,SEV1,infra_outage,latency_spike,True,90,231,c2bb7f8d-b9fc-41e1-a46e-46ac3f7279e4,False,True
INC-fb532c2f,recsys_clickthrough,prod,2024-03-19T10:00:00,2024-03-19T14:21:00,dashboard,SEV2,infra_outage,latency_spike,True,261,188,bd663eef-21bc-40cb-a4a0-a175cdce9e62,False,True
INC-3900b295,energy_forecasting,staging,2024-03-19T04:00:00,2024-03-19T12:46:00,user_report,SEV1,data_drift,metric_degradation,True,526,414,3a243712-e7fb-4ce3-8f9c-525c5a8e3b2c,True,True
INC-d1d1d357,fraud_detection,prod,2024-03-19T12:00:00,2024-03-19T13:23:00,alerting,SEV2,infra_outage,latency_spike,True,83,250,c2bb7f8d-b9fc-41e1-a46e-46ac3f7279e4,True,False
INC-7ff4acba,fraud_detection,prod,2024-03-19T13:00:00,2024-03-19T15:10:00,alerting,SEV2,data_pipeline_failure,metric_degradation,True,130,165,c2bb7f8d-b9fc-41e1-a46e-46ac3f7279e4,False,False
INC-c9bf3660,rag_qa_service,dev,2024-03-19T10:00:00,2024-03-19T14:16:00,user_report,SEV2,external_dependency,latency_spike,True,256,39,ec564495-f3be-477f-b48c-a36ebfb190c6,False,False
INC-9666ae04,energy_forecasting,staging,2024-03-19T14:00:00,2024-03-19T16:53:00,alerting,SEV2,data_drift,metric_degradation,True,173,54,3a243712-e7fb-4ce3-8f9c-525c5a8e3b2c,False,True
INC-6f8ffb77,recsys_clickthrough,prod,2024-03-19T12:00:00,2024-03-19T15:42:00,user_report,SEV2,infra_outage,latency_spike,True,222,456,e056c4e2-337f-4569-b557-9da8a1450bba,False,False
INC-aa75d962,fraud_detection,prod,2024-03-19T15:00:00,2024-03-19T16:44:00,dashboard,SEV2,data_pipeline_failure,metric_degradation,True,104,166,c2bb7f8d-b9fc-41e1-a46e-46ac3f7279e4,True,True
INC-3c7e23aa,energy_forecasting,dev,2024-03-19T07:00:00,2024-03-19T15:31:00,alerting,SEV2,external_dependency,latency_spike,True,511,33,52bd4f11-797c-4cba-9840-b0b7701ad978,True,False
INC-67c1911f,rag_qa_service,prod,2024-03-19T11:00:00,2024-03-19T17:27:00,user_report,SEV3,infra_outage,latency_spike,True,387,436,77a122ab-3277-45ea-821f-164a7a824cbe,True,False
INC-659dcd62,recsys_clickthrough,prod,2024-03-19T16:00:00,2024-03-19T18:44:00,alerting,SEV3,external_dependency,latency_spike,True,164,41,e056c4e2-337f-4569-b557-9da8a1450bba,False,False
INC-772d83f6,rag_qa_service,dev,2024-03-19T15:00:00,2024-03-19T17:42:00,dashboard,SEV2,infra_outage,latency_spike,True,162,11,ec564495-f3be-477f-b48c-a36ebfb190c6,True,False
INC-836bb6d0,fraud_detection,prod,2024-03-19T18:00:00,2024-03-19T21:29:00,dashboard,SEV2,external_dependency,latency_spike,True,209,180,c2bb7f8d-b9fc-41e1-a46e-46ac3f7279e4,True,True
INC-7337f227,rag_qa_service,prod,2024-03-19T18:00:00,2024-03-19T20:10:00,dashboard,SEV2,infra_outage,latency_spike,True,130,458,3630cace-9769-4dfa-b033-1a210e28cc34,False,False
INC-136b8955,rag_qa_service,prod,2024-03-19T20:00:00,2024-03-19T22:18:00,dashboard,SEV2,external_dependency,latency_spike,True,138,206,77a122ab-3277-45ea-821f-164a7a824cbe,False,True
INC-aa51fdab,fraud_detection,prod,2024-03-19T20:00:00,2024-03-19T22:14:00,alerting,SEV3,external_dependency,latency_spike,True,134,436,c2bb7f8d-b9fc-41e1-a46e-46ac3f7279e4,True,False
INC-98a493f7,rag_qa_service,prod,2024-03-19T22:00:00,2024-03-19T23:41:00,alerting,SEV1,external_dependency,latency_spike,True,101,132,77a122ab-3277-45ea-821f-164a7a824cbe,False,False
INC-df024839,recsys_clickthrough,prod,2024-03-19T17:00:00,2024-03-20T00:39:00,dashboard,SEV3,infra_outage,latency_spike,True,459,846,e056c4e2-337f-4569-b557-9da8a1450bba,True,True
INC-9b0a0b61,rag_qa_service,prod,2024-03-19T23:00:00,2024-03-20T01:29:00,alerting,SEV2,external_dependency,latency_spike,True,149,123,77a122ab-3277-45ea-821f-164a7a824cbe,False,False
INC-9e5ebb1b,energy_forecasting,dev,2024-03-19T16:00:00,2024-03-19T23:29:00,alerting,SEV1,infra_outage,latency_spike,True,449,31,52bd4f11-797c-4cba-9840-b0b7701ad978,False,True
INC-be0ded22,fraud_detection,prod,2024-03-19T23:00:00,2024-03-20T02:13:00,alerting,SEV3,data_pipeline_failure,metric_degradation,True,193,222,c2bb7f8d-b9fc-41e1-a46e-46ac3f7279e4,False,False
INC-99c901a9,rag_qa_service,dev,2024-03-19T18:00:00,2024-03-20T02:45:00,alerting,SEV2,external_dependency,latency_spike,True,525,51,ec564495-f3be-477f-b48c-a36ebfb190c6,True,True
INC-b599ce3c,rag_qa_service,prod,2024-03-20T00:00:00,2024-03-20T03:15:00,user_report,SEV3,external_dependency,latency_spike,True,195,57,77a122ab-3277-45ea-821f-164a7a824cbe,False,True
INC-b739f5cb,recsys_clickthrough,prod,2024-03-20T01:00:00,2024-03-20T04:34:00,user_report,SEV3,external_dependency,latency_spike,True,214,20,e056c4e2-337f-4569-b557-9da8a1450bba,False,True
INC-19dba0dd,fraud_detection,prod,2024-03-20T01:00:00,2024-03-20T04:53:00,alerting,SEV2,data_pipeline_failure,metric_degradation,True,233,160,c2bb7f8d-b9fc-41e1-a46e-46ac3f7279e4,False,False
INC-0f0aa5fe,recsys_clickthrough,prod,2024-03-20T02:00:00,2024-03-20T03:12:00,dashboard,SEV2,external_dependency,latency_spike,True,72,28,e056c4e2-337f-4569-b557-9da8a1450bba,True,True
INC-9d33f833,fraud_detection,prod,2024-03-20T03:00:00,2024-03-20T03:19:00,dashboard,SEV2,data_drift,metric_degradation,True,19,30,c2bb7f8d-b9fc-41e1-a46e-46ac3f7279e4,False,True
INC-090d2639,fraud_detection,prod,2024-03-20T04:00:00,2024-03-20T07:00:00,alerting,SEV3,data_drift,metric_degradation,True,180,25,c2bb7f8d-b9fc-41e1-a46e-46ac3f7279e4,False,True
INC-482b63d3,recsys_clickthrough,prod,2024-03-20T04:00:00,2024-03-20T06:14:00,alerting,SEV1,infra_outage,latency_spike,True,134,13,e056c4e2-337f-4569-b557-9da8a1450bba,True,True
INC-d7ed6419,fraud_detection,prod,2024-03-20T05:00:00,2024-03-20T06:04:00,dashboard,SEV2,data_pipeline_failure,metric_degradation,True,64,65,c2bb7f8d-b9fc-41e1-a46e-46ac3f7279e4,False,True
INC-91b9dfd1,recsys_clickthrough,prod,2024-03-20T06:00:00,2024-03-20T09:47:00,dashboard,SEV2,external_dependency,latency_spike,True,227,54,e056c4e2-337f-4569-b557-9da8a1450bba,True,False
INC-0cf27b15,fraud_detection,prod,2024-03-20T06:00:00,2024-03-20T09:27:00,dashboard,SEV2,data_pipeline_failure,metric_degradation,True,207,80,c2bb7f8d-b9fc-41e1-a46e-46ac3f7279e4,True,False
INC-f4621c40,recsys_clickthrough,prod,2024-03-20T07:00:00,2024-03-20T08:50:00,user_report,SEV2,external_dependency,latency_spike,True,110,81,e056c4e2-337f-4569-b557-9da8a1450bba,False,True
INC-08ae8cc2,recsys_clickthrough,prod,2024-03-20T11:00:00,2024-03-20T12:04:00,dashboard,SEV2,infra_outage,latency_spike,True,64,61,e056c4e2-337f-4569-b557-9da8a1450bba,True,False
INC-af2a8afd,rag_qa_service,dev,2024-03-20T09:00:00,2024-03-20T11:19:00,user_report,SEV2,external_dependency,latency_spike,True,139,23,ec564495-f3be-477f-b48c-a36ebfb190c6,True,False
INC-456e6243,rag_qa_service,prod,2024-03-20T10:00:00,2024-03-20T12:22:00,dashboard,SEV1,external_dependency,latency_spike,True,142,183,77a122ab-3277-45ea-821f-164a7a824cbe,False,True
INC-b3a97147,fraud_detection,prod,2024-03-20T12:00:00,2024-03-20T13:20:00,user_report,SEV2,external_dependency,latency_spike,True,80,235,c2bb7f8d-b9fc-41e1-a46e-46ac3f7279e4,True,False
INC-e35c4a51,energy_forecasting,dev,2024-03-20T07:00:00,2024-03-20T16:04:00,alerting,SEV3,infra_outage,latency_spike,True,544,28,52bd4f11-797c-4cba-9840-b0b7701ad978,False,False
INC-6258fb52,recsys_clickthrough,prod,2024-03-20T12:00:00,2024-03-20T17:09:00,alerting,SEV3,external_dependency,latency_spike,True,309,369,e056c4e2-337f-4569-b557-9da8a1450bba,True,True
INC-ef180ca4,recsys_clickthrough,prod,2024-03-20T15:00:00,2024-03-20T16:37:00,dashboard,SEV1,infra_outage,latency_spike,True,97,41,e056c4e2-337f-4569-b557-9da8a1450bba,False,False
INC-05d2aa91,fraud_detection,prod,2024-03-20T14:00:00,2024-03-20T18:24:00,dashboard,SEV1,infra_outage,latency_spike,True,264,385,c2bb7f8d-b9fc-41e1-a46e-46ac3f7279e4,True,False
INC-ec4ca6ca,rag_qa_service,dev,2024-03-20T13:00:00,2024-03-20T18:12:00,alerting,SEV2,external_dependency,latency_spike,True,312,23,ec564495-f3be-477f-b48c-a36ebfb190c6,True,False
INC-eba9bcd9,fraud_detection,prod,2024-03-20T17:00:00,2024-03-20T17:15:00,alerting,SEV2,infra_outage,latency_spike,True,15,120,c2bb7f8d-b9fc-41e1-a46e-46ac3f7279e4,True,False
INC-f4517366,fraud_detection,prod,2024-03-20T18:00:00,2024-03-20T21:24:00,dashboard,SEV2,infra_outage,latency_spike,True,204,348,c2bb7f8d-b9fc-41e1-a46e-46ac3f7279e4,False,False
INC-8b4ba72b,recsys_clickthrough,prod,2024-03-20T19:00:00,2024-03-20T22:31:00,dashboard,SEV2,external_dependency,latency_spike,True,211,105,bd663eef-21bc-40cb-a4a0-a175cdce9e62,False,False
INC-12e54181,fraud_detection,prod,2024-03-20T20:00:00,2024-03-20T23:28:00,dashboard,SEV2,external_dependency,latency_spike,True,208,282,c2bb7f8d-b9fc-41e1-a46e-46ac3f7279e4,False,True
INC-b2568d76,fraud_detection,prod,2024-03-20T21:00:00,2024-03-20T21:52:00,alerting,SEV3,infra_outage,latency_spike,True,52,194,c2bb7f8d-b9fc-41e1-a46e-46ac3f7279e4,False,True
INC-1f5ea85e,rag_qa_service,prod,2024-03-20T15:00:00,2024-03-20T22:48:00,user_report,SEV2,infra_outage,latency_spike,True,468,944,77a122ab-3277-45ea-821f-164a7a824cbe,False,False
INC-615d70e4,fraud_detection,prod,2024-03-20T22:00:00,2024-03-21T01:19:00,user_report,SEV3,infra_outage,latency_spike,True,199,391,c2bb7f8d-b9fc-41e1-a46e-46ac3f7279e4,True,True
INC-87c7f256,energy_forecasting,dev,2024-03-20T19:00:00,2024-03-21T02:03:00,alerting,SEV2,external_dependency,latency_spike,True,423,20,52bd4f11-797c-4cba-9840-b0b7701ad978,True,False
INC-c79e7614,rag_qa_service,dev,2024-03-20T20:00:00,2024-03-21T00:57:00,dashboard,SEV3,external_dependency,latency_spike,True,297,37,ec564495-f3be-477f-b48c-a36ebfb190c6,True,False
INC-e35823a3,fraud_detection,prod,2024-03-21T00:00:00,2024-03-21T00:48:00,alerting,SEV1,data_drift,metric_degradation,True,48,55,c2bb7f8d-b9fc-41e1-a46e-46ac3f7279e4,False,False
INC-41b38c5d,fraud_detection,prod,2024-03-21T02:00:00,2024-03-21T03:54:00,dashboard,SEV1,data_pipeline_failure,metric_degradation,True,114,84,c2bb7f8d-b9fc-41e1-a46e-46ac3f7279e4,True,False
INC-612f65e4,fraud_detection,prod,2024-03-21T03:00:00,2024-03-21T07:24:00,alerting,SEV3,data_pipeline_failure,metric_degradation,True,264,195,c2bb7f8d-b9fc-41e1-a46e-46ac3f7279e4,False,False
INC-e9d4902a,fraud_detection,prod,2024-03-21T06:00:00,2024-03-21T06:15:00,user_report,SEV3,data_drift,metric_degradation,True,15,120,c2bb7f8d-b9fc-41e1-a46e-46ac3f7279e4,True,False
INC-91214d19,rag_qa_service,dev,2024-03-21T06:00:00,2024-03-21T07:41:00,user_report,SEV2,infra_outage,latency_spike,True,101,7,ec564495-f3be-477f-b48c-a36ebfb190c6,True,False
INC-098b6ec5,rag_qa_service,dev,2024-03-21T10:00:00,2024-03-21T14:53:00,dashboard,SEV3,external_dependency,latency_spike,True,293,17,ec564495-f3be-477f-b48c-a36ebfb190c6,False,False
INC-74b44424,rag_qa_service,prod,2024-03-21T07:00:00,2024-03-21T15:30:00,alerting,SEV2,external_dependency,latency_spike,True,510,749,77a122ab-3277-45ea-821f-164a7a824cbe,True,True
INC-4779a86e,energy_forecasting,dev,2024-03-21T06:00:00,2024-03-21T23:50:00,alerting,SEV3,external_dependency,latency_spike,True,1070,66,52bd4f11-797c-4cba-9840-b0b7701ad978,False,False
INC-33f67a26,energy_forecasting,dev,2024-03-22T04:00:00,2024-03-22T06:58:00,alerting,SEV3,infra_outage,latency_spike,True,178,2,52bd4f11-797c-4cba-9840-b0b7701ad978,True,False
INC-e4984709,rag_qa_service,staging,2024-03-22T10:00:00,2024-03-22T15:38:00,user_report,SEV1,external_dependency,latency_spike,True,338,72,3a22082c-2359-4cbe-b657-1e315185dfe4,False,False
INC-a1161a25,energy_forecasting,dev,2024-03-22T10:00:00,2024-03-22T14:24:00,dashboard,SEV2,external_dependency,latency_spike,True,264,24,52bd4f11-797c-4cba-9840-b0b7701ad978,False,False
INC-eadb917d,rag_qa_service,staging,2024-03-22T16:00:00,2024-03-22T19:43:00,user_report,SEV2,infra_outage,latency_spike,True,223,21,3a22082c-2359-4cbe-b657-1e315185dfe4,True,False
INC-ae2354cc,rag_qa_service,staging,2024-03-22T18:00:00,2024-03-23T00:06:00,user_report,SEV3,infra_outage,latency_spike,True,366,128,3a22082c-2359-4cbe-b657-1e315185dfe4,True,True
INC-d4a17cdd,energy_forecasting,dev,2024-03-22T16:00:00,2024-03-23T01:54:00,alerting,SEV3,external_dependency,latency_spike,True,594,36,52bd4f11-797c-4cba-9840-b0b7701ad978,True,False
INC-5f0ae770,rag_qa_service,staging,2024-03-23T00:00:00,2024-03-23T03:18:00,alerting,SEV2,external_dependency,latency_spike,True,198,14,3a22082c-2359-4cbe-b657-1e315185dfe4,True,True
INC-28281542,rag_qa_service,staging,2024-03-23T06:00:00,2024-03-23T09:11:00,user_report,SEV2,infra_outage,latency_spike,True,191,16,3a22082c-2359-4cbe-b657-1e315185dfe4,True,False
INC-96f69df9,rag_qa_service,prod,2024-03-21T17:00:00,2024-03-21T20:42:00,alerting,SEV2,infra_outage,latency_spike,True,222,290,77a122ab-3277-45ea-821f-164a7a824cbe,False,True
INC-a817be03,rag_qa_service,staging,2024-03-23T08:00:00,2024-03-24T01:00:00,user_report,SEV2,external_dependency,latency_spike,True,1020,532,3a22082c-2359-4cbe-b657-1e315185dfe4,False,True
INC-bbea544b,fraud_detection,staging,2024-03-20T10:00:00,2024-03-24T02:25:00,user_report,SEV2,data_pipeline_failure,metric_degradation,True,5305,3958,0fa00cca-97a7-4708-abad-5bcf54b183b0,True,False
INC-151d5dcf,rag_qa_service,staging,2024-03-24T03:00:00,2024-03-24T05:33:00,alerting,SEV1,external_dependency,latency_spike,True,153,24,3a22082c-2359-4cbe-b657-1e315185dfe4,False,True
INC-7059d157,rag_qa_service,prod,2024-03-24T10:00:00,2024-03-24T11:22:00,dashboard,SEV2,external_dependency,latency_spike,True,82,331,3f15d730-9bdc-46f7-956d-1e9642d2617f,False,False
INC-d93074bc,rag_qa_service,prod,2024-03-24T19:00:00,2024-03-24T21:36:00,user_report,SEV3,external_dependency,latency_spike,True,156,182,3f15d730-9bdc-46f7-956d-1e9642d2617f,False,False
INC-699a67cc,rag_qa_service,staging,2024-03-24T06:00:00,2024-03-25T01:01:00,user_report,SEV3,infra_outage,latency_spike,True,1141,495,3a22082c-2359-4cbe-b657-1e315185dfe4,True,True
INC-b51d59ae,rag_qa_service,prod,2024-03-25T07:00:00,2024-03-25T13:36:00,dashboard,SEV3,config_error,error_spike,True,396,3341,3f15d730-9bdc-46f7-956d-1e9642d2617f,True,False
INC-6f81d5f1,rag_qa_service,prod,2024-03-25T12:00:00,2024-03-25T15:37:00,alerting,SEV3,external_dependency,latency_spike,True,217,206,3f15d730-9bdc-46f7-956d-1e9642d2617f,False,False
INC-643901fd,rag_qa_service,prod,2024-03-25T14:00:00,2024-03-25T17:12:00,dashboard,SEV2,infra_outage,latency_spike,True,192,523,3f15d730-9bdc-46f7-956d-1e9642d2617f,False,True
INC-db978f8b,rag_qa_service,prod,2024-03-25T17:00:00,2024-03-25T21:11:00,alerting,SEV2,infra_outage,latency_spike,True,251,610,3f15d730-9bdc-46f7-956d-1e9642d2617f,False,True
INC-27379f22,rag_qa_service,prod,2024-03-25T21:00:00,2024-03-26T01:26:00,user_report,SEV1,external_dependency,latency_spike,True,266,1006,3f15d730-9bdc-46f7-956d-1e9642d2617f,False,False
INC-cae47a88,rag_qa_service,staging,2024-03-25T07:00:00,2024-03-26T01:01:00,user_report,SEV3,external_dependency,latency_spike,True,1081,548,3a22082c-2359-4cbe-b657-1e315185dfe4,False,False
INC-67f37855,rag_qa_service,prod,2024-03-26T06:00:00,2024-03-26T09:02:00,user_report,SEV3,infra_outage,latency_spike,True,182,312,3f15d730-9bdc-46f7-956d-1e9642d2617f,True,False
INC-eb25797a,rag_qa_service,prod,2024-03-26T11:00:00,2024-03-26T14:18:00,user_report,SEV2,external_dependency,latency_spike,True,198,482,3f15d730-9bdc-46f7-956d-1e9642d2617f,False,True
INC-bfe89d67,rag_qa_service,prod,2024-03-26T13:00:00,2024-03-26T15:48:00,alerting,SEV3,infra_outage,latency_spike,True,168,481,3f15d730-9bdc-46f7-956d-1e9642d2617f,False,True
INC-3165bb43,rag_qa_service,prod,2024-03-26T18:00:00,2024-03-26T20:45:00,alerting,SEV3,infra_outage,latency_spike,True,165,258,3f15d730-9bdc-46f7-956d-1e9642d2617f,True,True
INC-f41aaada,rag_qa_service,prod,2024-03-26T20:00:00,2024-03-26T23:20:00,alerting,SEV2,infra_outage,latency_spike,True,200,1872,3f15d730-9bdc-46f7-956d-1e9642d2617f,False,True
INC-63a90cb6,rag_qa_service,staging,2024-03-26T07:00:00,2024-03-27T02:59:00,alerting,SEV3,external_dependency,latency_spike,True,1199,494,3a22082c-2359-4cbe-b657-1e315185dfe4,False,True
INC-0a0e8389,rag_qa_service,prod,2024-03-27T10:00:00,2024-03-27T13:31:00,user_report,SEV3,infra_outage,latency_spike,True,211,903,3f15d730-9bdc-46f7-956d-1e9642d2617f,False,False
INC-40d5c5b2,rag_qa_service,prod,2024-03-27T17:00:00,2024-03-27T17:34:00,alerting,SEV2,infra_outage,latency_spike,True,34,293,3f15d730-9bdc-46f7-956d-1e9642d2617f,False,False
INC-49219a82,rag_qa_service,prod,2024-03-27T20:00:00,2024-03-27T23:19:00,alerting,SEV3,infra_outage,latency_spike,True,199,3889,3f15d730-9bdc-46f7-956d-1e9642d2617f,False,True
INC-d3d4ba7b,rag_qa_service,staging,2024-03-27T06:00:00,2024-03-28T00:55:00,user_report,SEV3,infra_outage,latency_spike,True,1135,683,3a22082c-2359-4cbe-b657-1e315185dfe4,False,False
INC-6beb4af9,rag_qa_service,prod,2024-03-28T06:00:00,2024-03-28T07:24:00,dashboard,SEV2,infra_outage,latency_spike,True,84,419,3f15d730-9bdc-46f7-956d-1e9642d2617f,True,False
INC-b5d4fdbe,rag_qa_service,prod,2024-03-28T09:00:00,2024-03-28T17:03:00,alerting,SEV3,infra_outage,latency_spike,True,483,1715,3f15d730-9bdc-46f7-956d-1e9642d2617f,False,True
INC-a92dca04,rag_qa_service,prod,2024-03-28T18:00:00,2024-03-29T02:12:00,alerting,SEV1,infra_outage,latency_spike,True,492,1811,3f15d730-9bdc-46f7-956d-1e9642d2617f,True,False
INC-dd105a9b,energy_forecasting,dev,2024-03-23T06:00:00,2024-03-24T03:19:00,dashboard,SEV2,infra_outage,latency_spike,True,1279,73,52bd4f11-797c-4cba-9840-b0b7701ad978,True,True
INC-70b4ca4a,energy_forecasting,dev,2024-03-29T06:00:00,2024-03-29T16:35:00,alerting,SEV2,infra_outage,latency_spike,True,635,61,93530182-135c-4ef4-8353-1197d95db1bd,True,True
INC-052b8d2f,energy_forecasting,dev,2024-03-29T17:00:00,2024-03-30T01:58:00,alerting,SEV1,infra_outage,latency_spike,True,538,46,93530182-135c-4ef4-8353-1197d95db1bd,True,False
INC-933da885,energy_forecasting,dev,2024-03-30T02:00:00,2024-03-30T05:49:00,alerting,SEV3,infra_outage,latency_spike,True,229,4,93530182-135c-4ef4-8353-1197d95db1bd,False,False
INC-f29dda77,rag_qa_service,prod,2024-03-30T06:00:00,2024-03-30T16:16:00,user_report,SEV2,external_dependency,latency_spike,True,616,901,5998fe72-2716-4e2a-a5df-15554cf185ec,False,False
INC-fbca59b0,rag_qa_service,dev,2024-03-21T14:00:00,2024-03-28T02:42:00,dashboard,SEV2,external_dependency,latency_spike,True,9402,1507,ec564495-f3be-477f-b48c-a36ebfb190c6,True,False
INC-f15fabca,rag_qa_service,prod,2024-03-30T20:00:00,2024-03-31T01:31:00,alerting,SEV2,infra_outage,latency_spike,True,331,139,5998fe72-2716-4e2a-a5df-15554cf185ec,False,True
INC-571acc61,rag_qa_service,prod,2024-03-31T06:00:00,2024-03-31T09:32:00,alerting,SEV3,external_dependency,latency_spike,True,212,71,5998fe72-2716-4e2a-a5df-15554cf185ec,True,False
INC-46d18797,rag_qa_service,dev,2024-03-31T08:00:00,2024-03-31T13:51:00,user_report,SEV2,external_dependency,latency_spike,True,351,4,3d50474d-1cb7-49d7-935c-0ec1e3829eec,True,True
INC-29d87491,rag_qa_service,prod,2024-03-31T08:00:00,2024-03-31T13:17:00,alerting,SEV1,infra_outage,latency_spike,True,317,205,5998fe72-2716-4e2a-a5df-15554cf185ec,True,False
INC-67bcf1d7,rag_qa_service,dev,2024-03-31T12:00:00,2024-03-31T13:28:00,user_report,SEV3,infra_outage,latency_spike,True,88,2,3d50474d-1cb7-49d7-935c-0ec1e3829eec,True,False
INC-10826dbd,rag_qa_service,prod,2024-03-31T15:00:00,2024-03-31T16:58:00,dashboard,SEV3,external_dependency,latency_spike,True,118,73,5998fe72-2716-4e2a-a5df-15554cf185ec,True,False
INC-83efcae6,rag_qa_service,dev,2024-03-31T20:00:00,2024-03-31T23:20:00,user_report,SEV2,infra_outage,latency_spike,True,200,4,3d50474d-1cb7-49d7-935c-0ec1e3829eec,True,False
INC-ba5dd1f2,rag_qa_service,prod,2024-03-31T19:00:00,2024-04-01T01:32:00,dashboard,SEV3,infra_outage,latency_spike,True,392,379,5998fe72-2716-4e2a-a5df-15554cf185ec,True,False
INC-bd05305a,energy_forecasting,prod,2024-04-01T09:00:00,2024-04-01T10:20:00,alerting,SEV3,external_dependency,latency_spike,True,80,229,36253b7c-419f-462d-9aec-ae35b8bb315e,False,False
INC-98b864d9,rag_qa_service,dev,2024-04-01T08:00:00,2024-04-01T09:30:00,user_report,SEV2,external_dependency,latency_spike,True,90,3,3d50474d-1cb7-49d7-935c-0ec1e3829eec,False,True
INC-0c5b3edd,rag_qa_service,staging,2024-03-28T07:00:00,2024-04-01T22:43:00,alerting,SEV2,external_dependency,latency_spike,True,6703,5385,3a22082c-2359-4cbe-b657-1e315185dfe4,True,False
INC-5df4e997,energy_forecasting,prod,2024-04-01T18:00:00,2024-04-01T23:48:00,alerting,SEV3,external_dependency,latency_spike,True,348,1377,36253b7c-419f-462d-9aec-ae35b8bb315e,True,True
INC-e2789f0b,rag_qa_service,dev,2024-04-01T23:00:00,2024-04-02T02:35:00,alerting,SEV2,infra_outage,latency_spike,True,215,1,3d50474d-1cb7-49d7-935c-0ec1e3829eec,False,False
INC-d3b78c6c,rag_qa_service,staging,2024-04-02T01:00:00,2024-04-02T03:10:00,dashboard,SEV3,data_pipeline_failure,metric_degradation,True,130,23,3a22082c-2359-4cbe-b657-1e315185dfe4,False,False
INC-c53b168e,rag_qa_service,staging,2024-04-02T02:00:00,2024-04-02T06:24:00,dashboard,SEV2,external_dependency,latency_spike,True,264,39,3a22082c-2359-4cbe-b657-1e315185dfe4,False,False
INC-f0ae99a9,energy_forecasting,prod,2024-04-02T03:00:00,2024-04-02T06:20:00,dashboard,SEV1,config_error,error_spike,True,200,110,e72fc4f7-5f57-47e7-bc61-99d607ff138e,True,False
INC-c1028172,rag_qa_service,staging,2024-04-02T04:00:00,2024-04-02T05:00:00,alerting,SEV2,data_drift,metric_degradation,True,60,14,3a22082c-2359-4cbe-b657-1e315185dfe4,True,True
INC-fca16441,energy_forecasting,prod,2024-04-02T05:00:00,2024-04-02T07:33:00,alerting,SEV1,data_pipeline_failure,metric_degradation,True,153,108,36253b7c-419f-462d-9aec-ae35b8bb315e,True,True
INC-245a1112,rag_qa_service,staging,2024-04-02T08:00:00,2024-04-02T09:46:00,dashboard,SEV3,infra_outage,latency_spike,True,106,62,3a22082c-2359-4cbe-b657-1e315185dfe4,True,True
INC-e7abbb77,rag_qa_service,staging,2024-04-02T09:00:00,2024-04-02T11:57:00,user_report,SEV2,infra_outage,latency_spike,True,177,147,3a22082c-2359-4cbe-b657-1e315185dfe4,False,False
INC-d380a921,rag_qa_service,dev,2024-04-02T10:00:00,2024-04-02T13:57:00,alerting,SEV3,external_dependency,latency_spike,True,237,4,3d50474d-1cb7-49d7-935c-0ec1e3829eec,False,True
INC-da368631,energy_forecasting,prod,2024-04-02T06:00:00,2024-04-02T14:45:00,dashboard,SEV2,model_bug,error_spike,True,525,2477,e72fc4f7-5f57-47e7-bc61-99d607ff138e,False,False
INC-1d7ec273,rag_qa_service,staging,2024-04-02T14:00:00,2024-04-02T17:16:00,dashboard,SEV2,external_dependency,latency_spike,True,196,43,3a22082c-2359-4cbe-b657-1e315185dfe4,False,False
INC-04ee1967,rag_qa_service,staging,2024-04-02T15:00:00,2024-04-02T16:43:00,user_report,SEV2,infra_outage,latency_spike,True,103,94,3a22082c-2359-4cbe-b657-1e315185dfe4,True,True
INC-57a09e8f,rag_qa_service,staging,2024-04-02T17:00:00,2024-04-02T21:18:00,dashboard,SEV2,infra_outage,latency_spike,True,258,134,3a22082c-2359-4cbe-b657-1e315185dfe4,False,True
INC-214d7020,rag_qa_service,staging,2024-04-02T20:00:00,2024-04-02T23:34:00,alerting,SEV2,external_dependency,latency_spike,True,214,124,3a22082c-2359-4cbe-b657-1e315185dfe4,True,False
INC-6b039aa7,rag_qa_service,staging,2024-04-02T22:00:00,2024-04-03T00:30:00,user_report,SEV2,infra_outage,latency_spike,True,150,48,3a22082c-2359-4cbe-b657-1e315185dfe4,False,True
INC-5e9630d2,rag_qa_service,dev,2024-04-02T19:00:00,2024-04-03T00:54:00,alerting,SEV2,infra_outage,latency_spike,True,354,7,3d50474d-1cb7-49d7-935c-0ec1e3829eec,False,True
INC-16e858f8,rag_qa_service,staging,2024-04-02T23:00:00,2024-04-03T02:06:00,user_report,SEV3,infra_outage,latency_spike,True,186,53,3a22082c-2359-4cbe-b657-1e315185dfe4,False,False
INC-ab41ee47,energy_forecasting,prod,2024-04-02T15:00:00,2024-04-03T03:10:00,dashboard,SEV3,external_dependency,latency_spike,True,730,2529,36253b7c-419f-462d-9aec-ae35b8bb315e,False,False
INC-73c07ab6,rag_qa_service,staging,2024-04-03T02:00:00,2024-04-03T03:28:00,user_report,SEV2,data_drift,metric_degradation,True,88,8,3a22082c-2359-4cbe-b657-1e315185dfe4,False,False
INC-8bb68abd,rag_qa_service,staging,2024-04-03T03:00:00,2024-04-03T04:41:00,alerting,SEV2,external_dependency,latency_spike,True,101,22,3a22082c-2359-4cbe-b657-1e315185dfe4,True,False
INC-300ca0f6,energy_forecasting,prod,2024-04-03T04:00:00,2024-04-03T05:39:00,dashboard,SEV2,data_pipeline_failure,metric_degradation,True,99,51,36253b7c-419f-462d-9aec-ae35b8bb315e,False,False
INC-e83d300f,rag_qa_service,staging,2024-04-03T05:00:00,2024-04-03T06:41:00,user_report,SEV2,external_dependency,latency_spike,True,101,32,3a22082c-2359-4cbe-b657-1e315185dfe4,True,False
INC-cee16cd0,rag_qa_service,staging,2024-04-03T06:00:00,2024-04-03T06:55:00,alerting,SEV2,infra_outage,latency_spike,True,55,50,3a22082c-2359-4cbe-b657-1e315185dfe4,False,True
INC-5abf65c4,rag_qa_service,staging,2024-04-03T08:00:00,2024-04-03T12:51:00,alerting,SEV3,infra_outage,latency_spike,True,291,154,3a22082c-2359-4cbe-b657-1e315185dfe4,False,False
INC-b49f1cf7,rag_qa_service,staging,2024-04-03T10:00:00,2024-04-03T10:40:00,alerting,SEV3,external_dependency,latency_spike,True,40,66,3a22082c-2359-4cbe-b657-1e315185dfe4,True,False
INC-f98d1319,rag_qa_service,staging,2024-04-03T11:00:00,2024-04-03T13:55:00,user_report,SEV3,external_dependency,latency_spike,True,175,40,3a22082c-2359-4cbe-b657-1e315185dfe4,False,True
INC-ec4d826b,rag_qa_service,staging,2024-04-03T12:00:00,2024-04-03T14:31:00,dashboard,SEV2,infra_outage,latency_spike,True,151,66,3a22082c-2359-4cbe-b657-1e315185dfe4,False,True
INC-c0af1644,rag_qa_service,staging,2024-04-03T13:00:00,2024-04-03T14:20:00,alerting,SEV2,external_dependency,latency_spike,True,80,49,3a22082c-2359-4cbe-b657-1e315185dfe4,True,True
INC-41586960,energy_forecasting,prod,2024-04-03T06:00:00,2024-04-03T16:07:00,user_report,SEV3,data_drift,metric_degradation,True,607,1737,36253b7c-419f-462d-9aec-ae35b8bb315e,False,True
INC-77296a4a,rag_qa_service,staging,2024-04-03T14:00:00,2024-04-03T17:19:00,dashboard,SEV3,external_dependency,latency_spike,True,199,42,3a22082c-2359-4cbe-b657-1e315185dfe4,True,False
INC-4ae94578,energy_forecasting,prod,2024-04-03T15:00:00,2024-04-04T01:15:00,alerting,SEV1,infra_outage,latency_spike,True,615,2619,e72fc4f7-5f57-47e7-bc61-99d607ff138e,False,True
INC-dcb85217,energy_forecasting,prod,2024-04-04T01:00:00,2024-04-04T04:14:00,dashboard,SEV2,data_drift,metric_degradation,True,194,312,36253b7c-419f-462d-9aec-ae35b8bb315e,True,False
INC-6c5e2e2a,energy_forecasting,prod,2024-04-04T04:00:00,2024-04-04T05:32:00,alerting,SEV1,data_pipeline_failure,metric_degradation,True,92,51,36253b7c-419f-462d-9aec-ae35b8bb315e,False,False
INC-cba69aa6,recsys_clickthrough,staging,2024-04-05T06:00:00,2024-04-05T08:56:00,dashboard,SEV2,external_dependency,latency_spike,True,176,6,431ac7ee-bfc8-4da8-987b-662ce48cec57,True,False
INC-c7d23e24,recsys_clickthrough,staging,2024-04-05T10:00:00,2024-04-05T13:41:00,alerting,SEV2,infra_outage,latency_spike,True,221,20,431ac7ee-bfc8-4da8-987b-662ce48cec57,False,False
INC-3fe0f872,recsys_clickthrough,staging,2024-04-05T15:00:00,2024-04-05T17:56:00,dashboard,SEV3,infra_outage,latency_spike,True,176,6,431ac7ee-bfc8-4da8-987b-662ce48cec57,False,False
INC-9e09ab1f,rag_qa_service,staging,2024-04-05T22:00:00,2024-04-05T22:34:00,dashboard,SEV2,infra_outage,latency_spike,True,34,28,5c669cb3-75d1-400b-b3a0-45c324b31508,False,False
INC-f24a00ef,recsys_clickthrough,staging,2024-04-05T20:00:00,2024-04-06T00:24:00,alerting,SEV3,external_dependency,latency_spike,True,264,40,431ac7ee-bfc8-4da8-987b-662ce48cec57,False,False
INC-4d0f974e,recsys_clickthrough,staging,2024-04-06T06:00:00,2024-04-06T08:20:00,dashboard,SEV2,external_dependency,latency_spike,True,140,9,431ac7ee-bfc8-4da8-987b-662ce48cec57,True,True
INC-98735c99,recsys_clickthrough,staging,2024-04-06T09:00:00,2024-04-06T12:47:00,user_report,SEV2,external_dependency,latency_spike,True,227,20,431ac7ee-bfc8-4da8-987b-662ce48cec57,False,False
INC-eeda0a96,recsys_clickthrough,staging,2024-04-06T16:00:00,2024-04-07T00:20:00,alerting,SEV2,infra_outage,latency_spike,True,500,52,431ac7ee-bfc8-4da8-987b-662ce48cec57,True,True
INC-47d9d25f,rag_qa_service,dev,2024-04-07T06:00:00,2024-04-07T06:23:00,dashboard,SEV2,external_dependency,latency_spike,True,23,1,a512fc7d-d501-48b0-948d-f3a77dc5ffaf,False,False
INC-f5160b8f,rag_qa_service,dev,2024-04-07T11:00:00,2024-04-07T12:53:00,alerting,SEV3,infra_outage,latency_spike,True,113,1,a512fc7d-d501-48b0-948d-f3a77dc5ffaf,False,False
INC-c3d13738,recsys_clickthrough,staging,2024-04-07T08:00:00,2024-04-07T15:33:00,dashboard,SEV2,infra_outage,latency_spike,True,453,23,431ac7ee-bfc8-4da8-987b-662ce48cec57,True,True
INC-875a748d,rag_qa_service,dev,2024-04-07T20:00:00,2024-04-07T22:06:00,alerting,SEV1,external_dependency,latency_spike,True,126,1,a512fc7d-d501-48b0-948d-f3a77dc5ffaf,True,True
INC-a192d49d,recsys_clickthrough,staging,2024-04-07T16:00:00,2024-04-07T22:53:00,user_report,SEV3,external_dependency,latency_spike,True,413,50,431ac7ee-bfc8-4da8-987b-662ce48cec57,True,True
INC-2bccab12,recsys_clickthrough,staging,2024-04-08T01:00:00,2024-04-08T02:33:00,user_report,SEV3,external_dependency,latency_spike,True,93,4,431ac7ee-bfc8-4da8-987b-662ce48cec57,True,True
INC-a675ea64,rag_qa_service,dev,2024-04-08T09:00:00,2024-04-08T12:00:00,dashboard,SEV3,infra_outage,latency_spike,True,180,1,a512fc7d-d501-48b0-948d-f3a77dc5ffaf,True,True
INC-fea8b209,recsys_clickthrough,staging,2024-04-08T06:00:00,2024-04-08T13:05:00,alerting,SEV2,infra_outage,latency_spike,True,425,33,431ac7ee-bfc8-4da8-987b-662ce48cec57,False,False
INC-baefea20,rag_qa_service,dev,2024-04-08T11:00:00,2024-04-08T14:11:00,user_report,SEV2,external_dependency,latency_spike,True,191,1,a512fc7d-d501-48b0-948d-f3a77dc5ffaf,True,False
INC-034e0209,rag_qa_service,dev,2024-04-08T19:00:00,2024-04-08T19:35:00,user_report,SEV2,infra_outage,latency_spike,True,35,1,a512fc7d-d501-48b0-948d-f3a77dc5ffaf,False,True
INC-d2a7e64b,rag_qa_service,dev,2024-04-08T21:00:00,2024-04-09T00:04:00,alerting,SEV3,infra_outage,latency_spike,True,184,1,a512fc7d-d501-48b0-948d-f3a77dc5ffaf,False,False
INC-cc04ac74,energy_forecasting,staging,2024-03-19T16:00:00,2024-03-30T08:12:00,user_report,SEV1,external_dependency,latency_spike,True,15372,12716,6c23bcbb-683b-4bf6-a1af-ffe117e326d6,True,False
INC-efcc32b6,energy_forecasting,staging,2024-04-09T11:00:00,2024-04-09T13:00:00,user_report,SEV1,infra_outage,latency_spike,True,120,59,94209fdb-cf38-46a0-8bbf-ebff4326a733,True,True
INC-40253b3d,energy_forecasting,staging,2024-04-09T14:00:00,2024-04-09T16:54:00,user_report,SEV2,external_dependency,latency_spike,True,174,33,94209fdb-cf38-46a0-8bbf-ebff4326a733,False,False
INC-4f307849,rag_qa_service,dev,2024-04-09T19:00:00,2024-04-10T00:34:00,alerting,SEV1,external_dependency,latency_spike,True,334,5,a512fc7d-d501-48b0-948d-f3a77dc5ffaf,True,True
INC-9b65985a,energy_forecasting,staging,2024-04-09T18:00:00,2024-04-09T23:28:00,alerting,SEV2,infra_outage,latency_spike,True,328,193,94209fdb-cf38-46a0-8bbf-ebff4326a733,False,True
INC-7029a414,energy_forecasting,staging,2024-04-10T08:00:00,2024-04-10T12:32:00,dashboard,SEV1,infra_outage,latency_spike,True,272,107,94209fdb-cf38-46a0-8bbf-ebff4326a733,False,False
INC-29d0f83a,rag_qa_service,dev,2024-04-10T10:00:00,2024-04-10T10:32:00,dashboard,SEV1,infra_outage,latency_spike,True,32,1,a512fc7d-d501-48b0-948d-f3a77dc5ffaf,True,False
INC-919b5b60,energy_forecasting,staging,2024-04-10T12:00:00,2024-04-10T14:50:00,alerting,SEV1,infra_outage,latency_spike,True,170,48,94209fdb-cf38-46a0-8bbf-ebff4326a733,False,False
INC-fd732872,rag_qa_service,dev,2024-04-10T13:00:00,2024-04-10T14:38:00,user_report,SEV3,external_dependency,latency_spike,True,98,2,a512fc7d-d501-48b0-948d-f3a77dc5ffaf,True,False
INC-fef299ca,energy_forecasting,staging,2024-04-10T17:00:00,2024-04-10T19:35:00,alerting,SEV2,external_dependency,latency_spike,True,155,49,94209fdb-cf38-46a0-8bbf-ebff4326a733,True,False
INC-8f91b844,rag_qa_service,dev,2024-04-10T18:00:00,2024-04-10T21:41:00,alerting,SEV1,external_dependency,latency_spike,True,221,2,a512fc7d-d501-48b0-948d-f3a77dc5ffaf,False,False
INC-4aa75f55,energy_forecasting,staging,2024-04-11T06:00:00,2024-04-11T09:52:00,user_report,SEV2,external_dependency,latency_spike,True,232,38,94209fdb-cf38-46a0-8bbf-ebff4326a733,True,False
INC-9385e96e,rag_qa_service,dev,2024-04-11T08:00:00,2024-04-11T09:42:00,dashboard,SEV2,infra_outage,latency_spike,True,102,2,a512fc7d-d501-48b0-948d-f3a77dc5ffaf,True,False
INC-83fd0100,energy_forecasting,staging,2024-04-11T10:00:00,2024-04-11T14:41:00,dashboard,SEV1,infra_outage,latency_spike,True,281,165,94209fdb-cf38-46a0-8bbf-ebff4326a733,True,True
INC-fbcedf59,energy_forecasting,staging,2024-04-11T20:00:00,2024-04-11T22:26:00,dashboard,SEV2,external_dependency,latency_spike,True,146,36,94209fdb-cf38-46a0-8bbf-ebff4326a733,True,False
INC-ff39f66f,fraud_detection,dev,2024-03-10T06:00:00,2024-03-10T23:04:00,dashboard,SEV1,infra_outage,latency_spike,True,1024,24,2cd8ecf0-67d0-442d-812b-1cc8e36f711c,False,False
INC-fce24355,energy_forecasting,staging,2024-04-11T22:00:00,2024-04-12T01:54:00,alerting,SEV2,external_dependency,latency_spike,True,234,41,94209fdb-cf38-46a0-8bbf-ebff4326a733,False,False
INC-e4669f0e,fraud_detection,dev,2024-04-12T09:00:00,2024-04-12T10:04:00,dashboard,SEV1,external_dependency,latency_spike,True,64,1,c18e005f-8f3a-4a75-9bc4-aa33f41d7c20,False,False
INC-90f225fd,energy_forecasting,staging,2024-04-12T10:00:00,2024-04-12T14:13:00,alerting,SEV2,external_dependency,latency_spike,True,253,85,94209fdb-cf38-46a0-8bbf-ebff4326a733,False,True
INC-fa89586f,energy_forecasting,staging,2024-04-12T18:00:00,2024-04-12T22:36:00,dashboard,SEV2,infra_outage,latency_spike,True,276,144,94209fdb-cf38-46a0-8bbf-ebff4326a733,False,True
INC-894cd18c,rag_qa_service,dev,2024-04-11T18:00:00,2024-04-13T03:42:00,dashboard,SEV2,data_pipeline_failure,metric_degradation,True,2022,37,a512fc7d-d501-48b0-948d-f3a77dc5ffaf,True,False
INC-d5f98058,rag_qa_service,dev,2024-04-13T03:00:00,2024-04-13T04:24:00,alerting,SEV1,data_pipeline_failure,metric_degradation,True,84,0,a512fc7d-d501-48b0-948d-f3a77dc5ffaf,False,False
INC-e0c6274c,energy_forecasting,staging,2024-04-13T08:00:00,2024-04-13T10:14:00,dashboard,SEV2,infra_outage,latency_spike,True,134,71,94209fdb-cf38-46a0-8bbf-ebff4326a733,True,False
INC-530f6288,fraud_detection,dev,2024-04-13T11:00:00,2024-04-13T14:38:00,user_report,SEV2,external_dependency,latency_spike,True,218,4,5f125a22-3a46-4298-b312-eeb24a3768c3,False,False
INC-4100815b,fraud_detection,dev,2024-04-13T13:00:00,2024-04-13T15:57:00,user_report,SEV1,infra_outage,latency_spike,True,177,1,5f125a22-3a46-4298-b312-eeb24a3768c3,False,False
INC-c063eb5a,fraud_detection,dev,2024-04-13T20:00:00,2024-04-13T23:03:00,alerting,SEV2,external_dependency,latency_spike,True,183,1,5f125a22-3a46-4298-b312-eeb24a3768c3,False,False
INC-17469a54,energy_forecasting,staging,2024-04-13T12:00:00,2024-04-13T23:56:00,alerting,SEV3,infra_outage,latency_spike,True,716,476,94209fdb-cf38-46a0-8bbf-ebff4326a733,True,False
INC-b316b55d,fraud_detection,dev,2024-04-14T07:00:00,2024-04-14T10:47:00,alerting,SEV2,infra_outage,latency_spike,True,227,0,5f125a22-3a46-4298-b312-eeb24a3768c3,True,False
INC-f59cbbe4,fraud_detection,dev,2024-04-14T19:00:00,2024-04-14T20:01:00,user_report,SEV3,infra_outage,latency_spike,True,61,2,8e81a2cc-b5d2-4cea-a0a7-6e12cbb5901f,True,False
INC-f3bf3798,fraud_detection,dev,2024-04-14T21:00:00,2024-04-14T23:48:00,user_report,SEV2,external_dependency,latency_spike,True,168,3,8e81a2cc-b5d2-4cea-a0a7-6e12cbb5901f,True,False
INC-eb6f9f5f,fraud_detection,dev,2024-04-14T23:00:00,2024-04-15T01:04:00,user_report,SEV2,model_bug,error_spike,True,124,28,c18e005f-8f3a-4a75-9bc4-aa33f41d7c20,True,False
INC-09d372a5,fraud_detection,dev,2024-04-15T08:00:00,2024-04-15T09:26:00,alerting,SEV2,external_dependency,latency_spike,True,86,1,c18e005f-8f3a-4a75-9bc4-aa33f41d7c20,True,False
INC-101b716a,fraud_detection,dev,2024-04-15T09:00:00,2024-04-15T11:28:00,user_report,SEV2,external_dependency,latency_spike,True,148,2,c18e005f-8f3a-4a75-9bc4-aa33f41d7c20,True,False
INC-2a3823ea,fraud_detection,dev,2024-04-15T11:00:00,2024-04-15T11:30:00,alerting,SEV2,external_dependency,latency_spike,True,30,2,c18e005f-8f3a-4a75-9bc4-aa33f41d7c20,False,False
INC-f0b7706d,fraud_detection,dev,2024-04-15T20:00:00,2024-04-15T22:04:00,alerting,SEV2,external_dependency,latency_spike,True,124,2,5f125a22-3a46-4298-b312-eeb24a3768c3,False,False
INC-8b8efa34,fraud_detection,dev,2024-04-16T09:00:00,2024-04-16T10:01:00,user_report,SEV2,external_dependency,latency_spike,True,61,6,8e81a2cc-b5d2-4cea-a0a7-6e12cbb5901f,False,False
INC-40a70591,fraud_detection,dev,2024-04-16T20:00:00,2024-04-16T20:21:00,user_report,SEV1,external_dependency,latency_spike,True,21,4,8e81a2cc-b5d2-4cea-a0a7-6e12cbb5901f,True,False
INC-b33c225b,recsys_clickthrough,dev,2024-03-15T22:00:00,2024-03-27T11:13:00,alerting,SEV3,external_dependency,latency_spike,True,16633,1981,2442be8a-95d5-44d5-afbe-6c06a16b51a2,False,True
INC-da5e053c,fraud_detection,dev,2024-04-16T21:00:00,2024-04-17T01:06:00,user_report,SEV2,infra_outage,latency_spike,True,246,8,5f125a22-3a46-4298-b312-eeb24a3768c3,True,False
INC-b0af64d1,recsys_clickthrough,dev,2024-04-16T22:00:00,2024-04-16T22:38:00,dashboard,SEV1,infra_outage,latency_spike,True,38,3,4f8a6602-c00e-4e3c-a1ec-b3698bfc04a5,True,False
INC-a51da3a2,fraud_detection,dev,2024-04-17T10:00:00,2024-04-17T10:27:00,user_report,SEV3,external_dependency,latency_spike,True,27,2,5f125a22-3a46-4298-b312-eeb24a3768c3,True,True
INC-1a22eac0,fraud_detection,dev,2024-04-17T17:00:00,2024-04-17T19:28:00,alerting,SEV2,external_dependency,latency_spike,True,148,5,8e81a2cc-b5d2-4cea-a0a7-6e12cbb5901f,True,False
INC-7fc7677f,rag_qa_service,prod,2024-04-01T07:00:00,2024-04-01T13:43:00,dashboard,SEV2,infra_outage,latency_spike,True,403,336,5998fe72-2716-4e2a-a5df-15554cf185ec,False,False
INC-dc9d0820,fraud_detection,dev,2024-04-18T08:00:00,2024-04-18T08:19:00,alerting,SEV3,infra_outage,latency_spike,True,19,3,8e81a2cc-b5d2-4cea-a0a7-6e12cbb5901f,False,True
INC-ec8939d1,fraud_detection,dev,2024-04-18T10:00:00,2024-04-18T13:04:00,alerting,SEV1,external_dependency,latency_spike,True,184,3,8e81a2cc-b5d2-4cea-a0a7-6e12cbb5901f,False,False
INC-7d34fd76,recsys_clickthrough,dev,2024-04-18T09:00:00,2024-04-18T12:59:00,dashboard,SEV2,infra_outage,latency_spike,True,239,15,4f8a6602-c00e-4e3c-a1ec-b3698bfc04a5,True,False
INC-85c7b66c,recsys_clickthrough,dev,2024-04-18T15:00:00,2024-04-18T16:08:00,alerting,SEV3,external_dependency,latency_spike,True,68,2,4f8a6602-c00e-4e3c-a1ec-b3698bfc04a5,True,False
INC-963ca7e9,fraud_detection,dev,2024-04-18T18:00:00,2024-04-18T21:51:00,dashboard,SEV2,infra_outage,latency_spike,True,231,2,8e81a2cc-b5d2-4cea-a0a7-6e12cbb5901f,True,False
INC-441e3518,rag_qa_service,prod,2024-04-18T21:00:00,2024-04-19T00:07:00,alerting,SEV2,infra_outage,latency_spike,True,187,0,809e8e56-bd93-4442-808e-7b45a3281c6c,True,True
INC-652cb4c6,fraud_detection,dev,2024-04-18T20:00:00,2024-04-18T21:58:00,alerting,SEV2,external_dependency,latency_spike,True,118,8,8e81a2cc-b5d2-4cea-a0a7-6e12cbb5901f,True,False
INC-ed8a6eba,recsys_clickthrough,dev,2024-04-18T18:00:00,2024-04-19T01:37:00,alerting,SEV3,external_dependency,latency_spike,True,457,18,4f8a6602-c00e-4e3c-a1ec-b3698bfc04a5,False,True
INC-755341fc,recsys_clickthrough,dev,2024-04-19T08:00:00,2024-04-19T11:33:00,dashboard,SEV2,external_dependency,latency_spike,True,213,11,4f8a6602-c00e-4e3c-a1ec-b3698bfc04a5,False,True
INC-fe386341,recsys_clickthrough,dev,2024-04-19T13:00:00,2024-04-19T16:07:00,user_report,SEV3,external_dependency,latency_spike,True,187,6,4f8a6602-c00e-4e3c-a1ec-b3698bfc04a5,True,False
INC-8a4de6ec,recsys_clickthrough,dev,2024-04-19T17:00:00,2024-04-20T01:32:00,alerting,SEV1,external_dependency,latency_spike,True,512,26,4f8a6602-c00e-4e3c-a1ec-b3698bfc04a5,False,True
INC-70d58cfe,fraud_detection,dev,2024-04-20T18:00:00,2024-04-20T19:09:00,dashboard,SEV3,external_dependency,latency_spike,True,69,4,8e81a2cc-b5d2-4cea-a0a7-6e12cbb5901f,True,True
INC-cd84fc44,fraud_detection,dev,2024-04-20T20:00:00,2024-04-20T21:56:00,dashboard,SEV3,infra_outage,latency_spike,True,116,7,8e81a2cc-b5d2-4cea-a0a7-6e12cbb5901f,False,False
INC-c58a793b,rag_qa_service,prod,2024-04-21T02:00:00,2024-04-21T04:11:00,dashboard,SEV2,external_dependency,error_spike,True,131,615,809e8e56-bd93-4442-808e-7b45a3281c6c,True,False
INC-f0e0b75a,fraud_detection,dev,2024-04-21T09:00:00,2024-04-21T12:16:00,alerting,SEV3,external_dependency,latency_spike,True,196,2,8e81a2cc-b5d2-4cea-a0a7-6e12cbb5901f,True,False
INC-20c9e79b,fraud_detection,prod,2024-04-21T10:00:00,2024-04-21T16:13:00,dashboard,SEV3,external_dependency,latency_spike,True,373,246,d8a1cc39-ba58-4ac8-bc73-7ed136cf731d,True,False
INC-5705884c,fraud_detection,prod,2024-04-21T15:00:00,2024-04-21T16:27:00,dashboard,SEV2,external_dependency,latency_spike,True,87,64,d8a1cc39-ba58-4ac8-bc73-7ed136cf731d,False,True
INC-5a1e03b7,fraud_detection,dev,2024-04-21T16:00:00,2024-04-21T18:54:00,dashboard,SEV2,external_dependency,latency_spike,True,174,4,8e81a2cc-b5d2-4cea-a0a7-6e12cbb5901f,False,False
INC-d726f49f,fraud_detection,prod,2024-04-21T19:00:00,2024-04-21T22:51:00,user_report,SEV3,external_dependency,latency_spike,True,231,247,d8a1cc39-ba58-4ac8-bc73-7ed136cf731d,False,False
INC-182ec0ac,rag_qa_service,prod,2024-04-21T06:00:00,2024-04-21T22:17:00,user_report,SEV2,infra_outage,latency_spike,True,977,2086,809e8e56-bd93-4442-808e-7b45a3281c6c,False,False
INC-3a1f41f6,rag_qa_service,prod,2024-04-22T06:00:00,2024-04-22T08:21:00,dashboard,SEV1,infra_outage,latency_spike,True,141,74,809e8e56-bd93-4442-808e-7b45a3281c6c,True,False
INC-443f99a3,fraud_detection,dev,2024-04-22T09:00:00,2024-04-22T11:12:00,alerting,SEV3,external_dependency,latency_spike,True,132,1,8e81a2cc-b5d2-4cea-a0a7-6e12cbb5901f,True,False
INC-37809014,fraud_detection,prod,2024-04-22T08:00:00,2024-04-22T13:48:00,dashboard,SEV3,external_dependency,latency_spike,True,348,316,d8a1cc39-ba58-4ac8-bc73-7ed136cf731d,True,False
INC-87f0f922,rag_qa_service,prod,2024-04-22T08:00:00,2024-04-22T15:06:00,dashboard,SEV2,external_dependency,latency_spike,True,426,805,809e8e56-bd93-4442-808e-7b45a3281c6c,False,False
INC-fa335785,fraud_detection,prod,2024-04-22T16:00:00,2024-04-22T17:21:00,user_report,SEV3,infra_outage,latency_spike,True,81,62,d8a1cc39-ba58-4ac8-bc73-7ed136cf731d,True,False
INC-ee4be214,fraud_detection,prod,2024-04-22T20:00:00,2024-04-22T23:20:00,dashboard,SEV3,infra_outage,latency_spike,True,200,128,d8a1cc39-ba58-4ac8-bc73-7ed136cf731d,False,True
INC-f9542d59,fraud_detection,dev,2024-04-22T21:00:00,2024-04-23T01:53:00,dashboard,SEV3,external_dependency,latency_spike,True,293,6,8e81a2cc-b5d2-4cea-a0a7-6e12cbb5901f,False,False
INC-c442288e,fraud_detection,prod,2024-04-22T22:00:00,2024-04-22T23:49:00,user_report,SEV2,infra_outage,latency_spike,True,109,53,d8a1cc39-ba58-4ac8-bc73-7ed136cf731d,False,False
INC-397161c1,rag_qa_service,prod,2024-04-22T17:00:00,2024-04-23T00:53:00,alerting,SEV2,infra_outage,latency_spike,True,473,867,809e8e56-bd93-4442-808e-7b45a3281c6c,False,False
INC-3de5785f,fraud_detection,prod,2024-04-23T11:00:00,2024-04-23T12:32:00,dashboard,SEV2,infra_outage,latency_spike,True,92,191,9de70f18-b9d1-4c60-ae8b-3313f99837bf,False,False
INC-2f051b6d,fraud_detection,prod,2024-04-23T14:00:00,2024-04-23T14:15:00,user_report,SEV3,infra_outage,latency_spike,True,15,38,d8a1cc39-ba58-4ac8-bc73-7ed136cf731d,False,False
INC-97f013c6,rag_qa_service,prod,2024-04-23T09:00:00,2024-04-23T16:31:00,alerting,SEV2,infra_outage,latency_spike,True,451,1349,809e8e56-bd93-4442-808e-7b45a3281c6c,False,False
INC-501f996b,fraud_detection,prod,2024-04-23T15:00:00,2024-04-23T18:36:00,user_report,SEV2,external_dependency,latency_spike,True,216,119,d8a1cc39-ba58-4ac8-bc73-7ed136cf731d,False,False
INC-01cad737,fraud_detection,dev,2024-04-23T20:00:00,2024-04-23T22:58:00,user_report,SEV2,external_dependency,latency_spike,True,178,2,8e81a2cc-b5d2-4cea-a0a7-6e12cbb5901f,True,False
INC-a2d4baf7,fraud_detection,dev,2024-04-23T22:00:00,2024-04-24T01:50:00,user_report,SEV3,infra_outage,latency_spike,True,230,2,8e81a2cc-b5d2-4cea-a0a7-6e12cbb5901f,False,False
INC-59addb97,fraud_detection,prod,2024-04-23T18:00:00,2024-04-24T00:02:00,alerting,SEV2,external_dependency,latency_spike,True,362,736,d8a1cc39-ba58-4ac8-bc73-7ed136cf731d,True,False
INC-e15c2c8c,rag_qa_service,prod,2024-04-23T18:00:00,2024-04-24T05:38:00,dashboard,SEV2,infra_outage,latency_spike,True,698,1806,809e8e56-bd93-4442-808e-7b45a3281c6c,True,False
INC-39d27ab9,fraud_detection,prod,2024-04-24T06:00:00,2024-04-24T07:50:00,dashboard,SEV3,infra_outage,latency_spike,True,110,1283,d8a1cc39-ba58-4ac8-bc73-7ed136cf731d,True,False
INC-668993ae,fraud_detection,dev,2024-04-24T08:00:00,2024-04-24T10:35:00,alerting,SEV2,infra_outage,latency_spike,True,155,9,8e81a2cc-b5d2-4cea-a0a7-6e12cbb5901f,True,False
INC-abda7569,fraud_detection,prod,2024-04-24T07:00:00,2024-04-24T14:43:00,alerting,SEV2,external_dependency,latency_spike,True,463,1151,d8a1cc39-ba58-4ac8-bc73-7ed136cf731d,True,False
INC-09136c7f,fraud_detection,prod,2024-04-24T14:00:00,2024-04-24T16:28:00,user_report,SEV3,infra_outage,latency_spike,True,148,213,9de70f18-b9d1-4c60-ae8b-3313f99837bf,True,True
INC-41116fe1,fraud_detection,prod,2024-04-24T19:00:00,2024-04-25T00:48:00,user_report,SEV3,infra_outage,latency_spike,True,348,967,d8a1cc39-ba58-4ac8-bc73-7ed136cf731d,True,False
INC-fe49ac48,fraud_detection,dev,2024-04-24T22:00:00,2024-04-25T00:34:00,alerting,SEV1,external_dependency,latency_spike,True,154,3,8e81a2cc-b5d2-4cea-a0a7-6e12cbb5901f,True,False
INC-36ad45e1,fraud_detection,prod,2024-04-24T23:00:00,2024-04-25T00:57:00,alerting,SEV1,infra_outage,latency_spike,True,117,96,9de70f18-b9d1-4c60-ae8b-3313f99837bf,True,False
INC-3debe9d2,fraud_detection,prod,2024-04-25T06:00:00,2024-04-25T06:21:00,user_report,SEV2,infra_outage,latency_spike,True,21,117,9de70f18-b9d1-4c60-ae8b-3313f99837bf,False,True
INC-95b0288f,fraud_detection,prod,2024-04-25T08:00:00,2024-04-25T12:29:00,dashboard,SEV3,infra_outage,latency_spike,True,269,840,9de70f18-b9d1-4c60-ae8b-3313f99837bf,True,False
INC-e6dd180b,fraud_detection,prod,2024-04-25T13:00:00,2024-04-25T16:08:00,dashboard,SEV2,external_dependency,latency_spike,True,188,409,9de70f18-b9d1-4c60-ae8b-3313f99837bf,False,True
INC-a24c7ba4,fraud_detection,prod,2024-04-25T16:00:00,2024-04-25T19:32:00,alerting,SEV2,infra_outage,latency_spike,True,212,125,d8a1cc39-ba58-4ac8-bc73-7ed136cf731d,True,False
INC-8c8f0ccc,fraud_detection,prod,2024-04-25T17:00:00,2024-04-26T01:59:00,alerting,SEV1,external_dependency,latency_spike,True,539,1226,9de70f18-b9d1-4c60-ae8b-3313f99837bf,False,False
INC-23e04a7a,fraud_detection,prod,2024-04-26T06:00:00,2024-04-26T09:21:00,alerting,SEV3,external_dependency,latency_spike,True,201,474,d8a1cc39-ba58-4ac8-bc73-7ed136cf731d,False,False
INC-30909b12,rag_qa_service,staging,2024-04-26T09:00:00,2024-04-26T10:07:00,user_report,SEV2,external_dependency,latency_spike,True,67,27,71a59bd9-d87d-4bd2-a1a2-cde35de682a8,False,False
INC-44a99a2c,fraud_detection,prod,2024-04-26T09:00:00,2024-04-26T12:11:00,dashboard,SEV2,external_dependency,latency_spike,True,191,325,d8a1cc39-ba58-4ac8-bc73-7ed136cf731d,True,False
INC-7498b48f,fraud_detection,prod,2024-04-26T11:00:00,2024-04-26T14:29:00,dashboard,SEV2,external_dependency,latency_spike,True,209,218,d8a1cc39-ba58-4ac8-bc73-7ed136cf731d,False,False
INC-2d9788d4,fraud_detection,prod,2024-04-26T13:00:00,2024-04-26T14:41:00,user_report,SEV3,external_dependency,latency_spike,True,101,56,9de70f18-b9d1-4c60-ae8b-3313f99837bf,False,False
INC-15929767,fraud_detection,prod,2024-04-26T14:00:00,2024-04-26T15:02:00,alerting,SEV1,infra_outage,latency_spike,True,62,100,9de70f18-b9d1-4c60-ae8b-3313f99837bf,True,False
INC-b8531d5a,fraud_detection,prod,2024-04-26T18:00:00,2024-04-27T00:40:00,dashboard,SEV3,infra_outage,latency_spike,True,400,874,d8a1cc39-ba58-4ac8-bc73-7ed136cf731d,False,False
INC-443413ec,fraud_detection,prod,2024-04-26T23:00:00,2024-04-27T00:02:00,dashboard,SEV1,infra_outage,latency_spike,True,62,77,d8a1cc39-ba58-4ac8-bc73-7ed136cf731d,False,False
INC-b1e1feef,fraud_detection,prod,2024-04-27T06:00:00,2024-04-27T07:25:00,alerting,SEV2,infra_outage,latency_spike,True,85,118,9de70f18-b9d1-4c60-ae8b-3313f99837bf,True,False
INC-2945619f,fraud_detection,prod,2024-04-27T09:00:00,2024-04-27T11:23:00,user_report,SEV2,external_dependency,latency_spike,True,143,371,9de70f18-b9d1-4c60-ae8b-3313f99837bf,True,False
INC-32f80368,fraud_detection,prod,2024-04-27T13:00:00,2024-04-27T14:33:00,alerting,SEV2,infra_outage,latency_spike,True,93,101,d8a1cc39-ba58-4ac8-bc73-7ed136cf731d,False,False
INC-a5bd7d05,fraud_detection,prod,2024-04-27T14:00:00,2024-04-27T14:44:00,alerting,SEV2,infra_outage,latency_spike,True,44,6,9de70f18-b9d1-4c60-ae8b-3313f99837bf,True,True
INC-f72c9818,fraud_detection,prod,2024-04-27T15:00:00,2024-04-27T18:04:00,dashboard,SEV2,infra_outage,latency_spike,True,184,31,9de70f18-b9d1-4c60-ae8b-3313f99837bf,False,False
INC-4dc3c278,rag_qa_service,staging,2024-04-27T18:00:00,2024-04-27T20:58:00,user_report,SEV3,external_dependency,latency_spike,True,178,69,71a59bd9-d87d-4bd2-a1a2-cde35de682a8,True,False
INC-4bad0a50,rag_qa_service,staging,2024-04-27T21:00:00,2024-04-27T23:21:00,alerting,SEV1,external_dependency,latency_spike,True,141,67,23e0ebe3-6129-4e25-8a6f-64d505824eae,False,True
INC-92f6e0ff,fraud_detection,prod,2024-04-27T17:00:00,2024-04-27T23:35:00,user_report,SEV2,infra_outage,latency_spike,True,395,783,d8a1cc39-ba58-4ac8-bc73-7ed136cf731d,True,True
INC-3ae8eb39,fraud_detection,prod,2024-04-28T00:00:00,2024-04-28T02:17:00,user_report,SEV2,infra_outage,latency_spike,True,137,13,9de70f18-b9d1-4c60-ae8b-3313f99837bf,True,False
INC-df631442,fraud_detection,prod,2024-04-28T03:00:00,2024-04-28T03:41:00,alerting,SEV3,external_dependency,latency_spike,True,41,20,9de70f18-b9d1-4c60-ae8b-3313f99837bf,False,False
INC-1bd15d3b,rag_qa_service,staging,2024-04-28T06:00:00,2024-04-28T09:54:00,user_report,SEV2,infra_outage,latency_spike,True,234,47,23e0ebe3-6129-4e25-8a6f-64d505824eae,False,True
INC-34b1a9bf,rag_qa_service,staging,2024-04-28T10:00:00,2024-04-28T14:15:00,user_report,SEV3,external_dependency,latency_spike,True,255,82,23e0ebe3-6129-4e25-8a6f-64d505824eae,False,False
INC-7b7854ce,rag_qa_service,staging,2024-04-28T15:00:00,2024-04-28T15:27:00,dashboard,SEV3,external_dependency,latency_spike,True,27,21,23e0ebe3-6129-4e25-8a6f-64d505824eae,False,False
INC-06143743,rag_qa_service,staging,2024-04-28T18:00:00,2024-04-28T21:49:00,user_report,SEV2,external_dependency,latency_spike,True,229,65,71a59bd9-d87d-4bd2-a1a2-cde35de682a8,False,False
INC-91936482,rag_qa_service,staging,2024-04-28T19:00:00,2024-04-29T01:05:00,alerting,SEV1,external_dependency,latency_spike,True,365,113,71a59bd9-d87d-4bd2-a1a2-cde35de682a8,False,False
INC-e4ada456,fraud_detection,prod,2024-04-28T05:00:00,2024-04-29T05:01:00,alerting,SEV3,infra_outage,latency_spike,True,1441,3450,9de70f18-b9d1-4c60-ae8b-3313f99837bf,False,False
INC-a6d51a7f,fraud_detection,prod,2024-04-29T03:00:00,2024-04-29T06:08:00,alerting,SEV3,data_pipeline_failure,metric_degradation,True,188,102,d8a1cc39-ba58-4ac8-bc73-7ed136cf731d,True,False
INC-0560c982,rag_qa_service,staging,2024-04-29T07:00:00,2024-04-29T10:11:00,alerting,SEV2,infra_outage,latency_spike,True,191,36,23e0ebe3-6129-4e25-8a6f-64d505824eae,False,False
INC-cd25a9f6,rag_qa_service,staging,2024-04-29T10:00:00,2024-04-29T11:44:00,user_report,SEV2,external_dependency,latency_spike,True,104,28,23e0ebe3-6129-4e25-8a6f-64d505824eae,True,False
INC-71c5bef4,rag_qa_service,staging,2024-04-29T17:00:00,2024-04-29T22:57:00,alerting,SEV1,infra_outage,latency_spike,True,357,81,23e0ebe3-6129-4e25-8a6f-64d505824eae,False,False
INC-044efff5,rag_qa_service,staging,2024-04-29T21:00:00,2024-04-30T01:58:00,alerting,SEV2,external_dependency,latency_spike,True,298,37,23e0ebe3-6129-4e25-8a6f-64d505824eae,False,False
INC-e1cb748e,fraud_detection,prod,2024-04-29T06:00:00,2024-04-30T03:33:00,user_report,SEV2,external_dependency,latency_spike,True,1293,1183,9de70f18-b9d1-4c60-ae8b-3313f99837bf,True,True
INC-2e5330fa,rag_qa_service,prod,2024-04-24T05:00:00,2024-04-27T14:08:00,user_report,SEV1,data_drift,metric_degradation,True,4868,16605,809e8e56-bd93-4442-808e-7b45a3281c6c,True,False
INC-93806cc2,rag_qa_service,staging,2024-04-30T06:00:00,2024-04-30T09:59:00,dashboard,SEV2,infra_outage,latency_spike,True,239,25,23e0ebe3-6129-4e25-8a6f-64d505824eae,True,True
INC-1ac55dde,rag_qa_service,staging,2024-04-30T11:00:00,2024-04-30T12:35:00,alerting,SEV2,external_dependency,latency_spike,True,95,39,23e0ebe3-6129-4e25-8a6f-64d505824eae,True,False
INC-2f2444ea,rag_qa_service,prod,2024-04-30T12:00:00,2024-04-30T15:57:00,dashboard,SEV1,infra_outage,latency_spike,True,237,173,266bb457-35ca-4243-8811-b3ef943429c8,True,False
INC-ac6a2c01,rag_qa_service,staging,2024-04-30T21:00:00,2024-05-01T00:48:00,dashboard,SEV2,external_dependency,latency_spike,True,228,44,23e0ebe3-6129-4e25-8a6f-64d505824eae,False,True
INC-42a54152,fraud_detection,prod,2024-04-30T05:00:00,2024-05-01T03:50:00,alerting,SEV2,infra_outage,latency_spike,True,1370,1282,9de70f18-b9d1-4c60-ae8b-3313f99837bf,False,False
INC-616da2cf,fraud_detection,prod,2024-05-01T03:00:00,2024-05-01T05:59:00,user_report,SEV2,infra_outage,latency_spike,True,179,39,9de70f18-b9d1-4c60-ae8b-3313f99837bf,True,False
INC-5594fe72,rag_qa_service,staging,2024-05-01T07:00:00,2024-05-01T11:32:00,dashboard,SEV3,infra_outage,latency_spike,True,272,94,23e0ebe3-6129-4e25-8a6f-64d505824eae,True,False
INC-e38c9a29,rag_qa_service,staging,2024-05-01T11:00:00,2024-05-01T14:46:00,dashboard,SEV2,infra_outage,latency_spike,True,226,65,6db57ce7-d19d-4700-a98e-95015dee9cb9,True,True
INC-ce86471b,rag_qa_service,staging,2024-05-01T13:00:00,2024-05-01T16:23:00,user_report,SEV2,external_dependency,latency_spike,True,203,29,23e0ebe3-6129-4e25-8a6f-64d505824eae,False,True
INC-f1209923,rag_qa_service,prod,2024-05-01T18:00:00,2024-05-01T18:29:00,user_report,SEV2,external_dependency,latency_spike,True,29,266,266bb457-35ca-4243-8811-b3ef943429c8,False,True
INC-43e0db8e,rag_qa_service,staging,2024-05-01T17:00:00,2024-05-01T20:56:00,dashboard,SEV2,external_dependency,latency_spike,True,236,89,23e0ebe3-6129-4e25-8a6f-64d505824eae,True,False
INC-98ad3881,rag_qa_service,staging,2024-05-01T21:00:00,2024-05-02T00:19:00,alerting,SEV3,infra_outage,latency_spike,True,199,19,6db57ce7-d19d-4700-a98e-95015dee9cb9,False,False
INC-1fa59fbe,rag_qa_service,staging,2024-05-01T22:00:00,2024-05-01T22:59:00,alerting,SEV3,external_dependency,latency_spike,True,59,58,6db57ce7-d19d-4700-a98e-95015dee9cb9,False,False
INC-a7b753a2,rag_qa_service,prod,2024-05-01T21:00:00,2024-05-01T23:55:00,user_report,SEV1,infra_outage,latency_spike,True,175,428,266bb457-35ca-4243-8811-b3ef943429c8,False,False
INC-bfb42ccc,fraud_detection,prod,2024-05-01T07:00:00,2024-05-02T01:40:00,dashboard,SEV2,infra_outage,latency_spike,True,1120,1164,9de70f18-b9d1-4c60-ae8b-3313f99837bf,False,False
INC-cb4d1b2b,fraud_detection,prod,2024-05-02T03:00:00,2024-05-02T05:44:00,user_report,SEV2,external_dependency,latency_spike,True,164,90,9de70f18-b9d1-4c60-ae8b-3313f99837bf,True,True
INC-88267cf1,rag_qa_service,staging,2024-05-02T09:00:00,2024-05-02T12:14:00,dashboard,SEV2,external_dependency,latency_spike,True,194,35,6db57ce7-d19d-4700-a98e-95015dee9cb9,False,False
INC-ebfed8ee,energy_forecasting,dev,2024-03-30T07:00:00,2024-04-11T16:51:00,alerting,SEV3,external_dependency,latency_spike,True,17871,2677,93530182-135c-4ef4-8353-1197d95db1bd,True,False
INC-6f2edc9e,rag_qa_service,staging,2024-05-02T11:00:00,2024-05-02T14:39:00,user_report,SEV2,infra_outage,latency_spike,True,219,54,23e0ebe3-6129-4e25-8a6f-64d505824eae,False,False
INC-b7507980,energy_forecasting,dev,2024-05-02T12:00:00,2024-05-02T13:10:00,dashboard,SEV2,infra_outage,latency_spike,True,70,2,50a5c0b9-2d2a-43c4-b885-10b7cf54c511,True,False
INC-cbe0553d,energy_forecasting,dev,2024-05-02T16:00:00,2024-05-02T17:04:00,user_report,SEV2,infra_outage,latency_spike,True,64,3,50a5c0b9-2d2a-43c4-b885-10b7cf54c511,True,True
INC-3684f494,rag_qa_service,staging,2024-05-02T16:00:00,2024-05-02T20:40:00,alerting,SEV3,model_bug,error_spike,True,280,582,23e0ebe3-6129-4e25-8a6f-64d505824eae,True,False
INC-4810fe0c,rag_qa_service,staging,2024-05-02T20:00:00,2024-05-03T00:18:00,dashboard,SEV3,infra_outage,latency_spike,True,258,140,23e0ebe3-6129-4e25-8a6f-64d505824eae,True,False
INC-2e587d5f,energy_forecasting,dev,2024-05-02T18:00:00,2024-05-03T01:22:00,user_report,SEV2,infra_outage,latency_spike,True,442,19,50a5c0b9-2d2a-43c4-b885-10b7cf54c511,True,True
INC-a83c40d2,rag_qa_service,staging,2024-05-02T23:00:00,2024-05-03T01:21:00,dashboard,SEV3,external_dependency,latency_spike,True,141,62,23e0ebe3-6129-4e25-8a6f-64d505824eae,True,False
INC-39cc4995,fraud_detection,prod,2024-05-02T07:00:00,2024-05-03T00:18:00,dashboard,SEV3,infra_outage,latency_spike,True,1038,1896,9de70f18-b9d1-4c60-ae8b-3313f99837bf,True,False
INC-1313e16d,rag_qa_service,staging,2024-05-03T04:00:00,2024-05-03T06:50:00,user_report,SEV3,data_drift,metric_degradation,True,170,8,23e0ebe3-6129-4e25-8a6f-64d505824eae,False,True
INC-37bf7a3a,rag_qa_service,staging,2024-05-03T05:00:00,2024-05-03T09:55:00,alerting,SEV2,data_drift,metric_degradation,True,295,31,23e0ebe3-6129-4e25-8a6f-64d505824eae,False,True
INC-29e0477d,rag_qa_service,staging,2024-05-03T07:00:00,2024-05-03T12:26:00,user_report,SEV3,external_dependency,latency_spike,True,326,63,23e0ebe3-6129-4e25-8a6f-64d505824eae,True,False
INC-9b2209ca,energy_forecasting,dev,2024-05-03T08:00:00,2024-05-03T11:24:00,alerting,SEV2,infra_outage,latency_spike,True,204,12,50a5c0b9-2d2a-43c4-b885-10b7cf54c511,False,False
INC-1f3c9847,energy_forecasting,dev,2024-05-03T11:00:00,2024-05-03T14:56:00,alerting,SEV1,infra_outage,latency_spike,True,236,7,50a5c0b9-2d2a-43c4-b885-10b7cf54c511,False,False
INC-bec22945,rag_qa_service,prod,2024-05-03T20:00:00,2024-05-03T21:24:00,user_report,SEV2,infra_outage,latency_spike,True,84,151,266bb457-35ca-4243-8811-b3ef943429c8,False,False
INC-5846d247,energy_forecasting,dev,2024-05-03T15:00:00,2024-05-04T01:43:00,alerting,SEV1,external_dependency,latency_spike,True,643,29,50a5c0b9-2d2a-43c4-b885-10b7cf54c511,True,False
INC-0f1d8c63,rag_qa_service,staging,2024-05-03T19:00:00,2024-05-03T23:58:00,dashboard,SEV1,infra_outage,latency_spike,True,298,69,6db57ce7-d19d-4700-a98e-95015dee9cb9,False,True
INC-5331b8a4,fraud_detection,prod,2024-05-03T06:00:00,2024-05-04T02:10:00,user_report,SEV2,infra_outage,latency_spike,True,1210,2183,9de70f18-b9d1-4c60-ae8b-3313f99837bf,False,True
INC-2b7d5d7c,fraud_detection,prod,2024-05-04T01:00:00,2024-05-04T04:29:00,user_report,SEV3,infra_outage,latency_spike,True,209,65,9de70f18-b9d1-4c60-ae8b-3313f99837bf,True,False
INC-231e9f93,rag_qa_service,prod,2024-05-04T02:00:00,2024-05-04T04:10:00,user_report,SEV2,model_bug,error_spike,True,130,1956,266bb457-35ca-4243-8811-b3ef943429c8,True,False
INC-5157dd41,rag_qa_service,staging,2024-05-04T08:00:00,2024-05-04T08:41:00,dashboard,SEV2,infra_outage,latency_spike,True,41,20,6db57ce7-d19d-4700-a98e-95015dee9cb9,True,False
INC-c4a69581,rag_qa_service,staging,2024-05-04T10:00:00,2024-05-04T11:40:00,alerting,SEV2,external_dependency,latency_spike,True,100,19,6db57ce7-d19d-4700-a98e-95015dee9cb9,False,True
INC-7726c3f6,energy_forecasting,dev,2024-05-04T09:00:00,2024-05-04T11:30:00,alerting,SEV2,external_dependency,latency_spike,True,150,12,50a5c0b9-2d2a-43c4-b885-10b7cf54c511,False,True
INC-f38556b1,rag_qa_service,prod,2024-05-04T06:00:00,2024-05-04T13:51:00,user_report,SEV3,infra_outage,latency_spike,True,471,906,266bb457-35ca-4243-8811-b3ef943429c8,False,True
INC-cb90c527,energy_forecasting,dev,2024-05-04T16:00:00,2024-05-04T19:09:00,dashboard,SEV2,external_dependency,latency_spike,True,189,3,50a5c0b9-2d2a-43c4-b885-10b7cf54c511,True,False
INC-89ea0c8b,rag_qa_service,prod,2024-05-04T17:00:00,2024-05-04T21:23:00,user_report,SEV2,external_dependency,latency_spike,True,263,315,266bb457-35ca-4243-8811-b3ef943429c8,True,False
INC-0406cf2c,energy_forecasting,dev,2024-05-04T18:00:00,2024-05-04T20:41:00,alerting,SEV1,external_dependency,latency_spike,True,161,12,50a5c0b9-2d2a-43c4-b885-10b7cf54c511,False,False
INC-6cc60c94,rag_qa_service,staging,2024-05-04T13:00:00,2024-05-05T01:19:00,user_report,SEV1,external_dependency,error_spike,True,739,269,6db57ce7-d19d-4700-a98e-95015dee9cb9,True,False
INC-e56f6d21,rag_qa_service,prod,2024-05-04T21:00:00,2024-05-04T23:23:00,user_report,SEV2,external_dependency,latency_spike,True,143,87,266bb457-35ca-4243-8811-b3ef943429c8,False,False
INC-e7dab444,energy_forecasting,dev,2024-05-04T23:00:00,2024-05-05T02:32:00,alerting,SEV1,infra_outage,latency_spike,True,212,8,50a5c0b9-2d2a-43c4-b885-10b7cf54c511,False,False
INC-dd3cf1bf,rag_qa_service,prod,2024-05-05T08:00:00,2024-05-05T14:58:00,alerting,SEV3,external_dependency,latency_spike,True,418,686,266bb457-35ca-4243-8811-b3ef943429c8,False,True
INC-d7fb1afb,energy_forecasting,dev,2024-05-05T06:00:00,2024-05-05T13:51:00,alerting,SEV3,external_dependency,latency_spike,True,471,44,50a5c0b9-2d2a-43c4-b885-10b7cf54c511,True,False
INC-bfcb177d,rag_qa_service,prod,2024-05-05T14:00:00,2024-05-05T15:53:00,user_report,SEV3,external_dependency,latency_spike,True,113,391,266bb457-35ca-4243-8811-b3ef943429c8,False,True
INC-f881704f,rag_qa_service,dev,2024-04-13T05:00:00,2024-04-14T03:05:00,alerting,SEV3,data_pipeline_failure,metric_degradation,True,1325,33,a512fc7d-d501-48b0-948d-f3a77dc5ffaf,True,True
INC-c076539f,energy_forecasting,dev,2024-05-05T20:00:00,2024-05-06T01:52:00,alerting,SEV3,infra_outage,latency_spike,True,352,25,50a5c0b9-2d2a-43c4-b885-10b7cf54c511,False,False
INC-f5bfee12,rag_qa_service,staging,2024-05-05T07:00:00,2024-05-06T01:26:00,user_report,SEV2,external_dependency,latency_spike,True,1106,241,6db57ce7-d19d-4700-a98e-95015dee9cb9,True,True
INC-3f1145f8,rag_qa_service,dev,2024-05-05T20:00:00,2024-05-06T02:02:00,user_report,SEV1,external_dependency,latency_spike,True,362,19,ace034f4-e79c-42c8-8741-71c08555a48b,False,True
INC-72f33483,rag_qa_service,prod,2024-05-05T21:00:00,2024-05-06T01:34:00,user_report,SEV1,external_dependency,latency_spike,True,274,554,266bb457-35ca-4243-8811-b3ef943429c8,False,False
INC-bfb48aa0,rag_qa_service,staging,2024-05-06T01:00:00,2024-05-06T04:49:00,user_report,SEV2,external_dependency,latency_spike,True,229,5,6db57ce7-d19d-4700-a98e-95015dee9cb9,False,False
INC-6831a9ff,energy_forecasting,dev,2024-05-06T06:00:00,2024-05-06T07:50:00,dashboard,SEV3,external_dependency,latency_spike,True,110,5,50a5c0b9-2d2a-43c4-b885-10b7cf54c511,True,True
INC-b8f726d9,rag_qa_service,prod,2024-05-06T06:00:00,2024-05-06T08:25:00,user_report,SEV2,infra_outage,latency_spike,True,145,308,266bb457-35ca-4243-8811-b3ef943429c8,True,False
INC-7c06a158,rag_qa_service,dev,2024-05-06T07:00:00,2024-05-06T11:58:00,user_report,SEV2,infra_outage,latency_spike,True,298,8,ace034f4-e79c-42c8-8741-71c08555a48b,False,False
INC-7df14c2f,rag_qa_service,staging,2024-05-06T08:00:00,2024-05-06T16:00:00,dashboard,SEV3,infra_outage,latency_spike,True,480,98,6db57ce7-d19d-4700-a98e-95015dee9cb9,False,False
INC-50559f99,energy_forecasting,dev,2024-05-06T08:00:00,2024-05-06T13:40:00,dashboard,SEV2,external_dependency,latency_spike,True,340,39,50a5c0b9-2d2a-43c4-b885-10b7cf54c511,False,True
INC-901709a6,rag_qa_service,staging,2024-05-06T17:00:00,2024-05-07T02:43:00,alerting,SEV1,external_dependency,latency_spike,True,583,330,6db57ce7-d19d-4700-a98e-95015dee9cb9,False,False
INC-b58e0d5f,rag_qa_service,dev,2024-05-06T11:00:00,2024-05-06T23:42:00,user_report,SEV3,infra_outage,latency_spike,True,762,61,ace034f4-e79c-42c8-8741-71c08555a48b,False,False
INC-bee6dfae,energy_forecasting,dev,2024-05-06T16:00:00,2024-05-07T01:09:00,alerting,SEV3,infra_outage,latency_spike,True,549,63,50a5c0b9-2d2a-43c4-b885-10b7cf54c511,True,False
INC-e415b685,rag_qa_service,staging,2024-05-07T01:00:00,2024-05-07T03:59:00,dashboard,SEV3,external_dependency,latency_spike,True,179,5,6db57ce7-d19d-4700-a98e-95015dee9cb9,True,True
INC-05720c6e,recsys_clickthrough,dev,2024-04-20T05:00:00,2024-04-25T21:11:00,alerting,SEV2,data_pipeline_failure,metric_degradation,True,8171,657,4f8a6602-c00e-4e3c-a1ec-b3698bfc04a5,True,True
INC-82e681dc,recsys_clickthrough,prod,2024-03-20T21:00:00,2024-03-21T00:51:00,dashboard,SEV3,external_dependency,latency_spike,True,231,381,bd663eef-21bc-40cb-a4a0-a175cdce9e62,True,True
INC-e8215f12,rag_qa_service,dev,2024-05-07T10:00:00,2024-05-07T23:02:00,user_report,SEV1,external_dependency,latency_spike,True,782,70,ace034f4-e79c-42c8-8741-71c08555a48b,True,True
INC-81019008,rag_qa_service,staging,2024-05-07T09:00:00,2024-05-08T00:34:00,alerting,SEV1,external_dependency,latency_spike,True,934,199,6db57ce7-d19d-4700-a98e-95015dee9cb9,True,False
INC-b5da2a80,recsys_clickthrough,dev,2024-05-08T06:00:00,2024-05-08T09:03:00,alerting,SEV3,infra_outage,latency_spike,True,183,3,d3dc2911-27b3-41ad-87c1-c6bf2793c658,False,False
INC-13685c29,rag_qa_service,dev,2024-05-08T06:00:00,2024-05-08T11:54:00,user_report,SEV2,external_dependency,latency_spike,True,354,26,ace034f4-e79c-42c8-8741-71c08555a48b,True,True
INC-1bc357a9,energy_forecasting,dev,2024-05-08T12:00:00,2024-05-08T12:45:00,dashboard,SEV2,infra_outage,latency_spike,True,45,0,ddae8a34-d4c8-45bf-b937-9a268e6fb7c3,True,True
INC-10b4eeb4,rag_qa_service,dev,2024-05-08T12:00:00,2024-05-08T12:57:00,user_report,SEV1,external_dependency,latency_spike,True,57,6,ace034f4-e79c-42c8-8741-71c08555a48b,True,False
INC-0b2a83da,energy_forecasting,dev,2024-05-08T14:00:00,2024-05-08T16:39:00,dashboard,SEV2,external_dependency,latency_spike,True,159,0,ddae8a34-d4c8-45bf-b937-9a268e6fb7c3,False,False
INC-07c0f2c3,rag_qa_service,dev,2024-05-08T14:00:00,2024-05-08T16:16:00,dashboard,SEV2,external_dependency,latency_spike,True,136,17,ace034f4-e79c-42c8-8741-71c08555a48b,True,True
INC-005ac8a8,energy_forecasting,dev,2024-05-08T17:00:00,2024-05-08T19:31:00,user_report,SEV2,infra_outage,latency_spike,True,151,0,ddae8a34-d4c8-45bf-b937-9a268e6fb7c3,False,True
INC-6105b134,energy_forecasting,dev,2024-05-08T19:00:00,2024-05-08T23:39:00,dashboard,SEV1,external_dependency,latency_spike,True,279,1,ddae8a34-d4c8-45bf-b937-9a268e6fb7c3,False,False
INC-45067ef9,recsys_clickthrough,dev,2024-05-08T08:00:00,2024-05-08T23:26:00,dashboard,SEV2,infra_outage,latency_spike,True,926,48,d3dc2911-27b3-41ad-87c1-c6bf2793c658,False,False
INC-3ec06e84,rag_qa_service,dev,2024-05-08T19:00:00,2024-05-09T02:35:00,dashboard,SEV3,infra_outage,latency_spike,True,455,37,ace034f4-e79c-42c8-8741-71c08555a48b,True,False
INC-e2b1bf0c,rag_qa_service,staging,2024-05-08T06:00:00,2024-05-09T03:09:00,user_report,SEV1,infra_outage,latency_spike,True,1269,239,6db57ce7-d19d-4700-a98e-95015dee9cb9,True,True
INC-3957d713,energy_forecasting,dev,2024-05-09T06:00:00,2024-05-09T09:09:00,dashboard,SEV3,infra_outage,latency_spike,True,189,0,ddae8a34-d4c8-45bf-b937-9a268e6fb7c3,True,False
INC-f06c58a2,recsys_clickthrough,dev,2024-05-09T07:00:00,2024-05-09T11:11:00,user_report,SEV3,infra_outage,latency_spike,True,251,5,d3dc2911-27b3-41ad-87c1-c6bf2793c658,False,False
INC-3fa4de6b,rag_qa_service,dev,2024-05-09T08:00:00,2024-05-09T12:59:00,alerting,SEV2,external_dependency,latency_spike,True,299,22,ace034f4-e79c-42c8-8741-71c08555a48b,False,False
INC-0db1d0f3,energy_forecasting,dev,2024-05-09T08:00:00,2024-05-09T13:14:00,dashboard,SEV2,infra_outage,latency_spike,True,314,0,ddae8a34-d4c8-45bf-b937-9a268e6fb7c3,False,False
INC-2d19565d,recsys_clickthrough,dev,2024-05-09T11:00:00,2024-05-09T14:00:00,user_report,SEV1,external_dependency,latency_spike,True,180,3,d3dc2911-27b3-41ad-87c1-c6bf2793c658,True,False
INC-c15e14a2,energy_forecasting,dev,2024-05-09T14:00:00,2024-05-09T15:05:00,dashboard,SEV1,external_dependency,latency_spike,True,65,0,ddae8a34-d4c8-45bf-b937-9a268e6fb7c3,False,False
INC-31865686,rag_qa_service,dev,2024-05-09T17:00:00,2024-05-09T18:01:00,alerting,SEV3,infra_outage,latency_spike,True,61,3,ace034f4-e79c-42c8-8741-71c08555a48b,False,False
INC-8286b7c5,rag_qa_service,dev,2024-05-09T18:00:00,2024-05-09T21:51:00,dashboard,SEV2,external_dependency,latency_spike,True,231,12,77fcb064-aa42-4f3a-aa30-f8d9c6499e0f,True,True
INC-f5ee42f7,rag_qa_service,dev,2024-05-09T19:00:00,2024-05-10T01:15:00,user_report,SEV3,external_dependency,latency_spike,True,375,45,77fcb064-aa42-4f3a-aa30-f8d9c6499e0f,True,True
INC-305a3857,energy_forecasting,dev,2024-05-09T16:00:00,2024-05-10T01:19:00,dashboard,SEV1,external_dependency,latency_spike,True,559,2,ddae8a34-d4c8-45bf-b937-9a268e6fb7c3,False,False
INC-50c473f0,recsys_clickthrough,dev,2024-05-09T15:00:00,2024-05-10T02:58:00,user_report,SEV2,infra_outage,latency_spike,True,718,148,d3dc2911-27b3-41ad-87c1-c6bf2793c658,True,False
INC-62f74b54,rag_qa_service,staging,2024-05-09T06:00:00,2024-05-10T02:03:00,dashboard,SEV2,infra_outage,latency_spike,True,1203,193,6db57ce7-d19d-4700-a98e-95015dee9cb9,False,False
INC-4d1ce8b8,recsys_clickthrough,dev,2024-05-10T02:00:00,2024-05-10T02:40:00,dashboard,SEV3,external_dependency,latency_spike,True,40,2,d3dc2911-27b3-41ad-87c1-c6bf2793c658,True,False
INC-daf08020,rag_qa_service,staging,2024-05-10T01:00:00,2024-05-10T06:45:00,user_report,SEV3,external_dependency,latency_spike,True,345,27,6db57ce7-d19d-4700-a98e-95015dee9cb9,False,True
INC-65245cbb,rag_qa_service,dev,2024-05-10T06:00:00,2024-05-10T07:31:00,user_report,SEV1,external_dependency,latency_spike,True,91,5,ace034f4-e79c-42c8-8741-71c08555a48b,False,False
INC-b08c07cc,rag_qa_service,dev,2024-05-10T07:00:00,2024-05-10T14:49:00,dashboard,SEV2,external_dependency,latency_spike,True,469,66,77fcb064-aa42-4f3a-aa30-f8d9c6499e0f,True,False
INC-c0b26abf,rag_qa_service,dev,2024-05-10T13:00:00,2024-05-10T15:01:00,dashboard,SEV3,external_dependency,latency_spike,True,121,21,ace034f4-e79c-42c8-8741-71c08555a48b,True,False
INC-820bf532,rag_qa_service,dev,2024-05-10T17:00:00,2024-05-10T20:29:00,dashboard,SEV2,external_dependency,latency_spike,True,209,4,ace034f4-e79c-42c8-8741-71c08555a48b,False,False
INC-6ffdfe05,energy_forecasting,dev,2024-05-10T16:00:00,2024-05-10T19:44:00,user_report,SEV3,infra_outage,latency_spike,True,224,1,ddae8a34-d4c8-45bf-b937-9a268e6fb7c3,True,False
INC-6da8e53d,energy_forecasting,dev,2024-05-10T18:00:00,2024-05-11T00:48:00,alerting,SEV3,infra_outage,latency_spike,True,408,0,ddae8a34-d4c8-45bf-b937-9a268e6fb7c3,True,False
INC-b74fd8db,rag_qa_service,dev,2024-05-10T18:00:00,2024-05-11T02:52:00,user_report,SEV3,external_dependency,latency_spike,True,532,79,ace034f4-e79c-42c8-8741-71c08555a48b,False,True
INC-81b5a9e6,rag_qa_service,staging,2024-05-10T06:00:00,2024-05-11T00:38:00,alerting,SEV2,infra_outage,latency_spike,True,1118,310,6db57ce7-d19d-4700-a98e-95015dee9cb9,False,False
INC-5909deef,recsys_clickthrough,dev,2024-05-10T06:00:00,2024-05-11T03:21:00,dashboard,SEV2,external_dependency,latency_spike,True,1281,82,d3dc2911-27b3-41ad-87c1-c6bf2793c658,True,False
INC-1bc5eb42,rag_qa_service,staging,2024-05-11T02:00:00,2024-05-11T05:30:00,alerting,SEV3,external_dependency,latency_spike,True,210,26,6db57ce7-d19d-4700-a98e-95015dee9cb9,True,True
INC-269b1faf,rag_qa_service,dev,2024-05-11T10:00:00,2024-05-11T15:19:00,alerting,SEV1,external_dependency,latency_spike,True,319,10,77fcb064-aa42-4f3a-aa30-f8d9c6499e0f,False,True
INC-767607dd,energy_forecasting,dev,2024-05-11T08:00:00,2024-05-11T14:22:00,user_report,SEV3,infra_outage,latency_spike,True,382,4,ddae8a34-d4c8-45bf-b937-9a268e6fb7c3,False,True
INC-2dba8f51,energy_forecasting,dev,2024-05-11T15:00:00,2024-05-11T18:47:00,user_report,SEV2,infra_outage,latency_spike,True,227,0,ddae8a34-d4c8-45bf-b937-9a268e6fb7c3,False,True
INC-6aa41343,rag_qa_service,dev,2024-05-11T16:00:00,2024-05-11T23:03:00,user_report,SEV3,infra_outage,latency_spike,True,423,23,77fcb064-aa42-4f3a-aa30-f8d9c6499e0f,True,False
INC-4b71fcc8,rag_qa_service,staging,2024-05-11T07:00:00,2024-05-11T23:15:00,dashboard,SEV2,infra_outage,latency_spike,True,975,220,6db57ce7-d19d-4700-a98e-95015dee9cb9,True,False
INC-ddfacee0,recsys_clickthrough,dev,2024-05-11T05:00:00,2024-05-12T01:49:00,user_report,SEV2,infra_outage,latency_spike,True,1249,82,d3dc2911-27b3-41ad-87c1-c6bf2793c658,True,False
INC-1dcfab79,energy_forecasting,dev,2024-05-11T19:00:00,2024-05-12T02:15:00,user_report,SEV1,infra_outage,latency_spike,True,435,1,ddae8a34-d4c8-45bf-b937-9a268e6fb7c3,False,False
INC-706c52cc,rag_qa_service,staging,2024-05-12T03:00:00,2024-05-12T04:39:00,alerting,SEV2,infra_outage,latency_spike,True,99,1,6db57ce7-d19d-4700-a98e-95015dee9cb9,True,True
INC-d2acd45b,rag_qa_service,dev,2024-05-12T06:00:00,2024-05-12T07:22:00,user_report,SEV2,external_dependency,latency_spike,True,82,5,77fcb064-aa42-4f3a-aa30-f8d9c6499e0f,True,False
INC-c1ee4347,energy_forecasting,dev,2024-05-12T07:00:00,2024-05-12T13:29:00,user_report,SEV3,infra_outage,latency_spike,True,389,3,ddae8a34-d4c8-45bf-b937-9a268e6fb7c3,True,True
INC-46be8804,energy_forecasting,dev,2024-05-12T13:00:00,2024-05-12T16:23:00,dashboard,SEV1,external_dependency,latency_spike,True,203,0,ddae8a34-d4c8-45bf-b937-9a268e6fb7c3,True,False
INC-5e0a16a7,rag_qa_service,dev,2024-05-12T08:00:00,2024-05-12T18:50:00,dashboard,SEV3,infra_outage,latency_spike,True,650,56,77fcb064-aa42-4f3a-aa30-f8d9c6499e0f,False,True
INC-b05059aa,energy_forecasting,dev,2024-05-12T19:00:00,2024-05-13T01:15:00,alerting,SEV1,external_dependency,latency_spike,True,375,2,ddae8a34-d4c8-45bf-b937-9a268e6fb7c3,True,False
INC-9a663c14,rag_qa_service,staging,2024-05-12T06:00:00,2024-05-13T01:03:00,alerting,SEV2,infra_outage,latency_spike,True,1143,277,6db57ce7-d19d-4700-a98e-95015dee9cb9,True,False
INC-1e83fc76,recsys_clickthrough,dev,2024-05-12T04:00:00,2024-05-13T02:19:00,user_report,SEV1,infra_outage,latency_spike,True,1339,172,d3dc2911-27b3-41ad-87c1-c6bf2793c658,False,False
INC-3f102259,rag_qa_service,dev,2024-05-12T18:00:00,2024-05-13T02:20:00,user_report,SEV3,infra_outage,latency_spike,True,500,37,77fcb064-aa42-4f3a-aa30-f8d9c6499e0f,True,True
INC-ba68c497,recsys_clickthrough,dev,2024-05-13T01:00:00,2024-05-13T03:41:00,dashboard,SEV2,external_dependency,latency_spike,True,161,2,d3dc2911-27b3-41ad-87c1-c6bf2793c658,True,True
INC-57a180a3,rag_qa_service,staging,2024-05-13T03:00:00,2024-05-13T06:05:00,dashboard,SEV2,infra_outage,latency_spike,True,185,8,6db57ce7-d19d-4700-a98e-95015dee9cb9,False,False
INC-e0a02293,recsys_clickthrough,dev,2024-05-13T03:00:00,2024-05-13T05:33:00,dashboard,SEV2,external_dependency,latency_spike,True,153,4,d3dc2911-27b3-41ad-87c1-c6bf2793c658,False,False
INC-4743ac0f,energy_forecasting,dev,2024-05-13T06:00:00,2024-05-13T10:35:00,alerting,SEV3,external_dependency,latency_spike,True,275,0,ddae8a34-d4c8-45bf-b937-9a268e6fb7c3,True,True
INC-97e9eaf9,energy_forecasting,dev,2024-05-13T10:00:00,2024-05-13T13:27:00,dashboard,SEV1,external_dependency,latency_spike,True,207,1,ddae8a34-d4c8-45bf-b937-9a268e6fb7c3,True,False
INC-ce55b26f,energy_forecasting,dev,2024-05-13T14:00:00,2024-05-13T16:51:00,user_report,SEV3,infra_outage,latency_spike,True,171,0,ddae8a34-d4c8-45bf-b937-9a268e6fb7c3,True,True
INC-24661cf1,rag_qa_service,dev,2024-05-13T10:00:00,2024-05-13T17:53:00,user_report,SEV1,external_dependency,latency_spike,True,473,32,77fcb064-aa42-4f3a-aa30-f8d9c6499e0f,False,True
INC-d93f496f,recsys_clickthrough,dev,2024-05-13T06:00:00,2024-05-13T16:18:00,user_report,SEV2,infra_outage,latency_spike,True,618,53,d3dc2911-27b3-41ad-87c1-c6bf2793c658,True,True
INC-ca222a17,energy_forecasting,dev,2024-05-13T17:00:00,2024-05-13T22:22:00,user_report,SEV3,infra_outage,latency_spike,True,322,3,ddae8a34-d4c8-45bf-b937-9a268e6fb7c3,True,False
INC-ac73a849,rag_qa_service,dev,2024-05-13T17:00:00,2024-05-14T00:31:00,dashboard,SEV3,external_dependency,latency_spike,True,451,57,77fcb064-aa42-4f3a-aa30-f8d9c6499e0f,True,False
INC-d64acca5,recsys_clickthrough,dev,2024-05-13T18:00:00,2024-05-14T03:09:00,user_report,SEV2,infra_outage,latency_spike,True,549,43,d3dc2911-27b3-41ad-87c1-c6bf2793c658,True,False
INC-bf403d56,energy_forecasting,dev,2024-05-14T06:00:00,2024-05-14T06:16:00,alerting,SEV3,infra_outage,latency_spike,True,16,0,ddae8a34-d4c8-45bf-b937-9a268e6fb7c3,True,False
INC-2548c3cb,energy_forecasting,dev,2024-05-14T08:00:00,2024-05-14T14:01:00,dashboard,SEV2,external_dependency,latency_spike,True,361,5,ddae8a34-d4c8-45bf-b937-9a268e6fb7c3,True,False
INC-4f4e9b08,recsys_clickthrough,staging,2024-05-14T15:00:00,2024-05-14T18:28:00,dashboard,SEV1,infra_outage,latency_spike,True,208,24,ce15fcae-9ce8-47e7-a266-426c52537d91,True,False
INC-2bc686c1,energy_forecasting,dev,2024-05-14T16:00:00,2024-05-14T18:12:00,dashboard,SEV2,external_dependency,latency_spike,True,132,1,ddae8a34-d4c8-45bf-b937-9a268e6fb7c3,False,True
INC-6945e3cc,recsys_clickthrough,staging,2024-05-14T21:00:00,2024-05-14T22:26:00,user_report,SEV3,infra_outage,latency_spike,True,86,48,ce15fcae-9ce8-47e7-a266-426c52537d91,True,True
INC-b7f0b888,recsys_clickthrough,dev,2024-05-14T05:00:00,2024-05-15T02:10:00,user_report,SEV2,external_dependency,latency_spike,True,1270,101,d3dc2911-27b3-41ad-87c1-c6bf2793c658,False,True
INC-3f3b2758,rag_qa_service,dev,2024-05-14T07:00:00,2024-05-15T01:21:00,dashboard,SEV2,external_dependency,latency_spike,True,1101,99,77fcb064-aa42-4f3a-aa30-f8d9c6499e0f,True,False
INC-27aaf617,rag_qa_service,staging,2024-05-13T06:00:00,2024-05-13T21:55:00,user_report,SEV3,infra_outage,latency_spike,True,955,251,6db57ce7-d19d-4700-a98e-95015dee9cb9,True,False
INC-84e3edcc,recsys_clickthrough,dev,2024-05-15T01:00:00,2024-05-15T06:24:00,alerting,SEV3,external_dependency,latency_spike,True,324,4,d3dc2911-27b3-41ad-87c1-c6bf2793c658,False,True
INC-74039eed,recsys_clickthrough,staging,2024-05-15T06:00:00,2024-05-15T12:46:00,user_report,SEV1,external_dependency,latency_spike,True,406,95,ce15fcae-9ce8-47e7-a266-426c52537d91,True,False
INC-c7b843e3,recsys_clickthrough,staging,2024-05-15T11:00:00,2024-05-15T15:04:00,user_report,SEV2,infra_outage,latency_spike,True,244,82,ce15fcae-9ce8-47e7-a266-426c52537d91,False,True
INC-7113bfd5,recsys_clickthrough,staging,2024-05-15T16:00:00,2024-05-15T23:16:00,user_report,SEV2,infra_outage,latency_spike,True,436,222,ce15fcae-9ce8-47e7-a266-426c52537d91,True,False
INC-679a61e8,rag_qa_service,dev,2024-05-15T06:00:00,2024-05-16T01:18:00,user_report,SEV2,infra_outage,latency_spike,True,1158,129,77fcb064-aa42-4f3a-aa30-f8d9c6499e0f,False,False
INC-5c26e703,recsys_clickthrough,dev,2024-05-15T05:00:00,2024-05-16T00:49:00,alerting,SEV3,external_dependency,latency_spike,True,1189,94,d3dc2911-27b3-41ad-87c1-c6bf2793c658,True,False
INC-69a06881,rag_qa_service,dev,2024-05-16T01:00:00,2024-05-16T02:25:00,alerting,SEV3,infra_outage,latency_spike,True,85,6,77fcb064-aa42-4f3a-aa30-f8d9c6499e0f,True,False
INC-a3a691f8,recsys_clickthrough,staging,2024-05-16T08:00:00,2024-05-16T13:43:00,user_report,SEV2,infra_outage,latency_spike,True,343,64,ce15fcae-9ce8-47e7-a266-426c52537d91,False,False
INC-a00aa7d3,rag_qa_service,dev,2024-05-16T05:00:00,2024-05-16T14:28:00,dashboard,SEV2,infra_outage,latency_spike,True,568,51,77fcb064-aa42-4f3a-aa30-f8d9c6499e0f,False,True
INC-34f9e6d8,rag_qa_service,dev,2024-05-16T12:00:00,2024-05-16T15:31:00,user_report,SEV2,external_dependency,latency_spike,True,211,9,77fcb064-aa42-4f3a-aa30-f8d9c6499e0f,False,False
INC-866dc029,rag_qa_service,dev,2024-05-16T15:00:00,2024-05-16T15:43:00,alerting,SEV1,external_dependency,latency_spike,True,43,15,77fcb064-aa42-4f3a-aa30-f8d9c6499e0f,True,True
INC-4c86e48b,rag_qa_service,dev,2024-05-16T16:00:00,2024-05-16T18:39:00,alerting,SEV2,infra_outage,latency_spike,True,159,6,77fcb064-aa42-4f3a-aa30-f8d9c6499e0f,True,False
INC-fe4ba823,rag_qa_service,dev,2024-05-16T18:00:00,2024-05-16T19:58:00,dashboard,SEV2,external_dependency,latency_spike,True,118,8,77fcb064-aa42-4f3a-aa30-f8d9c6499e0f,False,True
INC-6e546d6b,recsys_clickthrough,staging,2024-05-16T14:00:00,2024-05-16T20:21:00,dashboard,SEV2,external_dependency,latency_spike,True,381,88,ce15fcae-9ce8-47e7-a266-426c52537d91,False,False
INC-5366944f,rag_qa_service,dev,2024-05-16T19:00:00,2024-05-16T20:54:00,alerting,SEV2,infra_outage,latency_spike,True,114,12,77fcb064-aa42-4f3a-aa30-f8d9c6499e0f,True,True
INC-701f044d,rag_qa_service,dev,2024-05-16T20:00:00,2024-05-16T20:49:00,user_report,SEV3,infra_outage,latency_spike,True,49,9,77fcb064-aa42-4f3a-aa30-f8d9c6499e0f,True,False
INC-8963a8f6,rag_qa_service,dev,2024-05-16T21:00:00,2024-05-16T23:57:00,user_report,SEV3,external_dependency,latency_spike,True,177,19,77fcb064-aa42-4f3a-aa30-f8d9c6499e0f,False,True
INC-65cd4738,rag_qa_service,dev,2024-05-16T23:00:00,2024-05-17T01:49:00,alerting,SEV2,external_dependency,latency_spike,True,169,10,77fcb064-aa42-4f3a-aa30-f8d9c6499e0f,True,False
INC-657abf6d,recsys_clickthrough,staging,2024-05-16T20:00:00,2024-05-17T00:12:00,user_report,SEV2,config_error,error_spike,True,252,746,ce15fcae-9ce8-47e7-a266-426c52537d91,True,False
INC-74af051a,rag_qa_service,dev,2024-05-17T01:00:00,2024-05-17T03:28:00,alerting,SEV1,external_dependency,latency_spike,True,148,5,77fcb064-aa42-4f3a-aa30-f8d9c6499e0f,False,False
INC-81e0eb9a,recsys_clickthrough,dev,2024-05-16T02:00:00,2024-05-17T04:42:00,user_report,SEV2,infra_outage,latency_spike,True,1602,138,d3dc2911-27b3-41ad-87c1-c6bf2793c658,True,False
INC-87fb8cd5,rag_qa_service,dev,2024-05-17T07:00:00,2024-05-17T09:25:00,alerting,SEV1,external_dependency,latency_spike,True,145,9,77fcb064-aa42-4f3a-aa30-f8d9c6499e0f,True,False
INC-19aa2e70,rag_qa_service,dev,2024-05-17T08:00:00,2024-05-17T12:43:00,dashboard,SEV3,external_dependency,latency_spike,True,283,18,77fcb064-aa42-4f3a-aa30-f8d9c6499e0f,False,False
INC-0b876aa0,rag_qa_service,staging,2024-05-17T10:00:00,2024-05-17T11:38:00,alerting,SEV1,infra_outage,latency_spike,True,98,50,f0df3377-6d21-4998-8c38-58f572523eb8,True,False
INC-3112e568,rag_qa_service,dev,2024-05-17T10:00:00,2024-05-17T13:45:00,user_report,SEV3,infra_outage,latency_spike,True,225,20,77fcb064-aa42-4f3a-aa30-f8d9c6499e0f,False,False
INC-f06c6343,rag_qa_service,dev,2024-05-17T12:00:00,2024-05-17T13:20:00,alerting,SEV1,external_dependency,latency_spike,True,80,10,77fcb064-aa42-4f3a-aa30-f8d9c6499e0f,False,False
INC-ed606d7d,rag_qa_service,dev,2024-05-17T14:00:00,2024-05-17T16:18:00,dashboard,SEV2,infra_outage,latency_spike,True,138,21,77fcb064-aa42-4f3a-aa30-f8d9c6499e0f,False,False
INC-e4aded46,rag_qa_service,dev,2024-05-17T16:00:00,2024-05-17T19:58:00,dashboard,SEV3,external_dependency,latency_spike,True,238,11,77fcb064-aa42-4f3a-aa30-f8d9c6499e0f,True,False
INC-0c89372a,rag_qa_service,staging,2024-05-17T16:00:00,2024-05-17T19:25:00,dashboard,SEV1,external_dependency,latency_spike,True,205,18,21e8addc-0442-46b4-ae05-2f3804e003d6,False,True
INC-7056eb74,rag_qa_service,dev,2024-05-17T17:00:00,2024-05-17T20:07:00,alerting,SEV2,external_dependency,latency_spike,True,187,7,77fcb064-aa42-4f3a-aa30-f8d9c6499e0f,False,True
INC-ae92ecc2,rag_qa_service,dev,2024-05-17T18:00:00,2024-05-17T20:55:00,user_report,SEV2,infra_outage,latency_spike,True,175,39,77fcb064-aa42-4f3a-aa30-f8d9c6499e0f,True,False
INC-5e72b54a,rag_qa_service,dev,2024-05-17T21:00:00,2024-05-17T23:09:00,dashboard,SEV2,infra_outage,latency_spike,True,129,9,77fcb064-aa42-4f3a-aa30-f8d9c6499e0f,True,True
INC-0beb019f,rag_qa_service,staging,2024-05-17T18:00:00,2024-05-18T00:23:00,dashboard,SEV3,infra_outage,latency_spike,True,383,271,21e8addc-0442-46b4-ae05-2f3804e003d6,False,True
INC-ecc026ed,rag_qa_service,dev,2024-05-17T22:00:00,2024-05-18T00:57:00,user_report,SEV3,infra_outage,latency_spike,True,177,12,77fcb064-aa42-4f3a-aa30-f8d9c6499e0f,False,False
INC-8d75e75e,rag_qa_service,staging,2024-05-17T22:00:00,2024-05-17T23:34:00,user_report,SEV2,infra_outage,latency_spike,True,94,33,21e8addc-0442-46b4-ae05-2f3804e003d6,True,True
INC-6e7bbef5,rag_qa_service,dev,2024-05-17T23:00:00,2024-05-18T01:40:00,dashboard,SEV1,infra_outage,latency_spike,True,160,10,77fcb064-aa42-4f3a-aa30-f8d9c6499e0f,False,True
INC-79604f3f,rag_qa_service,dev,2024-05-18T00:00:00,2024-05-18T03:32:00,user_report,SEV1,data_drift,metric_degradation,True,212,5,77fcb064-aa42-4f3a-aa30-f8d9c6499e0f,False,False
INC-130e2967,recsys_clickthrough,staging,2024-05-17T07:00:00,2024-05-18T02:25:00,alerting,SEV2,infra_outage,latency_spike,True,1165,534,ce15fcae-9ce8-47e7-a266-426c52537d91,True,False
INC-ea69db2e,rag_qa_service,dev,2024-05-18T05:00:00,2024-05-18T09:58:00,user_report,SEV2,data_drift,metric_degradation,True,298,10,77fcb064-aa42-4f3a-aa30-f8d9c6499e0f,True,False
INC-7fd7ab96,rag_qa_service,staging,2024-05-18T11:00:00,2024-05-18T13:28:00,alerting,SEV2,infra_outage,latency_spike,True,148,47,21e8addc-0442-46b4-ae05-2f3804e003d6,False,False
INC-62c280fc,rag_qa_service,dev,2024-05-18T12:00:00,2024-05-18T14:53:00,dashboard,SEV3,infra_outage,latency_spike,True,173,39,77fcb064-aa42-4f3a-aa30-f8d9c6499e0f,True,False
INC-7cf2e7d7,rag_qa_service,dev,2024-05-18T15:00:00,2024-05-18T16:18:00,dashboard,SEV2,external_dependency,latency_spike,True,78,7,77fcb064-aa42-4f3a-aa30-f8d9c6499e0f,False,False
INC-0144d54b,rag_qa_service,dev,2024-05-18T16:00:00,2024-05-18T18:25:00,user_report,SEV2,infra_outage,latency_spike,True,145,8,77fcb064-aa42-4f3a-aa30-f8d9c6499e0f,True,False
INC-dc6f1c48,rag_qa_service,dev,2024-05-18T17:00:00,2024-05-18T18:53:00,dashboard,SEV2,external_dependency,latency_spike,True,113,7,77fcb064-aa42-4f3a-aa30-f8d9c6499e0f,True,False
INC-b0e844e7,rag_qa_service,dev,2024-05-18T19:00:00,2024-05-18T19:20:00,user_report,SEV1,infra_outage,latency_spike,True,20,9,77fcb064-aa42-4f3a-aa30-f8d9c6499e0f,False,True
INC-74c7b6cb,rag_qa_service,staging,2024-05-18T18:00:00,2024-05-18T22:22:00,dashboard,SEV3,infra_outage,latency_spike,True,262,79,21e8addc-0442-46b4-ae05-2f3804e003d6,False,False
INC-d0da29e7,recsys_clickthrough,staging,2024-05-18T09:00:00,2024-05-18T23:18:00,user_report,SEV2,infra_outage,latency_spike,True,858,480,ce15fcae-9ce8-47e7-a266-426c52537d91,True,False
INC-8ed92d46,rag_qa_service,staging,2024-05-18T22:00:00,2024-05-19T00:19:00,alerting,SEV3,external_dependency,latency_spike,True,139,64,21e8addc-0442-46b4-ae05-2f3804e003d6,False,False
INC-0e748880,recsys_clickthrough,dev,2024-05-17T06:00:00,2024-05-19T00:10:00,alerting,SEV3,external_dependency,latency_spike,True,2530,234,d3dc2911-27b3-41ad-87c1-c6bf2793c658,False,True
INC-b35f65a3,recsys_clickthrough,dev,2024-05-19T01:00:00,2024-05-19T03:40:00,dashboard,SEV2,infra_outage,latency_spike,True,160,3,d3dc2911-27b3-41ad-87c1-c6bf2793c658,False,False
INC-570cbb4d,rag_qa_service,dev,2024-05-19T18:00:00,2024-05-19T20:07:00,user_report,SEV1,external_dependency,latency_spike,True,127,8,d5c83145-4fce-4f0f-bb92-9552d63ef993,True,False
INC-f36247c9,rag_qa_service,staging,2024-05-19T08:00:00,2024-05-19T23:32:00,alerting,SEV2,infra_outage,latency_spike,True,932,685,21e8addc-0442-46b4-ae05-2f3804e003d6,False,False
INC-69cac89d,recsys_clickthrough,staging,2024-05-19T08:00:00,2024-05-20T01:53:00,alerting,SEV2,external_dependency,latency_spike,True,1073,655,ce15fcae-9ce8-47e7-a266-426c52537d91,True,False
INC-128eeb57,energy_forecasting,prod,2024-04-04T05:00:00,2024-04-12T21:00:00,dashboard,SEV1,data_drift,metric_degradation,True,12480,51893,36253b7c-419f-462d-9aec-ae35b8bb315e,False,False
INC-aa644503,recsys_clickthrough,staging,2024-05-20T02:00:00,2024-05-20T06:40:00,alerting,SEV2,infra_outage,latency_spike,True,280,37,ce15fcae-9ce8-47e7-a266-426c52537d91,True,True
INC-e623aa10,rag_qa_service,staging,2024-05-20T08:00:00,2024-05-20T09:16:00,dashboard,SEV2,infra_outage,latency_spike,True,76,51,21e8addc-0442-46b4-ae05-2f3804e003d6,False,False
INC-c0d07b66,energy_forecasting,prod,2024-05-20T08:00:00,2024-05-20T14:53:00,user_report,SEV2,external_dependency,latency_spike,True,413,901,d13eeaee-f6d1-48e1-8fd8-b2bdeffc30fb,True,True
INC-1223c6b1,rag_qa_service,staging,2024-05-20T10:00:00,2024-05-20T14:30:00,alerting,SEV3,infra_outage,latency_spike,True,270,105,21e8addc-0442-46b4-ae05-2f3804e003d6,False,False
INC-04f087f8,recsys_clickthrough,staging,2024-05-20T07:00:00,2024-05-20T15:17:00,alerting,SEV2,external_dependency,latency_spike,True,497,249,ce15fcae-9ce8-47e7-a266-426c52537d91,True,False
INC-96a9ecdf,energy_forecasting,prod,2024-05-20T13:00:00,2024-05-20T13:27:00,dashboard,SEV1,external_dependency,latency_spike,True,27,100,d13eeaee-f6d1-48e1-8fd8-b2bdeffc30fb,True,False
INC-0d696b64,rag_qa_service,dev,2024-05-20T15:00:00,2024-05-20T18:03:00,alerting,SEV3,external_dependency,latency_spike,True,183,2,d5c83145-4fce-4f0f-bb92-9552d63ef993,True,False
INC-dbc68b67,energy_forecasting,prod,2024-05-20T16:00:00,2024-05-20T18:01:00,dashboard,SEV2,infra_outage,latency_spike,True,121,255,d13eeaee-f6d1-48e1-8fd8-b2bdeffc30fb,False,False
INC-e1ed9b68,rag_qa_service,prod,2024-05-20T18:00:00,2024-05-20T21:43:00,dashboard,SEV2,infra_outage,latency_spike,True,223,541,60f607e1-8479-48f2-b5f7-216f2f09c3a9,True,False
INC-aa7a7488,energy_forecasting,prod,2024-05-20T22:00:00,2024-05-21T00:05:00,user_report,SEV3,external_dependency,latency_spike,True,125,212,d13eeaee-f6d1-48e1-8fd8-b2bdeffc30fb,True,False
INC-0942877e,recsys_clickthrough,staging,2024-05-20T15:00:00,2024-05-21T02:36:00,dashboard,SEV1,infra_outage,latency_spike,True,696,346,ce15fcae-9ce8-47e7-a266-426c52537d91,True,False
INC-7bf4f9e2,rag_qa_service,staging,2024-05-20T18:00:00,2024-05-21T02:57:00,dashboard,SEV2,external_dependency,latency_spike,True,537,265,21e8addc-0442-46b4-ae05-2f3804e003d6,False,True
INC-ac8bf54b,recsys_clickthrough,staging,2024-05-21T02:00:00,2024-05-21T04:30:00,alerting,SEV2,infra_outage,latency_spike,True,150,21,ce15fcae-9ce8-47e7-a266-426c52537d91,True,True
INC-859dff14,rag_qa_service,prod,2024-05-21T06:00:00,2024-05-21T08:40:00,user_report,SEV2,infra_outage,latency_spike,True,160,111,60f607e1-8479-48f2-b5f7-216f2f09c3a9,True,False
INC-7cb46d49,energy_forecasting,prod,2024-05-21T08:00:00,2024-05-21T14:48:00,dashboard,SEV2,external_dependency,latency_spike,True,408,961,d13eeaee-f6d1-48e1-8fd8-b2bdeffc30fb,False,True
INC-7b6e3aa7,rag_qa_service,staging,2024-05-21T10:00:00,2024-05-21T13:34:00,alerting,SEV2,infra_outage,latency_spike,True,214,153,21e8addc-0442-46b4-ae05-2f3804e003d6,False,False
INC-1480869c,energy_forecasting,prod,2024-05-21T14:00:00,2024-05-21T14:44:00,user_report,SEV2,external_dependency,latency_spike,True,44,325,d13eeaee-f6d1-48e1-8fd8-b2bdeffc30fb,True,False
INC-5b30a190,rag_qa_service,staging,2024-05-21T16:00:00,2024-05-21T16:39:00,alerting,SEV2,infra_outage,latency_spike,True,39,50,21e8addc-0442-46b4-ae05-2f3804e003d6,False,False
INC-41755134,rag_qa_service,prod,2024-05-21T18:00:00,2024-05-21T21:50:00,alerting,SEV1,infra_outage,latency_spike,True,230,593,60f607e1-8479-48f2-b5f7-216f2f09c3a9,False,False
INC-fc7817b9,rag_qa_service,staging,2024-05-21T18:00:00,2024-05-21T22:35:00,dashboard,SEV2,external_dependency,latency_spike,True,275,184,21e8addc-0442-46b4-ae05-2f3804e003d6,False,False
INC-919af87b,rag_qa_service,dev,2024-05-21T20:00:00,2024-05-22T00:43:00,user_report,SEV3,infra_outage,latency_spike,True,283,9,d5c83145-4fce-4f0f-bb92-9552d63ef993,True,False
INC-5fd5400f,recsys_clickthrough,staging,2024-05-21T06:00:00,2024-05-22T02:52:00,dashboard,SEV2,infra_outage,latency_spike,True,1252,640,ce15fcae-9ce8-47e7-a266-426c52537d91,True,True
INC-9e590029,rag_qa_service,staging,2024-05-21T23:00:00,2024-05-22T01:04:00,user_report,SEV2,external_dependency,latency_spike,True,124,40,21e8addc-0442-46b4-ae05-2f3804e003d6,True,True
INC-b2dd6eaa,rag_qa_service,prod,2024-05-22T10:00:00,2024-05-22T12:06:00,dashboard,SEV2,infra_outage,latency_spike,True,126,451,60f607e1-8479-48f2-b5f7-216f2f09c3a9,True,False
INC-9c1c3ae5,rag_qa_service,staging,2024-05-22T11:00:00,2024-05-22T11:33:00,dashboard,SEV2,infra_outage,latency_spike,True,33,27,21e8addc-0442-46b4-ae05-2f3804e003d6,True,False
INC-b16ab6e5,energy_forecasting,prod,2024-05-21T22:00:00,2024-05-22T14:33:00,dashboard,SEV3,infra_outage,latency_spike,True,993,3785,d13eeaee-f6d1-48e1-8fd8-b2bdeffc30fb,True,False
INC-a85b98f6,energy_forecasting,prod,2024-05-22T15:00:00,2024-05-22T18:40:00,user_report,SEV3,external_dependency,latency_spike,True,220,87,d13eeaee-f6d1-48e1-8fd8-b2bdeffc30fb,True,True
INC-c6c0739d,rag_qa_service,dev,2024-05-22T18:00:00,2024-05-22T19:35:00,alerting,SEV2,infra_outage,latency_spike,True,95,1,d5c83145-4fce-4f0f-bb92-9552d63ef993,False,True
INC-b3c78890,rag_qa_service,dev,2024-05-22T20:00:00,2024-05-22T23:43:00,user_report,SEV2,external_dependency,latency_spike,True,223,4,d5c83145-4fce-4f0f-bb92-9552d63ef993,True,False
INC-71af52b7,rag_qa_service,staging,2024-05-22T18:00:00,2024-05-23T00:42:00,user_report,SEV2,external_dependency,latency_spike,True,402,242,21e8addc-0442-46b4-ae05-2f3804e003d6,False,False
INC-b297bdca,rag_qa_service,prod,2024-05-22T22:00:00,2024-05-23T01:46:00,dashboard,SEV2,external_dependency,latency_spike,True,226,522,60f607e1-8479-48f2-b5f7-216f2f09c3a9,False,True
INC-f94d40bb,rag_qa_service,dev,2024-05-23T08:00:00,2024-05-23T09:51:00,alerting,SEV2,infra_outage,latency_spike,True,111,2,d5c83145-4fce-4f0f-bb92-9552d63ef993,True,False
INC-b063a5dd,fraud_detection,dev,2024-05-23T08:00:00,2024-05-23T11:00:00,user_report,SEV3,infra_outage,latency_spike,True,180,11,a9d05ecd-f728-4fb1-8e35-62d9962b4bd9,True,False
INC-6e0b8a83,rag_qa_service,dev,2024-05-23T10:00:00,2024-05-23T12:38:00,user_report,SEV3,infra_outage,latency_spike,True,158,3,d5c83145-4fce-4f0f-bb92-9552d63ef993,True,True
INC-480c463e,rag_qa_service,staging,2024-05-23T10:00:00,2024-05-23T15:28:00,alerting,SEV1,external_dependency,latency_spike,True,328,151,21e8addc-0442-46b4-ae05-2f3804e003d6,True,True
INC-b19bf3f2,fraud_detection,dev,2024-05-23T14:00:00,2024-05-23T15:48:00,dashboard,SEV2,infra_outage,latency_spike,True,108,6,a9d05ecd-f728-4fb1-8e35-62d9962b4bd9,False,False
INC-349dcb50,rag_qa_service,staging,2024-05-23T14:00:00,2024-05-23T15:07:00,dashboard,SEV2,infra_outage,latency_spike,True,67,72,21e8addc-0442-46b4-ae05-2f3804e003d6,True,True
INC-4b369a97,fraud_detection,dev,2024-05-23T17:00:00,2024-05-23T20:46:00,alerting,SEV1,external_dependency,latency_spike,True,226,13,a9d05ecd-f728-4fb1-8e35-62d9962b4bd9,True,True
INC-5883f546,rag_qa_service,staging,2024-05-23T18:00:00,2024-05-23T20:50:00,user_report,SEV2,infra_outage,latency_spike,True,170,227,21e8addc-0442-46b4-ae05-2f3804e003d6,False,True
INC-83079a79,fraud_detection,dev,2024-05-23T22:00:00,2024-05-24T01:47:00,dashboard,SEV2,infra_outage,latency_spike,True,227,6,a9d05ecd-f728-4fb1-8e35-62d9962b4bd9,False,False
INC-0b6be300,recsys_clickthrough,staging,2024-05-22T05:00:00,2024-05-23T23:16:00,dashboard,SEV3,external_dependency,latency_spike,True,2536,1852,ce15fcae-9ce8-47e7-a266-426c52537d91,False,False
INC-ec368b53,fraud_detection,dev,2024-05-24T09:00:00,2024-05-24T09:35:00,user_report,SEV1,external_dependency,latency_spike,True,35,11,a9d05ecd-f728-4fb1-8e35-62d9962b4bd9,True,True
INC-4012c760,fraud_detection,dev,2024-05-24T17:00:00,2024-05-24T20:23:00,alerting,SEV3,infra_outage,latency_spike,True,203,9,a9d05ecd-f728-4fb1-8e35-62d9962b4bd9,True,False
INC-4aabd131,fraud_detection,dev,2024-05-24T19:00:00,2024-05-24T20:47:00,user_report,SEV1,infra_outage,latency_spike,True,107,19,a9d05ecd-f728-4fb1-8e35-62d9962b4bd9,False,True
INC-21d06f4a,fraud_detection,dev,2024-05-24T21:00:00,2024-05-25T01:08:00,dashboard,SEV1,infra_outage,latency_spike,True,248,16,a9d05ecd-f728-4fb1-8e35-62d9962b4bd9,True,True
INC-7b2da088,rag_qa_service,prod,2024-05-24T21:00:00,2024-05-25T00:04:00,alerting,SEV3,infra_outage,latency_spike,True,184,87,45d6b5f8-24c9-4a1a-8e42-3b221d615718,True,True
INC-59b5758f,recsys_clickthrough,prod,2024-05-24T19:00:00,2024-05-25T01:14:00,alerting,SEV2,external_dependency,latency_spike,True,374,218,50fbce13-dcb6-4dfe-87c3-3fbafd4bd8f2,False,True
INC-38f1d687,recsys_clickthrough,prod,2024-05-25T08:00:00,2024-05-25T09:53:00,alerting,SEV3,infra_outage,latency_spike,True,113,60,50fbce13-dcb6-4dfe-87c3-3fbafd4bd8f2,False,False
INC-5bd8cf21,fraud_detection,dev,2024-05-25T10:00:00,2024-05-25T14:03:00,alerting,SEV3,infra_outage,latency_spike,True,243,17,a9d05ecd-f728-4fb1-8e35-62d9962b4bd9,True,False
INC-b2fb16b9,rag_qa_service,prod,2024-05-25T18:00:00,2024-05-25T20:07:00,alerting,SEV3,external_dependency,latency_spike,True,127,138,45d6b5f8-24c9-4a1a-8e42-3b221d615718,False,True
INC-61322147,fraud_detection,dev,2024-05-25T22:00:00,2024-05-25T22:45:00,dashboard,SEV1,external_dependency,latency_spike,True,45,8,a9d05ecd-f728-4fb1-8e35-62d9962b4bd9,False,False
INC-a7be4a7f,rag_qa_service,prod,2024-05-26T10:00:00,2024-05-26T12:12:00,alerting,SEV2,external_dependency,latency_spike,True,132,146,45d6b5f8-24c9-4a1a-8e42-3b221d615718,True,True
INC-58a5f2ab,rag_qa_service,prod,2024-05-26T20:00:00,2024-05-26T21:04:00,dashboard,SEV3,infra_outage,latency_spike,True,64,160,45d6b5f8-24c9-4a1a-8e42-3b221d615718,True,False
INC-f7fcbe8c,rag_qa_service,staging,2024-05-24T09:00:00,2024-05-26T03:28:00,dashboard,SEV1,external_dependency,latency_spike,True,2548,2338,21e8addc-0442-46b4-ae05-2f3804e003d6,False,False
INC-0d6934b8,rag_qa_service,staging,2024-05-27T08:00:00,2024-05-27T11:00:00,alerting,SEV2,external_dependency,latency_spike,True,180,161,4b95443c-3e1e-49cb-91bb-775a75449fca,True,False
INC-fa38d1ba,rag_qa_service,prod,2024-05-27T10:00:00,2024-05-27T14:03:00,user_report,SEV2,external_dependency,latency_spike,True,243,157,45d6b5f8-24c9-4a1a-8e42-3b221d615718,False,False
INC-028e875f,rag_qa_service,staging,2024-05-27T15:00:00,2024-05-27T17:15:00,dashboard,SEV2,external_dependency,latency_spike,True,135,39,4b95443c-3e1e-49cb-91bb-775a75449fca,True,True
INC-bbf6044d,rag_qa_service,prod,2024-05-27T18:00:00,2024-05-27T21:33:00,alerting,SEV3,infra_outage,latency_spike,True,213,76,45d6b5f8-24c9-4a1a-8e42-3b221d615718,True,False
INC-ca80fe5b,rag_qa_service,dev,2024-05-27T18:00:00,2024-05-27T20:07:00,user_report,SEV3,infra_outage,latency_spike,True,127,15,383f486c-05da-4e03-adb0-0b6bb722350d,False,True
INC-4185d2d4,rag_qa_service,prod,2024-05-27T20:00:00,2024-05-27T22:31:00,user_report,SEV3,external_dependency,latency_spike,True,151,80,45d6b5f8-24c9-4a1a-8e42-3b221d615718,False,True
INC-2ecfc29a,rag_qa_service,staging,2024-05-27T21:00:00,2024-05-27T23:12:00,dashboard,SEV2,infra_outage,latency_spike,True,132,76,4b95443c-3e1e-49cb-91bb-775a75449fca,False,False
INC-5e47b724,rag_qa_service,prod,2024-05-27T22:00:00,2024-05-27T23:05:00,user_report,SEV1,external_dependency,latency_spike,True,65,141,45d6b5f8-24c9-4a1a-8e42-3b221d615718,True,False
INC-2240cc82,rag_qa_service,staging,2024-05-28T07:00:00,2024-05-28T10:32:00,user_report,SEV2,infra_outage,latency_spike,True,212,37,4b95443c-3e1e-49cb-91bb-775a75449fca,False,True
INC-5947a0b9,rag_qa_service,prod,2024-05-28T09:00:00,2024-05-28T10:48:00,alerting,SEV2,external_dependency,latency_spike,True,108,430,31908b07-09f4-464c-9b35-1c46bf43592b,True,False
INC-da9af636,rag_qa_service,prod,2024-05-28T11:00:00,2024-05-28T13:49:00,alerting,SEV1,infra_outage,latency_spike,True,169,174,31908b07-09f4-464c-9b35-1c46bf43592b,True,False
INC-a0b4ae71,rag_qa_service,staging,2024-05-28T10:00:00,2024-05-28T12:54:00,user_report,SEV2,infra_outage,latency_spike,True,174,65,4b95443c-3e1e-49cb-91bb-775a75449fca,True,False
INC-08167e5f,rag_qa_service,prod,2024-05-28T18:00:00,2024-05-28T21:05:00,dashboard,SEV1,external_dependency,latency_spike,True,185,29,45d6b5f8-24c9-4a1a-8e42-3b221d615718,False,True
INC-c80f16ea,rag_qa_service,staging,2024-05-28T20:00:00,2024-05-28T21:50:00,dashboard,SEV3,infra_outage,latency_spike,True,110,125,4b95443c-3e1e-49cb-91bb-775a75449fca,False,False
INC-af0d2e58,rag_qa_service,prod,2024-05-28T21:00:00,2024-05-28T22:50:00,dashboard,SEV3,external_dependency,latency_spike,True,110,286,31908b07-09f4-464c-9b35-1c46bf43592b,True,True
INC-e392b23c,rag_qa_service,prod,2024-05-29T10:00:00,2024-05-29T11:07:00,alerting,SEV1,external_dependency,latency_spike,True,67,155,31908b07-09f4-464c-9b35-1c46bf43592b,True,False
INC-20c311e1,rag_qa_service,staging,2024-05-29T08:00:00,2024-05-29T11:30:00,dashboard,SEV2,infra_outage,latency_spike,True,210,89,4b95443c-3e1e-49cb-91bb-775a75449fca,False,False
INC-8f881e53,rag_qa_service,prod,2024-05-29T11:00:00,2024-05-29T12:35:00,alerting,SEV2,infra_outage,latency_spike,True,95,211,45d6b5f8-24c9-4a1a-8e42-3b221d615718,True,True
INC-5738d1c6,rag_qa_service,prod,2024-05-29T18:00:00,2024-05-29T19:00:00,user_report,SEV2,external_dependency,latency_spike,True,60,246,31908b07-09f4-464c-9b35-1c46bf43592b,False,False
INC-57363969,rag_qa_service,prod,2024-05-29T20:00:00,2024-05-29T22:01:00,user_report,SEV2,external_dependency,latency_spike,True,121,43,31908b07-09f4-464c-9b35-1c46bf43592b,False,False
INC-0837215c,rag_qa_service,prod,2024-05-29T22:00:00,2024-05-30T00:55:00,dashboard,SEV1,external_dependency,latency_spike,True,175,215,45d6b5f8-24c9-4a1a-8e42-3b221d615718,False,True
INC-99c64f51,rag_qa_service,staging,2024-05-29T22:00:00,2024-05-29T23:02:00,dashboard,SEV2,external_dependency,latency_spike,True,62,38,4b95443c-3e1e-49cb-91bb-775a75449fca,True,True
INC-089bc8d1,fraud_detection,staging,2024-05-30T06:00:00,2024-05-30T09:16:00,dashboard,SEV3,external_dependency,latency_spike,True,196,14,1c5de62a-eb7a-4f34-a0ef-b13368dabfa5,False,True
INC-a760964a,fraud_detection,staging,2024-05-30T07:00:00,2024-05-30T07:15:00,dashboard,SEV1,infra_outage,latency_spike,True,15,27,1c5de62a-eb7a-4f34-a0ef-b13368dabfa5,False,False
INC-0219ee7d,rag_qa_service,prod,2024-05-30T08:00:00,2024-05-30T10:59:00,user_report,SEV3,infra_outage,latency_spike,True,179,116,45d6b5f8-24c9-4a1a-8e42-3b221d615718,True,False
INC-6636ad65,rag_qa_service,staging,2024-05-30T07:00:00,2024-05-30T10:37:00,dashboard,SEV2,external_dependency,latency_spike,True,217,136,4b95443c-3e1e-49cb-91bb-775a75449fca,False,True
INC-cda7fcb0,rag_qa_service,prod,2024-05-30T09:00:00,2024-05-30T10:40:00,user_report,SEV2,model_bug,error_spike,True,100,2271,31908b07-09f4-464c-9b35-1c46bf43592b,True,False
INC-b2ebae31,rag_qa_service,staging,2024-05-30T10:00:00,2024-05-30T12:22:00,alerting,SEV3,external_dependency,latency_spike,True,142,48,4b95443c-3e1e-49cb-91bb-775a75449fca,True,False
INC-e9d1d9fc,rag_qa_service,prod,2024-05-30T11:00:00,2024-05-30T12:24:00,alerting,SEV1,external_dependency,latency_spike,True,84,186,31908b07-09f4-464c-9b35-1c46bf43592b,True,False
INC-2ef3e492,rag_qa_service,prod,2024-05-30T16:00:00,2024-05-30T18:01:00,dashboard,SEV2,infra_outage,latency_spike,True,121,178,31908b07-09f4-464c-9b35-1c46bf43592b,True,False
INC-f36b2f2a,rag_qa_service,prod,2024-05-30T17:00:00,2024-05-30T17:35:00,dashboard,SEV3,external_dependency,latency_spike,True,35,205,31908b07-09f4-464c-9b35-1c46bf43592b,False,False
INC-4bcc28c6,fraud_detection,staging,2024-05-30T16:00:00,2024-05-30T19:58:00,user_report,SEV1,external_dependency,latency_spike,True,238,19,1c5de62a-eb7a-4f34-a0ef-b13368dabfa5,True,False
INC-d4da810a,fraud_detection,staging,2024-05-30T18:00:00,2024-05-30T22:13:00,alerting,SEV3,external_dependency,latency_spike,True,253,56,1c5de62a-eb7a-4f34-a0ef-b13368dabfa5,True,False
INC-f2b55e13,rag_qa_service,prod,2024-05-30T18:00:00,2024-05-30T19:55:00,user_report,SEV2,infra_outage,latency_spike,True,115,590,31908b07-09f4-464c-9b35-1c46bf43592b,True,False
INC-80f7bec5,rag_qa_service,prod,2024-05-30T21:00:00,2024-05-31T00:17:00,dashboard,SEV2,external_dependency,latency_spike,True,197,145,31908b07-09f4-464c-9b35-1c46bf43592b,True,False
INC-bebafa69,fraud_detection,staging,2024-05-30T21:00:00,2024-05-30T22:26:00,dashboard,SEV3,infra_outage,latency_spike,True,86,57,1c5de62a-eb7a-4f34-a0ef-b13368dabfa5,True,True
INC-0d33e28c,rag_qa_service,staging,2024-05-30T20:00:00,2024-05-30T22:15:00,alerting,SEV1,infra_outage,latency_spike,True,135,250,4b95443c-3e1e-49cb-91bb-775a75449fca,False,False
INC-33c44840,rag_qa_service,prod,2024-05-30T23:00:00,2024-05-31T01:20:00,dashboard,SEV3,external_dependency,latency_spike,True,140,117,31908b07-09f4-464c-9b35-1c46bf43592b,False,False
INC-a8704be1,rag_qa_service,prod,2024-05-31T06:00:00,2024-05-31T06:17:00,user_report,SEV3,external_dependency,latency_spike,True,17,177,31908b07-09f4-464c-9b35-1c46bf43592b,False,True
INC-3491fbd5,rag_qa_service,staging,2024-05-31T06:00:00,2024-05-31T06:15:00,dashboard,SEV3,infra_outage,latency_spike,True,15,67,4b95443c-3e1e-49cb-91bb-775a75449fca,True,False
INC-47bf32b0,fraud_detection,staging,2024-05-31T08:00:00,2024-05-31T11:48:00,dashboard,SEV2,infra_outage,latency_spike,True,228,16,1c5de62a-eb7a-4f34-a0ef-b13368dabfa5,True,False
INC-794fa9b9,rag_qa_service,prod,2024-05-31T08:00:00,2024-05-31T10:01:00,user_report,SEV2,infra_outage,latency_spike,True,121,877,31908b07-09f4-464c-9b35-1c46bf43592b,True,False
INC-951ed551,fraud_detection,staging,2024-05-31T09:00:00,2024-05-31T10:18:00,dashboard,SEV3,external_dependency,latency_spike,True,78,24,1c5de62a-eb7a-4f34-a0ef-b13368dabfa5,False,True
INC-361bfb1c,fraud_detection,staging,2024-05-31T11:00:00,2024-05-31T13:43:00,user_report,SEV3,external_dependency,latency_spike,True,163,49,e416cc8b-4c13-462a-b71d-c24bd3ac0d81,False,False
INC-6503f078,rag_qa_service,prod,2024-05-31T10:00:00,2024-05-31T15:23:00,alerting,SEV2,external_dependency,latency_spike,True,323,1195,31908b07-09f4-464c-9b35-1c46bf43592b,True,True
INC-170fd353,fraud_detection,staging,2024-05-31T15:00:00,2024-05-31T17:51:00,dashboard,SEV2,external_dependency,latency_spike,True,171,21,1c5de62a-eb7a-4f34-a0ef-b13368dabfa5,True,True
INC-b0723a1a,rag_qa_service,prod,2024-05-31T15:00:00,2024-05-31T16:14:00,alerting,SEV1,external_dependency,latency_spike,True,74,178,31908b07-09f4-464c-9b35-1c46bf43592b,False,True
INC-db983f93,fraud_detection,staging,2024-05-31T16:00:00,2024-05-31T18:19:00,dashboard,SEV2,external_dependency,latency_spike,True,139,18,1c5de62a-eb7a-4f34-a0ef-b13368dabfa5,True,False
INC-76c3b3ff,rag_qa_service,prod,2024-05-31T16:00:00,2024-05-31T18:40:00,alerting,SEV2,external_dependency,latency_spike,True,160,66,31908b07-09f4-464c-9b35-1c46bf43592b,False,False
INC-4bad2932,rag_qa_service,prod,2024-05-31T19:00:00,2024-05-31T22:29:00,dashboard,SEV2,infra_outage,latency_spike,True,209,565,45d6b5f8-24c9-4a1a-8e42-3b221d615718,False,False
INC-b699b091,fraud_detection,staging,2024-05-31T19:00:00,2024-05-31T22:47:00,dashboard,SEV2,infra_outage,latency_spike,True,227,30,1c5de62a-eb7a-4f34-a0ef-b13368dabfa5,False,True
INC-0d55005f,fraud_detection,staging,2024-05-31T20:00:00,2024-05-31T20:51:00,dashboard,SEV2,infra_outage,latency_spike,True,51,23,1c5de62a-eb7a-4f34-a0ef-b13368dabfa5,True,True
INC-eefaf48c,fraud_detection,staging,2024-05-31T22:00:00,2024-05-31T23:00:00,alerting,SEV3,external_dependency,latency_spike,True,60,34,1c5de62a-eb7a-4f34-a0ef-b13368dabfa5,False,False
INC-8137bb7f,rag_qa_service,staging,2024-05-31T18:00:00,2024-06-01T01:45:00,dashboard,SEV2,external_dependency,latency_spike,True,465,409,4b95443c-3e1e-49cb-91bb-775a75449fca,False,False
INC-6e105750,rag_qa_service,prod,2024-05-31T21:00:00,2024-06-01T01:45:00,user_report,SEV3,infra_outage,latency_spike,True,285,1004,45d6b5f8-24c9-4a1a-8e42-3b221d615718,False,False
INC-cd559585,rag_qa_service,prod,2024-06-01T04:00:00,2024-06-01T07:57:00,alerting,SEV3,data_pipeline_failure,metric_degradation,True,237,56,45d6b5f8-24c9-4a1a-8e42-3b221d615718,True,False
INC-ed5afae9,fraud_detection,staging,2024-06-01T06:00:00,2024-06-01T07:10:00,user_report,SEV3,infra_outage,latency_spike,True,70,20,1c5de62a-eb7a-4f34-a0ef-b13368dabfa5,True,True
INC-86342a78,fraud_detection,staging,2024-06-01T08:00:00,2024-06-01T11:48:00,dashboard,SEV2,external_dependency,latency_spike,True,228,26,1c5de62a-eb7a-4f34-a0ef-b13368dabfa5,True,True
INC-e5a66fa2,fraud_detection,staging,2024-06-01T09:00:00,2024-06-01T09:16:00,dashboard,SEV2,infra_outage,latency_spike,True,16,18,1c5de62a-eb7a-4f34-a0ef-b13368dabfa5,True,True
INC-32fd1479,rag_qa_service,staging,2024-06-01T09:00:00,2024-06-01T12:58:00,dashboard,SEV2,infra_outage,latency_spike,True,238,154,4b95443c-3e1e-49cb-91bb-775a75449fca,False,False
INC-4073878b,rag_qa_service,prod,2024-06-01T07:00:00,2024-06-01T13:47:00,user_report,SEV3,data_drift,metric_degradation,True,407,2963,45d6b5f8-24c9-4a1a-8e42-3b221d615718,True,False
INC-80305ebe,fraud_detection,staging,2024-06-01T10:00:00,2024-06-01T14:33:00,user_report,SEV2,external_dependency,latency_spike,True,273,101,1c5de62a-eb7a-4f34-a0ef-b13368dabfa5,False,False
INC-8fafba43,rag_qa_service,prod,2024-06-01T14:00:00,2024-06-01T14:47:00,alerting,SEV2,data_pipeline_failure,metric_degradation,True,47,480,45d6b5f8-24c9-4a1a-8e42-3b221d615718,True,False
INC-b9e01c7e,rag_qa_service,prod,2024-06-01T16:00:00,2024-06-01T19:42:00,dashboard,SEV2,data_pipeline_failure,metric_degradation,True,222,586,45d6b5f8-24c9-4a1a-8e42-3b221d615718,True,False
INC-780150aa,rag_qa_service,staging,2024-06-01T16:00:00,2024-06-01T18:35:00,dashboard,SEV3,external_dependency,latency_spike,True,155,105,4b95443c-3e1e-49cb-91bb-775a75449fca,True,False
INC-195ae947,rag_qa_service,prod,2024-06-01T18:00:00,2024-06-01T21:50:00,alerting,SEV2,infra_outage,latency_spike,True,230,563,31908b07-09f4-464c-9b35-1c46bf43592b,True,False
INC-63e6da7a,fraud_detection,staging,2024-06-01T18:00:00,2024-06-01T20:48:00,alerting,SEV2,infra_outage,latency_spike,True,168,158,1c5de62a-eb7a-4f34-a0ef-b13368dabfa5,True,True
INC-423ac392,rag_qa_service,prod,2024-06-01T20:00:00,2024-06-02T00:22:00,user_report,SEV2,external_dependency,latency_spike,True,262,969,31908b07-09f4-464c-9b35-1c46bf43592b,False,False
INC-af82958b,fraud_detection,staging,2024-06-01T21:00:00,2024-06-02T00:34:00,user_report,SEV2,external_dependency,latency_spike,True,214,90,1c5de62a-eb7a-4f34-a0ef-b13368dabfa5,True,False
INC-b4f59481,rag_qa_service,staging,2024-06-01T22:00:00,2024-06-02T01:22:00,dashboard,SEV2,infra_outage,latency_spike,True,202,61,4b95443c-3e1e-49cb-91bb-775a75449fca,True,False
INC-dc92b3e9,fraud_detection,staging,2024-06-01T23:00:00,2024-06-02T01:14:00,user_report,SEV1,external_dependency,latency_spike,True,134,30,1c5de62a-eb7a-4f34-a0ef-b13368dabfa5,True,True
INC-a85eef3b,rag_qa_service,prod,2024-06-01T21:00:00,2024-06-02T00:34:00,dashboard,SEV2,external_dependency,latency_spike,True,214,1299,31908b07-09f4-464c-9b35-1c46bf43592b,True,False
INC-75952b0d,rag_qa_service,prod,2024-06-02T00:00:00,2024-06-02T02:43:00,dashboard,SEV1,data_pipeline_failure,metric_degradation,True,163,359,45d6b5f8-24c9-4a1a-8e42-3b221d615718,True,True
INC-7ddfd96b,rag_qa_service,prod,2024-06-02T02:00:00,2024-06-02T06:37:00,alerting,SEV1,data_pipeline_failure,metric_degradation,True,277,80,45d6b5f8-24c9-4a1a-8e42-3b221d615718,True,False
INC-d14c6b41,rag_qa_service,prod,2024-06-02T04:00:00,2024-06-02T06:43:00,alerting,SEV2,data_drift,metric_degradation,True,163,62,45d6b5f8-24c9-4a1a-8e42-3b221d615718,True,False
INC-b82f4b4a,rag_qa_service,prod,2024-06-02T05:00:00,2024-06-02T08:14:00,dashboard,SEV1,data_pipeline_failure,metric_degradation,True,194,146,45d6b5f8-24c9-4a1a-8e42-3b221d615718,False,False
INC-cd7703c7,rag_qa_service,prod,2024-06-02T06:00:00,2024-06-02T07:21:00,dashboard,SEV1,data_drift,metric_degradation,True,81,379,45d6b5f8-24c9-4a1a-8e42-3b221d615718,False,False
INC-4aa3eae2,rag_qa_service,prod,2024-06-02T07:00:00,2024-06-02T08:02:00,dashboard,SEV1,data_drift,metric_degradation,True,62,248,45d6b5f8-24c9-4a1a-8e42-3b221d615718,False,False
INC-0c4f9920,fraud_detection,prod,2024-05-04T05:00:00,2024-05-07T07:58:00,alerting,SEV3,infra_outage,latency_spike,True,4498,11395,9de70f18-b9d1-4c60-ae8b-3313f99837bf,True,False
INC-843d363f,rag_qa_service,prod,2024-06-02T09:00:00,2024-06-02T10:33:00,alerting,SEV1,external_dependency,latency_spike,True,93,1265,764fa994-0880-44a1-a2fe-2edaf6ff099f,True,False
INC-777a4de9,fraud_detection,staging,2024-06-02T09:00:00,2024-06-02T12:07:00,user_report,SEV1,external_dependency,latency_spike,True,187,137,1c5de62a-eb7a-4f34-a0ef-b13368dabfa5,False,True
INC-c5701ac8,rag_qa_service,prod,2024-06-02T11:00:00,2024-06-02T14:33:00,user_report,SEV3,data_drift,metric_degradation,True,213,828,45d6b5f8-24c9-4a1a-8e42-3b221d615718,True,False
INC-dcaba7d2,rag_qa_service,prod,2024-06-02T12:00:00,2024-06-02T14:56:00,alerting,SEV2,external_dependency,latency_spike,True,176,750,45d6b5f8-24c9-4a1a-8e42-3b221d615718,False,False
INC-6132131c,fraud_detection,staging,2024-06-02T13:00:00,2024-06-02T14:49:00,dashboard,SEV2,external_dependency,latency_spike,True,109,33,1c5de62a-eb7a-4f34-a0ef-b13368dabfa5,True,True
INC-d2a84fa3,rag_qa_service,prod,2024-06-02T13:00:00,2024-06-02T13:55:00,alerting,SEV3,infra_outage,latency_spike,True,55,340,31908b07-09f4-464c-9b35-1c46bf43592b,False,False
INC-20ca6ada,fraud_detection,staging,2024-06-02T15:00:00,2024-06-02T16:20:00,user_report,SEV1,external_dependency,latency_spike,True,80,31,1c5de62a-eb7a-4f34-a0ef-b13368dabfa5,True,False
INC-b4a20dbb,rag_qa_service,prod,2024-06-02T15:00:00,2024-06-02T18:51:00,dashboard,SEV2,external_dependency,latency_spike,True,231,440,31908b07-09f4-464c-9b35-1c46bf43592b,False,True
INC-aa78eb34,rag_qa_service,staging,2024-06-02T15:00:00,2024-06-02T15:49:00,dashboard,SEV2,infra_outage,latency_spike,True,49,25,4b95443c-3e1e-49cb-91bb-775a75449fca,False,False
INC-2a03c23f,rag_qa_service,prod,2024-06-02T16:00:00,2024-06-02T17:26:00,dashboard,SEV2,data_drift,metric_degradation,True,86,269,45d6b5f8-24c9-4a1a-8e42-3b221d615718,True,False
INC-4ed48629,rag_qa_service,prod,2024-06-02T16:00:00,2024-06-02T16:58:00,dashboard,SEV2,external_dependency,latency_spike,True,58,141,31908b07-09f4-464c-9b35-1c46bf43592b,False,False
INC-8b821aae,fraud_detection,staging,2024-06-02T17:00:00,2024-06-02T18:29:00,user_report,SEV3,infra_outage,latency_spike,True,89,45,e416cc8b-4c13-462a-b71d-c24bd3ac0d81,False,True
INC-50c7e9be,fraud_detection,staging,2024-06-02T18:00:00,2024-06-02T22:29:00,user_report,SEV1,infra_outage,latency_spike,True,269,102,1c5de62a-eb7a-4f34-a0ef-b13368dabfa5,False,False
INC-0f2291d4,rag_qa_service,prod,2024-06-02T17:00:00,2024-06-02T19:23:00,user_report,SEV2,infra_outage,latency_spike,True,143,983,31908b07-09f4-464c-9b35-1c46bf43592b,False,False
INC-8a87fde9,rag_qa_service,staging,2024-06-02T18:00:00,2024-06-02T19:23:00,dashboard,SEV2,external_dependency,latency_spike,True,83,128,4b95443c-3e1e-49cb-91bb-775a75449fca,True,False
INC-afdd287d,fraud_detection,staging,2024-06-02T20:00:00,2024-06-03T00:00:00,alerting,SEV1,external_dependency,latency_spike,True,240,34,1c5de62a-eb7a-4f34-a0ef-b13368dabfa5,False,True
INC-7e81b260,rag_qa_service,prod,2024-06-02T19:00:00,2024-06-03T00:17:00,dashboard,SEV2,data_pipeline_failure,metric_degradation,True,317,2298,45d6b5f8-24c9-4a1a-8e42-3b221d615718,False,False
INC-4a366463,fraud_detection,staging,2024-06-02T21:00:00,2024-06-03T01:08:00,alerting,SEV2,external_dependency,latency_spike,True,248,158,e416cc8b-4c13-462a-b71d-c24bd3ac0d81,False,False
INC-14e40347,fraud_detection,prod,2024-06-02T20:00:00,2024-06-03T00:06:00,alerting,SEV3,infra_outage,latency_spike,True,246,563,1974c726-04fd-4ccb-9628-da5951986068,False,True
INC-f5a6e4e8,rag_qa_service,prod,2024-06-02T23:00:00,2024-06-03T00:52:00,user_report,SEV1,external_dependency,latency_spike,True,112,487,31908b07-09f4-464c-9b35-1c46bf43592b,True,True
INC-e739138d,rag_qa_service,prod,2024-06-03T03:00:00,2024-06-03T05:56:00,dashboard,SEV2,data_pipeline_failure,metric_degradation,True,176,50,45d6b5f8-24c9-4a1a-8e42-3b221d615718,False,True
INC-372c3b85,rag_qa_service,prod,2024-06-03T06:00:00,2024-06-03T09:37:00,alerting,SEV2,data_pipeline_failure,metric_degradation,True,217,192,45d6b5f8-24c9-4a1a-8e42-3b221d615718,False,False
INC-48bd9c9c,fraud_detection,staging,2024-06-03T06:00:00,2024-06-03T08:54:00,user_report,SEV2,external_dependency,latency_spike,True,174,38,1c5de62a-eb7a-4f34-a0ef-b13368dabfa5,False,False
INC-a0be473b,fraud_detection,prod,2024-06-03T07:00:00,2024-06-03T10:46:00,dashboard,SEV3,infra_outage,latency_spike,True,226,343,1974c726-04fd-4ccb-9628-da5951986068,False,False
INC-651a331c,rag_qa_service,prod,2024-06-03T07:00:00,2024-06-03T11:47:00,alerting,SEV3,data_drift,metric_degradation,True,287,953,45d6b5f8-24c9-4a1a-8e42-3b221d615718,True,True
INC-b1bfbb8a,fraud_detection,staging,2024-06-03T08:00:00,2024-06-03T11:47:00,dashboard,SEV2,external_dependency,latency_spike,True,227,67,1c5de62a-eb7a-4f34-a0ef-b13368dabfa5,True,True
INC-85b4e114,rag_qa_service,prod,2024-06-03T09:00:00,2024-06-03T12:08:00,alerting,SEV2,data_pipeline_failure,metric_degradation,True,188,301,45d6b5f8-24c9-4a1a-8e42-3b221d615718,False,False
INC-98293bb1,rag_qa_service,prod,2024-06-03T10:00:00,2024-06-03T10:37:00,dashboard,SEV3,external_dependency,latency_spike,True,37,537,45d6b5f8-24c9-4a1a-8e42-3b221d615718,True,False
INC-9c424775,fraud_detection,staging,2024-06-03T10:00:00,2024-06-03T12:20:00,alerting,SEV2,external_dependency,latency_spike,True,140,39,1c5de62a-eb7a-4f34-a0ef-b13368dabfa5,False,False
INC-359e8d01,rag_qa_service,prod,2024-06-03T11:00:00,2024-06-03T12:23:00,alerting,SEV2,data_drift,metric_degradation,True,83,293,45d6b5f8-24c9-4a1a-8e42-3b221d615718,False,False
INC-6891b6eb,fraud_detection,staging,2024-06-03T11:00:00,2024-06-03T14:59:00,dashboard,SEV2,external_dependency,latency_spike,True,239,48,1c5de62a-eb7a-4f34-a0ef-b13368dabfa5,True,True
INC-09b24056,rag_qa_service,prod,2024-06-03T12:00:00,2024-06-03T15:22:00,alerting,SEV3,data_drift,metric_degradation,True,202,498,45d6b5f8-24c9-4a1a-8e42-3b221d615718,False,False
INC-06c1ed14,rag_qa_service,staging,2024-06-03T12:00:00,2024-06-03T15:58:00,alerting,SEV1,infra_outage,latency_spike,True,238,52,4b95443c-3e1e-49cb-91bb-775a75449fca,False,False
INC-7f294581,rag_qa_service,prod,2024-06-03T13:00:00,2024-06-03T15:40:00,alerting,SEV1,infra_outage,latency_spike,True,160,854,31908b07-09f4-464c-9b35-1c46bf43592b,False,False
INC-3c943ea7,fraud_detection,staging,2024-06-03T15:00:00,2024-06-03T17:36:00,alerting,SEV2,external_dependency,latency_spike,True,156,45,1c5de62a-eb7a-4f34-a0ef-b13368dabfa5,False,False
INC-e58e69eb,fraud_detection,prod,2024-06-03T15:00:00,2024-06-03T16:31:00,dashboard,SEV3,external_dependency,latency_spike,True,91,191,1974c726-04fd-4ccb-9628-da5951986068,True,True
INC-3d80e080,rag_qa_service,prod,2024-06-03T16:00:00,2024-06-03T20:19:00,alerting,SEV2,data_drift,metric_degradation,True,259,460,45d6b5f8-24c9-4a1a-8e42-3b221d615718,False,True
INC-b2af95cb,rag_qa_service,prod,2024-06-03T18:00:00,2024-06-03T19:15:00,alerting,SEV3,data_drift,metric_degradation,True,75,394,45d6b5f8-24c9-4a1a-8e42-3b221d615718,False,False
INC-eeedd45f,fraud_detection,staging,2024-06-03T18:00:00,2024-06-03T19:12:00,user_report,SEV3,infra_outage,latency_spike,True,72,26,e416cc8b-4c13-462a-b71d-c24bd3ac0d81,True,True
INC-380a4eb9,fraud_detection,prod,2024-06-03T18:00:00,2024-06-03T21:03:00,alerting,SEV2,infra_outage,latency_spike,True,183,578,1974c726-04fd-4ccb-9628-da5951986068,False,False
INC-50795f9b,rag_qa_service,prod,2024-06-03T19:00:00,2024-06-03T22:24:00,user_report,SEV2,infra_outage,latency_spike,True,204,354,45d6b5f8-24c9-4a1a-8e42-3b221d615718,True,False
INC-e558c3f6,rag_qa_service,staging,2024-06-03T18:00:00,2024-06-03T20:49:00,user_report,SEV3,infra_outage,latency_spike,True,169,165,4b95443c-3e1e-49cb-91bb-775a75449fca,True,False
INC-ae656095,fraud_detection,staging,2024-06-03T19:00:00,2024-06-03T23:40:00,user_report,SEV1,infra_outage,latency_spike,True,280,214,1c5de62a-eb7a-4f34-a0ef-b13368dabfa5,True,True
INC-3b24fa8b,rag_qa_service,prod,2024-06-03T21:00:00,2024-06-03T23:55:00,user_report,SEV3,data_pipeline_failure,metric_degradation,True,175,243,45d6b5f8-24c9-4a1a-8e42-3b221d615718,False,False
INC-1ad3854f,fraud_detection,staging,2024-06-03T22:00:00,2024-06-03T23:58:00,dashboard,SEV3,external_dependency,latency_spike,True,118,49,1c5de62a-eb7a-4f34-a0ef-b13368dabfa5,False,False
INC-e536bf02,rag_qa_service,staging,2024-06-03T22:00:00,2024-06-04T00:18:00,alerting,SEV3,external_dependency,latency_spike,True,138,66,4b95443c-3e1e-49cb-91bb-775a75449fca,True,False
INC-186e4c3f,rag_qa_service,prod,2024-06-03T22:00:00,2024-06-03T22:53:00,user_report,SEV2,data_pipeline_failure,metric_degradation,True,53,345,45d6b5f8-24c9-4a1a-8e42-3b221d615718,True,False
INC-d65c93d7,rag_qa_service,prod,2024-06-03T23:00:00,2024-06-04T00:16:00,alerting,SEV2,data_drift,metric_degradation,True,76,185,45d6b5f8-24c9-4a1a-8e42-3b221d615718,True,False
INC-87f6a8d3,fraud_detection,staging,2024-06-03T23:00:00,2024-06-03T23:30:00,alerting,SEV3,data_pipeline_failure,metric_degradation,True,30,27,1c5de62a-eb7a-4f34-a0ef-b13368dabfa5,False,True
INC-304d814c,rag_qa_service,prod,2024-06-04T00:00:00,2024-06-04T01:58:00,dashboard,SEV2,data_drift,metric_degradation,True,118,71,45d6b5f8-24c9-4a1a-8e42-3b221d615718,False,True
INC-5455faa1,rag_qa_service,prod,2024-06-04T01:00:00,2024-06-04T05:28:00,alerting,SEV2,data_drift,metric_degradation,True,268,322,45d6b5f8-24c9-4a1a-8e42-3b221d615718,True,True
INC-b2fae24a,rag_qa_service,prod,2024-06-04T04:00:00,2024-06-04T05:46:00,user_report,SEV1,data_pipeline_failure,metric_degradation,True,106,157,45d6b5f8-24c9-4a1a-8e42-3b221d615718,False,False
INC-b820ae69,fraud_detection,staging,2024-06-04T05:00:00,2024-06-04T06:14:00,dashboard,SEV2,data_pipeline_failure,metric_degradation,True,74,20,1c5de62a-eb7a-4f34-a0ef-b13368dabfa5,False,False
INC-a2955159,rag_qa_service,prod,2024-06-04T05:00:00,2024-06-04T08:16:00,user_report,SEV1,data_drift,metric_degradation,True,196,139,45d6b5f8-24c9-4a1a-8e42-3b221d615718,True,False
INC-de7e694b,fraud_detection,staging,2024-06-04T06:00:00,2024-06-04T09:38:00,dashboard,SEV3,infra_outage,latency_spike,True,218,40,1c5de62a-eb7a-4f34-a0ef-b13368dabfa5,True,False
INC-8c4839eb,fraud_detection,staging,2024-06-04T07:00:00,2024-06-04T08:30:00,user_report,SEV1,infra_outage,latency_spike,True,90,36,1c5de62a-eb7a-4f34-a0ef-b13368dabfa5,True,True
INC-9ede4146,fraud_detection,staging,2024-06-04T10:00:00,2024-06-04T13:44:00,dashboard,SEV1,infra_outage,latency_spike,True,224,111,1c5de62a-eb7a-4f34-a0ef-b13368dabfa5,False,False
INC-b16eea65,rag_qa_service,staging,2024-06-04T08:00:00,2024-06-04T13:18:00,dashboard,SEV2,external_dependency,latency_spike,True,318,212,4b95443c-3e1e-49cb-91bb-775a75449fca,False,False
INC-c6b9c54a,rag_qa_service,prod,2024-06-04T12:00:00,2024-06-04T12:48:00,dashboard,SEV2,external_dependency,latency_spike,True,48,18,764fa994-0880-44a1-a2fe-2edaf6ff099f,False,True
INC-69a41bd3,energy_forecasting,prod,2024-05-22T18:00:00,2024-06-02T23:36:00,dashboard,SEV1,infra_outage,latency_spike,True,16176,79402,d13eeaee-f6d1-48e1-8fd8-b2bdeffc30fb,False,False
INC-06317c3c,fraud_detection,staging,2024-06-04T13:00:00,2024-06-04T21:45:00,dashboard,SEV2,data_drift,metric_degradation,True,525,524,e416cc8b-4c13-462a-b71d-c24bd3ac0d81,False,True
INC-ce477002,rag_qa_service,staging,2024-06-04T19:00:00,2024-06-04T21:46:00,user_report,SEV2,infra_outage,latency_spike,True,166,173,4b95443c-3e1e-49cb-91bb-775a75449fca,False,True
INC-592721c2,rag_qa_service,prod,2024-06-04T18:00:00,2024-06-04T22:19:00,dashboard,SEV2,infra_outage,latency_spike,True,259,45,764fa994-0880-44a1-a2fe-2edaf6ff099f,True,True
INC-7579f49f,fraud_detection,staging,2024-06-04T21:00:00,2024-06-05T00:13:00,alerting,SEV2,external_dependency,latency_spike,True,193,144,1c5de62a-eb7a-4f34-a0ef-b13368dabfa5,True,False
INC-0707d54b,fraud_detection,staging,2024-06-05T00:00:00,2024-06-05T00:58:00,alerting,SEV2,data_drift,metric_degradation,True,58,15,e416cc8b-4c13-462a-b71d-c24bd3ac0d81,True,False
INC-76a26c16,fraud_detection,staging,2024-06-05T01:00:00,2024-06-05T04:34:00,user_report,SEV2,data_pipeline_failure,metric_degradation,True,214,17,e416cc8b-4c13-462a-b71d-c24bd3ac0d81,False,False
INC-6db3f557,fraud_detection,staging,2024-06-05T02:00:00,2024-06-05T05:59:00,dashboard,SEV3,data_drift,metric_degradation,True,239,17,e416cc8b-4c13-462a-b71d-c24bd3ac0d81,True,True
INC-43d3855f,fraud_detection,staging,2024-06-05T03:00:00,2024-06-05T06:06:00,dashboard,SEV2,data_pipeline_failure,metric_degradation,True,186,36,e416cc8b-4c13-462a-b71d-c24bd3ac0d81,True,False
INC-699190b1,fraud_detection,staging,2024-06-05T06:00:00,2024-06-05T07:29:00,dashboard,SEV2,data_pipeline_failure,metric_degradation,True,89,83,e416cc8b-4c13-462a-b71d-c24bd3ac0d81,False,False
INC-530e8cb0,rag_qa_service,staging,2024-06-05T08:00:00,2024-06-05T10:41:00,dashboard,SEV1,infra_outage,latency_spike,True,161,57,4b95443c-3e1e-49cb-91bb-775a75449fca,True,False
INC-558b8bd6,fraud_detection,staging,2024-06-05T08:00:00,2024-06-05T11:13:00,user_report,SEV2,data_drift,metric_degradation,True,193,224,e416cc8b-4c13-462a-b71d-c24bd3ac0d81,False,False
INC-75012449,rag_qa_service,prod,2024-06-05T10:00:00,2024-06-05T14:02:00,user_report,SEV3,external_dependency,latency_spike,True,242,277,f706ca71-e962-47d2-8e12-a9378c1f5fe0,True,False
INC-4ccc0b49,rag_qa_service,prod,2024-06-05T12:00:00,2024-06-05T15:27:00,user_report,SEV2,infra_outage,latency_spike,True,207,135,f706ca71-e962-47d2-8e12-a9378c1f5fe0,True,False
INC-1fa0774e,fraud_detection,staging,2024-06-05T11:00:00,2024-06-05T17:43:00,user_report,SEV1,data_drift,metric_degradation,True,403,191,e416cc8b-4c13-462a-b71d-c24bd3ac0d81,False,True
INC-1f1ecae4,fraud_detection,staging,2024-06-05T16:00:00,2024-06-05T19:28:00,user_report,SEV3,external_dependency,latency_spike,True,208,97,1c5de62a-eb7a-4f34-a0ef-b13368dabfa5,False,False
INC-7b0d4ef1,rag_qa_service,prod,2024-06-05T16:00:00,2024-06-05T16:45:00,dashboard,SEV1,infra_outage,latency_spike,True,45,116,f706ca71-e962-47d2-8e12-a9378c1f5fe0,False,False
INC-0292fba5,rag_qa_service,prod,2024-06-05T22:00:00,2024-06-06T00:32:00,alerting,SEV1,infra_outage,latency_spike,True,152,223,f706ca71-e962-47d2-8e12-a9378c1f5fe0,False,False
INC-1d69552f,fraud_detection,staging,2024-06-05T18:00:00,2024-06-06T01:37:00,user_report,SEV2,data_pipeline_failure,metric_degradation,True,457,496,e416cc8b-4c13-462a-b71d-c24bd3ac0d81,False,True
INC-c518f9dc,rag_qa_service,prod,2024-06-05T23:00:00,2024-06-05T23:51:00,dashboard,SEV3,external_dependency,latency_spike,True,51,150,f706ca71-e962-47d2-8e12-a9378c1f5fe0,False,False
INC-cf500037,rag_qa_service,staging,2024-06-05T17:00:00,2024-06-06T02:28:00,user_report,SEV3,infra_outage,latency_spike,True,568,772,4b95443c-3e1e-49cb-91bb-775a75449fca,False,False
INC-5d045e79,fraud_detection,staging,2024-06-06T00:00:00,2024-06-06T02:59:00,alerting,SEV3,data_drift,metric_degradation,True,179,17,e416cc8b-4c13-462a-b71d-c24bd3ac0d81,True,True
INC-6577d2ad,rag_qa_service,staging,2024-06-06T02:00:00,2024-06-06T05:42:00,alerting,SEV2,data_pipeline_failure,metric_degradation,True,222,17,4b95443c-3e1e-49cb-91bb-775a75449fca,True,True
INC-434d041e,fraud_detection,staging,2024-06-06T02:00:00,2024-06-06T05:00:00,alerting,SEV3,data_pipeline_failure,metric_degradation,True,180,172,e416cc8b-4c13-462a-b71d-c24bd3ac0d81,False,False
INC-ec06e992,fraud_detection,staging,2024-06-06T04:00:00,2024-06-06T07:12:00,alerting,SEV3,data_drift,metric_degradation,True,192,2,e416cc8b-4c13-462a-b71d-c24bd3ac0d81,True,True
INC-926f2e2b,fraud_detection,staging,2024-06-06T05:00:00,2024-06-06T05:38:00,alerting,SEV2,data_pipeline_failure,metric_degradation,True,38,3,e416cc8b-4c13-462a-b71d-c24bd3ac0d81,False,False
INC-0dabd04b,rag_qa_service,prod,2024-06-06T06:00:00,2024-06-06T09:13:00,user_report,SEV3,infra_outage,latency_spike,True,193,0,f706ca71-e962-47d2-8e12-a9378c1f5fe0,False,False
INC-a5ac9b58,fraud_detection,staging,2024-06-06T06:00:00,2024-06-06T09:31:00,alerting,SEV2,external_dependency,latency_spike,True,211,140,e416cc8b-4c13-462a-b71d-c24bd3ac0d81,False,False
INC-cd31e4a6,rag_qa_service,prod,2024-06-06T09:00:00,2024-06-06T12:31:00,dashboard,SEV1,external_dependency,latency_spike,True,211,69,764fa994-0880-44a1-a2fe-2edaf6ff099f,False,False
INC-c5da643a,fraud_detection,staging,2024-06-06T09:00:00,2024-06-06T16:51:00,alerting,SEV3,external_dependency,latency_spike,True,471,322,1c5de62a-eb7a-4f34-a0ef-b13368dabfa5,True,False
INC-e4047b30,rag_qa_service,staging,2024-06-06T06:00:00,2024-06-06T16:57:00,alerting,SEV2,external_dependency,latency_spike,True,657,522,4b95443c-3e1e-49cb-91bb-775a75449fca,False,False
INC-ae4f83f8,fraud_detection,staging,2024-06-06T14:00:00,2024-06-06T16:59:00,dashboard,SEV2,external_dependency,latency_spike,True,179,39,e416cc8b-4c13-462a-b71d-c24bd3ac0d81,False,False
INC-a9f35f0e,fraud_detection,staging,2024-06-06T16:00:00,2024-06-06T17:52:00,alerting,SEV1,infra_outage,latency_spike,True,112,29,e416cc8b-4c13-462a-b71d-c24bd3ac0d81,True,False
INC-7d4969db,rag_qa_service,prod,2024-06-06T16:00:00,2024-06-06T19:33:00,user_report,SEV1,external_dependency,latency_spike,True,213,46,764fa994-0880-44a1-a2fe-2edaf6ff099f,True,False
INC-2d12cf05,rag_qa_service,prod,2024-06-06T17:00:00,2024-06-06T19:57:00,dashboard,SEV3,infra_outage,latency_spike,True,177,90,f706ca71-e962-47d2-8e12-a9378c1f5fe0,True,False
INC-3786b6d3,rag_qa_service,prod,2024-06-06T20:00:00,2024-06-06T21:32:00,user_report,SEV2,infra_outage,latency_spike,True,92,51,f706ca71-e962-47d2-8e12-a9378c1f5fe0,True,False
INC-e73e9e8b,rag_qa_service,prod,2024-06-06T21:00:00,2024-06-06T23:52:00,alerting,SEV3,external_dependency,latency_spike,True,172,276,f706ca71-e962-47d2-8e12-a9378c1f5fe0,False,True
INC-54cf1be6,rag_qa_service,prod,2024-06-06T22:00:00,2024-06-06T23:56:00,user_report,SEV2,external_dependency,latency_spike,True,116,40,f706ca71-e962-47d2-8e12-a9378c1f5fe0,False,True
INC-993bda1b,rag_qa_service,staging,2024-06-06T20:00:00,2024-06-06T23:29:00,dashboard,SEV3,infra_outage,latency_spike,True,209,217,4b95443c-3e1e-49cb-91bb-775a75449fca,True,False
INC-a815c6cc,fraud_detection,staging,2024-06-06T18:00:00,2024-06-07T00:32:00,alerting,SEV3,external_dependency,latency_spike,True,392,479,e416cc8b-4c13-462a-b71d-c24bd3ac0d81,True,False
INC-d7c224ff,fraud_detection,staging,2024-06-07T01:00:00,2024-06-07T03:50:00,dashboard,SEV1,data_drift,metric_degradation,True,170,9,e416cc8b-4c13-462a-b71d-c24bd3ac0d81,False,False
INC-c77885f7,fraud_detection,staging,2024-06-07T03:00:00,2024-06-07T05:24:00,alerting,SEV2,data_drift,metric_degradation,True,144,5,e416cc8b-4c13-462a-b71d-c24bd3ac0d81,False,True
INC-fa10242e,fraud_detection,staging,2024-06-07T04:00:00,2024-06-07T06:36:00,alerting,SEV2,data_pipeline_failure,metric_degradation,True,156,12,e416cc8b-4c13-462a-b71d-c24bd3ac0d81,False,False
INC-abaf1065,rag_qa_service,staging,2024-06-07T03:00:00,2024-06-07T03:36:00,dashboard,SEV2,external_dependency,latency_spike,True,36,64,4b95443c-3e1e-49cb-91bb-775a75449fca,True,False
INC-0fc4cb67,recsys_clickthrough,dev,2024-05-19T04:00:00,2024-05-21T11:39:00,alerting,SEV2,infra_outage,latency_spike,True,3339,374,d3dc2911-27b3-41ad-87c1-c6bf2793c658,True,False
INC-4da66bb2,rag_qa_service,staging,2024-06-07T06:00:00,2024-06-07T07:21:00,alerting,SEV3,infra_outage,latency_spike,True,81,59,4b95443c-3e1e-49cb-91bb-775a75449fca,False,False
INC-5cf4ee22,rag_qa_service,prod,2024-06-07T06:00:00,2024-06-07T10:09:00,user_report,SEV2,external_dependency,latency_spike,True,249,29,f706ca71-e962-47d2-8e12-a9378c1f5fe0,True,True
INC-fdafe9d2,fraud_detection,staging,2024-06-07T06:00:00,2024-06-07T11:04:00,dashboard,SEV2,external_dependency,latency_spike,True,304,104,e416cc8b-4c13-462a-b71d-c24bd3ac0d81,True,False
INC-d444d451,rag_qa_service,prod,2024-06-07T08:00:00,2024-06-07T12:54:00,alerting,SEV3,external_dependency,latency_spike,True,294,365,764fa994-0880-44a1-a2fe-2edaf6ff099f,True,False
INC-5a75bd6d,recsys_clickthrough,dev,2024-06-07T11:00:00,2024-06-07T13:02:00,user_report,SEV2,external_dependency,latency_spike,True,122,2,038db883-bf31-4256-93e4-8df774241c18,True,False
INC-8a8e54b6,rag_qa_service,prod,2024-06-07T11:00:00,2024-06-07T15:55:00,user_report,SEV2,external_dependency,latency_spike,True,295,452,f706ca71-e962-47d2-8e12-a9378c1f5fe0,False,True
INC-9dd08fd8,fraud_detection,staging,2024-06-07T10:00:00,2024-06-07T15:39:00,dashboard,SEV1,infra_outage,latency_spike,True,339,107,1c5de62a-eb7a-4f34-a0ef-b13368dabfa5,False,True
INC-6287ee50,recsys_clickthrough,dev,2024-06-07T13:00:00,2024-06-07T16:17:00,user_report,SEV2,external_dependency,latency_spike,True,197,4,038db883-bf31-4256-93e4-8df774241c18,True,False
INC-a1f48a7b,fraud_detection,staging,2024-06-07T15:00:00,2024-06-07T18:23:00,alerting,SEV2,infra_outage,latency_spike,True,203,27,1c5de62a-eb7a-4f34-a0ef-b13368dabfa5,True,True
INC-060a420a,rag_qa_service,staging,2024-06-07T08:00:00,2024-06-07T19:29:00,user_report,SEV2,external_dependency,latency_spike,True,689,505,4b95443c-3e1e-49cb-91bb-775a75449fca,False,False
INC-05618d94,fraud_detection,staging,2024-06-07T18:00:00,2024-06-07T20:16:00,alerting,SEV2,external_dependency,latency_spike,True,136,87,1c5de62a-eb7a-4f34-a0ef-b13368dabfa5,True,False
INC-c578691b,rag_qa_service,prod,2024-06-07T17:00:00,2024-06-07T22:18:00,alerting,SEV3,external_dependency,latency_spike,True,318,425,764fa994-0880-44a1-a2fe-2edaf6ff099f,True,False
INC-83e35aac,rag_qa_service,prod,2024-06-07T20:00:00,2024-06-07T21:37:00,dashboard,SEV2,infra_outage,latency_spike,True,97,62,764fa994-0880-44a1-a2fe-2edaf6ff099f,False,False
INC-0e88c1d4,rag_qa_service,prod,2024-06-07T23:00:00,2024-06-07T23:47:00,user_report,SEV2,external_dependency,latency_spike,True,47,144,f706ca71-e962-47d2-8e12-a9378c1f5fe0,True,False
INC-b6d7643b,recsys_clickthrough,dev,2024-06-07T19:00:00,2024-06-07T22:51:00,alerting,SEV2,external_dependency,latency_spike,True,231,5,038db883-bf31-4256-93e4-8df774241c18,True,False
INC-e9ffd8d7,fraud_detection,staging,2024-06-07T21:00:00,2024-06-08T01:10:00,dashboard,SEV2,infra_outage,latency_spike,True,250,71,1c5de62a-eb7a-4f34-a0ef-b13368dabfa5,True,False
INC-f940aa90,rag_qa_service,staging,2024-06-07T18:00:00,2024-06-08T00:05:00,alerting,SEV2,infra_outage,latency_spike,True,365,365,4b95443c-3e1e-49cb-91bb-775a75449fca,False,True
INC-76ecea39,rag_qa_service,staging,2024-06-08T02:00:00,2024-06-08T05:22:00,alerting,SEV2,infra_outage,latency_spike,True,202,40,4b95443c-3e1e-49cb-91bb-775a75449fca,True,False
INC-6a81243e,fraud_detection,staging,2024-06-08T06:00:00,2024-06-08T09:08:00,alerting,SEV1,infra_outage,latency_spike,True,188,18,1c5de62a-eb7a-4f34-a0ef-b13368dabfa5,True,False
INC-c4d93c69,rag_qa_service,prod,2024-06-08T08:00:00,2024-06-08T11:27:00,user_report,SEV2,external_dependency,latency_spike,True,207,42,764fa994-0880-44a1-a2fe-2edaf6ff099f,False,True
INC-95445c85,fraud_detection,staging,2024-06-08T09:00:00,2024-06-08T10:32:00,dashboard,SEV3,external_dependency,latency_spike,True,92,20,1c5de62a-eb7a-4f34-a0ef-b13368dabfa5,True,True
INC-4f80ae1f,rag_qa_service,prod,2024-06-08T11:00:00,2024-06-08T14:42:00,user_report,SEV2,external_dependency,latency_spike,True,222,308,f706ca71-e962-47d2-8e12-a9378c1f5fe0,False,False
INC-56011ac4,fraud_detection,staging,2024-06-08T12:00:00,2024-06-08T16:17:00,alerting,SEV2,infra_outage,latency_spike,True,257,95,1c5de62a-eb7a-4f34-a0ef-b13368dabfa5,False,False
INC-13a80e11,recsys_clickthrough,dev,2024-06-08T08:00:00,2024-06-09T00:42:00,user_report,SEV3,infra_outage,latency_spike,True,1002,55,038db883-bf31-4256-93e4-8df774241c18,False,False
INC-1e1252db,rag_qa_service,prod,2024-06-08T18:00:00,2024-06-09T00:31:00,alerting,SEV3,external_dependency,latency_spike,True,391,894,f706ca71-e962-47d2-8e12-a9378c1f5fe0,True,True
INC-c01a026f,rag_qa_service,staging,2024-06-08T06:00:00,2024-06-09T01:38:00,user_report,SEV2,external_dependency,latency_spike,True,1178,933,4b95443c-3e1e-49cb-91bb-775a75449fca,True,False
INC-c14b14b1,rag_qa_service,prod,2024-06-08T23:00:00,2024-06-09T01:58:00,dashboard,SEV2,infra_outage,latency_spike,True,178,176,f706ca71-e962-47d2-8e12-a9378c1f5fe0,False,False
INC-d74a86c8,fraud_detection,staging,2024-06-08T20:00:00,2024-06-08T23:50:00,alerting,SEV2,infra_outage,latency_spike,True,230,140,1c5de62a-eb7a-4f34-a0ef-b13368dabfa5,True,False
INC-e885e6da,rag_qa_service,prod,2024-06-09T08:00:00,2024-06-09T09:36:00,user_report,SEV2,external_dependency,latency_spike,True,96,251,f706ca71-e962-47d2-8e12-a9378c1f5fe0,True,False
INC-75582c32,rag_qa_service,prod,2024-06-09T10:00:00,2024-06-09T14:37:00,alerting,SEV3,infra_outage,latency_spike,True,277,644,f706ca71-e962-47d2-8e12-a9378c1f5fe0,False,False
INC-1eefc63d,fraud_detection,staging,2024-06-09T11:00:00,2024-06-09T15:30:00,alerting,SEV1,external_dependency,latency_spike,True,270,73,1c5de62a-eb7a-4f34-a0ef-b13368dabfa5,False,False
INC-eb9a71eb,rag_qa_service,prod,2024-06-09T16:00:00,2024-06-09T17:21:00,user_report,SEV2,infra_outage,latency_spike,True,81,131,f706ca71-e962-47d2-8e12-a9378c1f5fe0,False,True
INC-5171fa05,rag_qa_service,prod,2024-06-09T17:00:00,2024-06-09T19:49:00,alerting,SEV3,external_dependency,latency_spike,True,169,38,f706ca71-e962-47d2-8e12-a9378c1f5fe0,False,False
INC-5bb25f76,fraud_detection,staging,2024-06-09T16:00:00,2024-06-09T18:30:00,user_report,SEV2,infra_outage,latency_spike,True,150,29,1c5de62a-eb7a-4f34-a0ef-b13368dabfa5,False,False
INC-ab5ed3de,fraud_detection,staging,2024-06-09T18:00:00,2024-06-09T20:50:00,alerting,SEV2,external_dependency,latency_spike,True,170,40,1c5de62a-eb7a-4f34-a0ef-b13368dabfa5,False,True
INC-4150f50b,rag_qa_service,prod,2024-06-09T19:00:00,2024-06-09T23:18:00,dashboard,SEV1,external_dependency,latency_spike,True,258,656,764fa994-0880-44a1-a2fe-2edaf6ff099f,True,False
INC-ea56161c,rag_qa_service,prod,2024-06-09T21:00:00,2024-06-09T23:48:00,user_report,SEV3,infra_outage,latency_spike,True,168,229,f706ca71-e962-47d2-8e12-a9378c1f5fe0,False,False
INC-ae20a8db,rag_qa_service,prod,2024-06-09T22:00:00,2024-06-09T23:39:00,user_report,SEV2,external_dependency,latency_spike,True,99,173,f706ca71-e962-47d2-8e12-a9378c1f5fe0,False,False
INC-1bcdc428,recsys_clickthrough,dev,2024-06-09T06:00:00,2024-06-10T01:24:00,alerting,SEV2,infra_outage,latency_spike,True,1164,32,038db883-bf31-4256-93e4-8df774241c18,False,False
INC-de9c252d,recsys_clickthrough,dev,2024-06-09T23:00:00,2024-06-10T02:39:00,alerting,SEV3,external_dependency,latency_spike,True,219,1,038db883-bf31-4256-93e4-8df774241c18,True,False
INC-357a1980,rag_qa_service,prod,2024-06-09T23:00:00,2024-06-10T01:24:00,user_report,SEV2,external_dependency,latency_spike,True,144,182,f706ca71-e962-47d2-8e12-a9378c1f5fe0,True,True
INC-47b16d9b,fraud_detection,staging,2024-06-09T21:00:00,2024-06-10T01:57:00,user_report,SEV2,infra_outage,latency_spike,True,297,94,1c5de62a-eb7a-4f34-a0ef-b13368dabfa5,True,False
INC-5d281dd1,rag_qa_service,prod,2024-06-10T06:00:00,2024-06-10T07:08:00,dashboard,SEV2,external_dependency,latency_spike,True,68,69,f706ca71-e962-47d2-8e12-a9378c1f5fe0,False,False
INC-3c335a8a,fraud_detection,staging,2024-06-10T06:00:00,2024-06-10T07:09:00,dashboard,SEV3,external_dependency,latency_spike,True,69,21,1f3bf608-a72a-47ff-8152-8944b74320d0,False,False
INC-c4208374,recsys_clickthrough,dev,2024-06-10T07:00:00,2024-06-10T10:27:00,alerting,SEV1,infra_outage,latency_spike,True,207,1,038db883-bf31-4256-93e4-8df774241c18,False,True
INC-8a362bd7,recsys_clickthrough,dev,2024-06-10T08:00:00,2024-06-10T12:57:00,user_report,SEV3,infra_outage,latency_spike,True,297,4,038db883-bf31-4256-93e4-8df774241c18,False,True
INC-8ce32b12,rag_qa_service,prod,2024-06-10T08:00:00,2024-06-10T10:18:00,alerting,SEV2,external_dependency,latency_spike,True,138,295,f706ca71-e962-47d2-8e12-a9378c1f5fe0,False,False
INC-1b0fd6ef,recsys_clickthrough,dev,2024-06-10T10:00:00,2024-06-10T11:44:00,user_report,SEV2,infra_outage,latency_spike,True,104,3,2b527965-caba-4a82-8cdc-7509919b0664,True,False
INC-dca93f70,rag_qa_service,prod,2024-06-10T11:00:00,2024-06-10T12:44:00,dashboard,SEV2,external_dependency,latency_spike,True,104,234,f706ca71-e962-47d2-8e12-a9378c1f5fe0,True,True
INC-4ced3168,rag_qa_service,prod,2024-06-10T12:00:00,2024-06-10T13:29:00,user_report,SEV2,infra_outage,latency_spike,True,89,262,f706ca71-e962-47d2-8e12-a9378c1f5fe0,False,False
INC-a2b2c64a,recsys_clickthrough,dev,2024-06-10T12:00:00,2024-06-10T12:50:00,dashboard,SEV3,infra_outage,latency_spike,True,50,2,038db883-bf31-4256-93e4-8df774241c18,True,True
INC-16bed182,fraud_detection,staging,2024-06-10T08:00:00,2024-06-10T15:34:00,user_report,SEV2,infra_outage,latency_spike,True,454,244,1c5de62a-eb7a-4f34-a0ef-b13368dabfa5,True,False
INC-bad7073d,rag_qa_service,prod,2024-06-10T13:00:00,2024-06-10T14:45:00,dashboard,SEV1,external_dependency,latency_spike,True,105,82,f706ca71-e962-47d2-8e12-a9378c1f5fe0,True,False
INC-9a37835f,recsys_clickthrough,dev,2024-06-10T14:00:00,2024-06-10T17:54:00,user_report,SEV2,external_dependency,latency_spike,True,234,1,038db883-bf31-4256-93e4-8df774241c18,False,False
INC-4f750819,fraud_detection,staging,2024-06-10T14:00:00,2024-06-10T16:57:00,alerting,SEV2,external_dependency,latency_spike,True,177,47,1f3bf608-a72a-47ff-8152-8944b74320d0,True,False
INC-9993b2e7,rag_qa_service,prod,2024-06-10T16:00:00,2024-06-10T19:59:00,alerting,SEV2,infra_outage,latency_spike,True,239,294,f706ca71-e962-47d2-8e12-a9378c1f5fe0,True,True
INC-8b1c36b2,recsys_clickthrough,staging,2024-05-24T02:00:00,2024-05-24T21:12:00,alerting,SEV3,external_dependency,latency_spike,True,1152,676,ce15fcae-9ce8-47e7-a266-426c52537d91,True,False
INC-d6b6b09a,rag_qa_service,prod,2024-06-10T18:00:00,2024-06-10T22:05:00,dashboard,SEV3,infra_outage,latency_spike,True,245,321,13c50dc0-ad19-404d-af4f-0e24782c70cc,True,False
INC-d7a915e0,rag_qa_service,prod,2024-06-10T20:00:00,2024-06-10T23:58:00,alerting,SEV2,infra_outage,latency_spike,True,238,40,13c50dc0-ad19-404d-af4f-0e24782c70cc,True,False
INC-3cebdec6,recsys_clickthrough,dev,2024-06-10T19:00:00,2024-06-10T21:21:00,dashboard,SEV3,external_dependency,latency_spike,True,141,8,038db883-bf31-4256-93e4-8df774241c18,False,False
INC-5b2c3434,fraud_detection,staging,2024-06-10T18:00:00,2024-06-10T22:57:00,dashboard,SEV3,infra_outage,latency_spike,True,297,495,1f3bf608-a72a-47ff-8152-8944b74320d0,False,False
INC-6e9d1824,rag_qa_service,prod,2024-06-10T21:00:00,2024-06-10T21:44:00,user_report,SEV1,external_dependency,latency_spike,True,44,179,f706ca71-e962-47d2-8e12-a9378c1f5fe0,False,False
INC-c0e12d07,rag_qa_service,prod,2024-06-10T22:00:00,2024-06-10T23:34:00,alerting,SEV3,external_dependency,latency_spike,True,94,28,13c50dc0-ad19-404d-af4f-0e24782c70cc,False,False
INC-2c7b33eb,recsys_clickthrough,dev,2024-06-10T22:00:00,2024-06-10T22:45:00,user_report,SEV2,infra_outage,latency_spike,True,45,2,038db883-bf31-4256-93e4-8df774241c18,False,False
INC-e5f709aa,recsys_clickthrough,dev,2024-06-10T23:00:00,2024-06-10T23:35:00,alerting,SEV2,external_dependency,latency_spike,True,35,1,038db883-bf31-4256-93e4-8df774241c18,False,False
INC-d4b2c09e,fraud_detection,staging,2024-06-10T22:00:00,2024-06-11T01:10:00,alerting,SEV2,infra_outage,latency_spike,True,190,130,1f3bf608-a72a-47ff-8152-8944b74320d0,True,False
INC-bc9ad6e7,fraud_detection,staging,2024-06-11T02:00:00,2024-06-11T05:31:00,dashboard,SEV3,external_dependency,latency_spike,True,211,13,1c5de62a-eb7a-4f34-a0ef-b13368dabfa5,True,True
INC-f459a21b,recsys_clickthrough,dev,2024-06-11T03:00:00,2024-06-11T05:11:00,dashboard,SEV3,external_dependency,latency_spike,True,131,1,038db883-bf31-4256-93e4-8df774241c18,False,False
INC-cccb8ec2,recsys_clickthrough,dev,2024-06-11T06:00:00,2024-06-11T07:56:00,user_report,SEV1,infra_outage,latency_spike,True,116,8,2b527965-caba-4a82-8cdc-7509919b0664,True,False
INC-d311ec65,rag_qa_service,prod,2024-06-11T07:00:00,2024-06-11T10:42:00,dashboard,SEV3,external_dependency,latency_spike,True,222,109,f706ca71-e962-47d2-8e12-a9378c1f5fe0,True,False
INC-b13f8635,recsys_clickthrough,staging,2024-06-11T08:00:00,2024-06-11T08:46:00,user_report,SEV3,infra_outage,latency_spike,True,46,31,b555aab6-747c-4a8a-973d-7f1fd3a476f7,False,False
INC-7662362c,fraud_detection,staging,2024-06-11T08:00:00,2024-06-11T12:52:00,user_report,SEV3,external_dependency,latency_spike,True,292,44,1f3bf608-a72a-47ff-8152-8944b74320d0,True,False
INC-af9cfcb2,energy_forecasting,staging,2024-04-14T06:00:00,2024-04-23T06:11:00,alerting,SEV2,data_drift,metric_degradation,True,12971,12522,94209fdb-cf38-46a0-8bbf-ebff4326a733,False,False
INC-e7c6c7a0,recsys_clickthrough,dev,2024-06-11T08:00:00,2024-06-11T10:23:00,dashboard,SEV1,external_dependency,latency_spike,True,143,14,038db883-bf31-4256-93e4-8df774241c18,False,False
INC-93834a60,recsys_clickthrough,dev,2024-06-11T10:00:00,2024-06-11T11:42:00,dashboard,SEV1,infra_outage,latency_spike,True,102,6,038db883-bf31-4256-93e4-8df774241c18,True,True
INC-e2b6e6d4,rag_qa_service,prod,2024-06-11T09:00:00,2024-06-11T15:12:00,alerting,SEV1,external_dependency,latency_spike,True,372,1755,13c50dc0-ad19-404d-af4f-0e24782c70cc,False,True
INC-922f7793,fraud_detection,staging,2024-06-11T12:00:00,2024-06-11T15:01:00,alerting,SEV1,external_dependency,latency_spike,True,181,11,1f3bf608-a72a-47ff-8152-8944b74320d0,False,False
INC-58385b52,recsys_clickthrough,dev,2024-06-11T12:00:00,2024-06-11T16:48:00,dashboard,SEV3,external_dependency,latency_spike,True,288,3,038db883-bf31-4256-93e4-8df774241c18,False,False
INC-eaeff13d,rag_qa_service,prod,2024-06-11T12:00:00,2024-06-11T13:33:00,dashboard,SEV1,external_dependency,latency_spike,True,93,46,764fa994-0880-44a1-a2fe-2edaf6ff099f,False,False
INC-816cefbd,rag_qa_service,prod,2024-06-11T13:00:00,2024-06-11T16:18:00,user_report,SEV1,infra_outage,latency_spike,True,198,85,764fa994-0880-44a1-a2fe-2edaf6ff099f,False,False
INC-ba5ad514,recsys_clickthrough,dev,2024-06-11T13:00:00,2024-06-11T14:44:00,dashboard,SEV2,external_dependency,latency_spike,True,104,9,70da31e7-6175-4f09-88ba-3ebde96e055b,False,True
INC-9a3f8502,fraud_detection,staging,2024-06-11T15:00:00,2024-06-11T17:28:00,alerting,SEV3,infra_outage,latency_spike,True,148,23,1f3bf608-a72a-47ff-8152-8944b74320d0,True,False
INC-26b7d4de,rag_qa_service,prod,2024-06-11T15:00:00,2024-06-11T17:58:00,alerting,SEV3,infra_outage,latency_spike,True,178,602,13c50dc0-ad19-404d-af4f-0e24782c70cc,False,False
INC-595b53e5,recsys_clickthrough,dev,2024-06-11T16:00:00,2024-06-11T19:46:00,alerting,SEV1,external_dependency,latency_spike,True,226,2,038db883-bf31-4256-93e4-8df774241c18,True,False
INC-4b701547,recsys_clickthrough,dev,2024-06-11T17:00:00,2024-06-11T19:53:00,dashboard,SEV1,infra_outage,latency_spike,True,173,9,70da31e7-6175-4f09-88ba-3ebde96e055b,True,False
INC-0afb9222,recsys_clickthrough,dev,2024-06-11T18:00:00,2024-06-11T19:45:00,alerting,SEV3,infra_outage,latency_spike,True,105,24,70da31e7-6175-4f09-88ba-3ebde96e055b,False,False
INC-65c7af03,recsys_clickthrough,dev,2024-06-11T19:00:00,2024-06-11T22:00:00,user_report,SEV3,infra_outage,latency_spike,True,180,3,70da31e7-6175-4f09-88ba-3ebde96e055b,True,False
INC-63d74ee0,recsys_clickthrough,dev,2024-06-11T21:00:00,2024-06-11T23:19:00,user_report,SEV2,external_dependency,latency_spike,True,139,5,70da31e7-6175-4f09-88ba-3ebde96e055b,True,False
INC-f3564ce9,recsys_clickthrough,dev,2024-06-11T22:00:00,2024-06-12T01:19:00,user_report,SEV2,external_dependency,latency_spike,True,199,15,2b527965-caba-4a82-8cdc-7509919b0664,False,False
INC-e1f94765,rag_qa_service,prod,2024-06-11T18:00:00,2024-06-11T23:06:00,user_report,SEV3,infra_outage,latency_spike,True,306,1046,764fa994-0880-44a1-a2fe-2edaf6ff099f,False,False
INC-c5652cf3,fraud_detection,staging,2024-06-11T19:00:00,2024-06-12T01:00:00,user_report,SEV2,external_dependency,latency_spike,True,360,111,1f3bf608-a72a-47ff-8152-8944b74320d0,True,False
INC-57e2aa09,recsys_clickthrough,dev,2024-06-11T23:00:00,2024-06-12T00:22:00,dashboard,SEV2,infra_outage,latency_spike,True,82,6,70da31e7-6175-4f09-88ba-3ebde96e055b,True,True
INC-2539c836,rag_qa_service,prod,2024-06-12T01:00:00,2024-06-12T03:31:00,alerting,SEV2,external_dependency,latency_spike,True,151,31,764fa994-0880-44a1-a2fe-2edaf6ff099f,True,False
INC-d92ccd7c,rag_qa_service,prod,2024-06-12T02:00:00,2024-06-12T02:25:00,dashboard,SEV1,external_dependency,latency_spike,True,25,63,f706ca71-e962-47d2-8e12-a9378c1f5fe0,False,False
INC-d77e55ac,rag_qa_service,prod,2024-06-12T06:00:00,2024-06-12T07:40:00,user_report,SEV1,external_dependency,latency_spike,True,100,47,764fa994-0880-44a1-a2fe-2edaf6ff099f,True,False
INC-73e64a90,recsys_clickthrough,dev,2024-06-12T05:00:00,2024-06-12T06:19:00,alerting,SEV2,infra_outage,latency_spike,True,79,10,038db883-bf31-4256-93e4-8df774241c18,False,False
INC-c3e1b50e,rag_qa_service,prod,2024-06-12T07:00:00,2024-06-12T09:24:00,dashboard,SEV3,infra_outage,latency_spike,True,144,176,13c50dc0-ad19-404d-af4f-0e24782c70cc,True,False
INC-619ae82c,recsys_clickthrough,dev,2024-06-12T07:00:00,2024-06-12T11:20:00,alerting,SEV3,external_dependency,latency_spike,True,260,38,038db883-bf31-4256-93e4-8df774241c18,False,True
INC-d86b8901,recsys_clickthrough,staging,2024-06-12T10:00:00,2024-06-12T13:36:00,user_report,SEV3,infra_outage,latency_spike,True,216,14,b555aab6-747c-4a8a-973d-7f1fd3a476f7,True,True
INC-0a0540ee,recsys_clickthrough,dev,2024-06-12T11:00:00,2024-06-12T13:13:00,user_report,SEV1,infra_outage,latency_spike,True,133,14,2b527965-caba-4a82-8cdc-7509919b0664,True,False
INC-9e9f25a4,fraud_detection,staging,2024-06-12T06:00:00,2024-06-12T13:58:00,user_report,SEV3,infra_outage,latency_spike,True,478,205,1f3bf608-a72a-47ff-8152-8944b74320d0,False,False
INC-660b7cc3,rag_qa_service,prod,2024-06-12T09:00:00,2024-06-12T14:39:00,user_report,SEV3,external_dependency,latency_spike,True,339,1041,f706ca71-e962-47d2-8e12-a9378c1f5fe0,True,False
INC-46da6be0,recsys_clickthrough,dev,2024-06-12T13:00:00,2024-06-12T13:38:00,dashboard,SEV3,infra_outage,latency_spike,True,38,5,70da31e7-6175-4f09-88ba-3ebde96e055b,True,True
INC-a22cb90e,rag_qa_service,prod,2024-06-12T13:00:00,2024-06-12T14:18:00,alerting,SEV3,external_dependency,latency_spike,True,78,208,764fa994-0880-44a1-a2fe-2edaf6ff099f,True,False
INC-8bd42a0a,recsys_clickthrough,staging,2024-06-12T13:00:00,2024-06-12T16:56:00,user_report,SEV1,external_dependency,latency_spike,True,236,5,b555aab6-747c-4a8a-973d-7f1fd3a476f7,True,True
INC-2e3c0b8a,recsys_clickthrough,dev,2024-06-12T14:00:00,2024-06-12T15:51:00,user_report,SEV1,infra_outage,latency_spike,True,111,13,038db883-bf31-4256-93e4-8df774241c18,True,False
INC-457afd0c,recsys_clickthrough,dev,2024-06-12T15:00:00,2024-06-12T17:26:00,dashboard,SEV3,infra_outage,latency_spike,True,146,5,70da31e7-6175-4f09-88ba-3ebde96e055b,True,False
INC-887126a1,recsys_clickthrough,dev,2024-06-12T16:00:00,2024-06-12T18:09:00,alerting,SEV2,external_dependency,latency_spike,True,129,1,038db883-bf31-4256-93e4-8df774241c18,False,False
INC-804da370,recsys_clickthrough,dev,2024-06-12T17:00:00,2024-06-12T19:30:00,alerting,SEV2,external_dependency,latency_spike,True,150,8,038db883-bf31-4256-93e4-8df774241c18,True,False
INC-e3b079fc,rag_qa_service,prod,2024-06-12T15:00:00,2024-06-12T18:05:00,alerting,SEV2,infra_outage,latency_spike,True,185,171,764fa994-0880-44a1-a2fe-2edaf6ff099f,True,True
INC-f1e63b56,recsys_clickthrough,staging,2024-06-12T15:00:00,2024-06-12T18:27:00,user_report,SEV2,external_dependency,latency_spike,True,207,59,b555aab6-747c-4a8a-973d-7f1fd3a476f7,True,False
INC-c2c059b0,recsys_clickthrough,dev,2024-06-12T18:00:00,2024-06-12T21:52:00,dashboard,SEV2,infra_outage,latency_spike,True,232,4,038db883-bf31-4256-93e4-8df774241c18,True,False
INC-24c4ede7,recsys_clickthrough,dev,2024-06-12T19:00:00,2024-06-12T21:44:00,alerting,SEV3,infra_outage,latency_spike,True,164,4,038db883-bf31-4256-93e4-8df774241c18,True,False
INC-d8510f82,recsys_clickthrough,dev,2024-06-12T20:00:00,2024-06-12T21:12:00,alerting,SEV3,infra_outage,latency_spike,True,72,8,70da31e7-6175-4f09-88ba-3ebde96e055b,False,False
INC-f0dfecbe,recsys_clickthrough,dev,2024-06-12T21:00:00,2024-06-12T22:36:00,user_report,SEV2,infra_outage,latency_spike,True,96,4,70da31e7-6175-4f09-88ba-3ebde96e055b,True,False
INC-85dabf0c,energy_forecasting,staging,2024-06-12T21:00:00,2024-06-13T00:04:00,dashboard,SEV2,external_dependency,latency_spike,True,184,11,2de0349a-b0f0-4b64-b8ef-71eb438ba4e6,False,False
INC-4a05ed70,fraud_detection,staging,2024-06-12T18:00:00,2024-06-12T23:56:00,user_report,SEV2,external_dependency,latency_spike,True,356,209,1f3bf608-a72a-47ff-8152-8944b74320d0,False,True
INC-9d752da8,recsys_clickthrough,dev,2024-06-12T23:00:00,2024-06-13T02:21:00,alerting,SEV1,infra_outage,latency_spike,True,201,8,70da31e7-6175-4f09-88ba-3ebde96e055b,False,False
INC-8ff149ea,recsys_clickthrough,staging,2024-06-12T18:00:00,2024-06-13T01:40:00,user_report,SEV1,external_dependency,latency_spike,True,460,126,b555aab6-747c-4a8a-973d-7f1fd3a476f7,False,False
INC-dfe872f5,rag_qa_service,prod,2024-06-12T17:00:00,2024-06-13T02:17:00,user_report,SEV1,infra_outage,latency_spike,True,557,7263,13c50dc0-ad19-404d-af4f-0e24782c70cc,False,True
INC-f37c6d8b,recsys_clickthrough,dev,2024-06-13T04:00:00,2024-06-13T07:32:00,dashboard,SEV3,infra_outage,latency_spike,True,212,2,038db883-bf31-4256-93e4-8df774241c18,False,False
INC-9283653e,rag_qa_service,prod,2024-06-13T05:00:00,2024-06-13T09:50:00,alerting,SEV3,external_dependency,latency_spike,True,290,363,764fa994-0880-44a1-a2fe-2edaf6ff099f,True,True
INC-2bba0684,recsys_clickthrough,dev,2024-06-13T07:00:00,2024-06-13T10:07:00,alerting,SEV1,external_dependency,latency_spike,True,187,3,038db883-bf31-4256-93e4-8df774241c18,False,True
INC-617b6c1a,recsys_clickthrough,dev,2024-06-13T10:00:00,2024-06-13T12:35:00,alerting,SEV1,infra_outage,latency_spike,True,155,8,70da31e7-6175-4f09-88ba-3ebde96e055b,True,False
INC-74f2ecb4,recsys_clickthrough,dev,2024-06-13T11:00:00,2024-06-13T12:43:00,dashboard,SEV3,infra_outage,latency_spike,True,103,12,70da31e7-6175-4f09-88ba-3ebde96e055b,True,True
INC-8c442ed3,recsys_clickthrough,dev,2024-06-13T12:00:00,2024-06-13T14:34:00,dashboard,SEV1,external_dependency,latency_spike,True,154,6,038db883-bf31-4256-93e4-8df774241c18,True,False
INC-0ee656c5,recsys_clickthrough,staging,2024-06-13T06:00:00,2024-06-13T13:56:00,alerting,SEV1,external_dependency,latency_spike,True,476,144,b555aab6-747c-4a8a-973d-7f1fd3a476f7,False,False
INC-0676db64,fraud_detection,staging,2024-06-13T06:00:00,2024-06-13T18:25:00,user_report,SEV2,infra_outage,latency_spike,True,745,312,1f3bf608-a72a-47ff-8152-8944b74320d0,True,False
INC-43220907,recsys_clickthrough,dev,2024-06-13T16:00:00,2024-06-13T19:45:00,user_report,SEV3,external_dependency,latency_spike,True,225,5,70da31e7-6175-4f09-88ba-3ebde96e055b,False,False
INC-44036515,rag_qa_service,prod,2024-06-13T07:00:00,2024-06-13T17:35:00,alerting,SEV3,external_dependency,latency_spike,True,635,2592,13c50dc0-ad19-404d-af4f-0e24782c70cc,True,True
INC-b3622939,recsys_clickthrough,dev,2024-06-13T16:00:00,2024-06-13T21:28:00,dashboard,SEV2,external_dependency,latency_spike,True,328,60,038db883-bf31-4256-93e4-8df774241c18,True,False
INC-2dcfe71f,recsys_clickthrough,dev,2024-06-13T21:00:00,2024-06-14T01:33:00,alerting,SEV1,external_dependency,latency_spike,True,273,26,2b527965-caba-4a82-8cdc-7509919b0664,True,False
INC-80f33993,recsys_clickthrough,staging,2024-06-13T17:00:00,2024-06-13T23:11:00,alerting,SEV3,infra_outage,latency_spike,True,371,164,b555aab6-747c-4a8a-973d-7f1fd3a476f7,False,True
INC-ce286d63,recsys_clickthrough,dev,2024-06-13T23:00:00,2024-06-14T02:27:00,alerting,SEV1,infra_outage,latency_spike,True,207,5,70da31e7-6175-4f09-88ba-3ebde96e055b,False,False
INC-272c260c,rag_qa_service,prod,2024-06-13T17:00:00,2024-06-14T01:14:00,user_report,SEV2,external_dependency,latency_spike,True,494,3104,f706ca71-e962-47d2-8e12-a9378c1f5fe0,False,True
INC-df7ed360,fraud_detection,staging,2024-06-13T17:00:00,2024-06-13T23:25:00,user_report,SEV2,external_dependency,latency_spike,True,385,263,1f3bf608-a72a-47ff-8152-8944b74320d0,True,True
INC-5b690824,recsys_clickthrough,dev,2024-06-14T00:00:00,2024-06-14T01:09:00,alerting,SEV2,external_dependency,latency_spike,True,69,2,038db883-bf31-4256-93e4-8df774241c18,False,True
INC-5ffeefad,rag_qa_service,prod,2024-06-14T01:00:00,2024-06-14T01:47:00,user_report,SEV2,external_dependency,latency_spike,True,47,116,f706ca71-e962-47d2-8e12-a9378c1f5fe0,False,False
INC-1adc4949,recsys_clickthrough,staging,2024-06-14T01:00:00,2024-06-14T03:39:00,dashboard,SEV2,infra_outage,latency_spike,True,159,14,b555aab6-747c-4a8a-973d-7f1fd3a476f7,True,False
INC-5a85b2dc,rag_qa_service,prod,2024-06-14T03:00:00,2024-06-14T05:56:00,alerting,SEV3,external_dependency,latency_spike,True,176,0,13c50dc0-ad19-404d-af4f-0e24782c70cc,True,True
INC-83efab8b,recsys_clickthrough,dev,2024-06-14T06:00:00,2024-06-14T06:54:00,dashboard,SEV2,infra_outage,latency_spike,True,54,16,2b527965-caba-4a82-8cdc-7509919b0664,False,False
INC-b8a48fd1,recsys_clickthrough,staging,2024-06-14T06:00:00,2024-06-14T06:41:00,dashboard,SEV1,external_dependency,latency_spike,True,41,7,b555aab6-747c-4a8a-973d-7f1fd3a476f7,True,False
INC-3da6becc,recsys_clickthrough,dev,2024-06-14T07:00:00,2024-06-14T10:00:00,user_report,SEV3,infra_outage,latency_spike,True,180,8,038db883-bf31-4256-93e4-8df774241c18,True,False
INC-7a511d74,recsys_clickthrough,dev,2024-06-14T09:00:00,2024-06-14T09:32:00,user_report,SEV1,external_dependency,latency_spike,True,32,12,70da31e7-6175-4f09-88ba-3ebde96e055b,True,False
INC-c1a40cab,fraud_detection,prod,2024-06-04T05:00:00,2024-06-13T06:22:00,alerting,SEV2,data_drift,metric_degradation,True,13042,76351,1974c726-04fd-4ccb-9628-da5951986068,True,False
INC-5d9a04be,recsys_clickthrough,dev,2024-06-14T11:00:00,2024-06-14T12:20:00,alerting,SEV2,external_dependency,latency_spike,True,80,6,70da31e7-6175-4f09-88ba-3ebde96e055b,False,False
INC-5cca7e78,recsys_clickthrough,dev,2024-06-14T12:00:00,2024-06-14T13:19:00,dashboard,SEV2,infra_outage,latency_spike,True,79,6,70da31e7-6175-4f09-88ba-3ebde96e055b,True,False
INC-f1285cd7,recsys_clickthrough,dev,2024-06-14T13:00:00,2024-06-14T16:23:00,user_report,SEV2,infra_outage,latency_spike,True,203,8,70da31e7-6175-4f09-88ba-3ebde96e055b,False,True
INC-5970c066,fraud_detection,prod,2024-06-14T13:00:00,2024-06-14T16:00:00,dashboard,SEV3,external_dependency,latency_spike,True,180,0,dcc490cb-cfde-4e67-96dd-174c30e8ee67,True,True
INC-4492a99e,recsys_clickthrough,dev,2024-06-14T14:00:00,2024-06-14T17:53:00,dashboard,SEV1,infra_outage,latency_spike,True,233,11,70da31e7-6175-4f09-88ba-3ebde96e055b,False,False
INC-1c22c8eb,recsys_clickthrough,staging,2024-06-14T09:00:00,2024-06-14T14:25:00,user_report,SEV3,infra_outage,latency_spike,True,325,156,b555aab6-747c-4a8a-973d-7f1fd3a476f7,True,False
INC-d4e6db56,recsys_clickthrough,dev,2024-06-14T15:00:00,2024-06-14T16:37:00,dashboard,SEV3,infra_outage,latency_spike,True,97,8,70da31e7-6175-4f09-88ba-3ebde96e055b,True,True
INC-ef9788f9,fraud_detection,staging,2024-06-14T06:00:00,2024-06-14T16:28:00,alerting,SEV2,external_dependency,latency_spike,True,628,372,1f3bf608-a72a-47ff-8152-8944b74320d0,True,True
INC-9e48f005,recsys_clickthrough,dev,2024-06-14T16:00:00,2024-06-14T19:47:00,user_report,SEV3,infra_outage,latency_spike,True,227,6,70da31e7-6175-4f09-88ba-3ebde96e055b,True,False
INC-b48dd508,recsys_clickthrough,dev,2024-06-14T18:00:00,2024-06-14T19:37:00,user_report,SEV3,external_dependency,latency_spike,True,97,13,70da31e7-6175-4f09-88ba-3ebde96e055b,True,True
INC-fcb861ac,fraud_detection,prod,2024-06-14T19:00:00,2024-06-14T23:53:00,user_report,SEV2,infra_outage,latency_spike,True,293,200,dcc490cb-cfde-4e67-96dd-174c30e8ee67,False,False
INC-b1fb3be2,recsys_clickthrough,dev,2024-06-14T20:00:00,2024-06-14T22:38:00,alerting,SEV2,infra_outage,latency_spike,True,158,17,70da31e7-6175-4f09-88ba-3ebde96e055b,True,False
INC-a78d9381,rag_qa_service,prod,2024-06-14T06:00:00,2024-06-15T00:38:00,user_report,SEV2,infra_outage,latency_spike,True,1118,5472,13c50dc0-ad19-404d-af4f-0e24782c70cc,False,False
INC-d2551ede,recsys_clickthrough,dev,2024-06-14T23:00:00,2024-06-15T00:40:00,alerting,SEV2,external_dependency,latency_spike,True,100,8,70da31e7-6175-4f09-88ba-3ebde96e055b,False,False
INC-3fd3b278,recsys_clickthrough,staging,2024-06-14T17:00:00,2024-06-15T01:36:00,dashboard,SEV2,external_dependency,latency_spike,True,516,256,b555aab6-747c-4a8a-973d-7f1fd3a476f7,True,False
INC-9d99ddb9,rag_qa_service,prod,2024-06-15T01:00:00,2024-06-15T01:42:00,alerting,SEV3,external_dependency,latency_spike,True,42,16,13c50dc0-ad19-404d-af4f-0e24782c70cc,True,False
INC-a3a90340,rag_qa_service,prod,2024-06-15T02:00:00,2024-06-15T05:14:00,dashboard,SEV3,external_dependency,latency_spike,True,194,31,13c50dc0-ad19-404d-af4f-0e24782c70cc,False,False
INC-059aa7c8,rag_qa_service,prod,2024-06-15T04:00:00,2024-06-15T08:22:00,user_report,SEV3,infra_outage,latency_spike,True,262,19,13c50dc0-ad19-404d-af4f-0e24782c70cc,False,True
INC-fa40008c,recsys_clickthrough,dev,2024-06-15T05:00:00,2024-06-15T05:15:00,user_report,SEV2,infra_outage,latency_spike,True,15,2,70da31e7-6175-4f09-88ba-3ebde96e055b,True,False
INC-64e68ea1,recsys_clickthrough,dev,2024-06-15T06:00:00,2024-06-15T09:13:00,alerting,SEV1,infra_outage,latency_spike,True,193,11,70da31e7-6175-4f09-88ba-3ebde96e055b,False,True
INC-ad4d97c5,recsys_clickthrough,staging,2024-06-15T07:00:00,2024-06-15T08:18:00,user_report,SEV2,external_dependency,latency_spike,True,78,38,b555aab6-747c-4a8a-973d-7f1fd3a476f7,False,False
INC-634c91ac,fraud_detection,prod,2024-06-15T07:00:00,2024-06-15T11:40:00,alerting,SEV1,external_dependency,latency_spike,True,280,133,dcc490cb-cfde-4e67-96dd-174c30e8ee67,False,False
INC-1fefa554,recsys_clickthrough,dev,2024-06-15T08:00:00,2024-06-15T12:14:00,alerting,SEV3,infra_outage,latency_spike,True,254,15,2b527965-caba-4a82-8cdc-7509919b0664,True,False
INC-ee55c429,recsys_clickthrough,dev,2024-06-15T11:00:00,2024-06-15T11:54:00,user_report,SEV3,infra_outage,latency_spike,True,54,8,70da31e7-6175-4f09-88ba-3ebde96e055b,True,True
INC-28bec938,energy_forecasting,staging,2024-06-15T08:00:00,2024-06-15T14:51:00,user_report,SEV3,external_dependency,error_spike,True,411,199,2de0349a-b0f0-4b64-b8ef-71eb438ba4e6,True,True
INC-c4a34846,fraud_detection,prod,2024-06-15T11:00:00,2024-06-15T14:30:00,user_report,SEV3,external_dependency,latency_spike,True,210,195,dcc490cb-cfde-4e67-96dd-174c30e8ee67,True,False
INC-644c6103,recsys_clickthrough,dev,2024-06-15T12:00:00,2024-06-15T17:30:00,dashboard,SEV2,infra_outage,latency_spike,True,330,34,70da31e7-6175-4f09-88ba-3ebde96e055b,False,False
INC-59791467,recsys_clickthrough,dev,2024-06-15T15:00:00,2024-06-15T17:06:00,alerting,SEV2,infra_outage,latency_spike,True,126,7,70da31e7-6175-4f09-88ba-3ebde96e055b,True,True
INC-320a5bce,energy_forecasting,staging,2024-06-15T15:00:00,2024-06-15T15:50:00,dashboard,SEV3,external_dependency,latency_spike,True,50,6,2de0349a-b0f0-4b64-b8ef-71eb438ba4e6,False,True
INC-740e7b8b,recsys_clickthrough,staging,2024-06-15T09:00:00,2024-06-15T17:07:00,dashboard,SEV3,infra_outage,latency_spike,True,487,256,b555aab6-747c-4a8a-973d-7f1fd3a476f7,False,False
INC-f645e8db,recsys_clickthrough,dev,2024-06-15T17:00:00,2024-06-15T20:09:00,dashboard,SEV2,external_dependency,latency_spike,True,189,13,70da31e7-6175-4f09-88ba-3ebde96e055b,True,False
INC-ae62d0e8,recsys_clickthrough,dev,2024-06-15T18:00:00,2024-06-15T19:18:00,dashboard,SEV2,infra_outage,latency_spike,True,78,21,f3b20e88-a0b9-4084-9afe-1de31f0b27a4,True,True
INC-fbb71985,energy_forecasting,staging,2024-06-15T18:00:00,2024-06-15T23:08:00,user_report,SEV2,infra_outage,latency_spike,True,308,29,2de0349a-b0f0-4b64-b8ef-71eb438ba4e6,False,False
INC-e068dd30,fraud_detection,prod,2024-06-15T21:00:00,2024-06-15T23:56:00,alerting,SEV1,infra_outage,latency_spike,True,176,110,dcc490cb-cfde-4e67-96dd-174c30e8ee67,False,False
INC-bd846225,recsys_clickthrough,dev,2024-06-15T19:00:00,2024-06-15T22:19:00,dashboard,SEV2,external_dependency,latency_spike,True,199,61,70da31e7-6175-4f09-88ba-3ebde96e055b,False,False
INC-a4652a67,energy_forecasting,staging,2024-06-15T22:00:00,2024-06-16T00:21:00,alerting,SEV2,external_dependency,latency_spike,True,141,19,2de0349a-b0f0-4b64-b8ef-71eb438ba4e6,False,False
INC-5710b857,recsys_clickthrough,staging,2024-06-15T18:00:00,2024-06-16T02:37:00,dashboard,SEV3,external_dependency,latency_spike,True,517,204,b555aab6-747c-4a8a-973d-7f1fd3a476f7,False,False
INC-d61b90e9,rag_qa_service,prod,2024-06-15T06:00:00,2024-06-16T02:47:00,alerting,SEV3,external_dependency,latency_spike,True,1247,6252,f706ca71-e962-47d2-8e12-a9378c1f5fe0,True,False
INC-c974838d,rag_qa_service,prod,2024-06-16T02:00:00,2024-06-16T06:25:00,alerting,SEV2,external_dependency,latency_spike,True,265,106,f706ca71-e962-47d2-8e12-a9378c1f5fe0,True,False
INC-b1562ea6,recsys_clickthrough,dev,2024-06-16T03:00:00,2024-06-16T04:21:00,dashboard,SEV2,infra_outage,latency_spike,True,81,4,70da31e7-6175-4f09-88ba-3ebde96e055b,False,False
INC-d83730ba,recsys_clickthrough,dev,2024-06-16T04:00:00,2024-06-16T07:31:00,dashboard,SEV2,data_drift,metric_degradation,True,211,7,70da31e7-6175-4f09-88ba-3ebde96e055b,False,False
INC-8cd50ec4,recsys_clickthrough,dev,2024-06-16T06:00:00,2024-06-16T08:17:00,user_report,SEV1,infra_outage,latency_spike,True,137,13,70da31e7-6175-4f09-88ba-3ebde96e055b,False,False
INC-496f1103,recsys_clickthrough,dev,2024-06-16T09:00:00,2024-06-16T09:24:00,user_report,SEV2,external_dependency,latency_spike,True,24,35,f3b20e88-a0b9-4084-9afe-1de31f0b27a4,True,True
INC-d8a06889,fraud_detection,prod,2024-06-16T09:00:00,2024-06-16T11:06:00,dashboard,SEV1,infra_outage,latency_spike,True,126,133,dcc490cb-cfde-4e67-96dd-174c30e8ee67,True,True
INC-889fddca,recsys_clickthrough,dev,2024-06-16T10:00:00,2024-06-16T11:03:00,dashboard,SEV2,external_dependency,latency_spike,True,63,10,70da31e7-6175-4f09-88ba-3ebde96e055b,True,False
INC-744c1340,recsys_clickthrough,dev,2024-06-16T11:00:00,2024-06-16T11:30:00,user_report,SEV2,external_dependency,latency_spike,True,30,21,2b527965-caba-4a82-8cdc-7509919b0664,True,True
INC-cacf77ac,recsys_clickthrough,dev,2024-06-16T12:00:00,2024-06-16T16:02:00,dashboard,SEV3,external_dependency,latency_spike,True,242,17,70da31e7-6175-4f09-88ba-3ebde96e055b,True,False
INC-f0ee6bc1,recsys_clickthrough,staging,2024-06-16T10:00:00,2024-06-16T16:58:00,dashboard,SEV3,infra_outage,latency_spike,True,418,108,b555aab6-747c-4a8a-973d-7f1fd3a476f7,False,False
INC-18acefe5,rag_qa_service,prod,2024-06-16T06:00:00,2024-06-16T16:08:00,user_report,SEV2,external_dependency,latency_spike,True,608,2375,13c50dc0-ad19-404d-af4f-0e24782c70cc,False,False
INC-ef93523a,recsys_clickthrough,dev,2024-06-16T14:00:00,2024-06-16T18:31:00,user_report,SEV2,external_dependency,latency_spike,True,271,25,70da31e7-6175-4f09-88ba-3ebde96e055b,True,False
INC-3e04eeb7,recsys_clickthrough,staging,2024-06-16T15:00:00,2024-06-16T15:47:00,dashboard,SEV2,infra_outage,latency_spike,True,47,33,b555aab6-747c-4a8a-973d-7f1fd3a476f7,True,False
INC-19d3474b,recsys_clickthrough,dev,2024-06-16T17:00:00,2024-06-16T21:30:00,dashboard,SEV3,infra_outage,latency_spike,True,270,41,f3b20e88-a0b9-4084-9afe-1de31f0b27a4,True,True
INC-e2aec037,recsys_clickthrough,dev,2024-06-16T20:00:00,2024-06-16T23:52:00,dashboard,SEV2,infra_outage,latency_spike,True,232,14,f3b20e88-a0b9-4084-9afe-1de31f0b27a4,True,False
INC-4388a46d,recsys_clickthrough,dev,2024-06-16T22:00:00,2024-06-16T23:34:00,dashboard,SEV2,infra_outage,latency_spike,True,94,7,f3b20e88-a0b9-4084-9afe-1de31f0b27a4,False,False
INC-2d2ede0c,recsys_clickthrough,staging,2024-06-16T17:00:00,2024-06-17T00:46:00,alerting,SEV2,infra_outage,latency_spike,True,466,223,b555aab6-747c-4a8a-973d-7f1fd3a476f7,True,False
INC-904d3ad4,fraud_detection,prod,2024-06-16T21:00:00,2024-06-17T00:47:00,user_report,SEV2,infra_outage,latency_spike,True,227,235,dcc490cb-cfde-4e67-96dd-174c30e8ee67,True,True
INC-3b0ba8a1,recsys_clickthrough,dev,2024-06-16T23:00:00,2024-06-17T01:21:00,user_report,SEV1,infra_outage,latency_spike,True,141,4,70da31e7-6175-4f09-88ba-3ebde96e055b,True,False
INC-7bae02c8,rag_qa_service,prod,2024-06-16T16:00:00,2024-06-17T02:12:00,dashboard,SEV2,infra_outage,latency_spike,True,612,3333,13c50dc0-ad19-404d-af4f-0e24782c70cc,True,True
INC-231f9289,recsys_clickthrough,dev,2024-06-17T08:00:00,2024-06-17T10:53:00,alerting,SEV3,external_dependency,latency_spike,True,173,17,f3b20e88-a0b9-4084-9afe-1de31f0b27a4,True,True
INC-8f736607,recsys_clickthrough,dev,2024-06-17T09:00:00,2024-06-17T11:12:00,alerting,SEV2,external_dependency,latency_spike,True,132,19,70da31e7-6175-4f09-88ba-3ebde96e055b,False,True
INC-f75389ee,recsys_clickthrough,dev,2024-06-17T10:00:00,2024-06-17T13:17:00,user_report,SEV2,external_dependency,latency_spike,True,197,7,f3b20e88-a0b9-4084-9afe-1de31f0b27a4,True,False
INC-7aaec16e,fraud_detection,prod,2024-06-17T08:00:00,2024-06-17T11:32:00,alerting,SEV2,infra_outage,latency_spike,True,212,544,dcc490cb-cfde-4e67-96dd-174c30e8ee67,False,True
INC-afcf46c2,recsys_clickthrough,dev,2024-06-17T11:00:00,2024-06-17T13:15:00,dashboard,SEV2,external_dependency,latency_spike,True,135,9,70da31e7-6175-4f09-88ba-3ebde96e055b,True,False
INC-bc21519c,recsys_clickthrough,staging,2024-06-17T08:00:00,2024-06-17T14:30:00,alerting,SEV2,external_dependency,latency_spike,True,390,155,b555aab6-747c-4a8a-973d-7f1fd3a476f7,False,True
INC-ebc267b1,recsys_clickthrough,dev,2024-06-17T13:00:00,2024-06-17T15:04:00,dashboard,SEV3,infra_outage,latency_spike,True,124,6,f3b20e88-a0b9-4084-9afe-1de31f0b27a4,False,False
INC-36b2a9e2,recsys_clickthrough,dev,2024-06-17T15:00:00,2024-06-17T17:35:00,alerting,SEV3,infra_outage,latency_spike,True,155,7,70da31e7-6175-4f09-88ba-3ebde96e055b,False,True
INC-7c109637,recsys_clickthrough,dev,2024-06-17T15:00:00,2024-06-17T17:10:00,user_report,SEV2,infra_outage,latency_spike,True,130,22,f3b20e88-a0b9-4084-9afe-1de31f0b27a4,False,True
INC-e02a126b,recsys_clickthrough,dev,2024-06-17T17:00:00,2024-06-17T19:59:00,dashboard,SEV2,external_dependency,latency_spike,True,179,9,70da31e7-6175-4f09-88ba-3ebde96e055b,False,False
INC-b5823ad8,recsys_clickthrough,dev,2024-06-17T18:00:00,2024-06-17T22:39:00,dashboard,SEV3,infra_outage,latency_spike,True,279,82,70da31e7-6175-4f09-88ba-3ebde96e055b,False,False
INC-8f09a224,recsys_clickthrough,dev,2024-06-17T21:00:00,2024-06-18T01:13:00,alerting,SEV2,infra_outage,latency_spike,True,253,24,70da31e7-6175-4f09-88ba-3ebde96e055b,True,False
INC-fef3f968,fraud_detection,prod,2024-06-17T19:00:00,2024-06-17T23:08:00,alerting,SEV2,infra_outage,latency_spike,True,248,534,dcc490cb-cfde-4e67-96dd-174c30e8ee67,False,False
INC-e6f2cef4,recsys_clickthrough,dev,2024-06-17T23:00:00,2024-06-18T01:22:00,dashboard,SEV2,infra_outage,latency_spike,True,142,12,70da31e7-6175-4f09-88ba-3ebde96e055b,True,False
INC-e84b3150,rag_qa_service,prod,2024-06-17T02:00:00,2024-06-18T02:20:00,dashboard,SEV2,infra_outage,latency_spike,True,1460,10104,f706ca71-e962-47d2-8e12-a9378c1f5fe0,True,True
INC-02ccc194,recsys_clickthrough,dev,2024-06-18T00:00:00,2024-06-18T03:28:00,dashboard,SEV1,data_drift,metric_degradation,True,208,2,70da31e7-6175-4f09-88ba-3ebde96e055b,False,False
INC-e79ffc8d,recsys_clickthrough,staging,2024-06-17T18:00:00,2024-06-18T02:42:00,user_report,SEV3,external_dependency,latency_spike,True,522,241,b555aab6-747c-4a8a-973d-7f1fd3a476f7,False,False
INC-988509ef,recsys_clickthrough,dev,2024-06-18T01:00:00,2024-06-18T03:07:00,dashboard,SEV2,data_pipeline_failure,metric_degradation,True,127,3,70da31e7-6175-4f09-88ba-3ebde96e055b,True,True
INC-19d677de,rag_qa_service,prod,2024-06-18T01:00:00,2024-06-18T03:24:00,user_report,SEV3,external_dependency,latency_spike,True,144,649,13c50dc0-ad19-404d-af4f-0e24782c70cc,False,False
INC-b2afd213,recsys_clickthrough,dev,2024-06-18T04:00:00,2024-06-18T07:07:00,dashboard,SEV1,data_drift,metric_degradation,True,187,1,70da31e7-6175-4f09-88ba-3ebde96e055b,False,False
INC-5eadc037,rag_qa_service,prod,2024-06-18T04:00:00,2024-06-18T04:55:00,alerting,SEV2,data_pipeline_failure,metric_degradation,True,55,130,f706ca71-e962-47d2-8e12-a9378c1f5fe0,False,False
INC-7b3c4aae,recsys_clickthrough,dev,2024-06-18T05:00:00,2024-06-18T07:05:00,alerting,SEV2,data_pipeline_failure,metric_degradation,True,125,4,70da31e7-6175-4f09-88ba-3ebde96e055b,False,False
INC-bb6bfd0c,recsys_clickthrough,dev,2024-06-18T06:00:00,2024-06-18T06:34:00,user_report,SEV2,infra_outage,latency_spike,True,34,6,70da31e7-6175-4f09-88ba-3ebde96e055b,True,False
INC-d3dab5fc,recsys_clickthrough,dev,2024-06-18T07:00:00,2024-06-18T09:14:00,alerting,SEV2,infra_outage,latency_spike,True,134,10,70da31e7-6175-4f09-88ba-3ebde96e055b,True,True
INC-15e39deb,recsys_clickthrough,dev,2024-06-18T08:00:00,2024-06-18T09:01:00,alerting,SEV3,external_dependency,latency_spike,True,61,12,70da31e7-6175-4f09-88ba-3ebde96e055b,False,True
INC-586f434d,fraud_detection,prod,2024-06-18T08:00:00,2024-06-18T11:03:00,alerting,SEV2,infra_outage,latency_spike,True,183,157,dcc490cb-cfde-4e67-96dd-174c30e8ee67,True,False
INC-75a6fc07,recsys_clickthrough,dev,2024-06-18T09:00:00,2024-06-18T09:50:00,alerting,SEV2,infra_outage,latency_spike,True,50,13,70da31e7-6175-4f09-88ba-3ebde96e055b,True,False
INC-85af8c0c,recsys_clickthrough,dev,2024-06-18T10:00:00,2024-06-18T12:51:00,user_report,SEV3,external_dependency,latency_spike,True,171,20,70da31e7-6175-4f09-88ba-3ebde96e055b,True,False
INC-43c80da6,recsys_clickthrough,dev,2024-06-18T11:00:00,2024-06-18T12:30:00,dashboard,SEV2,external_dependency,latency_spike,True,90,13,f3b20e88-a0b9-4084-9afe-1de31f0b27a4,False,False
INC-1c7e0943,fraud_detection,prod,2024-06-18T11:00:00,2024-06-18T12:10:00,dashboard,SEV1,external_dependency,latency_spike,True,70,163,dcc490cb-cfde-4e67-96dd-174c30e8ee67,True,False
INC-354227d4,recsys_clickthrough,dev,2024-06-18T12:00:00,2024-06-18T12:47:00,dashboard,SEV1,infra_outage,latency_spike,True,47,12,70da31e7-6175-4f09-88ba-3ebde96e055b,False,True
INC-8d321406,fraud_detection,staging,2024-06-14T18:00:00,2024-06-18T15:58:00,dashboard,SEV3,infra_outage,latency_spike,True,5638,3722,1f3bf608-a72a-47ff-8152-8944b74320d0,True,False
INC-84ce8537,recsys_clickthrough,dev,2024-06-18T13:00:00,2024-06-18T15:05:00,dashboard,SEV3,external_dependency,latency_spike,True,125,8,70da31e7-6175-4f09-88ba-3ebde96e055b,False,False
INC-2edd3bec,recsys_clickthrough,dev,2024-06-18T14:00:00,2024-06-18T15:00:00,user_report,SEV2,external_dependency,latency_spike,True,60,6,f3b20e88-a0b9-4084-9afe-1de31f0b27a4,True,False
INC-de217ec2,recsys_clickthrough,dev,2024-06-18T15:00:00,2024-06-18T16:07:00,dashboard,SEV3,infra_outage,latency_spike,True,67,7,70da31e7-6175-4f09-88ba-3ebde96e055b,True,True
INC-c5c4b098,recsys_clickthrough,staging,2024-06-18T06:00:00,2024-06-18T16:05:00,alerting,SEV2,infra_outage,latency_spike,True,605,328,b555aab6-747c-4a8a-973d-7f1fd3a476f7,False,False
INC-d77b5e4f,fraud_detection,staging,2024-06-18T14:00:00,2024-06-18T16:43:00,dashboard,SEV1,infra_outage,latency_spike,True,163,112,1f3bf608-a72a-47ff-8152-8944b74320d0,True,True
INC-450894cf,recsys_clickthrough,dev,2024-06-18T16:00:00,2024-06-18T16:23:00,dashboard,SEV2,infra_outage,latency_spike,True,23,3,f3b20e88-a0b9-4084-9afe-1de31f0b27a4,True,False
INC-93e4564b,recsys_clickthrough,staging,2024-06-18T16:00:00,2024-06-18T19:31:00,dashboard,SEV1,external_dependency,latency_spike,True,211,14,b555aab6-747c-4a8a-973d-7f1fd3a476f7,True,False
INC-7cff5d5a,recsys_clickthrough,dev,2024-06-18T16:00:00,2024-06-18T18:33:00,user_report,SEV1,data_drift,metric_degradation,True,153,14,70da31e7-6175-4f09-88ba-3ebde96e055b,False,False
INC-a05b4b63,fraud_detection,prod,2024-06-18T15:00:00,2024-06-18T16:47:00,alerting,SEV2,infra_outage,latency_spike,True,107,334,dcc490cb-cfde-4e67-96dd-174c30e8ee67,False,False
INC-993b0751,recsys_clickthrough,dev,2024-06-18T18:00:00,2024-06-18T21:45:00,dashboard,SEV1,infra_outage,latency_spike,True,225,26,70da31e7-6175-4f09-88ba-3ebde96e055b,True,True
INC-ebed4a01,fraud_detection,prod,2024-06-18T18:00:00,2024-06-18T19:12:00,alerting,SEV1,infra_outage,latency_spike,True,72,122,dcc490cb-cfde-4e67-96dd-174c30e8ee67,False,True
INC-b0c0124a,fraud_detection,staging,2024-06-18T18:00:00,2024-06-18T19:45:00,user_report,SEV2,infra_outage,latency_spike,True,105,167,1f3bf608-a72a-47ff-8152-8944b74320d0,True,False
INC-2c640efa,recsys_clickthrough,dev,2024-06-18T20:00:00,2024-06-18T22:21:00,alerting,SEV2,external_dependency,latency_spike,True,141,19,f3b20e88-a0b9-4084-9afe-1de31f0b27a4,True,False
INC-91982e16,recsys_clickthrough,dev,2024-06-18T21:00:00,2024-06-18T22:06:00,alerting,SEV2,external_dependency,latency_spike,True,66,15,70da31e7-6175-4f09-88ba-3ebde96e055b,False,True
INC-41351dd6,recsys_clickthrough,dev,2024-06-18T23:00:00,2024-06-19T02:15:00,user_report,SEV2,infra_outage,latency_spike,True,195,13,70da31e7-6175-4f09-88ba-3ebde96e055b,False,True
INC-c93ce983,recsys_clickthrough,staging,2024-06-18T18:00:00,2024-06-19T02:43:00,alerting,SEV3,external_dependency,latency_spike,True,523,203,b555aab6-747c-4a8a-973d-7f1fd3a476f7,True,False
INC-0fd8f590,rag_qa_service,prod,2024-06-18T05:00:00,2024-06-19T01:32:00,alerting,SEV2,data_pipeline_failure,metric_degradation,True,1232,10165,f706ca71-e962-47d2-8e12-a9378c1f5fe0,False,True
INC-dc67de16,recsys_clickthrough,dev,2024-06-19T00:00:00,2024-06-19T01:53:00,alerting,SEV3,data_pipeline_failure,metric_degradation,True,113,2,70da31e7-6175-4f09-88ba-3ebde96e055b,False,False
INC-635fe885,fraud_detection,staging,2024-06-18T20:00:00,2024-06-19T02:45:00,dashboard,SEV3,infra_outage,latency_spike,True,405,355,1f3bf608-a72a-47ff-8152-8944b74320d0,False,False
INC-4382eef7,fraud_detection,prod,2024-06-18T22:00:00,2024-06-18T23:54:00,alerting,SEV3,infra_outage,latency_spike,True,114,49,dcc490cb-cfde-4e67-96dd-174c30e8ee67,False,True
INC-1b248c57,rag_qa_service,prod,2024-06-19T01:00:00,2024-06-19T04:21:00,user_report,SEV2,infra_outage,latency_spike,True,201,189,f706ca71-e962-47d2-8e12-a9378c1f5fe0,False,False
INC-634bb579,recsys_clickthrough,dev,2024-06-19T02:00:00,2024-06-19T02:38:00,dashboard,SEV2,data_pipeline_failure,metric_degradation,True,38,3,70da31e7-6175-4f09-88ba-3ebde96e055b,True,False
INC-91b176b9,fraud_detection,staging,2024-06-19T03:00:00,2024-06-19T05:35:00,user_report,SEV2,data_drift,metric_degradation,True,155,12,1f3bf608-a72a-47ff-8152-8944b74320d0,True,False
INC-a73de2e3,recsys_clickthrough,dev,2024-06-19T04:00:00,2024-06-19T07:14:00,alerting,SEV3,data_drift,metric_degradation,True,194,4,70da31e7-6175-4f09-88ba-3ebde96e055b,True,False
INC-0c67c11b,fraud_detection,staging,2024-06-19T05:00:00,2024-06-19T08:27:00,user_report,SEV3,external_dependency,latency_spike,True,207,13,1f3bf608-a72a-47ff-8152-8944b74320d0,True,False
INC-00e8708b,recsys_clickthrough,dev,2024-06-19T05:00:00,2024-06-19T06:58:00,dashboard,SEV2,data_pipeline_failure,metric_degradation,True,118,7,70da31e7-6175-4f09-88ba-3ebde96e055b,True,False
INC-151a5556,fraud_detection,staging,2024-06-19T06:00:00,2024-06-19T06:45:00,user_report,SEV3,infra_outage,latency_spike,True,45,42,1f3bf608-a72a-47ff-8152-8944b74320d0,True,False
INC-1eb3331b,recsys_clickthrough,dev,2024-06-19T06:00:00,2024-06-19T08:38:00,user_report,SEV2,infra_outage,latency_spike,True,158,20,f3b20e88-a0b9-4084-9afe-1de31f0b27a4,False,False
INC-ef76a8d6,fraud_detection,staging,2024-06-19T07:00:00,2024-06-19T10:49:00,dashboard,SEV3,infra_outage,latency_spike,True,229,31,1f3bf608-a72a-47ff-8152-8944b74320d0,True,True
INC-5eea7563,fraud_detection,prod,2024-06-19T06:00:00,2024-06-19T09:49:00,alerting,SEV1,external_dependency,latency_spike,True,229,184,dcc490cb-cfde-4e67-96dd-174c30e8ee67,True,False
INC-c466f306,recsys_clickthrough,dev,2024-06-19T07:00:00,2024-06-19T07:18:00,dashboard,SEV3,infra_outage,latency_spike,True,18,8,70da31e7-6175-4f09-88ba-3ebde96e055b,True,False
INC-205f10e8,recsys_clickthrough,dev,2024-06-19T08:00:00,2024-06-19T11:13:00,alerting,SEV2,data_drift,metric_degradation,True,193,9,70da31e7-6175-4f09-88ba-3ebde96e055b,True,False
INC-f0c8d747,fraud_detection,staging,2024-06-19T08:00:00,2024-06-19T12:18:00,user_report,SEV1,external_dependency,latency_spike,True,258,164,39e7f8ee-57e2-478c-82b5-ef22eebcbbc6,True,True
INC-c3a96085,recsys_clickthrough,dev,2024-06-19T10:00:00,2024-06-19T12:15:00,user_report,SEV3,data_pipeline_failure,metric_degradation,True,135,6,70da31e7-6175-4f09-88ba-3ebde96e055b,False,False
INC-03f3a334,rag_qa_service,staging,2024-06-19T09:00:00,2024-06-19T11:21:00,user_report,SEV2,infra_outage,latency_spike,True,141,2,f31cc296-b47a-4c19-904f-2da3548dc3ba,False,False
INC-1bb0e442,recsys_clickthrough,dev,2024-06-19T10:00:00,2024-06-19T11:39:00,alerting,SEV3,infra_outage,latency_spike,True,99,6,f3b20e88-a0b9-4084-9afe-1de31f0b27a4,True,True
INC-044c2983,fraud_detection,staging,2024-06-19T11:00:00,2024-06-19T13:34:00,dashboard,SEV1,infra_outage,latency_spike,True,154,39,1f3bf608-a72a-47ff-8152-8944b74320d0,True,False
INC-36f14a05,recsys_clickthrough,dev,2024-06-19T11:00:00,2024-06-19T11:55:00,user_report,SEV2,external_dependency,latency_spike,True,55,18,2b527965-caba-4a82-8cdc-7509919b0664,False,False
INC-94c4ca99,recsys_clickthrough,dev,2024-06-19T12:00:00,2024-06-19T12:24:00,dashboard,SEV2,infra_outage,latency_spike,True,24,10,70da31e7-6175-4f09-88ba-3ebde96e055b,False,False
INC-5f840824,recsys_clickthrough,staging,2024-06-19T06:00:00,2024-06-19T15:09:00,alerting,SEV3,external_dependency,latency_spike,True,549,273,b555aab6-747c-4a8a-973d-7f1fd3a476f7,True,False
INC-57fcdcc2,fraud_detection,prod,2024-06-19T12:00:00,2024-06-19T15:59:00,dashboard,SEV3,external_dependency,latency_spike,True,239,53,dcc490cb-cfde-4e67-96dd-174c30e8ee67,True,True
INC-6c564982,fraud_detection,staging,2024-06-19T12:00:00,2024-06-19T14:06:00,dashboard,SEV1,external_dependency,latency_spike,True,126,126,39e7f8ee-57e2-478c-82b5-ef22eebcbbc6,True,False
INC-a87109d8,fraud_detection,staging,2024-06-19T14:00:00,2024-06-19T17:33:00,user_report,SEV1,external_dependency,latency_spike,True,213,109,39e7f8ee-57e2-478c-82b5-ef22eebcbbc6,True,False
INC-f343da47,recsys_clickthrough,staging,2024-06-19T14:00:00,2024-06-19T18:48:00,dashboard,SEV3,external_dependency,latency_spike,True,288,48,b555aab6-747c-4a8a-973d-7f1fd3a476f7,True,False
INC-f16f0fa9,recsys_clickthrough,dev,2024-06-19T16:00:00,2024-06-19T17:37:00,dashboard,SEV2,external_dependency,latency_spike,True,97,8,70da31e7-6175-4f09-88ba-3ebde96e055b,False,False
INC-d59e3dfc,recsys_clickthrough,dev,2024-06-19T18:00:00,2024-06-19T20:18:00,alerting,SEV3,external_dependency,latency_spike,True,138,21,f3b20e88-a0b9-4084-9afe-1de31f0b27a4,True,False
INC-80914cef,recsys_clickthrough,dev,2024-06-19T19:00:00,2024-06-19T22:46:00,dashboard,SEV1,external_dependency,latency_spike,True,226,54,70da31e7-6175-4f09-88ba-3ebde96e055b,False,True
INC-cdd0397c,rag_qa_service,staging,2024-06-19T21:00:00,2024-06-19T23:41:00,user_report,SEV3,infra_outage,latency_spike,True,161,8,f31cc296-b47a-4c19-904f-2da3548dc3ba,True,True
INC-f3a8cc18,recsys_clickthrough,dev,2024-06-19T22:00:00,2024-06-20T01:11:00,alerting,SEV3,infra_outage,latency_spike,True,191,39,f3b20e88-a0b9-4084-9afe-1de31f0b27a4,True,False
INC-3560fe41,fraud_detection,staging,2024-06-19T18:00:00,2024-06-19T23:07:00,user_report,SEV2,infra_outage,latency_spike,True,307,536,39e7f8ee-57e2-478c-82b5-ef22eebcbbc6,False,True
INC-a157967b,fraud_detection,prod,2024-06-19T20:00:00,2024-06-20T00:22:00,alerting,SEV3,external_dependency,latency_spike,True,262,188,dcc490cb-cfde-4e67-96dd-174c30e8ee67,False,False
INC-26add6d6,fraud_detection,staging,2024-06-19T23:00:00,2024-06-20T00:35:00,alerting,SEV2,infra_outage,latency_spike,True,95,13,39e7f8ee-57e2-478c-82b5-ef22eebcbbc6,False,False
INC-87fdf2d1,recsys_clickthrough,staging,2024-06-19T17:00:00,2024-06-20T00:16:00,dashboard,SEV1,infra_outage,latency_spike,True,436,302,b555aab6-747c-4a8a-973d-7f1fd3a476f7,True,True
INC-766e7ae9,rag_qa_service,prod,2024-06-19T02:00:00,2024-06-20T01:44:00,user_report,SEV3,external_dependency,latency_spike,True,1424,2529,13c50dc0-ad19-404d-af4f-0e24782c70cc,False,False
INC-df4e01b9,fraud_detection,staging,2024-06-20T00:00:00,2024-06-20T01:50:00,dashboard,SEV3,infra_outage,latency_spike,True,110,13,1f3bf608-a72a-47ff-8152-8944b74320d0,False,False
INC-9aee9cbe,energy_forecasting,dev,2024-05-15T06:00:00,2024-05-17T04:09:00,dashboard,SEV2,external_dependency,latency_spike,True,2769,32,ddae8a34-d4c8-45bf-b937-9a268e6fb7c3,True,True
INC-40bf244f,recsys_clickthrough,dev,2024-06-20T02:00:00,2024-06-20T02:49:00,user_report,SEV1,data_pipeline_failure,metric_degradation,True,49,2,70da31e7-6175-4f09-88ba-3ebde96e055b,False,False
INC-98eda2d9,fraud_detection,staging,2024-06-20T03:00:00,2024-06-20T03:18:00,alerting,SEV2,external_dependency,latency_spike,True,18,13,1f3bf608-a72a-47ff-8152-8944b74320d0,False,False
INC-2005df01,recsys_clickthrough,dev,2024-06-20T03:00:00,2024-06-20T04:18:00,dashboard,SEV1,data_drift,metric_degradation,True,78,6,70da31e7-6175-4f09-88ba-3ebde96e055b,True,False
INC-52bf6e05,recsys_clickthrough,dev,2024-06-20T06:00:00,2024-06-20T08:32:00,user_report,SEV2,external_dependency,latency_spike,True,152,5,f3b20e88-a0b9-4084-9afe-1de31f0b27a4,False,False
INC-3d4c7ce1,recsys_clickthrough,dev,2024-06-20T07:00:00,2024-06-20T07:15:00,user_report,SEV1,infra_outage,latency_spike,True,15,11,70da31e7-6175-4f09-88ba-3ebde96e055b,False,False
INC-081f5f41,energy_forecasting,dev,2024-06-20T07:00:00,2024-06-20T10:57:00,dashboard,SEV2,infra_outage,latency_spike,True,237,1,f55fca15-080b-4908-9cc0-5820dc8a321b,False,False
INC-f4544184,recsys_clickthrough,dev,2024-06-20T08:00:00,2024-06-20T12:32:00,dashboard,SEV2,external_dependency,latency_spike,True,272,24,70da31e7-6175-4f09-88ba-3ebde96e055b,True,False
INC-b0ad7601,fraud_detection,staging,2024-06-20T07:00:00,2024-06-20T10:49:00,dashboard,SEV2,infra_outage,latency_spike,True,229,194,b5904517-d8b5-4345-9457-8a5cb4e7284d,False,False
INC-f94050b3,recsys_clickthrough,dev,2024-06-20T10:00:00,2024-06-20T13:00:00,dashboard,SEV3,external_dependency,latency_spike,True,180,19,f3b20e88-a0b9-4084-9afe-1de31f0b27a4,True,True
INC-720214a5,rag_qa_service,staging,2024-06-20T10:00:00,2024-06-20T12:03:00,user_report,SEV2,infra_outage,latency_spike,True,123,11,f31cc296-b47a-4c19-904f-2da3548dc3ba,True,False
INC-6c775d45,recsys_clickthrough,dev,2024-06-20T11:00:00,2024-06-20T14:39:00,alerting,SEV1,external_dependency,latency_spike,True,219,26,70da31e7-6175-4f09-88ba-3ebde96e055b,True,False
INC-ab432d8a,recsys_clickthrough,dev,2024-06-20T13:00:00,2024-06-20T16:57:00,user_report,SEV3,infra_outage,latency_spike,True,237,7,70da31e7-6175-4f09-88ba-3ebde96e055b,True,True
INC-80fa7626,fraud_detection,staging,2024-06-20T09:00:00,2024-06-20T13:27:00,dashboard,SEV2,external_dependency,latency_spike,True,267,388,b5904517-d8b5-4345-9457-8a5cb4e7284d,True,False
INC-39bc0a3f,fraud_detection,prod,2024-06-20T10:00:00,2024-06-20T17:32:00,user_report,SEV1,infra_outage,latency_spike,True,452,2589,dcc490cb-cfde-4e67-96dd-174c30e8ee67,False,False
INC-c3629e63,recsys_clickthrough,dev,2024-06-20T15:00:00,2024-06-20T17:04:00,alerting,SEV1,infra_outage,latency_spike,True,124,9,70da31e7-6175-4f09-88ba-3ebde96e055b,True,False
INC-c4245aba,energy_forecasting,dev,2024-06-20T14:00:00,2024-06-20T17:19:00,user_report,SEV2,external_dependency,latency_spike,True,199,2,f55fca15-080b-4908-9cc0-5820dc8a321b,True,False
INC-23d86dde,fraud_detection,staging,2024-06-20T14:00:00,2024-06-20T18:28:00,alerting,SEV2,external_dependency,latency_spike,True,268,78,1f3bf608-a72a-47ff-8152-8944b74320d0,True,False
INC-91cab235,recsys_clickthrough,staging,2024-06-20T10:00:00,2024-06-20T17:39:00,alerting,SEV2,external_dependency,latency_spike,True,459,159,b555aab6-747c-4a8a-973d-7f1fd3a476f7,False,False
INC-a99383d7,recsys_clickthrough,dev,2024-06-20T16:00:00,2024-06-20T18:37:00,alerting,SEV2,infra_outage,latency_spike,True,157,23,f3b20e88-a0b9-4084-9afe-1de31f0b27a4,True,False
INC-b72a7668,fraud_detection,staging,2024-06-20T17:00:00,2024-06-20T19:24:00,alerting,SEV2,infra_outage,latency_spike,True,144,163,1f3bf608-a72a-47ff-8152-8944b74320d0,True,True
INC-e1a800be,fraud_detection,staging,2024-06-20T19:00:00,2024-06-20T22:27:00,dashboard,SEV3,infra_outage,latency_spike,True,207,90,1f3bf608-a72a-47ff-8152-8944b74320d0,True,True
INC-bcaa6822,fraud_detection,staging,2024-06-20T21:00:00,2024-06-20T22:26:00,dashboard,SEV3,infra_outage,latency_spike,True,86,5,b5904517-d8b5-4345-9457-8a5cb4e7284d,False,False
INC-67706fa9,energy_forecasting,dev,2024-06-20T20:00:00,2024-06-20T23:27:00,user_report,SEV3,external_dependency,latency_spike,True,207,2,f55fca15-080b-4908-9cc0-5820dc8a321b,True,False
INC-e0793c78,fraud_detection,staging,2024-06-20T21:00:00,2024-06-20T23:23:00,user_report,SEV2,external_dependency,latency_spike,True,143,146,1f3bf608-a72a-47ff-8152-8944b74320d0,True,False
INC-502a012a,fraud_detection,prod,2024-06-20T18:00:00,2024-06-21T02:07:00,alerting,SEV2,infra_outage,latency_spike,True,487,636,dcc490cb-cfde-4e67-96dd-174c30e8ee67,False,False
INC-f65af276,recsys_clickthrough,dev,2024-06-20T18:00:00,2024-06-21T01:39:00,user_report,SEV2,infra_outage,latency_spike,True,459,124,f3b20e88-a0b9-4084-9afe-1de31f0b27a4,True,False
INC-8d5a8dba,fraud_detection,staging,2024-06-20T23:00:00,2024-06-21T01:05:00,dashboard,SEV3,infra_outage,latency_spike,True,125,23,b5904517-d8b5-4345-9457-8a5cb4e7284d,True,True
INC-0646270f,recsys_clickthrough,staging,2024-06-20T16:00:00,2024-06-21T01:58:00,user_report,SEV1,infra_outage,latency_spike,True,598,268,b555aab6-747c-4a8a-973d-7f1fd3a476f7,True,False
INC-84b9a648,rag_qa_service,prod,2024-06-20T02:00:00,2024-06-21T02:58:00,dashboard,SEV2,external_dependency,latency_spike,True,1498,1046,13c50dc0-ad19-404d-af4f-0e24782c70cc,False,True
INC-376f22e3,recsys_clickthrough,dev,2024-06-21T01:00:00,2024-06-21T01:56:00,alerting,SEV1,data_drift,metric_degradation,True,56,4,70da31e7-6175-4f09-88ba-3ebde96e055b,False,True
INC-c6b8866e,fraud_detection,staging,2024-06-21T01:00:00,2024-06-21T03:00:00,user_report,SEV3,infra_outage,latency_spike,True,120,48,1f3bf608-a72a-47ff-8152-8944b74320d0,True,False
INC-cf397ae0,rag_qa_service,prod,2024-06-21T02:00:00,2024-06-21T02:21:00,alerting,SEV3,external_dependency,latency_spike,True,21,18,13c50dc0-ad19-404d-af4f-0e24782c70cc,True,False
INC-0803fac5,recsys_clickthrough,dev,2024-06-21T03:00:00,2024-06-21T05:43:00,dashboard,SEV1,data_drift,metric_degradation,True,163,5,70da31e7-6175-4f09-88ba-3ebde96e055b,True,False
INC-20ecf2cd,rag_qa_service,prod,2024-06-21T04:00:00,2024-06-21T07:26:00,dashboard,SEV3,infra_outage,latency_spike,True,206,28,13c50dc0-ad19-404d-af4f-0e24782c70cc,True,True
INC-f852f722,fraud_detection,staging,2024-06-21T04:00:00,2024-06-21T04:33:00,alerting,SEV2,infra_outage,latency_spike,True,33,21,b5904517-d8b5-4345-9457-8a5cb4e7284d,True,False
INC-af13e8d2,recsys_clickthrough,dev,2024-06-21T06:00:00,2024-06-21T10:52:00,alerting,SEV1,infra_outage,latency_spike,True,292,23,70da31e7-6175-4f09-88ba-3ebde96e055b,False,False
INC-6cca97c9,recsys_clickthrough,staging,2024-06-21T06:00:00,2024-06-21T09:46:00,dashboard,SEV2,external_dependency,latency_spike,True,226,88,b555aab6-747c-4a8a-973d-7f1fd3a476f7,False,True
INC-6a05156e,fraud_detection,staging,2024-06-21T05:00:00,2024-06-21T13:17:00,alerting,SEV2,external_dependency,latency_spike,True,497,462,1f3bf608-a72a-47ff-8152-8944b74320d0,True,False
INC-1dad94cc,energy_forecasting,dev,2024-06-21T09:00:00,2024-06-21T12:13:00,dashboard,SEV2,infra_outage,latency_spike,True,193,2,f55fca15-080b-4908-9cc0-5820dc8a321b,False,False
INC-352fcf8d,fraud_detection,staging,2024-06-21T11:00:00,2024-06-21T16:28:00,alerting,SEV3,infra_outage,latency_spike,True,328,260,1f3bf608-a72a-47ff-8152-8944b74320d0,False,True
INC-91322b54,fraud_detection,prod,2024-06-21T07:00:00,2024-06-21T17:10:00,alerting,SEV2,external_dependency,latency_spike,True,610,1191,dcc490cb-cfde-4e67-96dd-174c30e8ee67,True,True
INC-c1d8625d,fraud_detection,staging,2024-06-21T15:00:00,2024-06-21T17:24:00,alerting,SEV1,infra_outage,latency_spike,True,144,106,39e7f8ee-57e2-478c-82b5-ef22eebcbbc6,True,False
INC-f380a9aa,fraud_detection,prod,2024-06-21T16:00:00,2024-06-21T18:59:00,alerting,SEV1,infra_outage,latency_spike,True,179,42,dcc490cb-cfde-4e67-96dd-174c30e8ee67,False,True
INC-2ea607ed,recsys_clickthrough,dev,2024-06-21T08:00:00,2024-06-21T20:14:00,dashboard,SEV3,external_dependency,latency_spike,True,734,211,f3b20e88-a0b9-4084-9afe-1de31f0b27a4,False,True
INC-2eaacd5e,energy_forecasting,dev,2024-06-21T18:00:00,2024-06-21T18:17:00,user_report,SEV1,infra_outage,latency_spike,True,17,2,f55fca15-080b-4908-9cc0-5820dc8a321b,False,True
INC-181cd5c1,energy_forecasting,dev,2024-06-21T20:00:00,2024-06-21T21:55:00,user_report,SEV1,infra_outage,latency_spike,True,115,3,f55fca15-080b-4908-9cc0-5820dc8a321b,False,True
INC-93b36ca7,rag_qa_service,staging,2024-06-21T21:00:00,2024-06-21T22:04:00,user_report,SEV2,infra_outage,latency_spike,True,64,15,554bbb59-4a1d-44a1-bb39-dbc878437d51,False,False
INC-7fe5cc42,fraud_detection,staging,2024-06-21T17:00:00,2024-06-21T22:53:00,dashboard,SEV2,infra_outage,latency_spike,True,353,611,b5904517-d8b5-4345-9457-8a5cb4e7284d,True,False
INC-e40eefb2,energy_forecasting,dev,2024-06-21T22:00:00,2024-06-21T23:58:00,user_report,SEV1,external_dependency,latency_spike,True,118,2,f55fca15-080b-4908-9cc0-5820dc8a321b,False,False
INC-6b279c05,recsys_clickthrough,dev,2024-06-21T18:00:00,2024-06-21T23:17:00,alerting,SEV2,infra_outage,latency_spike,True,317,145,70da31e7-6175-4f09-88ba-3ebde96e055b,True,False
INC-4d1feb2d,fraud_detection,prod,2024-06-21T19:00:00,2024-06-21T23:26:00,alerting,SEV2,external_dependency,latency_spike,True,266,798,dcc490cb-cfde-4e67-96dd-174c30e8ee67,False,False
INC-6edf6264,fraud_detection,staging,2024-06-22T02:00:00,2024-06-22T02:37:00,dashboard,SEV3,external_dependency,latency_spike,True,37,15,1f3bf608-a72a-47ff-8152-8944b74320d0,False,False
INC-dc98804a,rag_qa_service,prod,2024-06-21T06:00:00,2024-06-22T01:35:00,alerting,SEV2,external_dependency,latency_spike,True,1175,1003,13c50dc0-ad19-404d-af4f-0e24782c70cc,False,False
INC-0a7d9111,fraud_detection,staging,2024-06-22T05:00:00,2024-06-22T08:53:00,dashboard,SEV3,infra_outage,latency_spike,True,233,15,1f3bf608-a72a-47ff-8152-8944b74320d0,False,False
INC-0f911bd5,fraud_detection,staging,2024-06-22T06:00:00,2024-06-22T09:31:00,dashboard,SEV2,infra_outage,latency_spike,True,211,3,b5904517-d8b5-4345-9457-8a5cb4e7284d,False,False
INC-0609d2de,rag_qa_service,staging,2024-06-22T11:00:00,2024-06-22T12:08:00,dashboard,SEV3,data_pipeline_failure,metric_degradation,True,68,11,f31cc296-b47a-4c19-904f-2da3548dc3ba,False,False
INC-b2ae1c62,energy_forecasting,dev,2024-06-22T10:00:00,2024-06-22T10:32:00,user_report,SEV3,infra_outage,latency_spike,True,32,3,f55fca15-080b-4908-9cc0-5820dc8a321b,False,False
INC-e9790c41,fraud_detection,staging,2024-06-22T06:00:00,2024-06-22T14:50:00,user_report,SEV2,infra_outage,latency_spike,True,530,512,1f3bf608-a72a-47ff-8152-8944b74320d0,False,False
INC-6c80d0f5,rag_qa_service,staging,2024-06-22T12:00:00,2024-06-22T12:18:00,user_report,SEV2,external_dependency,latency_spike,True,18,16,554bbb59-4a1d-44a1-bb39-dbc878437d51,False,False
INC-2a3f82e3,fraud_detection,staging,2024-06-22T12:00:00,2024-06-22T14:36:00,alerting,SEV1,external_dependency,latency_spike,True,156,96,b5904517-d8b5-4345-9457-8a5cb4e7284d,True,False
INC-5766030d,rag_qa_service,staging,2024-06-22T13:00:00,2024-06-22T16:46:00,user_report,SEV3,data_drift,metric_degradation,True,226,11,f31cc296-b47a-4c19-904f-2da3548dc3ba,False,True
INC-6d65047a,rag_qa_service,staging,2024-06-22T14:00:00,2024-06-22T16:31:00,alerting,SEV2,data_drift,metric_degradation,True,151,10,f31cc296-b47a-4c19-904f-2da3548dc3ba,True,True
INC-9a7f52f1,recsys_clickthrough,dev,2024-06-22T08:00:00,2024-06-22T17:06:00,user_report,SEV2,infra_outage,latency_spike,True,546,94,f3b20e88-a0b9-4084-9afe-1de31f0b27a4,False,True
INC-b55cad7f,fraud_detection,staging,2024-06-22T14:00:00,2024-06-22T18:14:00,dashboard,SEV1,infra_outage,latency_spike,True,254,57,1f3bf608-a72a-47ff-8152-8944b74320d0,False,False
INC-1609beb3,fraud_detection,prod,2024-06-22T06:00:00,2024-06-22T15:22:00,dashboard,SEV2,external_dependency,latency_spike,True,562,1179,dcc490cb-cfde-4e67-96dd-174c30e8ee67,False,False
INC-d2feee9c,rag_qa_service,staging,2024-06-22T15:00:00,2024-06-22T22:41:00,dashboard,SEV2,data_drift,metric_degradation,True,461,91,f31cc296-b47a-4c19-904f-2da3548dc3ba,True,False
INC-e4826c62,energy_forecasting,dev,2024-06-22T18:00:00,2024-06-22T22:36:00,alerting,SEV2,infra_outage,latency_spike,True,276,14,f55fca15-080b-4908-9cc0-5820dc8a321b,False,False
INC-014682be,fraud_detection,staging,2024-06-22T18:00:00,2024-06-23T01:32:00,dashboard,SEV3,infra_outage,latency_spike,True,452,229,39e7f8ee-57e2-478c-82b5-ef22eebcbbc6,False,False
INC-9ab1a92a,fraud_detection,prod,2024-06-22T18:00:00,2024-06-23T00:28:00,alerting,SEV3,external_dependency,latency_spike,True,388,1218,dcc490cb-cfde-4e67-96dd-174c30e8ee67,True,False
INC-de530263,recsys_clickthrough,dev,2024-06-22T19:00:00,2024-06-23T03:47:00,user_report,SEV1,infra_outage,latency_spike,True,527,72,f3b20e88-a0b9-4084-9afe-1de31f0b27a4,True,True
INC-27e7d1ba,fraud_detection,staging,2024-06-23T08:00:00,2024-06-23T09:00:00,dashboard,SEV2,infra_outage,latency_spike,True,60,25,39e7f8ee-57e2-478c-82b5-ef22eebcbbc6,True,False
INC-5bc55fc9,fraud_detection,staging,2024-06-23T10:00:00,2024-06-23T15:04:00,user_report,SEV3,external_dependency,latency_spike,True,304,112,39e7f8ee-57e2-478c-82b5-ef22eebcbbc6,True,False
INC-69b35309,fraud_detection,prod,2024-06-23T06:00:00,2024-06-23T13:14:00,user_report,SEV2,infra_outage,latency_spike,True,434,786,dcc490cb-cfde-4e67-96dd-174c30e8ee67,False,False
INC-80f18615,rag_qa_service,staging,2024-06-23T10:00:00,2024-06-23T15:31:00,dashboard,SEV2,external_dependency,latency_spike,True,331,19,554bbb59-4a1d-44a1-bb39-dbc878437d51,False,False
INC-80b40e5e,rag_qa_service,staging,2024-06-23T19:00:00,2024-06-23T22:14:00,user_report,SEV1,external_dependency,latency_spike,True,194,23,554bbb59-4a1d-44a1-bb39-dbc878437d51,False,True
INC-e6302437,fraud_detection,prod,2024-06-23T17:00:00,2024-06-23T22:24:00,user_report,SEV1,external_dependency,latency_spike,True,324,717,dcc490cb-cfde-4e67-96dd-174c30e8ee67,False,False
INC-7a663f05,fraud_detection,staging,2024-06-23T19:00:00,2024-06-24T02:49:00,alerting,SEV2,infra_outage,latency_spike,True,469,177,39e7f8ee-57e2-478c-82b5-ef22eebcbbc6,True,False
INC-514fb36c,fraud_detection,staging,2024-06-24T07:00:00,2024-06-24T07:32:00,alerting,SEV2,infra_outage,latency_spike,True,32,5,39e7f8ee-57e2-478c-82b5-ef22eebcbbc6,True,True
INC-af282514,energy_forecasting,dev,2024-06-23T05:00:00,2024-06-24T13:24:00,alerting,SEV1,data_pipeline_failure,metric_degradation,True,1944,74,f55fca15-080b-4908-9cc0-5820dc8a321b,True,True
INC-935f6261,fraud_detection,staging,2024-06-24T10:00:00,2024-06-24T13:14:00,user_report,SEV3,infra_outage,latency_spike,True,194,45,39e7f8ee-57e2-478c-82b5-ef22eebcbbc6,False,False
INC-2209fa80,fraud_detection,staging,2024-06-24T17:00:00,2024-06-24T21:59:00,dashboard,SEV1,infra_outage,latency_spike,True,299,60,39e7f8ee-57e2-478c-82b5-ef22eebcbbc6,True,False
INC-e72af20f,fraud_detection,staging,2024-06-24T20:00:00,2024-06-25T00:55:00,dashboard,SEV3,infra_outage,latency_spike,True,295,101,39e7f8ee-57e2-478c-82b5-ef22eebcbbc6,True,False
INC-a11134ac,rag_qa_service,staging,2024-06-24T07:00:00,2024-06-25T02:22:00,alerting,SEV2,external_dependency,latency_spike,True,1162,320,554bbb59-4a1d-44a1-bb39-dbc878437d51,True,False
INC-67882168,fraud_detection,staging,2024-06-25T08:00:00,2024-06-25T13:47:00,alerting,SEV1,infra_outage,latency_spike,True,347,124,39e7f8ee-57e2-478c-82b5-ef22eebcbbc6,True,True
INC-f9d90308,fraud_detection,staging,2024-06-25T11:00:00,2024-06-25T13:18:00,user_report,SEV2,infra_outage,latency_spike,True,138,43,8f5d37b3-91c3-4fab-a425-93d58cb5184e,True,True
INC-088b1bb6,fraud_detection,staging,2024-06-25T12:00:00,2024-06-25T14:28:00,dashboard,SEV1,infra_outage,latency_spike,True,148,45,8f5d37b3-91c3-4fab-a425-93d58cb5184e,True,False
INC-f6f925a2,fraud_detection,staging,2024-06-25T17:00:00,2024-06-25T18:54:00,alerting,SEV2,infra_outage,latency_spike,True,114,59,39e7f8ee-57e2-478c-82b5-ef22eebcbbc6,True,False
INC-11a27282,recsys_clickthrough,dev,2024-06-23T03:00:00,2024-06-25T09:50:00,dashboard,SEV2,data_pipeline_failure,metric_degradation,True,3290,566,f3b20e88-a0b9-4084-9afe-1de31f0b27a4,False,False
INC-53ee086d,fraud_detection,staging,2024-06-25T19:00:00,2024-06-25T22:22:00,user_report,SEV3,infra_outage,latency_spike,True,202,78,39e7f8ee-57e2-478c-82b5-ef22eebcbbc6,True,True
INC-7684a203,recsys_clickthrough,dev,2024-06-25T19:00:00,2024-06-25T20:23:00,dashboard,SEV1,infra_outage,latency_spike,True,83,5,f00473d3-32f1-46cd-b557-c9e9c6eb0f75,False,False
INC-1386a305,fraud_detection,staging,2024-06-25T21:00:00,2024-06-25T21:40:00,user_report,SEV2,infra_outage,latency_spike,True,40,57,39e7f8ee-57e2-478c-82b5-ef22eebcbbc6,True,False
INC-1803ee6f,recsys_clickthrough,dev,2024-06-25T21:00:00,2024-06-26T00:22:00,alerting,SEV3,external_dependency,latency_spike,True,202,3,f00473d3-32f1-46cd-b557-c9e9c6eb0f75,True,True
INC-74db1faa,rag_qa_service,staging,2024-06-25T06:00:00,2024-06-26T01:20:00,alerting,SEV2,infra_outage,latency_spike,True,1160,340,554bbb59-4a1d-44a1-bb39-dbc878437d51,True,False
INC-adc69698,rag_qa_service,staging,2024-06-26T02:00:00,2024-06-26T03:57:00,dashboard,SEV2,infra_outage,latency_spike,True,117,4,554bbb59-4a1d-44a1-bb39-dbc878437d51,False,False
INC-b130212d,fraud_detection,staging,2024-06-26T06:00:00,2024-06-26T06:48:00,user_report,SEV2,external_dependency,latency_spike,True,48,16,39e7f8ee-57e2-478c-82b5-ef22eebcbbc6,True,True
INC-bf51ecfe,fraud_detection,staging,2024-06-26T08:00:00,2024-06-26T12:34:00,alerting,SEV1,infra_outage,latency_spike,True,274,72,39e7f8ee-57e2-478c-82b5-ef22eebcbbc6,False,False
INC-32769299,recsys_clickthrough,dev,2024-06-26T10:00:00,2024-06-26T13:21:00,user_report,SEV2,infra_outage,latency_spike,True,201,3,f00473d3-32f1-46cd-b557-c9e9c6eb0f75,True,True
INC-344e7c86,fraud_detection,staging,2024-06-26T10:00:00,2024-06-26T11:20:00,alerting,SEV2,external_dependency,latency_spike,True,80,148,39e7f8ee-57e2-478c-82b5-ef22eebcbbc6,False,False
INC-2ce38a5b,fraud_detection,staging,2024-06-26T13:00:00,2024-06-26T13:49:00,user_report,SEV3,external_dependency,latency_spike,True,49,25,8f5d37b3-91c3-4fab-a425-93d58cb5184e,True,False
INC-f318892b,fraud_detection,staging,2024-06-26T15:00:00,2024-06-26T15:50:00,user_report,SEV1,external_dependency,latency_spike,True,50,32,39e7f8ee-57e2-478c-82b5-ef22eebcbbc6,False,True
INC-13398ac2,fraud_detection,staging,2024-06-26T16:00:00,2024-06-26T20:15:00,dashboard,SEV2,infra_outage,latency_spike,True,255,39,39e7f8ee-57e2-478c-82b5-ef22eebcbbc6,False,True
INC-2977ba87,recsys_clickthrough,prod,2024-05-25T16:00:00,2024-05-26T15:24:00,dashboard,SEV2,external_dependency,latency_spike,True,1404,1193,50fbce13-dcb6-4dfe-87c3-3fbafd4bd8f2,False,False
INC-80a0198e,fraud_detection,staging,2024-06-26T19:00:00,2024-06-27T00:52:00,alerting,SEV2,external_dependency,latency_spike,True,352,230,8f5d37b3-91c3-4fab-a425-93d58cb5184e,False,True
INC-17fec2ed,recsys_clickthrough,prod,2024-06-26T20:00:00,2024-06-27T00:36:00,user_report,SEV2,infra_outage,latency_spike,True,276,418,149f5c9d-a1e3-44ed-ac76-957060e3f4f0,False,False
INC-3e7fbbeb,recsys_clickthrough,dev,2024-06-26T18:00:00,2024-06-26T23:02:00,alerting,SEV1,config_error,error_spike,True,302,68,f00473d3-32f1-46cd-b557-c9e9c6eb0f75,False,False
INC-09e9274c,fraud_detection,staging,2024-06-26T23:00:00,2024-06-27T00:31:00,dashboard,SEV3,infra_outage,latency_spike,True,91,13,39e7f8ee-57e2-478c-82b5-ef22eebcbbc6,False,True
INC-25e046db,rag_qa_service,staging,2024-06-26T07:00:00,2024-06-27T04:32:00,user_report,SEV3,external_dependency,latency_spike,True,1292,222,554bbb59-4a1d-44a1-bb39-dbc878437d51,True,True
INC-b917dd27,fraud_detection,staging,2024-06-27T06:00:00,2024-06-27T07:08:00,dashboard,SEV2,external_dependency,latency_spike,True,68,31,8f5d37b3-91c3-4fab-a425-93d58cb5184e,False,True
INC-41e6411a,recsys_clickthrough,dev,2024-06-27T06:00:00,2024-06-27T08:00:00,dashboard,SEV2,external_dependency,latency_spike,True,120,6,f00473d3-32f1-46cd-b557-c9e9c6eb0f75,False,False
INC-05ff3139,fraud_detection,staging,2024-06-27T08:00:00,2024-06-27T11:34:00,user_report,SEV2,infra_outage,latency_spike,True,214,76,39e7f8ee-57e2-478c-82b5-ef22eebcbbc6,False,True
INC-9f3cb563,recsys_clickthrough,prod,2024-06-27T07:00:00,2024-06-27T12:27:00,alerting,SEV1,infra_outage,latency_spike,True,327,282,149f5c9d-a1e3-44ed-ac76-957060e3f4f0,False,False
INC-2d582e16,recsys_clickthrough,dev,2024-06-27T11:00:00,2024-06-27T12:53:00,alerting,SEV2,external_dependency,latency_spike,True,113,4,f00473d3-32f1-46cd-b557-c9e9c6eb0f75,True,False
INC-0544b498,recsys_clickthrough,prod,2024-06-27T13:00:00,2024-06-27T19:45:00,alerting,SEV2,infra_outage,latency_spike,True,405,353,149f5c9d-a1e3-44ed-ac76-957060e3f4f0,True,True
INC-8fe53f2f,recsys_clickthrough,dev,2024-06-27T16:00:00,2024-06-27T18:17:00,user_report,SEV1,infra_outage,latency_spike,True,137,4,f00473d3-32f1-46cd-b557-c9e9c6eb0f75,True,False
INC-3664364a,fraud_detection,staging,2024-06-27T18:00:00,2024-06-28T01:30:00,alerting,SEV1,infra_outage,latency_spike,True,450,1508,8f5d37b3-91c3-4fab-a425-93d58cb5184e,True,False
INC-54b3bd7c,recsys_clickthrough,dev,2024-06-27T18:00:00,2024-06-27T23:36:00,dashboard,SEV2,infra_outage,latency_spike,True,336,18,f00473d3-32f1-46cd-b557-c9e9c6eb0f75,False,False
INC-2389568a,recsys_clickthrough,prod,2024-06-27T18:00:00,2024-06-28T02:18:00,alerting,SEV2,infra_outage,latency_spike,True,498,382,149f5c9d-a1e3-44ed-ac76-957060e3f4f0,True,False
INC-1eb7517f,rag_qa_service,staging,2024-06-27T07:00:00,2024-06-28T02:44:00,alerting,SEV1,external_dependency,latency_spike,True,1184,228,554bbb59-4a1d-44a1-bb39-dbc878437d51,False,True
INC-2ad41d81,rag_qa_service,staging,2024-06-28T03:00:00,2024-06-28T06:36:00,dashboard,SEV2,infra_outage,latency_spike,True,216,11,554bbb59-4a1d-44a1-bb39-dbc878437d51,False,False
INC-cf7fbedb,recsys_clickthrough,prod,2024-06-28T06:00:00,2024-06-28T08:45:00,alerting,SEV1,external_dependency,latency_spike,True,165,41,149f5c9d-a1e3-44ed-ac76-957060e3f4f0,False,False
INC-0351e9fd,fraud_detection,staging,2024-06-28T08:00:00,2024-06-28T11:31:00,user_report,SEV2,infra_outage,latency_spike,True,211,89,8f5d37b3-91c3-4fab-a425-93d58cb5184e,False,False
INC-70603920,recsys_clickthrough,dev,2024-06-28T06:00:00,2024-06-28T11:38:00,dashboard,SEV1,infra_outage,latency_spike,True,338,19,f00473d3-32f1-46cd-b557-c9e9c6eb0f75,False,True
INC-47c48382,fraud_detection,staging,2024-06-28T10:00:00,2024-06-28T12:22:00,dashboard,SEV3,external_dependency,latency_spike,True,142,84,8f5d37b3-91c3-4fab-a425-93d58cb5184e,True,False
INC-8c37bc59,recsys_clickthrough,dev,2024-06-28T12:00:00,2024-06-28T14:41:00,alerting,SEV2,external_dependency,latency_spike,True,161,8,f00473d3-32f1-46cd-b557-c9e9c6eb0f75,True,True
INC-66df9f40,recsys_clickthrough,prod,2024-06-28T10:00:00,2024-06-28T13:17:00,user_report,SEV2,external_dependency,latency_spike,True,197,444,149f5c9d-a1e3-44ed-ac76-957060e3f4f0,True,False
INC-e5511c65,fraud_detection,staging,2024-06-28T12:00:00,2024-06-28T17:54:00,alerting,SEV2,external_dependency,latency_spike,True,354,180,39e7f8ee-57e2-478c-82b5-ef22eebcbbc6,True,False
INC-9114703c,fraud_detection,staging,2024-06-28T15:00:00,2024-06-28T16:04:00,alerting,SEV2,external_dependency,latency_spike,True,64,29,8f5d37b3-91c3-4fab-a425-93d58cb5184e,True,False
INC-2cd12529,fraud_detection,staging,2024-06-28T17:00:00,2024-06-28T17:46:00,dashboard,SEV2,infra_outage,latency_spike,True,46,2,8f5d37b3-91c3-4fab-a425-93d58cb5184e,False,False
INC-7d7ab188,fraud_detection,staging,2024-06-28T18:00:00,2024-06-29T01:17:00,dashboard,SEV2,infra_outage,latency_spike,True,437,396,8f5d37b3-91c3-4fab-a425-93d58cb5184e,False,False
INC-7b38b06b,recsys_clickthrough,dev,2024-06-28T18:00:00,2024-06-28T23:30:00,user_report,SEV2,infra_outage,latency_spike,True,330,21,f00473d3-32f1-46cd-b557-c9e9c6eb0f75,False,True
INC-5015416f,recsys_clickthrough,prod,2024-06-28T16:00:00,2024-06-28T23:24:00,user_report,SEV2,external_dependency,latency_spike,True,444,647,149f5c9d-a1e3-44ed-ac76-957060e3f4f0,True,False
INC-77abe05d,fraud_detection,staging,2024-06-28T23:00:00,2024-06-29T01:50:00,user_report,SEV2,infra_outage,latency_spike,True,170,23,8f5d37b3-91c3-4fab-a425-93d58cb5184e,False,True
INC-505f6f70,rag_qa_service,staging,2024-06-28T06:00:00,2024-06-29T02:02:00,user_report,SEV2,external_dependency,latency_spike,True,1202,255,554bbb59-4a1d-44a1-bb39-dbc878437d51,True,False
INC-3540f3c3,recsys_clickthrough,prod,2024-06-29T06:00:00,2024-06-29T08:46:00,user_report,SEV2,infra_outage,latency_spike,True,166,63,149f5c9d-a1e3-44ed-ac76-957060e3f4f0,True,False
INC-f8937e66,fraud_detection,staging,2024-06-29T07:00:00,2024-06-29T10:42:00,alerting,SEV2,external_dependency,latency_spike,True,222,31,8f5d37b3-91c3-4fab-a425-93d58cb5184e,True,False
INC-6e4ef953,recsys_clickthrough,prod,2024-06-29T10:00:00,2024-06-29T11:04:00,alerting,SEV3,external_dependency,latency_spike,True,64,219,149f5c9d-a1e3-44ed-ac76-957060e3f4f0,False,False
INC-1a42a33b,recsys_clickthrough,dev,2024-06-29T08:00:00,2024-06-29T13:27:00,user_report,SEV2,external_dependency,latency_spike,True,327,11,f00473d3-32f1-46cd-b557-c9e9c6eb0f75,True,False
INC-d2a69577,fraud_detection,staging,2024-06-29T08:00:00,2024-06-29T13:07:00,user_report,SEV3,infra_outage,latency_spike,True,307,342,8f5d37b3-91c3-4fab-a425-93d58cb5184e,True,False
INC-5e0a4b36,fraud_detection,staging,2024-06-29T13:00:00,2024-06-29T14:48:00,dashboard,SEV2,infra_outage,latency_spike,True,108,29,8f5d37b3-91c3-4fab-a425-93d58cb5184e,False,False
INC-19bdbcc9,recsys_clickthrough,dev,2024-06-29T13:00:00,2024-06-29T15:30:00,dashboard,SEV2,external_dependency,latency_spike,True,150,14,f00473d3-32f1-46cd-b557-c9e9c6eb0f75,True,True
INC-b993951a,recsys_clickthrough,prod,2024-06-29T14:00:00,2024-06-29T16:36:00,dashboard,SEV2,external_dependency,latency_spike,True,156,228,149f5c9d-a1e3-44ed-ac76-957060e3f4f0,True,False
INC-613d5748,recsys_clickthrough,prod,2024-06-29T18:00:00,2024-06-30T01:11:00,dashboard,SEV3,external_dependency,latency_spike,True,431,850,149f5c9d-a1e3-44ed-ac76-957060e3f4f0,True,False
INC-74e3c0fd,recsys_clickthrough,dev,2024-06-29T20:00:00,2024-06-30T01:04:00,user_report,SEV1,infra_outage,latency_spike,True,304,10,f00473d3-32f1-46cd-b557-c9e9c6eb0f75,False,False
INC-47ef6be5,fraud_detection,staging,2024-06-29T15:00:00,2024-06-30T00:26:00,dashboard,SEV3,data_drift,metric_degradation,True,566,738,39e7f8ee-57e2-478c-82b5-ef22eebcbbc6,False,False
INC-e53ed2ca,rag_qa_service,staging,2024-06-29T03:00:00,2024-06-30T02:00:00,alerting,SEV2,external_dependency,latency_spike,True,1380,241,554bbb59-4a1d-44a1-bb39-dbc878437d51,True,False
INC-947f3291,fraud_detection,staging,2024-06-30T03:00:00,2024-06-30T04:29:00,user_report,SEV3,data_drift,metric_degradation,True,89,46,39e7f8ee-57e2-478c-82b5-ef22eebcbbc6,False,True
INC-9b65b62c,recsys_clickthrough,dev,2024-06-30T07:00:00,2024-06-30T14:48:00,alerting,SEV1,external_dependency,latency_spike,True,468,23,f00473d3-32f1-46cd-b557-c9e9c6eb0f75,True,False
INC-b574bb3c,recsys_clickthrough,dev,2024-06-30T13:00:00,2024-06-30T15:53:00,user_report,SEV3,external_dependency,latency_spike,True,173,4,f00473d3-32f1-46cd-b557-c9e9c6eb0f75,False,False
INC-046f279c,fraud_detection,staging,2024-06-30T06:00:00,2024-06-30T17:39:00,user_report,SEV1,infra_outage,latency_spike,True,699,822,8f5d37b3-91c3-4fab-a425-93d58cb5184e,True,True
INC-cac772ae,fraud_detection,staging,2024-06-30T16:00:00,2024-06-30T16:47:00,user_report,SEV2,data_pipeline_failure,metric_degradation,True,47,32,39e7f8ee-57e2-478c-82b5-ef22eebcbbc6,True,False
INC-91d0ccf0,recsys_clickthrough,dev,2024-06-30T18:00:00,2024-06-30T21:29:00,user_report,SEV1,external_dependency,latency_spike,True,209,14,f00473d3-32f1-46cd-b557-c9e9c6eb0f75,False,False
INC-10057bd2,recsys_clickthrough,dev,2024-06-30T22:00:00,2024-07-01T00:00:00,user_report,SEV2,external_dependency,latency_spike,True,120,9,f00473d3-32f1-46cd-b557-c9e9c6eb0f75,True,False
INC-c35e8ceb,rag_qa_service,staging,2024-06-30T01:00:00,2024-06-30T23:35:00,dashboard,SEV3,infra_outage,latency_spike,True,1355,247,554bbb59-4a1d-44a1-bb39-dbc878437d51,False,False
INC-eb2b6378,fraud_detection,staging,2024-06-30T17:00:00,2024-07-01T03:53:00,alerting,SEV2,external_dependency,latency_spike,True,653,825,8f5d37b3-91c3-4fab-a425-93d58cb5184e,False,False
INC-83c98eaa,fraud_detection,prod,2024-06-24T06:00:00,2024-06-24T17:17:00,user_report,SEV3,external_dependency,latency_spike,True,677,1299,dcc490cb-cfde-4e67-96dd-174c30e8ee67,False,True
INC-53064288,rag_qa_service,staging,2024-07-01T03:00:00,2024-07-01T04:15:00,user_report,SEV1,infra_outage,latency_spike,True,75,4,554bbb59-4a1d-44a1-bb39-dbc878437d51,False,False
INC-aea29f2a,recsys_clickthrough,dev,2024-07-01T06:00:00,2024-07-01T06:34:00,alerting,SEV2,external_dependency,latency_spike,True,34,4,f00473d3-32f1-46cd-b557-c9e9c6eb0f75,False,False
INC-dfa8e8a9,fraud_detection,staging,2024-07-01T07:00:00,2024-07-01T09:23:00,user_report,SEV3,external_dependency,latency_spike,True,143,54,8f5d37b3-91c3-4fab-a425-93d58cb5184e,False,False
INC-891bdb41,fraud_detection,staging,2024-07-01T09:00:00,2024-07-01T10:49:00,dashboard,SEV2,external_dependency,latency_spike,True,109,55,8f5d37b3-91c3-4fab-a425-93d58cb5184e,True,True
INC-889688ae,fraud_detection,staging,2024-07-01T10:00:00,2024-07-01T12:34:00,user_report,SEV3,external_dependency,latency_spike,True,154,48,39e7f8ee-57e2-478c-82b5-ef22eebcbbc6,True,True
INC-d957de5b,recsys_clickthrough,dev,2024-07-01T09:00:00,2024-07-01T13:16:00,user_report,SEV1,external_dependency,latency_spike,True,256,16,f00473d3-32f1-46cd-b557-c9e9c6eb0f75,False,False
INC-750c97b5,fraud_detection,prod,2024-07-01T08:00:00,2024-07-01T13:33:00,dashboard,SEV2,infra_outage,latency_spike,True,333,1041,557b39d5-c21f-4975-a746-86ef7eb289ed,False,False
INC-1d012de8,rag_qa_service,staging,2024-07-01T07:00:00,2024-07-01T17:25:00,user_report,SEV2,infra_outage,latency_spike,True,625,128,554bbb59-4a1d-44a1-bb39-dbc878437d51,True,False
INC-562cbcac,recsys_clickthrough,dev,2024-07-01T19:00:00,2024-07-02T00:09:00,user_report,SEV2,infra_outage,latency_spike,True,309,15,f00473d3-32f1-46cd-b557-c9e9c6eb0f75,False,False
INC-9498b758,fraud_detection,prod,2024-07-01T19:00:00,2024-07-01T23:03:00,alerting,SEV3,infra_outage,latency_spike,True,243,710,557b39d5-c21f-4975-a746-86ef7eb289ed,True,True
INC-4c3b01e2,fraud_detection,staging,2024-07-01T14:00:00,2024-07-02T00:49:00,dashboard,SEV3,infra_outage,latency_spike,True,649,655,8f5d37b3-91c3-4fab-a425-93d58cb5184e,False,True
INC-c57b8425,rag_qa_service,staging,2024-07-01T17:00:00,2024-07-01T23:36:00,dashboard,SEV2,infra_outage,latency_spike,True,396,98,554bbb59-4a1d-44a1-bb39-dbc878437d51,True,True
INC-b64cab55,fraud_detection,dev,2024-07-01T23:00:00,2024-07-02T00:40:00,user_report,SEV2,infra_outage,latency_spike,True,100,12,ca2f74ef-4477-449d-bbe9-0cebc19ad3f3,True,False
INC-d1829993,rag_qa_service,staging,2024-07-02T01:00:00,2024-07-02T04:29:00,dashboard,SEV1,infra_outage,latency_spike,True,209,18,554bbb59-4a1d-44a1-bb39-dbc878437d51,True,True
INC-5f059d29,recsys_clickthrough,dev,2024-07-02T07:00:00,2024-07-02T08:49:00,user_report,SEV1,external_dependency,latency_spike,True,109,9,f00473d3-32f1-46cd-b557-c9e9c6eb0f75,True,False
INC-816185ca,fraud_detection,prod,2024-07-02T07:00:00,2024-07-02T14:04:00,user_report,SEV2,external_dependency,latency_spike,True,424,628,557b39d5-c21f-4975-a746-86ef7eb289ed,True,False
INC-8f7fc953,recsys_clickthrough,dev,2024-07-02T10:00:00,2024-07-02T14:56:00,dashboard,SEV3,infra_outage,latency_spike,True,296,12,f00473d3-32f1-46cd-b557-c9e9c6eb0f75,False,True
INC-da1fb111,recsys_clickthrough,dev,2024-07-02T14:00:00,2024-07-02T15:26:00,alerting,SEV2,external_dependency,latency_spike,True,86,2,f00473d3-32f1-46cd-b557-c9e9c6eb0f75,False,True
INC-e4cde8c1,fraud_detection,prod,2024-07-02T15:00:00,2024-07-02T16:41:00,user_report,SEV2,infra_outage,latency_spike,True,101,133,557b39d5-c21f-4975-a746-86ef7eb289ed,False,False
INC-47fe5794,recsys_clickthrough,dev,2024-07-02T18:00:00,2024-07-02T21:22:00,dashboard,SEV1,external_dependency,latency_spike,True,202,13,f00473d3-32f1-46cd-b557-c9e9c6eb0f75,True,False
INC-8e4e44af,fraud_detection,dev,2024-07-02T22:00:00,2024-07-02T23:08:00,alerting,SEV2,external_dependency,latency_spike,True,68,5,ca2f74ef-4477-449d-bbe9-0cebc19ad3f3,False,False
INC-825ec217,fraud_detection,prod,2024-07-02T18:00:00,2024-07-03T01:53:00,user_report,SEV2,infra_outage,latency_spike,True,473,1083,557b39d5-c21f-4975-a746-86ef7eb289ed,True,False
INC-8f85dece,rag_qa_service,staging,2024-07-02T07:00:00,2024-07-03T00:32:00,dashboard,SEV2,external_dependency,latency_spike,True,1052,252,554bbb59-4a1d-44a1-bb39-dbc878437d51,True,True
INC-214036e9,fraud_detection,staging,2024-07-02T07:00:00,2024-07-03T01:35:00,user_report,SEV2,external_dependency,latency_spike,True,1115,1525,8f5d37b3-91c3-4fab-a425-93d58cb5184e,False,True
INC-c19df7ac,rag_qa_service,staging,2024-07-03T01:00:00,2024-07-03T07:53:00,alerting,SEV1,external_dependency,latency_spike,True,413,27,554bbb59-4a1d-44a1-bb39-dbc878437d51,True,False
INC-236b0954,recsys_clickthrough,dev,2024-07-03T08:00:00,2024-07-03T11:49:00,dashboard,SEV3,infra_outage,latency_spike,True,229,19,f00473d3-32f1-46cd-b557-c9e9c6eb0f75,True,True
INC-04a7c1ca,fraud_detection,prod,2024-07-03T09:00:00,2024-07-03T11:18:00,user_report,SEV2,external_dependency,latency_spike,True,138,319,557b39d5-c21f-4975-a746-86ef7eb289ed,True,False
INC-966c461d,fraud_detection,dev,2024-07-03T11:00:00,2024-07-03T13:53:00,user_report,SEV1,infra_outage,latency_spike,True,173,10,ca2f74ef-4477-449d-bbe9-0cebc19ad3f3,True,True
INC-65622a32,recsys_clickthrough,dev,2024-07-03T13:00:00,2024-07-03T15:32:00,user_report,SEV2,infra_outage,latency_spike,True,152,6,f00473d3-32f1-46cd-b557-c9e9c6eb0f75,False,False
INC-11b8f67b,fraud_detection,dev,2024-07-03T20:00:00,2024-07-03T21:21:00,user_report,SEV2,external_dependency,latency_spike,True,81,15,ca2f74ef-4477-449d-bbe9-0cebc19ad3f3,False,False
INC-ef6cb035,recsys_clickthrough,dev,2024-07-03T18:00:00,2024-07-03T22:32:00,alerting,SEV2,infra_outage,latency_spike,True,272,21,f00473d3-32f1-46cd-b557-c9e9c6eb0f75,False,False
INC-c31c20ea,fraud_detection,prod,2024-07-03T16:00:00,2024-07-04T01:51:00,user_report,SEV3,external_dependency,latency_spike,True,591,1116,557b39d5-c21f-4975-a746-86ef7eb289ed,True,True
INC-1b78c102,fraud_detection,staging,2024-07-03T07:00:00,2024-07-03T23:59:00,dashboard,SEV2,external_dependency,latency_spike,True,1019,891,8f5d37b3-91c3-4fab-a425-93d58cb5184e,True,False
INC-e525a56e,rag_qa_service,staging,2024-07-03T07:00:00,2024-07-04T00:30:00,alerting,SEV3,external_dependency,latency_spike,True,1050,238,554bbb59-4a1d-44a1-bb39-dbc878437d51,False,False
INC-adc57d31,recsys_clickthrough,dev,2024-07-04T06:00:00,2024-07-04T11:49:00,alerting,SEV2,infra_outage,latency_spike,True,349,18,f00473d3-32f1-46cd-b557-c9e9c6eb0f75,False,False
INC-6d3a8872,fraud_detection,dev,2024-07-04T12:00:00,2024-07-04T12:51:00,dashboard,SEV2,external_dependency,latency_spike,True,51,9,ca2f74ef-4477-449d-bbe9-0cebc19ad3f3,True,True
INC-109433a0,recsys_clickthrough,dev,2024-07-04T11:00:00,2024-07-04T13:41:00,dashboard,SEV2,infra_outage,latency_spike,True,161,7,f00473d3-32f1-46cd-b557-c9e9c6eb0f75,False,True
INC-5dfcaa97,fraud_detection,dev,2024-07-04T15:00:00,2024-07-04T18:05:00,user_report,SEV2,external_dependency,latency_spike,True,185,6,ca2f74ef-4477-449d-bbe9-0cebc19ad3f3,False,False
INC-d0720548,fraud_detection,dev,2024-07-04T19:00:00,2024-07-05T00:05:00,dashboard,SEV2,infra_outage,latency_spike,True,305,53,ca2f74ef-4477-449d-bbe9-0cebc19ad3f3,True,False
INC-d88821d9,fraud_detection,staging,2024-07-04T06:00:00,2024-07-04T23:32:00,dashboard,SEV2,external_dependency,latency_spike,True,1052,878,8f5d37b3-91c3-4fab-a425-93d58cb5184e,True,False
INC-00a59a8c,fraud_detection,prod,2024-07-04T07:00:00,2024-07-05T02:48:00,dashboard,SEV3,infra_outage,latency_spike,True,1188,8392,557b39d5-c21f-4975-a746-86ef7eb289ed,False,False
INC-5ea7644d,fraud_detection,dev,2024-07-05T01:00:00,2024-07-05T01:46:00,dashboard,SEV3,infra_outage,latency_spike,True,46,7,ca2f74ef-4477-449d-bbe9-0cebc19ad3f3,False,True
INC-790ccf19,fraud_detection,staging,2024-07-05T01:00:00,2024-07-05T04:33:00,dashboard,SEV2,infra_outage,latency_spike,True,213,48,8f5d37b3-91c3-4fab-a425-93d58cb5184e,True,False
INC-4d70681e,fraud_detection,dev,2024-07-05T06:00:00,2024-07-05T12:49:00,dashboard,SEV3,infra_outage,latency_spike,True,409,81,ca2f74ef-4477-449d-bbe9-0cebc19ad3f3,False,False
INC-c4220226,fraud_detection,dev,2024-07-05T13:00:00,2024-07-05T15:32:00,dashboard,SEV1,external_dependency,latency_spike,True,152,11,ca2f74ef-4477-449d-bbe9-0cebc19ad3f3,True,False
INC-cae2ef5e,fraud_detection,dev,2024-07-05T14:00:00,2024-07-05T15:31:00,alerting,SEV2,infra_outage,latency_spike,True,91,14,ca2f74ef-4477-449d-bbe9-0cebc19ad3f3,False,False
INC-6db705dd,fraud_detection,dev,2024-07-05T16:00:00,2024-07-05T18:30:00,alerting,SEV3,infra_outage,latency_spike,True,150,15,ca2f74ef-4477-449d-bbe9-0cebc19ad3f3,False,True
INC-6807c653,fraud_detection,prod,2024-07-05T07:00:00,2024-07-05T16:41:00,alerting,SEV3,external_dependency,latency_spike,True,581,1908,557b39d5-c21f-4975-a746-86ef7eb289ed,False,True
INC-129aacc1,fraud_detection,dev,2024-07-05T18:00:00,2024-07-06T00:01:00,dashboard,SEV2,external_dependency,latency_spike,True,361,61,7d1c3446-2ace-4f35-b210-29e777cebfc6,True,False
INC-7a5f5143,fraud_detection,dev,2024-07-05T22:00:00,2024-07-06T01:22:00,user_report,SEV2,external_dependency,latency_spike,True,202,10,ca2f74ef-4477-449d-bbe9-0cebc19ad3f3,False,False
INC-f9970a81,fraud_detection,prod,2024-07-05T18:00:00,2024-07-05T23:45:00,dashboard,SEV2,infra_outage,latency_spike,True,345,1938,557b39d5-c21f-4975-a746-86ef7eb289ed,True,False
INC-8fb02a17,fraud_detection,staging,2024-07-05T07:00:00,2024-07-06T02:19:00,user_report,SEV3,infra_outage,latency_spike,True,1159,1056,8f5d37b3-91c3-4fab-a425-93d58cb5184e,False,True
INC-c78b2bf1,fraud_detection,dev,2024-07-05T23:00:00,2024-07-06T01:20:00,alerting,SEV2,external_dependency,latency_spike,True,140,8,ca2f74ef-4477-449d-bbe9-0cebc19ad3f3,False,True
INC-6fe6ded9,fraud_detection,dev,2024-07-06T06:00:00,2024-07-06T08:09:00,dashboard,SEV2,external_dependency,latency_spike,True,129,12,ca2f74ef-4477-449d-bbe9-0cebc19ad3f3,False,False
INC-0d57d552,fraud_detection,dev,2024-07-06T07:00:00,2024-07-06T08:36:00,alerting,SEV2,external_dependency,latency_spike,True,96,28,ca2f74ef-4477-449d-bbe9-0cebc19ad3f3,False,True
INC-ec5e1e00,fraud_detection,dev,2024-07-06T09:00:00,2024-07-06T12:56:00,user_report,SEV2,external_dependency,latency_spike,True,236,32,ca2f74ef-4477-449d-bbe9-0cebc19ad3f3,True,False
INC-e6daee0b,fraud_detection,dev,2024-07-06T10:00:00,2024-07-06T13:32:00,alerting,SEV1,infra_outage,latency_spike,True,212,12,ca2f74ef-4477-449d-bbe9-0cebc19ad3f3,True,False
INC-0b80d210,fraud_detection,dev,2024-07-06T11:00:00,2024-07-06T13:07:00,user_report,SEV3,external_dependency,latency_spike,True,127,16,ca2f74ef-4477-449d-bbe9-0cebc19ad3f3,True,False
INC-a1aaa9d2,fraud_detection,dev,2024-07-06T13:00:00,2024-07-06T15:39:00,dashboard,SEV3,infra_outage,latency_spike,True,159,12,ca2f74ef-4477-449d-bbe9-0cebc19ad3f3,True,True
INC-61416f1a,fraud_detection,dev,2024-07-06T14:00:00,2024-07-06T15:21:00,alerting,SEV3,infra_outage,latency_spike,True,81,9,ca2f74ef-4477-449d-bbe9-0cebc19ad3f3,False,False
INC-6db9d8cf,fraud_detection,dev,2024-07-06T15:00:00,2024-07-06T16:44:00,dashboard,SEV3,infra_outage,latency_spike,True,104,13,ca2f74ef-4477-449d-bbe9-0cebc19ad3f3,False,True
INC-8ed7e4bd,fraud_detection,dev,2024-07-06T16:00:00,2024-07-06T17:34:00,user_report,SEV1,infra_outage,latency_spike,True,94,12,ca2f74ef-4477-449d-bbe9-0cebc19ad3f3,True,False
INC-c069a6db,fraud_detection,dev,2024-07-06T18:00:00,2024-07-07T02:31:00,dashboard,SEV1,infra_outage,latency_spike,True,511,134,ca2f74ef-4477-449d-bbe9-0cebc19ad3f3,True,False
INC-92f3b4a5,fraud_detection,staging,2024-07-06T05:00:00,2024-07-07T02:19:00,user_report,SEV2,infra_outage,latency_spike,True,1279,1147,8f5d37b3-91c3-4fab-a425-93d58cb5184e,False,False
INC-1e5ff649,fraud_detection,prod,2024-07-06T07:00:00,2024-07-07T02:19:00,dashboard,SEV3,infra_outage,latency_spike,True,1159,4865,557b39d5-c21f-4975-a746-86ef7eb289ed,True,True
INC-88c14058,fraud_detection,dev,2024-07-07T01:00:00,2024-07-07T03:52:00,dashboard,SEV1,data_drift,metric_degradation,True,172,7,ca2f74ef-4477-449d-bbe9-0cebc19ad3f3,True,True
INC-516f4074,fraud_detection,prod,2024-07-07T02:00:00,2024-07-07T03:33:00,dashboard,SEV2,infra_outage,latency_spike,True,93,166,557b39d5-c21f-4975-a746-86ef7eb289ed,False,False
INC-024fb682,fraud_detection,dev,2024-07-07T02:00:00,2024-07-07T04:27:00,dashboard,SEV2,data_pipeline_failure,metric_degradation,True,147,6,ca2f74ef-4477-449d-bbe9-0cebc19ad3f3,True,False
INC-9d37f12b,fraud_detection,dev,2024-07-07T03:00:00,2024-07-07T05:39:00,alerting,SEV1,data_drift,metric_degradation,True,159,4,ca2f74ef-4477-449d-bbe9-0cebc19ad3f3,True,False
INC-7d36958b,fraud_detection,prod,2024-07-07T04:00:00,2024-07-07T04:42:00,dashboard,SEV3,external_dependency,latency_spike,True,42,176,557b39d5-c21f-4975-a746-86ef7eb289ed,True,False
INC-d6569f91,energy_forecasting,prod,2024-06-09T07:00:00,2024-06-10T18:13:00,alerting,SEV1,data_drift,metric_degradation,True,2113,10335,19015cbd-9fce-4b6c-a5f6-30af961b978c,True,False
INC-f7113ddf,fraud_detection,dev,2024-07-07T07:00:00,2024-07-07T09:02:00,alerting,SEV1,external_dependency,latency_spike,True,122,10,ca2f74ef-4477-449d-bbe9-0cebc19ad3f3,True,False
INC-7b6ea560,fraud_detection,dev,2024-07-07T08:00:00,2024-07-07T09:35:00,alerting,SEV2,infra_outage,latency_spike,True,95,41,ca2f74ef-4477-449d-bbe9-0cebc19ad3f3,False,False
INC-f1d13ba8,fraud_detection,dev,2024-07-07T10:00:00,2024-07-07T14:59:00,dashboard,SEV3,infra_outage,latency_spike,True,299,68,ca2f74ef-4477-449d-bbe9-0cebc19ad3f3,True,True
INC-42a639af,fraud_detection,dev,2024-07-07T15:00:00,2024-07-07T17:41:00,user_report,SEV3,infra_outage,latency_spike,True,161,10,ca2f74ef-4477-449d-bbe9-0cebc19ad3f3,False,False
INC-de40e13d,fraud_detection,dev,2024-07-07T18:00:00,2024-07-07T23:03:00,alerting,SEV1,external_dependency,latency_spike,True,303,75,ca2f74ef-4477-449d-bbe9-0cebc19ad3f3,True,True
INC-638a397a,energy_forecasting,prod,2024-07-07T21:00:00,2024-07-08T00:15:00,alerting,SEV2,external_dependency,latency_spike,True,195,344,cccd5a6d-0a81-4b36-8c6a-ea552acac050,False,False
INC-50eeb933,fraud_detection,dev,2024-07-07T23:00:00,2024-07-08T00:18:00,alerting,SEV2,infra_outage,latency_spike,True,78,10,ca2f74ef-4477-449d-bbe9-0cebc19ad3f3,False,False
INC-19c93418,fraud_detection,dev,2024-07-08T00:00:00,2024-07-08T01:52:00,user_report,SEV2,infra_outage,latency_spike,True,112,4,ca2f74ef-4477-449d-bbe9-0cebc19ad3f3,True,True
INC-bfb60ff9,fraud_detection,prod,2024-07-07T09:00:00,2024-07-08T02:51:00,alerting,SEV3,external_dependency,latency_spike,True,1071,4750,557b39d5-c21f-4975-a746-86ef7eb289ed,False,False
INC-5b971ed7,fraud_detection,dev,2024-07-08T01:00:00,2024-07-08T05:20:00,dashboard,SEV3,data_pipeline_failure,metric_degradation,True,260,9,ca2f74ef-4477-449d-bbe9-0cebc19ad3f3,True,True
INC-fd185e6c,fraud_detection,dev,2024-07-08T03:00:00,2024-07-08T04:42:00,user_report,SEV2,infra_outage,latency_spike,True,102,10,ca2f74ef-4477-449d-bbe9-0cebc19ad3f3,True,True
INC-20589ca5,fraud_detection,dev,2024-07-08T06:00:00,2024-07-08T08:26:00,dashboard,SEV2,external_dependency,latency_spike,True,146,14,ca2f74ef-4477-449d-bbe9-0cebc19ad3f3,False,True
INC-f58463cb,fraud_detection,dev,2024-07-08T08:00:00,2024-07-08T08:22:00,user_report,SEV1,external_dependency,latency_spike,True,22,16,ca2f74ef-4477-449d-bbe9-0cebc19ad3f3,False,False
INC-bda88933,fraud_detection,dev,2024-07-08T11:00:00,2024-07-08T13:11:00,dashboard,SEV3,external_dependency,latency_spike,True,131,13,ca2f74ef-4477-449d-bbe9-0cebc19ad3f3,True,False
INC-18776fd9,fraud_detection,dev,2024-07-08T12:00:00,2024-07-08T14:24:00,user_report,SEV1,external_dependency,latency_spike,True,144,16,ca2f74ef-4477-449d-bbe9-0cebc19ad3f3,False,True
INC-f04f8ac8,fraud_detection,dev,2024-07-08T14:00:00,2024-07-08T15:58:00,alerting,SEV2,external_dependency,latency_spike,True,118,11,ca2f74ef-4477-449d-bbe9-0cebc19ad3f3,True,True
INC-af3afa2c,fraud_detection,dev,2024-07-08T15:00:00,2024-07-08T17:07:00,user_report,SEV2,infra_outage,latency_spike,True,127,15,ca2f74ef-4477-449d-bbe9-0cebc19ad3f3,False,False
INC-1cc561f6,fraud_detection,dev,2024-07-08T18:00:00,2024-07-09T00:52:00,user_report,SEV2,external_dependency,latency_spike,True,412,152,7d1c3446-2ace-4f35-b210-29e777cebfc6,True,False
INC-5714db19,energy_forecasting,prod,2024-07-08T19:00:00,2024-07-09T00:02:00,user_report,SEV2,config_error,error_spike,True,302,2928,cccd5a6d-0a81-4b36-8c6a-ea552acac050,False,False
INC-137717ad,fraud_detection,dev,2024-07-09T00:00:00,2024-07-09T03:30:00,user_report,SEV2,data_pipeline_failure,metric_degradation,True,210,0,ca2f74ef-4477-449d-bbe9-0cebc19ad3f3,False,False
INC-b396ee6f,fraud_detection,prod,2024-07-08T07:00:00,2024-07-09T02:30:00,user_report,SEV3,infra_outage,latency_spike,True,1170,5010,557b39d5-c21f-4975-a746-86ef7eb289ed,False,False
INC-36eb4ee1,fraud_detection,dev,2024-07-09T02:00:00,2024-07-09T03:30:00,user_report,SEV2,infra_outage,latency_spike,True,90,3,ca2f74ef-4477-449d-bbe9-0cebc19ad3f3,False,True
INC-e01567bc,fraud_detection,dev,2024-07-09T05:00:00,2024-07-09T10:56:00,dashboard,SEV2,external_dependency,latency_spike,True,356,47,ca2f74ef-4477-449d-bbe9-0cebc19ad3f3,True,False
INC-04a33452,fraud_detection,dev,2024-07-09T08:00:00,2024-07-09T10:25:00,dashboard,SEV3,external_dependency,latency_spike,True,145,78,ca2f74ef-4477-449d-bbe9-0cebc19ad3f3,True,True
INC-eda0fa0d,fraud_detection,dev,2024-07-09T13:00:00,2024-07-09T16:53:00,dashboard,SEV3,infra_outage,latency_spike,True,233,16,ca2f74ef-4477-449d-bbe9-0cebc19ad3f3,True,False
INC-99d3832d,fraud_detection,dev,2024-07-09T15:00:00,2024-07-09T17:15:00,user_report,SEV1,external_dependency,latency_spike,True,135,17,ca2f74ef-4477-449d-bbe9-0cebc19ad3f3,True,False
INC-67adead3,fraud_detection,dev,2024-07-09T16:00:00,2024-07-09T20:26:00,user_report,SEV2,infra_outage,latency_spike,True,266,23,ca2f74ef-4477-449d-bbe9-0cebc19ad3f3,True,False
INC-2ce191a2,fraud_detection,dev,2024-07-09T18:00:00,2024-07-09T23:01:00,alerting,SEV2,infra_outage,latency_spike,True,301,95,ca2f74ef-4477-449d-bbe9-0cebc19ad3f3,False,False
INC-801c9f2d,fraud_detection,dev,2024-07-09T23:00:00,2024-07-10T00:39:00,alerting,SEV2,infra_outage,latency_spike,True,99,14,ca2f74ef-4477-449d-bbe9-0cebc19ad3f3,True,True
INC-4206c380,energy_forecasting,prod,2024-07-09T06:00:00,2024-07-09T23:43:00,user_report,SEV2,infra_outage,latency_spike,True,1063,2686,cccd5a6d-0a81-4b36-8c6a-ea552acac050,False,False
INC-c6d3629d,fraud_detection,dev,2024-07-10T00:00:00,2024-07-10T01:08:00,dashboard,SEV3,data_pipeline_failure,metric_degradation,True,68,3,ca2f74ef-4477-449d-bbe9-0cebc19ad3f3,True,False
INC-c5c65e33,fraud_detection,dev,2024-07-10T02:00:00,2024-07-10T06:35:00,dashboard,SEV3,infra_outage,latency_spike,True,275,16,ca2f74ef-4477-449d-bbe9-0cebc19ad3f3,True,True
INC-eaaf38bc,fraud_detection,dev,2024-07-10T05:00:00,2024-07-10T05:34:00,user_report,SEV2,external_dependency,latency_spike,True,34,6,ca2f74ef-4477-449d-bbe9-0cebc19ad3f3,True,False
INC-998c12a0,fraud_detection,dev,2024-07-10T06:00:00,2024-07-10T06:45:00,dashboard,SEV3,infra_outage,latency_spike,True,45,15,ca2f74ef-4477-449d-bbe9-0cebc19ad3f3,False,False
INC-c8061c06,fraud_detection,dev,2024-07-10T10:00:00,2024-07-10T14:13:00,dashboard,SEV2,infra_outage,latency_spike,True,253,44,ca2f74ef-4477-449d-bbe9-0cebc19ad3f3,True,False
INC-007fcd4c,energy_forecasting,dev,2024-06-24T13:00:00,2024-06-24T16:09:00,dashboard,SEV3,data_drift,metric_degradation,True,189,5,f55fca15-080b-4908-9cc0-5820dc8a321b,False,False
INC-a44f2a35,energy_forecasting,dev,2024-07-10T19:00:00,2024-07-11T00:38:00,alerting,SEV2,infra_outage,latency_spike,True,338,10,35d16162-26bd-4927-aaff-2b6b4d0749aa,True,False
INC-1cda436e,energy_forecasting,dev,2024-07-11T06:00:00,2024-07-11T17:27:00,alerting,SEV2,infra_outage,latency_spike,True,687,20,35d16162-26bd-4927-aaff-2b6b4d0749aa,False,False
INC-79e17c88,energy_forecasting,dev,2024-07-11T19:00:00,2024-07-12T00:13:00,alerting,SEV3,external_dependency,latency_spike,True,313,16,35d16162-26bd-4927-aaff-2b6b4d0749aa,True,False
INC-12733f5c,rag_qa_service,prod,2024-06-22T03:00:00,2024-06-22T20:44:00,dashboard,SEV2,external_dependency,latency_spike,True,1064,844,13c50dc0-ad19-404d-af4f-0e24782c70cc,False,False
INC-9d6ec736,energy_forecasting,dev,2024-07-12T09:00:00,2024-07-12T11:59:00,user_report,SEV2,infra_outage,latency_spike,True,179,12,35d16162-26bd-4927-aaff-2b6b4d0749aa,False,True
INC-116441ff,energy_forecasting,dev,2024-07-12T13:00:00,2024-07-12T13:33:00,dashboard,SEV1,infra_outage,latency_spike,True,33,4,35d16162-26bd-4927-aaff-2b6b4d0749aa,False,False
INC-c24ad645,energy_forecasting,dev,2024-07-12T15:00:00,2024-07-12T15:17:00,dashboard,SEV1,external_dependency,latency_spike,True,17,2,35d16162-26bd-4927-aaff-2b6b4d0749aa,True,False
INC-f7cc7eda,rag_qa_service,prod,2024-07-12T19:00:00,2024-07-12T22:05:00,alerting,SEV2,external_dependency,latency_spike,True,185,69,4559b23b-b5f1-44f7-8d92-41e156e69c6f,False,True
INC-e9d626ed,rag_qa_service,prod,2024-07-12T22:00:00,2024-07-13T00:25:00,user_report,SEV2,external_dependency,latency_spike,True,145,58,4559b23b-b5f1-44f7-8d92-41e156e69c6f,True,False
INC-51742464,fraud_detection,dev,2024-07-10T13:00:00,2024-07-13T00:42:00,user_report,SEV3,external_dependency,latency_spike,True,3582,1485,ca2f74ef-4477-449d-bbe9-0cebc19ad3f3,True,False
INC-6de080a0,energy_forecasting,dev,2024-07-12T18:00:00,2024-07-12T23:21:00,alerting,SEV2,external_dependency,latency_spike,True,321,20,35d16162-26bd-4927-aaff-2b6b4d0749aa,True,True
INC-81fb06ef,fraud_detection,dev,2024-07-13T01:00:00,2024-07-13T03:35:00,dashboard,SEV3,external_dependency,latency_spike,True,155,7,ca2f74ef-4477-449d-bbe9-0cebc19ad3f3,True,False
INC-7d71f13d,fraud_detection,dev,2024-07-13T02:00:00,2024-07-13T03:56:00,alerting,SEV3,data_drift,metric_degradation,True,116,4,7d1c3446-2ace-4f35-b210-29e777cebfc6,True,False
INC-05d85445,fraud_detection,dev,2024-07-13T03:00:00,2024-07-13T05:11:00,dashboard,SEV3,external_dependency,latency_spike,True,131,9,ca2f74ef-4477-449d-bbe9-0cebc19ad3f3,True,True
INC-21e9285e,fraud_detection,dev,2024-07-13T04:00:00,2024-07-13T07:40:00,user_report,SEV2,data_pipeline_failure,metric_degradation,True,220,12,7d1c3446-2ace-4f35-b210-29e777cebfc6,True,False
INC-7c664e26,rag_qa_service,dev,2024-07-13T09:00:00,2024-07-13T09:33:00,user_report,SEV2,external_dependency,latency_spike,True,33,4,e17fdc0c-7afc-44ba-a9d5-08d386ea25c4,False,False
INC-7432456b,rag_qa_service,prod,2024-07-13T08:00:00,2024-07-13T12:15:00,user_report,SEV3,external_dependency,latency_spike,True,255,157,4559b23b-b5f1-44f7-8d92-41e156e69c6f,True,True
INC-ab0c3839,rag_qa_service,dev,2024-07-13T11:00:00,2024-07-13T12:20:00,dashboard,SEV3,external_dependency,latency_spike,True,80,6,e17fdc0c-7afc-44ba-a9d5-08d386ea25c4,False,False
INC-067231a8,fraud_detection,dev,2024-07-13T06:00:00,2024-07-13T16:20:00,user_report,SEV1,infra_outage,latency_spike,True,620,225,7d1c3446-2ace-4f35-b210-29e777cebfc6,True,False
INC-b9f62c96,energy_forecasting,dev,2024-07-13T08:00:00,2024-07-13T15:12:00,dashboard,SEV2,external_dependency,latency_spike,True,432,10,35d16162-26bd-4927-aaff-2b6b4d0749aa,True,True
INC-4d8461dd,rag_qa_service,prod,2024-07-13T14:00:00,2024-07-13T17:34:00,alerting,SEV1,infra_outage,latency_spike,True,214,14,4559b23b-b5f1-44f7-8d92-41e156e69c6f,True,True
INC-25c4eccf,fraud_detection,dev,2024-07-13T14:00:00,2024-07-13T16:57:00,user_report,SEV2,external_dependency,latency_spike,True,177,48,ca2f74ef-4477-449d-bbe9-0cebc19ad3f3,False,False
INC-9a3f6180,fraud_detection,dev,2024-07-13T17:00:00,2024-07-13T21:47:00,user_report,SEV2,infra_outage,latency_spike,True,287,57,ca2f74ef-4477-449d-bbe9-0cebc19ad3f3,True,False
INC-dd926527,rag_qa_service,prod,2024-07-13T19:00:00,2024-07-13T22:53:00,user_report,SEV3,infra_outage,latency_spike,True,233,113,4559b23b-b5f1-44f7-8d92-41e156e69c6f,False,True
INC-31c17f30,energy_forecasting,dev,2024-07-13T17:00:00,2024-07-13T20:26:00,dashboard,SEV2,infra_outage,latency_spike,True,206,9,35d16162-26bd-4927-aaff-2b6b4d0749aa,False,False
INC-256d107e,rag_qa_service,dev,2024-07-13T18:00:00,2024-07-13T23:39:00,user_report,SEV2,external_dependency,latency_spike,True,339,16,e17fdc0c-7afc-44ba-a9d5-08d386ea25c4,False,False
INC-bd008c76,fraud_detection,dev,2024-07-13T19:00:00,2024-07-13T22:27:00,user_report,SEV1,external_dependency,latency_spike,True,207,110,7e556699-5641-4f62-aa85-3c6215e61f18,False,False
INC-02bee787,rag_qa_service,prod,2024-07-13T22:00:00,2024-07-14T00:41:00,user_report,SEV2,external_dependency,latency_spike,True,161,45,4559b23b-b5f1-44f7-8d92-41e156e69c6f,False,False
INC-37ee40d4,fraud_detection,dev,2024-07-13T23:00:00,2024-07-14T02:55:00,alerting,SEV3,infra_outage,latency_spike,True,235,9,7d1c3446-2ace-4f35-b210-29e777cebfc6,False,False
INC-35ec6acf,rag_qa_service,dev,2024-07-13T23:00:00,2024-07-14T00:54:00,dashboard,SEV3,external_dependency,latency_spike,True,114,4,e17fdc0c-7afc-44ba-a9d5-08d386ea25c4,True,False
INC-4d246a82,fraud_detection,dev,2024-07-14T02:00:00,2024-07-14T04:08:00,user_report,SEV2,data_drift,metric_degradation,True,128,4,ca2f74ef-4477-449d-bbe9-0cebc19ad3f3,False,False
INC-7e8f5044,fraud_detection,dev,2024-07-14T05:00:00,2024-07-14T07:10:00,user_report,SEV3,infra_outage,latency_spike,True,130,27,ca2f74ef-4477-449d-bbe9-0cebc19ad3f3,True,True
INC-26c1df53,rag_qa_service,dev,2024-07-14T07:00:00,2024-07-14T18:30:00,dashboard,SEV2,model_bug,error_spike,True,690,66,e17fdc0c-7afc-44ba-a9d5-08d386ea25c4,True,False
INC-aca59d9c,rag_qa_service,prod,2024-07-14T20:00:00,2024-07-14T23:05:00,alerting,SEV1,infra_outage,latency_spike,True,185,79,4559b23b-b5f1-44f7-8d92-41e156e69c6f,False,True
INC-f0731960,fraud_detection,dev,2024-07-14T07:00:00,2024-07-15T02:02:00,dashboard,SEV2,external_dependency,latency_spike,True,1142,454,7d1c3446-2ace-4f35-b210-29e777cebfc6,False,False
INC-4deb2a22,fraud_detection,dev,2024-07-15T00:00:00,2024-07-15T01:03:00,user_report,SEV2,infra_outage,latency_spike,True,63,8,ca2f74ef-4477-449d-bbe9-0cebc19ad3f3,False,False
INC-c7a89ee2,rag_qa_service,dev,2024-07-14T22:00:00,2024-07-15T03:34:00,user_report,SEV2,infra_outage,latency_spike,True,334,9,e17fdc0c-7afc-44ba-a9d5-08d386ea25c4,False,False
INC-295e1c90,fraud_detection,dev,2024-07-15T04:00:00,2024-07-15T06:43:00,user_report,SEV2,data_pipeline_failure,metric_degradation,True,163,1,7d1c3446-2ace-4f35-b210-29e777cebfc6,True,False
INC-92f38154,rag_qa_service,dev,2024-07-15T06:00:00,2024-07-15T08:24:00,dashboard,SEV1,external_dependency,latency_spike,True,144,9,e17fdc0c-7afc-44ba-a9d5-08d386ea25c4,True,True
INC-89b637cb,rag_qa_service,prod,2024-07-15T08:00:00,2024-07-15T10:06:00,user_report,SEV3,external_dependency,latency_spike,True,126,164,4559b23b-b5f1-44f7-8d92-41e156e69c6f,False,False
INC-b835a09c,rag_qa_service,prod,2024-07-15T14:00:00,2024-07-15T15:00:00,dashboard,SEV2,external_dependency,latency_spike,True,60,42,4559b23b-b5f1-44f7-8d92-41e156e69c6f,True,False
INC-24ab5f34,fraud_detection,dev,2024-07-15T07:00:00,2024-07-15T18:27:00,user_report,SEV2,infra_outage,latency_spike,True,687,105,7e556699-5641-4f62-aa85-3c6215e61f18,False,False
INC-e4ea2850,rag_qa_service,prod,2024-07-15T18:00:00,2024-07-15T18:42:00,user_report,SEV1,external_dependency,latency_spike,True,42,96,4559b23b-b5f1-44f7-8d92-41e156e69c6f,True,False
INC-16960c47,rag_qa_service,prod,2024-07-15T21:00:00,2024-07-15T23:07:00,alerting,SEV2,infra_outage,latency_spike,True,127,171,4559b23b-b5f1-44f7-8d92-41e156e69c6f,True,True
INC-942a5958,rag_qa_service,dev,2024-07-15T09:00:00,2024-07-15T23:50:00,user_report,SEV3,external_dependency,latency_spike,True,890,60,e17fdc0c-7afc-44ba-a9d5-08d386ea25c4,False,False
INC-5ebec37d,fraud_detection,dev,2024-07-15T16:00:00,2024-07-16T02:35:00,dashboard,SEV1,external_dependency,latency_spike,True,635,20,7d1c3446-2ace-4f35-b210-29e777cebfc6,False,False
INC-17e1f2f5,recsys_clickthrough,dev,2024-07-04T18:00:00,2024-07-04T23:26:00,user_report,SEV2,external_dependency,latency_spike,True,326,20,f00473d3-32f1-46cd-b557-c9e9c6eb0f75,False,False
INC-93bf8495,rag_qa_service,dev,2024-07-16T00:00:00,2024-07-16T05:07:00,alerting,SEV1,data_drift,metric_degradation,True,307,4,e17fdc0c-7afc-44ba-a9d5-08d386ea25c4,False,True
INC-84be6173,fraud_detection,dev,2024-07-16T04:00:00,2024-07-16T06:23:00,dashboard,SEV2,external_dependency,latency_spike,True,143,1,7e556699-5641-4f62-aa85-3c6215e61f18,True,True
INC-36195461,rag_qa_service,dev,2024-07-16T06:00:00,2024-07-16T11:13:00,user_report,SEV3,external_dependency,latency_spike,True,313,23,e17fdc0c-7afc-44ba-a9d5-08d386ea25c4,False,False
INC-dc1fe1fb,recsys_clickthrough,dev,2024-07-16T08:00:00,2024-07-16T14:20:00,alerting,SEV2,infra_outage,latency_spike,True,380,36,d0c1133e-ed0f-43da-98cf-36670f1bcbca,False,False
INC-46d26f59,rag_qa_service,prod,2024-07-16T11:00:00,2024-07-16T14:54:00,user_report,SEV3,external_dependency,latency_spike,True,234,66,4559b23b-b5f1-44f7-8d92-41e156e69c6f,True,True
INC-4b332705,rag_qa_service,dev,2024-07-16T12:00:00,2024-07-16T15:22:00,user_report,SEV1,external_dependency,latency_spike,True,202,7,e17fdc0c-7afc-44ba-a9d5-08d386ea25c4,True,False
INC-cfbe2074,rag_qa_service,dev,2024-07-16T15:00:00,2024-07-16T16:13:00,dashboard,SEV3,infra_outage,latency_spike,True,73,2,e17fdc0c-7afc-44ba-a9d5-08d386ea25c4,False,False
INC-27050cdc,recsys_clickthrough,dev,2024-07-16T15:00:00,2024-07-16T15:40:00,user_report,SEV2,external_dependency,latency_spike,True,40,8,d0c1133e-ed0f-43da-98cf-36670f1bcbca,True,True
INC-d244d76e,rag_qa_service,dev,2024-07-16T18:00:00,2024-07-16T22:37:00,alerting,SEV2,infra_outage,latency_spike,True,277,20,e17fdc0c-7afc-44ba-a9d5-08d386ea25c4,True,True
INC-6ae5660b,recsys_clickthrough,dev,2024-07-16T18:00:00,2024-07-17T00:23:00,dashboard,SEV1,infra_outage,latency_spike,True,383,63,d0c1133e-ed0f-43da-98cf-36670f1bcbca,False,True
INC-d3fbd5e0,rag_qa_service,prod,2024-07-16T20:00:00,2024-07-17T01:06:00,user_report,SEV2,infra_outage,latency_spike,True,306,209,4559b23b-b5f1-44f7-8d92-41e156e69c6f,False,False
INC-d98e719e,fraud_detection,dev,2024-07-16T07:00:00,2024-07-17T00:26:00,user_report,SEV3,external_dependency,latency_spike,True,1046,12,7e556699-5641-4f62-aa85-3c6215e61f18,False,False
INC-e7dae67a,recsys_clickthrough,dev,2024-07-17T07:00:00,2024-07-17T09:31:00,alerting,SEV2,infra_outage,latency_spike,True,151,30,d0c1133e-ed0f-43da-98cf-36670f1bcbca,False,False
INC-675bd4ed,recsys_clickthrough,dev,2024-07-17T11:00:00,2024-07-17T16:33:00,user_report,SEV1,external_dependency,latency_spike,True,333,25,d0c1133e-ed0f-43da-98cf-36670f1bcbca,False,False
INC-a2106afc,rag_qa_service,dev,2024-07-17T08:00:00,2024-07-17T14:58:00,dashboard,SEV2,infra_outage,latency_spike,True,418,25,e17fdc0c-7afc-44ba-a9d5-08d386ea25c4,False,True
INC-a6c2a978,recsys_clickthrough,staging,2024-06-21T12:00:00,2024-06-21T22:23:00,user_report,SEV2,external_dependency,latency_spike,True,623,302,b555aab6-747c-4a8a-973d-7f1fd3a476f7,False,False
INC-f33f9cc7,recsys_clickthrough,dev,2024-07-17T15:00:00,2024-07-17T15:49:00,dashboard,SEV2,external_dependency,latency_spike,True,49,8,d0c1133e-ed0f-43da-98cf-36670f1bcbca,False,False
INC-33b36d39,recsys_clickthrough,dev,2024-07-17T19:00:00,2024-07-17T20:35:00,dashboard,SEV2,external_dependency,latency_spike,True,95,6,d0c1133e-ed0f-43da-98cf-36670f1bcbca,False,False
INC-cd62fb78,recsys_clickthrough,dev,2024-07-17T21:00:00,2024-07-17T22:25:00,dashboard,SEV3,infra_outage,latency_spike,True,85,20,d0c1133e-ed0f-43da-98cf-36670f1bcbca,False,True
INC-b010b84f,rag_qa_service,dev,2024-07-17T16:00:00,2024-07-18T02:52:00,user_report,SEV3,external_dependency,latency_spike,True,652,34,e17fdc0c-7afc-44ba-a9d5-08d386ea25c4,False,False
INC-4ab9b13f,recsys_clickthrough,staging,2024-07-17T17:00:00,2024-07-18T01:47:00,dashboard,SEV2,external_dependency,latency_spike,True,527,81,e33b43fe-744e-4326-a209-8e85a48c98a5,False,False
INC-cc9b28b6,recsys_clickthrough,dev,2024-07-18T06:00:00,2024-07-18T06:27:00,user_report,SEV1,infra_outage,latency_spike,True,27,9,d0c1133e-ed0f-43da-98cf-36670f1bcbca,False,False
INC-9a3e7817,recsys_clickthrough,staging,2024-07-18T09:00:00,2024-07-18T11:49:00,alerting,SEV3,external_dependency,latency_spike,True,169,52,e33b43fe-744e-4326-a209-8e85a48c98a5,True,True
INC-516d539e,recsys_clickthrough,dev,2024-07-18T08:00:00,2024-07-18T14:17:00,alerting,SEV2,external_dependency,latency_spike,True,377,62,d0c1133e-ed0f-43da-98cf-36670f1bcbca,False,False
INC-756cf0d8,recsys_clickthrough,staging,2024-07-18T20:00:00,2024-07-18T22:42:00,alerting,SEV1,infra_outage,latency_spike,True,162,66,e33b43fe-744e-4326-a209-8e85a48c98a5,True,False
INC-9bbfdc39,recsys_clickthrough,dev,2024-07-18T17:00:00,2024-07-19T01:24:00,dashboard,SEV2,external_dependency,latency_spike,True,504,81,d0c1133e-ed0f-43da-98cf-36670f1bcbca,True,False
INC-2312582f,recsys_clickthrough,staging,2024-07-19T08:00:00,2024-07-19T13:38:00,dashboard,SEV1,external_dependency,latency_spike,True,338,50,e33b43fe-744e-4326-a209-8e85a48c98a5,True,False
INC-b7760827,recsys_clickthrough,dev,2024-07-19T03:00:00,2024-07-19T13:36:00,dashboard,SEV3,data_drift,metric_degradation,True,636,85,d0c1133e-ed0f-43da-98cf-36670f1bcbca,False,False
INC-f92c7d11,recsys_clickthrough,staging,2024-07-19T18:00:00,2024-07-19T22:48:00,alerting,SEV2,external_dependency,latency_spike,True,288,87,e33b43fe-744e-4326-a209-8e85a48c98a5,False,True
INC-f0dad850,recsys_clickthrough,staging,2024-07-20T08:00:00,2024-07-20T11:27:00,dashboard,SEV2,infra_outage,latency_spike,True,207,69,e33b43fe-744e-4326-a209-8e85a48c98a5,False,True
INC-0a2a21a9,recsys_clickthrough,staging,2024-07-20T13:00:00,2024-07-20T16:00:00,user_report,SEV1,external_dependency,latency_spike,True,180,14,e33b43fe-744e-4326-a209-8e85a48c98a5,True,False
INC-0a0f3eb4,recsys_clickthrough,staging,2024-07-20T17:00:00,2024-07-21T00:55:00,dashboard,SEV1,infra_outage,latency_spike,True,475,127,e33b43fe-744e-4326-a209-8e85a48c98a5,True,True
INC-d5302a89,recsys_clickthrough,staging,2024-07-21T07:00:00,2024-07-21T12:39:00,user_report,SEV3,infra_outage,latency_spike,True,339,84,e33b43fe-744e-4326-a209-8e85a48c98a5,False,False
INC-13612ee1,energy_forecasting,staging,2024-06-16T02:00:00,2024-06-16T04:37:00,alerting,SEV3,data_drift,metric_degradation,True,157,3,2de0349a-b0f0-4b64-b8ef-71eb438ba4e6,True,False
INC-1c4f0791,energy_forecasting,staging,2024-07-21T16:00:00,2024-07-21T19:06:00,dashboard,SEV2,external_dependency,latency_spike,True,186,19,e8698262-7da4-4905-b1dc-5bce8dbd3118,True,True
INC-90e95ece,recsys_clickthrough,staging,2024-07-21T18:00:00,2024-07-21T18:34:00,dashboard,SEV2,infra_outage,latency_spike,True,34,16,e33b43fe-744e-4326-a209-8e85a48c98a5,True,True
INC-ecd410f7,energy_forecasting,staging,2024-07-21T21:00:00,2024-07-22T00:35:00,dashboard,SEV3,external_dependency,latency_spike,True,215,20,e8698262-7da4-4905-b1dc-5bce8dbd3118,True,False
INC-bf96516a,recsys_clickthrough,staging,2024-07-21T21:00:00,2024-07-22T02:33:00,alerting,SEV2,external_dependency,latency_spike,True,333,39,e33b43fe-744e-4326-a209-8e85a48c98a5,False,True
INC-7b998cfa,energy_forecasting,staging,2024-07-22T06:00:00,2024-07-22T09:20:00,user_report,SEV1,infra_outage,latency_spike,True,200,25,e8698262-7da4-4905-b1dc-5bce8dbd3118,True,False
INC-02d8a560,recsys_clickthrough,staging,2024-07-22T09:00:00,2024-07-22T15:15:00,dashboard,SEV2,external_dependency,latency_spike,True,375,76,e33b43fe-744e-4326-a209-8e85a48c98a5,True,False
INC-2cb62b24,energy_forecasting,staging,2024-07-22T08:00:00,2024-07-22T15:53:00,user_report,SEV2,infra_outage,latency_spike,True,473,185,e8698262-7da4-4905-b1dc-5bce8dbd3118,False,True
INC-f4121284,recsys_clickthrough,staging,2024-07-22T20:00:00,2024-07-22T23:09:00,alerting,SEV2,external_dependency,latency_spike,True,189,41,e33b43fe-744e-4326-a209-8e85a48c98a5,False,False
INC-30d90c97,energy_forecasting,staging,2024-07-22T18:00:00,2024-07-22T23:42:00,alerting,SEV1,external_dependency,latency_spike,True,342,204,e8698262-7da4-4905-b1dc-5bce8dbd3118,False,False
INC-30a5b6b5,energy_forecasting,staging,2024-07-23T06:00:00,2024-07-23T09:40:00,alerting,SEV2,infra_outage,latency_spike,True,220,30,e8698262-7da4-4905-b1dc-5bce8dbd3118,True,False
INC-02eec654,energy_forecasting,staging,2024-07-23T11:00:00,2024-07-23T12:35:00,alerting,SEV3,external_dependency,latency_spike,True,95,60,6066ae17-b04c-4a72-a8cc-db944ef26ee5,False,True
INC-c6205713,recsys_clickthrough,staging,2024-07-23T10:00:00,2024-07-23T14:36:00,dashboard,SEV2,external_dependency,latency_spike,True,276,44,e33b43fe-744e-4326-a209-8e85a48c98a5,True,True
INC-8311635a,energy_forecasting,staging,2024-07-23T16:00:00,2024-07-23T17:04:00,dashboard,SEV2,external_dependency,latency_spike,True,64,32,e8698262-7da4-4905-b1dc-5bce8dbd3118,False,False
INC-eabd0d5c,energy_forecasting,staging,2024-07-23T17:00:00,2024-07-23T20:52:00,dashboard,SEV2,infra_outage,latency_spike,True,232,45,e8698262-7da4-4905-b1dc-5bce8dbd3118,True,False
INC-9192f91b,energy_forecasting,staging,2024-07-23T18:00:00,2024-07-23T18:55:00,user_report,SEV3,external_dependency,latency_spike,True,55,34,e8698262-7da4-4905-b1dc-5bce8dbd3118,True,True
INC-be9a78fa,energy_forecasting,staging,2024-07-23T20:00:00,2024-07-23T23:06:00,user_report,SEV3,infra_outage,latency_spike,True,186,93,e8698262-7da4-4905-b1dc-5bce8dbd3118,True,False
INC-4c890753,recsys_clickthrough,staging,2024-07-23T20:00:00,2024-07-24T01:33:00,dashboard,SEV3,external_dependency,latency_spike,True,333,43,e33b43fe-744e-4326-a209-8e85a48c98a5,False,False
INC-88d1e4ea,energy_forecasting,staging,2024-07-24T09:00:00,2024-07-24T11:42:00,user_report,SEV2,external_dependency,latency_spike,True,162,82,e8698262-7da4-4905-b1dc-5bce8dbd3118,False,True
INC-09c3cd4c,energy_forecasting,staging,2024-07-24T10:00:00,2024-07-24T12:41:00,user_report,SEV3,infra_outage,latency_spike,True,161,117,e8698262-7da4-4905-b1dc-5bce8dbd3118,False,False
INC-0260696c,recsys_clickthrough,staging,2024-07-24T07:00:00,2024-07-24T11:29:00,dashboard,SEV2,external_dependency,latency_spike,True,269,85,e33b43fe-744e-4326-a209-8e85a48c98a5,True,False
INC-34bf9f17,energy_forecasting,staging,2024-07-24T13:00:00,2024-07-24T14:38:00,user_report,SEV2,infra_outage,latency_spike,True,98,95,e8698262-7da4-4905-b1dc-5bce8dbd3118,False,False
INC-db1e4683,energy_forecasting,staging,2024-07-24T16:00:00,2024-07-24T18:10:00,alerting,SEV2,external_dependency,latency_spike,True,130,33,e8698262-7da4-4905-b1dc-5bce8dbd3118,False,True
INC-411ee35a,energy_forecasting,staging,2024-07-24T18:00:00,2024-07-24T19:50:00,alerting,SEV3,external_dependency,latency_spike,True,110,89,6066ae17-b04c-4a72-a8cc-db944ef26ee5,True,False
INC-74250721,energy_forecasting,staging,2024-07-24T19:00:00,2024-07-24T21:25:00,user_report,SEV3,external_dependency,latency_spike,True,145,152,e8698262-7da4-4905-b1dc-5bce8dbd3118,True,False
INC-ec28a203,energy_forecasting,staging,2024-07-24T22:00:00,2024-07-25T01:42:00,alerting,SEV3,external_dependency,latency_spike,True,222,85,e8698262-7da4-4905-b1dc-5bce8dbd3118,False,False
INC-46c85462,fraud_detection,prod,2024-07-09T06:00:00,2024-07-11T13:09:00,dashboard,SEV2,external_dependency,latency_spike,True,3309,14941,557b39d5-c21f-4975-a746-86ef7eb289ed,False,False
INC-712122ca,energy_forecasting,staging,2024-07-25T06:00:00,2024-07-25T06:34:00,user_report,SEV3,external_dependency,latency_spike,True,34,27,e8698262-7da4-4905-b1dc-5bce8dbd3118,True,False
INC-f602179d,fraud_detection,prod,2024-07-25T06:00:00,2024-07-25T09:06:00,alerting,SEV1,external_dependency,latency_spike,True,186,130,53dd1010-56e6-4492-9634-a15ce2531741,False,False
INC-78103e9b,energy_forecasting,staging,2024-07-25T08:00:00,2024-07-25T09:42:00,user_report,SEV2,external_dependency,latency_spike,True,102,17,e8698262-7da4-4905-b1dc-5bce8dbd3118,True,False
INC-4b403dcb,energy_forecasting,staging,2024-07-25T09:00:00,2024-07-25T11:42:00,dashboard,SEV2,external_dependency,latency_spike,True,162,33,e8698262-7da4-4905-b1dc-5bce8dbd3118,True,True
INC-96cd0641,energy_forecasting,staging,2024-07-25T10:00:00,2024-07-25T14:18:00,user_report,SEV3,external_dependency,latency_spike,True,258,135,e8698262-7da4-4905-b1dc-5bce8dbd3118,False,False
INC-8f83023a,energy_forecasting,staging,2024-07-25T13:00:00,2024-07-25T16:13:00,user_report,SEV3,infra_outage,latency_spike,True,193,23,e8698262-7da4-4905-b1dc-5bce8dbd3118,False,False
INC-f32b4d12,fraud_detection,prod,2024-07-25T08:00:00,2024-07-25T16:30:00,user_report,SEV2,external_dependency,latency_spike,True,510,3954,53dd1010-56e6-4492-9634-a15ce2531741,True,False
INC-6fe3195d,energy_forecasting,staging,2024-07-25T18:00:00,2024-07-25T19:49:00,user_report,SEV2,external_dependency,latency_spike,True,109,41,e8698262-7da4-4905-b1dc-5bce8dbd3118,False,False
INC-a43b66b1,energy_forecasting,staging,2024-07-25T19:00:00,2024-07-25T21:36:00,dashboard,SEV3,infra_outage,latency_spike,True,156,72,e8698262-7da4-4905-b1dc-5bce8dbd3118,False,False
INC-9e2c431f,energy_forecasting,staging,2024-07-25T20:00:00,2024-07-26T00:59:00,alerting,SEV2,infra_outage,latency_spike,True,299,39,e8698262-7da4-4905-b1dc-5bce8dbd3118,False,False
INC-e3b52591,energy_forecasting,staging,2024-07-25T22:00:00,2024-07-25T23:48:00,alerting,SEV2,infra_outage,latency_spike,True,108,91,e8698262-7da4-4905-b1dc-5bce8dbd3118,True,False
INC-11b58067,fraud_detection,prod,2024-07-25T18:00:00,2024-07-26T03:18:00,user_report,SEV2,infra_outage,latency_spike,True,558,538,53dd1010-56e6-4492-9634-a15ce2531741,True,False
INC-bae4989a,fraud_detection,prod,2024-07-26T02:00:00,2024-07-26T05:00:00,alerting,SEV2,external_dependency,latency_spike,True,180,15,53dd1010-56e6-4492-9634-a15ce2531741,True,False
INC-acc37794,energy_forecasting,staging,2024-07-26T06:00:00,2024-07-26T06:53:00,alerting,SEV3,external_dependency,latency_spike,True,53,33,e8698262-7da4-4905-b1dc-5bce8dbd3118,True,True
INC-7ab00255,energy_forecasting,staging,2024-07-26T11:00:00,2024-07-26T14:52:00,alerting,SEV1,external_dependency,latency_spike,True,232,48,e8698262-7da4-4905-b1dc-5bce8dbd3118,True,False
INC-a1cedfa7,energy_forecasting,staging,2024-07-26T13:00:00,2024-07-26T13:18:00,user_report,SEV1,infra_outage,latency_spike,True,18,39,e8698262-7da4-4905-b1dc-5bce8dbd3118,False,True
INC-cd36ca64,energy_forecasting,staging,2024-07-26T17:00:00,2024-07-26T20:03:00,dashboard,SEV3,external_dependency,latency_spike,True,183,70,e8698262-7da4-4905-b1dc-5bce8dbd3118,True,True
INC-98c21a53,fraud_detection,staging,2024-07-26T14:00:00,2024-07-26T19:57:00,user_report,SEV2,external_dependency,latency_spike,True,357,69,022b25b6-7665-4d4f-9feb-c6d3cbbc4aaa,False,True
INC-3cffbcb3,energy_forecasting,staging,2024-07-26T19:00:00,2024-07-26T23:06:00,user_report,SEV1,external_dependency,latency_spike,True,246,211,6066ae17-b04c-4a72-a8cc-db944ef26ee5,False,False
INC-2af2172f,fraud_detection,staging,2024-07-26T20:00:00,2024-07-26T21:59:00,dashboard,SEV3,infra_outage,latency_spike,True,119,44,022b25b6-7665-4d4f-9feb-c6d3cbbc4aaa,True,True
INC-5f4966e2,rag_qa_service,dev,2024-07-26T21:00:00,2024-07-26T22:07:00,dashboard,SEV3,infra_outage,latency_spike,True,67,1,b60c4cec-4620-477e-ae96-730ce95045ff,False,False
INC-3907b558,fraud_detection,prod,2024-07-26T06:00:00,2024-07-27T04:45:00,alerting,SEV2,external_dependency,latency_spike,True,1365,2334,53dd1010-56e6-4492-9634-a15ce2531741,True,False
INC-d28ddbe4,rag_qa_service,dev,2024-07-27T08:00:00,2024-07-27T08:54:00,alerting,SEV1,infra_outage,latency_spike,True,54,1,b60c4cec-4620-477e-ae96-730ce95045ff,False,False
INC-3f1038af,energy_forecasting,staging,2024-07-27T07:00:00,2024-07-27T12:48:00,dashboard,SEV3,external_dependency,latency_spike,True,348,94,6066ae17-b04c-4a72-a8cc-db944ef26ee5,True,False
INC-8c586ad4,fraud_detection,staging,2024-07-27T06:00:00,2024-07-27T13:10:00,user_report,SEV1,infra_outage,latency_spike,True,430,108,022b25b6-7665-4d4f-9feb-c6d3cbbc4aaa,True,False
INC-929e1c35,energy_forecasting,staging,2024-07-27T10:00:00,2024-07-27T13:25:00,alerting,SEV1,external_dependency,latency_spike,True,205,186,6066ae17-b04c-4a72-a8cc-db944ef26ee5,True,False
INC-1ab40c9f,rag_qa_service,dev,2024-07-27T11:00:00,2024-07-27T15:42:00,dashboard,SEV3,external_dependency,latency_spike,True,282,2,b60c4cec-4620-477e-ae96-730ce95045ff,True,True
INC-ffe5338b,energy_forecasting,staging,2024-07-27T14:00:00,2024-07-27T16:48:00,user_report,SEV3,model_bug,error_spike,True,168,391,e8698262-7da4-4905-b1dc-5bce8dbd3118,True,False
INC-38292111,energy_forecasting,staging,2024-07-27T16:00:00,2024-07-27T20:04:00,alerting,SEV2,external_dependency,latency_spike,True,244,102,6066ae17-b04c-4a72-a8cc-db944ef26ee5,True,False
INC-ddcf5e1c,rag_qa_service,dev,2024-07-27T18:00:00,2024-07-27T21:45:00,alerting,SEV2,infra_outage,latency_spike,True,225,3,b60c4cec-4620-477e-ae96-730ce95045ff,True,True
INC-493f68db,rag_qa_service,prod,2024-07-17T08:00:00,2024-07-21T07:59:00,user_report,SEV3,data_drift,metric_degradation,True,5759,7094,4559b23b-b5f1-44f7-8d92-41e156e69c6f,False,False
INC-3ebc07df,rag_qa_service,prod,2024-07-27T21:00:00,2024-07-28T01:00:00,dashboard,SEV3,infra_outage,latency_spike,True,240,145,88bc8184-3e77-488e-8e51-69f1b5d1cbc4,False,False
INC-20c52530,rag_qa_service,dev,2024-07-27T21:00:00,2024-07-27T23:58:00,dashboard,SEV3,external_dependency,latency_spike,True,178,2,b60c4cec-4620-477e-ae96-730ce95045ff,True,False
INC-95ab4e68,energy_forecasting,staging,2024-07-27T18:00:00,2024-07-28T00:54:00,user_report,SEV3,external_dependency,latency_spike,True,414,405,e8698262-7da4-4905-b1dc-5bce8dbd3118,True,True
INC-86070b50,fraud_detection,staging,2024-07-27T16:00:00,2024-07-27T23:53:00,alerting,SEV1,external_dependency,latency_spike,True,473,125,022b25b6-7665-4d4f-9feb-c6d3cbbc4aaa,True,False
INC-7bc8d7a7,energy_forecasting,staging,2024-07-28T06:00:00,2024-07-28T07:31:00,alerting,SEV3,external_dependency,latency_spike,True,91,60,e8698262-7da4-4905-b1dc-5bce8dbd3118,True,False
INC-2a8a2f50,rag_qa_service,prod,2024-07-28T10:00:00,2024-07-28T12:25:00,alerting,SEV2,external_dependency,latency_spike,True,145,177,88bc8184-3e77-488e-8e51-69f1b5d1cbc4,True,False
INC-8395437f,fraud_detection,staging,2024-07-28T09:00:00,2024-07-28T11:28:00,user_report,SEV2,infra_outage,latency_spike,True,148,55,022b25b6-7665-4d4f-9feb-c6d3cbbc4aaa,False,True
INC-30146e7f,rag_qa_service,prod,2024-07-28T13:00:00,2024-07-28T16:17:00,user_report,SEV2,external_dependency,latency_spike,True,197,152,88bc8184-3e77-488e-8e51-69f1b5d1cbc4,True,False
INC-6789bcec,fraud_detection,staging,2024-07-28T13:00:00,2024-07-28T17:22:00,dashboard,SEV2,external_dependency,latency_spike,True,262,29,022b25b6-7665-4d4f-9feb-c6d3cbbc4aaa,True,True
INC-8e312461,rag_qa_service,dev,2024-07-28T15:00:00,2024-07-28T18:22:00,alerting,SEV3,infra_outage,latency_spike,True,202,2,b60c4cec-4620-477e-ae96-730ce95045ff,False,True
INC-cc12215f,energy_forecasting,prod,2024-07-10T02:00:00,2024-07-19T09:23:00,alerting,SEV1,data_drift,metric_degradation,True,13403,38240,cccd5a6d-0a81-4b36-8c6a-ea552acac050,True,False
INC-66bcab4e,fraud_detection,staging,2024-07-28T17:00:00,2024-07-28T19:39:00,dashboard,SEV2,external_dependency,latency_spike,True,159,20,022b25b6-7665-4d4f-9feb-c6d3cbbc4aaa,True,True
INC-8de05495,rag_qa_service,dev,2024-07-28T19:00:00,2024-07-28T22:03:00,dashboard,SEV3,external_dependency,latency_spike,True,183,2,b60c4cec-4620-477e-ae96-730ce95045ff,False,False
INC-56fda0b9,fraud_detection,staging,2024-07-28T19:00:00,2024-07-29T01:42:00,alerting,SEV2,infra_outage,latency_spike,True,402,73,022b25b6-7665-4d4f-9feb-c6d3cbbc4aaa,False,False
INC-915e0af7,energy_forecasting,staging,2024-07-28T08:00:00,2024-07-29T00:39:00,alerting,SEV2,external_dependency,latency_spike,True,999,889,6066ae17-b04c-4a72-a8cc-db944ef26ee5,False,False
INC-0138d2c9,fraud_detection,staging,2024-07-29T10:00:00,2024-07-29T10:53:00,dashboard,SEV3,infra_outage,latency_spike,True,53,26,022b25b6-7665-4d4f-9feb-c6d3cbbc4aaa,True,False
INC-b84c92f6,fraud_detection,staging,2024-07-29T12:00:00,2024-07-29T14:08:00,alerting,SEV2,external_dependency,latency_spike,True,128,18,022b25b6-7665-4d4f-9feb-c6d3cbbc4aaa,True,True
INC-0b7334a7,recsys_clickthrough,staging,2024-07-24T16:00:00,2024-07-27T08:41:00,user_report,SEV1,infra_outage,latency_spike,True,3881,1193,e33b43fe-744e-4326-a209-8e85a48c98a5,True,False
INC-b5439d47,recsys_clickthrough,staging,2024-07-29T18:00:00,2024-07-29T19:58:00,user_report,SEV2,external_dependency,latency_spike,True,118,23,f8559aa5-ad7c-4eee-b774-32b0a11d1cf1,True,False
INC-2fe5778d,fraud_detection,staging,2024-07-29T18:00:00,2024-07-29T18:51:00,dashboard,SEV2,infra_outage,latency_spike,True,51,25,022b25b6-7665-4d4f-9feb-c6d3cbbc4aaa,True,True
INC-eee15568,recsys_clickthrough,staging,2024-07-29T20:00:00,2024-07-29T20:51:00,alerting,SEV1,infra_outage,latency_spike,True,51,29,f8559aa5-ad7c-4eee-b774-32b0a11d1cf1,False,False
INC-b3f62104,rag_qa_service,prod,2024-07-29T18:00:00,2024-07-29T21:15:00,alerting,SEV2,external_dependency,latency_spike,True,195,941,88bc8184-3e77-488e-8e51-69f1b5d1cbc4,False,False
INC-9727e3ab,fraud_detection,staging,2024-07-29T20:00:00,2024-07-29T23:45:00,dashboard,SEV1,external_dependency,latency_spike,True,225,80,022b25b6-7665-4d4f-9feb-c6d3cbbc4aaa,False,True
INC-77bb3e69,rag_qa_service,dev,2024-07-29T18:00:00,2024-07-30T00:26:00,user_report,SEV2,infra_outage,latency_spike,True,386,5,b60c4cec-4620-477e-ae96-730ce95045ff,True,False
INC-8cfd4a75,recsys_clickthrough,staging,2024-07-29T23:00:00,2024-07-30T01:59:00,alerting,SEV3,infra_outage,latency_spike,True,179,17,f8559aa5-ad7c-4eee-b774-32b0a11d1cf1,False,False
INC-c5484148,energy_forecasting,staging,2024-07-29T07:00:00,2024-07-30T05:32:00,user_report,SEV2,external_dependency,latency_spike,True,1352,1031,e8698262-7da4-4905-b1dc-5bce8dbd3118,True,False
INC-574669f7,fraud_detection,staging,2024-07-30T08:00:00,2024-07-30T11:32:00,alerting,SEV2,infra_outage,latency_spike,True,212,29,022b25b6-7665-4d4f-9feb-c6d3cbbc4aaa,False,False
INC-a681205c,rag_qa_service,prod,2024-07-30T09:00:00,2024-07-30T14:53:00,alerting,SEV2,external_dependency,latency_spike,True,353,686,88bc8184-3e77-488e-8e51-69f1b5d1cbc4,True,False
INC-15b7ad45,recsys_clickthrough,staging,2024-07-30T11:00:00,2024-07-30T13:34:00,alerting,SEV2,external_dependency,latency_spike,True,154,79,f8559aa5-ad7c-4eee-b774-32b0a11d1cf1,True,False
INC-520798b0,fraud_detection,staging,2024-07-30T12:00:00,2024-07-30T12:42:00,user_report,SEV3,external_dependency,latency_spike,True,42,37,022b25b6-7665-4d4f-9feb-c6d3cbbc4aaa,True,False
INC-05c52d52,rag_qa_service,prod,2024-07-30T13:00:00,2024-07-30T14:38:00,alerting,SEV3,infra_outage,latency_spike,True,98,172,88bc8184-3e77-488e-8e51-69f1b5d1cbc4,False,False
INC-26efbb7a,rag_qa_service,dev,2024-07-30T16:00:00,2024-07-30T16:28:00,alerting,SEV2,external_dependency,latency_spike,True,28,1,b60c4cec-4620-477e-ae96-730ce95045ff,False,False
INC-3eeed9f6,recsys_clickthrough,staging,2024-07-30T18:00:00,2024-07-31T00:58:00,user_report,SEV2,infra_outage,latency_spike,True,418,259,f8559aa5-ad7c-4eee-b774-32b0a11d1cf1,True,False
INC-c6ecc17d,rag_qa_service,dev,2024-07-30T20:00:00,2024-07-30T23:30:00,dashboard,SEV3,infra_outage,latency_spike,True,210,3,b60c4cec-4620-477e-ae96-730ce95045ff,True,False
INC-b5677c10,fraud_detection,staging,2024-07-30T17:00:00,2024-07-30T23:57:00,user_report,SEV3,infra_outage,latency_spike,True,417,157,022b25b6-7665-4d4f-9feb-c6d3cbbc4aaa,False,False
INC-c782eb27,rag_qa_service,prod,2024-07-30T22:00:00,2024-07-30T23:43:00,user_report,SEV3,infra_outage,latency_spike,True,103,266,88bc8184-3e77-488e-8e51-69f1b5d1cbc4,False,False
INC-556eb0c7,recsys_clickthrough,staging,2024-07-31T07:00:00,2024-07-31T08:17:00,dashboard,SEV2,external_dependency,latency_spike,True,77,50,f8559aa5-ad7c-4eee-b774-32b0a11d1cf1,False,True
INC-7e1118aa,rag_qa_service,dev,2024-07-31T10:00:00,2024-07-31T12:42:00,alerting,SEV3,infra_outage,latency_spike,True,162,1,b60c4cec-4620-477e-ae96-730ce95045ff,True,False
INC-3d3bdae2,recsys_clickthrough,staging,2024-07-31T09:00:00,2024-07-31T13:40:00,dashboard,SEV3,infra_outage,latency_spike,True,280,70,f8559aa5-ad7c-4eee-b774-32b0a11d1cf1,True,True
INC-4c3b440b,rag_qa_service,prod,2024-07-31T07:00:00,2024-07-31T12:25:00,alerting,SEV2,external_dependency,latency_spike,True,325,1150,88bc8184-3e77-488e-8e51-69f1b5d1cbc4,False,False
INC-db9186fe,fraud_detection,staging,2024-07-31T09:00:00,2024-07-31T14:23:00,alerting,SEV1,infra_outage,latency_spike,True,323,79,022b25b6-7665-4d4f-9feb-c6d3cbbc4aaa,False,False
INC-253082c1,recsys_clickthrough,staging,2024-07-31T13:00:00,2024-07-31T16:10:00,user_report,SEV1,infra_outage,latency_spike,True,190,55,67145f44-57bf-46c4-9a23-c0a7f2fe652a,False,False
INC-49047e02,fraud_detection,staging,2024-07-31T15:00:00,2024-07-31T15:39:00,user_report,SEV2,external_dependency,latency_spike,True,39,39,022b25b6-7665-4d4f-9feb-c6d3cbbc4aaa,False,True
INC-6f92307c,rag_qa_service,dev,2024-07-31T16:00:00,2024-07-31T19:19:00,dashboard,SEV3,external_dependency,latency_spike,True,199,2,b60c4cec-4620-477e-ae96-730ce95045ff,False,False
INC-9d70db29,recsys_clickthrough,staging,2024-07-31T18:00:00,2024-07-31T21:28:00,user_report,SEV1,external_dependency,latency_spike,True,208,272,67145f44-57bf-46c4-9a23-c0a7f2fe652a,False,False
INC-27005f87,fraud_detection,staging,2024-07-31T19:00:00,2024-08-01T00:15:00,user_report,SEV2,external_dependency,latency_spike,True,315,100,022b25b6-7665-4d4f-9feb-c6d3cbbc4aaa,False,False
INC-bb9d43bf,rag_qa_service,dev,2024-07-31T21:00:00,2024-07-31T21:20:00,dashboard,SEV3,infra_outage,latency_spike,True,20,2,b60c4cec-4620-477e-ae96-730ce95045ff,False,False
INC-8dfbf14f,rag_qa_service,prod,2024-07-31T21:00:00,2024-08-01T01:31:00,user_report,SEV2,external_dependency,latency_spike,True,271,664,88bc8184-3e77-488e-8e51-69f1b5d1cbc4,False,True
INC-00457873,recsys_clickthrough,staging,2024-07-31T22:00:00,2024-08-01T01:39:00,user_report,SEV2,external_dependency,latency_spike,True,219,76,67145f44-57bf-46c4-9a23-c0a7f2fe652a,True,True
INC-b2f9c71a,fraud_detection,dev,2024-07-31T19:00:00,2024-08-01T01:48:00,dashboard,SEV1,infra_outage,latency_spike,True,408,8,e7ad68dd-adff-4563-82d3-76fd88547ed1,False,True
INC-87b07175,energy_forecasting,staging,2024-07-30T08:00:00,2024-08-01T02:26:00,user_report,SEV1,infra_outage,latency_spike,True,2546,2748,e8698262-7da4-4905-b1dc-5bce8dbd3118,True,False
INC-c6a2757f,rag_qa_service,dev,2024-08-01T09:00:00,2024-08-01T10:09:00,alerting,SEV2,external_dependency,latency_spike,True,69,1,b60c4cec-4620-477e-ae96-730ce95045ff,False,False
INC-c8d9748d,rag_qa_service,prod,2024-08-01T09:00:00,2024-08-01T10:46:00,alerting,SEV2,infra_outage,latency_spike,True,106,586,88bc8184-3e77-488e-8e51-69f1b5d1cbc4,False,False
INC-b6018d5f,fraud_detection,staging,2024-08-01T09:00:00,2024-08-01T16:49:00,alerting,SEV3,external_dependency,latency_spike,True,469,135,022b25b6-7665-4d4f-9feb-c6d3cbbc4aaa,True,False
INC-654890af,recsys_clickthrough,staging,2024-08-01T16:00:00,2024-08-01T19:07:00,user_report,SEV1,infra_outage,latency_spike,True,187,19,67145f44-57bf-46c4-9a23-c0a7f2fe652a,True,False
INC-2fdfcdc8,recsys_clickthrough,staging,2024-08-01T18:00:00,2024-08-01T19:46:00,dashboard,SEV1,infra_outage,latency_spike,True,106,68,67145f44-57bf-46c4-9a23-c0a7f2fe652a,True,True
INC-fc10cdfd,recsys_clickthrough,staging,2024-08-01T19:00:00,2024-08-01T23:02:00,alerting,SEV2,infra_outage,latency_spike,True,242,160,67145f44-57bf-46c4-9a23-c0a7f2fe652a,True,True
INC-ee879f1c,fraud_detection,dev,2024-08-01T09:00:00,2024-08-02T01:10:00,dashboard,SEV2,infra_outage,latency_spike,True,970,31,e7ad68dd-adff-4563-82d3-76fd88547ed1,False,False
INC-5a1c4d2b,rag_qa_service,dev,2024-08-01T20:00:00,2024-08-02T00:36:00,alerting,SEV2,external_dependency,latency_spike,True,276,3,b60c4cec-4620-477e-ae96-730ce95045ff,False,False
INC-934bd261,energy_forecasting,prod,2024-08-01T21:00:00,2024-08-01T22:38:00,user_report,SEV3,external_dependency,error_spike,True,98,5421,defd5ae8-f1d2-41e1-8b97-5b79ffd77466,True,False
INC-ae2dc880,fraud_detection,staging,2024-08-01T18:00:00,2024-08-02T00:13:00,user_report,SEV3,external_dependency,latency_spike,True,373,170,022b25b6-7665-4d4f-9feb-c6d3cbbc4aaa,False,True
INC-768d56e2,fraud_detection,staging,2024-08-02T06:00:00,2024-08-02T07:51:00,dashboard,SEV2,external_dependency,latency_spike,True,111,25,022b25b6-7665-4d4f-9feb-c6d3cbbc4aaa,False,False
INC-d63bbcb8,recsys_clickthrough,staging,2024-08-02T07:00:00,2024-08-02T09:27:00,dashboard,SEV2,external_dependency,latency_spike,True,147,42,67145f44-57bf-46c4-9a23-c0a7f2fe652a,False,False
INC-07551318,rag_qa_service,dev,2024-08-02T10:00:00,2024-08-02T11:20:00,alerting,SEV3,infra_outage,latency_spike,True,80,2,b60c4cec-4620-477e-ae96-730ce95045ff,False,True
INC-b03923aa,recsys_clickthrough,staging,2024-08-02T11:00:00,2024-08-02T14:51:00,user_report,SEV2,external_dependency,latency_spike,True,231,28,67145f44-57bf-46c4-9a23-c0a7f2fe652a,True,False
INC-45d20350,energy_forecasting,prod,2024-08-02T10:00:00,2024-08-02T13:25:00,alerting,SEV3,external_dependency,latency_spike,True,205,460,defd5ae8-f1d2-41e1-8b97-5b79ffd77466,False,False
INC-2d6b0cc4,recsys_clickthrough,staging,2024-08-02T13:00:00,2024-08-02T16:22:00,dashboard,SEV3,infra_outage,latency_spike,True,202,23,67145f44-57bf-46c4-9a23-c0a7f2fe652a,False,True
INC-bd0af7d0,fraud_detection,dev,2024-08-02T07:00:00,2024-08-02T15:51:00,alerting,SEV3,external_dependency,latency_spike,True,531,18,e7ad68dd-adff-4563-82d3-76fd88547ed1,True,True
INC-420c226e,recsys_clickthrough,staging,2024-08-02T17:00:00,2024-08-02T19:48:00,alerting,SEV2,infra_outage,latency_spike,True,168,20,67145f44-57bf-46c4-9a23-c0a7f2fe652a,False,True
INC-580c33e1,rag_qa_service,dev,2024-08-02T17:00:00,2024-08-02T21:34:00,alerting,SEV3,infra_outage,latency_spike,True,274,2,b60c4cec-4620-477e-ae96-730ce95045ff,True,False
INC-e352432c,recsys_clickthrough,staging,2024-08-02T19:00:00,2024-08-02T21:37:00,user_report,SEV2,infra_outage,latency_spike,True,157,22,67145f44-57bf-46c4-9a23-c0a7f2fe652a,False,False
INC-e8ab1f06,energy_forecasting,prod,2024-08-02T21:00:00,2024-08-02T23:33:00,user_report,SEV2,infra_outage,latency_spike,True,153,54,defd5ae8-f1d2-41e1-8b97-5b79ffd77466,True,True
INC-8f109928,recsys_clickthrough,staging,2024-08-02T21:00:00,2024-08-03T00:51:00,user_report,SEV2,external_dependency,latency_spike,True,231,65,67145f44-57bf-46c4-9a23-c0a7f2fe652a,True,False
INC-9252befc,fraud_detection,dev,2024-08-02T17:00:00,2024-08-03T02:25:00,alerting,SEV2,infra_outage,latency_spike,True,565,15,e7ad68dd-adff-4563-82d3-76fd88547ed1,True,False
INC-9439ec26,recsys_clickthrough,staging,2024-08-03T06:00:00,2024-08-03T09:44:00,dashboard,SEV3,infra_outage,latency_spike,True,224,28,67145f44-57bf-46c4-9a23-c0a7f2fe652a,False,True
INC-ed558fef,recsys_clickthrough,staging,2024-08-03T09:00:00,2024-08-03T11:28:00,user_report,SEV2,infra_outage,latency_spike,True,148,96,67145f44-57bf-46c4-9a23-c0a7f2fe652a,True,True
INC-50950984,energy_forecasting,prod,2024-08-03T11:00:00,2024-08-03T17:23:00,user_report,SEV2,external_dependency,latency_spike,True,383,3072,defd5ae8-f1d2-41e1-8b97-5b79ffd77466,False,False
INC-272c2720,energy_forecasting,dev,2024-08-03T22:00:00,2024-08-04T01:58:00,user_report,SEV2,infra_outage,latency_spike,True,238,6,47813cb6-6573-411e-9208-a57a0c74870c,True,False
INC-43aa14be,energy_forecasting,prod,2024-08-03T18:00:00,2024-08-03T23:45:00,alerting,SEV2,infra_outage,latency_spike,True,345,1463,defd5ae8-f1d2-41e1-8b97-5b79ffd77466,False,True
INC-a0ed9991,fraud_detection,staging,2024-08-02T08:00:00,2024-08-03T23:43:00,alerting,SEV3,infra_outage,latency_spike,True,2383,1138,022b25b6-7665-4d4f-9feb-c6d3cbbc4aaa,True,True
INC-214163ac,fraud_detection,dev,2024-08-03T05:00:00,2024-08-04T01:39:00,user_report,SEV2,config_error,error_spike,True,1239,44,e7ad68dd-adff-4563-82d3-76fd88547ed1,False,False
INC-b1461f98,recsys_clickthrough,staging,2024-08-03T18:00:00,2024-08-04T00:33:00,dashboard,SEV3,infra_outage,latency_spike,True,393,196,67145f44-57bf-46c4-9a23-c0a7f2fe652a,False,False
INC-a10c09d9,fraud_detection,dev,2024-08-04T04:00:00,2024-08-04T07:11:00,user_report,SEV2,infra_outage,latency_spike,True,191,1,e7ad68dd-adff-4563-82d3-76fd88547ed1,True,True
INC-16f104e6,fraud_detection,staging,2024-08-04T07:00:00,2024-08-04T10:18:00,dashboard,SEV1,external_dependency,latency_spike,True,198,66,022b25b6-7665-4d4f-9feb-c6d3cbbc4aaa,True,False
INC-e8d7c155,recsys_clickthrough,staging,2024-08-04T05:00:00,2024-08-04T11:06:00,dashboard,SEV2,data_drift,metric_degradation,True,366,96,67145f44-57bf-46c4-9a23-c0a7f2fe652a,False,True
INC-a3addc7a,recsys_clickthrough,staging,2024-08-04T10:00:00,2024-08-04T12:43:00,dashboard,SEV2,external_dependency,latency_spike,True,163,30,67145f44-57bf-46c4-9a23-c0a7f2fe652a,True,False
INC-a468a28c,fraud_detection,staging,2024-08-04T11:00:00,2024-08-04T14:23:00,alerting,SEV1,infra_outage,latency_spike,True,203,112,022b25b6-7665-4d4f-9feb-c6d3cbbc4aaa,False,False
INC-2fe150ea,energy_forecasting,prod,2024-08-04T15:00:00,2024-08-05T02:05:00,alerting,SEV1,infra_outage,latency_spike,True,665,2630,defd5ae8-f1d2-41e1-8b97-5b79ffd77466,True,False
INC-39aebe46,recsys_clickthrough,staging,2024-08-04T15:00:00,2024-08-05T03:58:00,dashboard,SEV2,infra_outage,latency_spike,True,778,271,67145f44-57bf-46c4-9a23-c0a7f2fe652a,False,False
INC-19ff90b6,fraud_detection,dev,2024-08-04T07:00:00,2024-08-05T03:43:00,alerting,SEV1,external_dependency,latency_spike,True,1243,85,e7ad68dd-adff-4563-82d3-76fd88547ed1,False,False
INC-0864f1bd,fraud_detection,dev,2024-08-05T03:00:00,2024-08-05T03:18:00,alerting,SEV2,infra_outage,latency_spike,True,18,1,e7ad68dd-adff-4563-82d3-76fd88547ed1,False,False
INC-51b76942,rag_qa_service,prod,2024-08-01T17:00:00,2024-08-05T05:55:00,user_report,SEV2,data_drift,metric_degradation,True,5095,26753,88bc8184-3e77-488e-8e51-69f1b5d1cbc4,True,True
INC-465a2c38,energy_forecasting,dev,2024-08-05T06:00:00,2024-08-05T09:52:00,alerting,SEV2,infra_outage,latency_spike,True,232,11,47813cb6-6573-411e-9208-a57a0c74870c,True,True
INC-58433b1d,energy_forecasting,dev,2024-08-05T10:00:00,2024-08-05T12:44:00,alerting,SEV2,infra_outage,latency_spike,True,164,10,47813cb6-6573-411e-9208-a57a0c74870c,True,True
INC-fbdc6685,fraud_detection,dev,2024-08-05T06:00:00,2024-08-06T01:25:00,alerting,SEV3,infra_outage,latency_spike,True,1165,39,e7ad68dd-adff-4563-82d3-76fd88547ed1,False,False
INC-f7711d18,fraud_detection,dev,2024-08-06T02:00:00,2024-08-06T06:37:00,dashboard,SEV2,external_dependency,latency_spike,True,277,2,e7ad68dd-adff-4563-82d3-76fd88547ed1,False,True
INC-5faf1ca3,energy_forecasting,dev,2024-08-06T21:00:00,2024-08-07T00:45:00,alerting,SEV3,infra_outage,latency_spike,True,225,15,47813cb6-6573-411e-9208-a57a0c74870c,True,False
INC-69d47db9,fraud_detection,dev,2024-08-06T06:00:00,2024-08-07T00:47:00,dashboard,SEV3,infra_outage,latency_spike,True,1127,44,e7ad68dd-adff-4563-82d3-76fd88547ed1,False,True
INC-5343e4f3,fraud_detection,dev,2024-08-07T06:00:00,2024-08-08T01:45:00,dashboard,SEV2,external_dependency,latency_spike,True,1185,52,e7ad68dd-adff-4563-82d3-76fd88547ed1,True,False
INC-2838692e,fraud_detection,dev,2024-08-08T05:00:00,2024-08-09T00:17:00,dashboard,SEV2,external_dependency,latency_spike,True,1157,55,e7ad68dd-adff-4563-82d3-76fd88547ed1,True,False
INC-fdea0361,fraud_detection,dev,2024-08-09T02:00:00,2024-08-10T02:43:00,user_report,SEV2,infra_outage,latency_spike,True,1483,65,e7ad68dd-adff-4563-82d3-76fd88547ed1,True,False
INC-fcad7124,energy_forecasting,staging,2024-08-01T03:00:00,2024-08-03T16:45:00,user_report,SEV3,external_dependency,latency_spike,True,3705,2881,e8698262-7da4-4905-b1dc-5bce8dbd3118,True,False
INC-a64415ba,energy_forecasting,staging,2024-08-10T10:00:00,2024-08-10T13:47:00,alerting,SEV2,infra_outage,latency_spike,True,227,39,9f510919-7edb-4bd9-8fd2-cc344d5ac769,False,False
INC-7f84b516,energy_forecasting,dev,2024-08-10T23:00:00,2024-08-10T23:47:00,dashboard,SEV3,infra_outage,latency_spike,True,47,76,47813cb6-6573-411e-9208-a57a0c74870c,True,False
INC-68e98476,energy_forecasting,staging,2024-08-10T16:00:00,2024-08-10T23:37:00,dashboard,SEV3,external_dependency,latency_spike,True,457,142,9f510919-7edb-4bd9-8fd2-cc344d5ac769,False,False
INC-8e19e75d,energy_forecasting,dev,2024-08-11T07:00:00,2024-08-11T10:42:00,alerting,SEV3,infra_outage,latency_spike,True,222,1,90df08ec-d158-4e24-96c2-4693585184ae,False,False
INC-370eda7d,energy_forecasting,dev,2024-08-11T08:00:00,2024-08-11T11:44:00,alerting,SEV2,external_dependency,latency_spike,True,224,13,90df08ec-d158-4e24-96c2-4693585184ae,False,False
INC-61e60b58,energy_forecasting,dev,2024-08-11T11:00:00,2024-08-11T15:54:00,alerting,SEV2,external_dependency,latency_spike,True,294,13,90df08ec-d158-4e24-96c2-4693585184ae,False,True
INC-124a15a6,energy_forecasting,staging,2024-08-11T09:00:00,2024-08-11T16:59:00,user_report,SEV2,infra_outage,latency_spike,True,479,42,9f510919-7edb-4bd9-8fd2-cc344d5ac769,False,False
INC-216307cb,energy_forecasting,dev,2024-08-11T13:00:00,2024-08-11T14:58:00,user_report,SEV1,infra_outage,latency_spike,True,118,12,90df08ec-d158-4e24-96c2-4693585184ae,True,False
INC-a4c0a169,energy_forecasting,dev,2024-08-11T15:00:00,2024-08-11T16:54:00,user_report,SEV3,external_dependency,latency_spike,True,114,2,90df08ec-d158-4e24-96c2-4693585184ae,True,True
INC-8290a383,energy_forecasting,dev,2024-08-11T16:00:00,2024-08-11T17:59:00,alerting,SEV3,infra_outage,latency_spike,True,119,1,90df08ec-d158-4e24-96c2-4693585184ae,True,False
INC-3d3e75d0,energy_forecasting,dev,2024-08-11T18:00:00,2024-08-11T22:50:00,alerting,SEV3,external_dependency,latency_spike,True,290,27,90df08ec-d158-4e24-96c2-4693585184ae,False,False
INC-b903a99c,rag_qa_service,staging,2024-07-04T03:00:00,2024-07-05T00:58:00,alerting,SEV3,infra_outage,latency_spike,True,1318,242,554bbb59-4a1d-44a1-bb39-dbc878437d51,True,True
INC-c637b1e1,energy_forecasting,dev,2024-08-11T22:00:00,2024-08-12T01:43:00,dashboard,SEV2,external_dependency,latency_spike,True,223,12,90df08ec-d158-4e24-96c2-4693585184ae,True,False
INC-474f327d,energy_forecasting,staging,2024-08-11T18:00:00,2024-08-12T02:43:00,dashboard,SEV2,infra_outage,latency_spike,True,523,122,9f510919-7edb-4bd9-8fd2-cc344d5ac769,False,False
INC-fe084349,energy_forecasting,dev,2024-08-12T01:00:00,2024-08-12T03:32:00,alerting,SEV2,external_dependency,latency_spike,True,152,2,90df08ec-d158-4e24-96c2-4693585184ae,True,True
INC-efbfde48,energy_forecasting,dev,2024-08-12T06:00:00,2024-08-12T08:39:00,user_report,SEV3,infra_outage,latency_spike,True,159,2,90df08ec-d158-4e24-96c2-4693585184ae,True,True
INC-d59ff6a9,energy_forecasting,dev,2024-08-12T07:00:00,2024-08-12T10:45:00,dashboard,SEV1,external_dependency,latency_spike,True,225,4,90df08ec-d158-4e24-96c2-4693585184ae,True,False
INC-1f696617,energy_forecasting,dev,2024-08-12T09:00:00,2024-08-12T11:15:00,alerting,SEV2,external_dependency,latency_spike,True,135,1,90df08ec-d158-4e24-96c2-4693585184ae,True,False
INC-e01c9f87,rag_qa_service,staging,2024-08-12T08:00:00,2024-08-12T08:17:00,user_report,SEV2,infra_outage,latency_spike,True,17,11,65a42b0d-f771-43cd-9fce-466cd00e59bf,True,False
INC-76fdae8b,energy_forecasting,staging,2024-08-12T08:00:00,2024-08-12T10:25:00,user_report,SEV2,infra_outage,latency_spike,True,145,48,9f510919-7edb-4bd9-8fd2-cc344d5ac769,False,False
INC-5d7b811f,energy_forecasting,dev,2024-08-12T10:00:00,2024-08-12T13:14:00,alerting,SEV2,external_dependency,latency_spike,True,194,12,90df08ec-d158-4e24-96c2-4693585184ae,True,False
INC-63b44df1,energy_forecasting,dev,2024-08-12T12:00:00,2024-08-12T13:45:00,user_report,SEV2,infra_outage,latency_spike,True,105,1,90df08ec-d158-4e24-96c2-4693585184ae,True,False
INC-0ef3041d,energy_forecasting,dev,2024-08-12T15:00:00,2024-08-12T16:14:00,user_report,SEV2,external_dependency,latency_spike,True,74,2,90df08ec-d158-4e24-96c2-4693585184ae,True,False
INC-27b739ea,energy_forecasting,dev,2024-08-12T16:00:00,2024-08-12T18:27:00,user_report,SEV3,external_dependency,latency_spike,True,147,2,90df08ec-d158-4e24-96c2-4693585184ae,False,False
INC-d61396af,energy_forecasting,staging,2024-08-12T13:00:00,2024-08-12T18:59:00,dashboard,SEV2,infra_outage,latency_spike,True,359,87,9f510919-7edb-4bd9-8fd2-cc344d5ac769,True,True
INC-62386513,fraud_detection,prod,2024-07-27T05:00:00,2024-07-27T21:16:00,user_report,SEV2,infra_outage,latency_spike,True,976,2166,53dd1010-56e6-4492-9634-a15ce2531741,False,False
INC-5997b95a,energy_forecasting,dev,2024-08-12T20:00:00,2024-08-12T22:49:00,dashboard,SEV2,infra_outage,latency_spike,True,169,1,90df08ec-d158-4e24-96c2-4693585184ae,True,False
INC-ae9dbed1,rag_qa_service,staging,2024-08-12T20:00:00,2024-08-12T22:27:00,user_report,SEV2,external_dependency,latency_spike,True,147,7,65a42b0d-f771-43cd-9fce-466cd00e59bf,True,False
INC-89218881,rag_qa_service,staging,2024-08-12T22:00:00,2024-08-13T01:51:00,dashboard,SEV2,external_dependency,latency_spike,True,231,7,65a42b0d-f771-43cd-9fce-466cd00e59bf,True,True
INC-ea3611b8,energy_forecasting,staging,2024-08-12T18:00:00,2024-08-13T02:22:00,user_report,SEV2,external_dependency,latency_spike,True,502,133,9f510919-7edb-4bd9-8fd2-cc344d5ac769,False,False
INC-dd0d494f,energy_forecasting,dev,2024-08-13T06:00:00,2024-08-13T09:59:00,alerting,SEV2,external_dependency,latency_spike,True,239,2,90df08ec-d158-4e24-96c2-4693585184ae,False,False
INC-c8114612,energy_forecasting,dev,2024-08-13T08:00:00,2024-08-13T08:56:00,user_report,SEV3,infra_outage,latency_spike,True,56,3,90df08ec-d158-4e24-96c2-4693585184ae,False,True
INC-21670abc,energy_forecasting,dev,2024-08-13T09:00:00,2024-08-13T09:40:00,alerting,SEV2,infra_outage,latency_spike,True,40,3,90df08ec-d158-4e24-96c2-4693585184ae,True,False
INC-93e95229,energy_forecasting,dev,2024-08-13T10:00:00,2024-08-13T10:16:00,alerting,SEV1,external_dependency,latency_spike,True,16,4,90df08ec-d158-4e24-96c2-4693585184ae,True,False
INC-dcc1a836,energy_forecasting,staging,2024-08-13T10:00:00,2024-08-13T12:21:00,user_report,SEV2,external_dependency,latency_spike,True,141,4,9f510919-7edb-4bd9-8fd2-cc344d5ac769,True,False
INC-42b240a7,energy_forecasting,dev,2024-08-13T11:00:00,2024-08-13T13:49:00,dashboard,SEV2,infra_outage,latency_spike,True,169,3,90df08ec-d158-4e24-96c2-4693585184ae,False,True
INC-e69afbf9,energy_forecasting,staging,2024-08-13T12:00:00,2024-08-13T15:06:00,user_report,SEV2,infra_outage,latency_spike,True,186,24,9f510919-7edb-4bd9-8fd2-cc344d5ac769,False,False
INC-5552c08a,energy_forecasting,dev,2024-08-13T13:00:00,2024-08-13T14:18:00,dashboard,SEV1,infra_outage,latency_spike,True,78,5,90df08ec-d158-4e24-96c2-4693585184ae,True,False
INC-0412bce2,energy_forecasting,dev,2024-08-13T16:00:00,2024-08-13T18:39:00,user_report,SEV3,external_dependency,latency_spike,True,159,2,90df08ec-d158-4e24-96c2-4693585184ae,True,False
INC-26582acd,energy_forecasting,dev,2024-08-13T18:00:00,2024-08-13T19:19:00,user_report,SEV3,external_dependency,latency_spike,True,79,1,90df08ec-d158-4e24-96c2-4693585184ae,False,True
INC-d768c52d,energy_forecasting,dev,2024-08-13T19:00:00,2024-08-13T19:50:00,dashboard,SEV2,infra_outage,latency_spike,True,50,2,90df08ec-d158-4e24-96c2-4693585184ae,False,True
INC-41ce2bf7,energy_forecasting,dev,2024-08-13T20:00:00,2024-08-13T22:36:00,alerting,SEV2,infra_outage,latency_spike,True,156,3,90df08ec-d158-4e24-96c2-4693585184ae,False,True
INC-e0905533,rag_qa_service,staging,2024-08-13T21:00:00,2024-08-13T23:01:00,alerting,SEV3,infra_outage,latency_spike,True,121,9,65a42b0d-f771-43cd-9fce-466cd00e59bf,True,True
INC-2166cc6d,energy_forecasting,dev,2024-08-13T22:00:00,2024-08-14T01:07:00,user_report,SEV2,infra_outage,latency_spike,True,187,4,90df08ec-d158-4e24-96c2-4693585184ae,True,False
INC-bfee6227,energy_forecasting,staging,2024-08-13T17:00:00,2024-08-13T22:54:00,alerting,SEV2,external_dependency,latency_spike,True,354,144,9f510919-7edb-4bd9-8fd2-cc344d5ac769,True,True
INC-a4d719a9,fraud_detection,prod,2024-08-13T19:00:00,2024-08-14T02:37:00,user_report,SEV2,infra_outage,latency_spike,True,457,310,2e988432-f215-4fc8-8d22-7d4848ed2ca1,False,False
INC-9ee192fb,energy_forecasting,dev,2024-08-14T00:00:00,2024-08-14T01:16:00,alerting,SEV2,external_dependency,latency_spike,True,76,0,90df08ec-d158-4e24-96c2-4693585184ae,False,False
INC-4790de26,energy_forecasting,dev,2024-08-14T07:00:00,2024-08-14T07:47:00,user_report,SEV3,external_dependency,latency_spike,True,47,2,90df08ec-d158-4e24-96c2-4693585184ae,False,True
INC-06023e48,energy_forecasting,dev,2024-08-14T09:00:00,2024-08-14T11:27:00,dashboard,SEV2,infra_outage,latency_spike,True,147,6,90df08ec-d158-4e24-96c2-4693585184ae,False,False
INC-f91cc395,energy_forecasting,dev,2024-08-14T11:00:00,2024-08-14T11:34:00,dashboard,SEV3,external_dependency,latency_spike,True,34,3,90df08ec-d158-4e24-96c2-4693585184ae,True,False
INC-2430a2a6,fraud_detection,prod,2024-08-14T08:00:00,2024-08-14T14:35:00,dashboard,SEV2,infra_outage,latency_spike,True,395,184,2e988432-f215-4fc8-8d22-7d4848ed2ca1,True,True
INC-a288d6b4,rag_qa_service,staging,2024-08-14T11:00:00,2024-08-14T12:20:00,dashboard,SEV2,infra_outage,latency_spike,True,80,10,65a42b0d-f771-43cd-9fce-466cd00e59bf,True,True
INC-a324019e,energy_forecasting,dev,2024-08-14T12:00:00,2024-08-14T15:17:00,alerting,SEV3,infra_outage,latency_spike,True,197,5,90df08ec-d158-4e24-96c2-4693585184ae,True,False
INC-c000bc03,energy_forecasting,dev,2024-08-14T15:00:00,2024-08-14T18:23:00,user_report,SEV3,infra_outage,latency_spike,True,203,3,90df08ec-d158-4e24-96c2-4693585184ae,True,False
INC-d92daa73,energy_forecasting,dev,2024-08-14T16:00:00,2024-08-14T16:31:00,user_report,SEV2,infra_outage,latency_spike,True,31,3,90df08ec-d158-4e24-96c2-4693585184ae,True,True
INC-98c738da,fraud_detection,prod,2024-08-14T14:00:00,2024-08-14T16:15:00,dashboard,SEV2,infra_outage,latency_spike,True,135,104,2e988432-f215-4fc8-8d22-7d4848ed2ca1,True,True
INC-ddc77eb3,energy_forecasting,staging,2024-08-14T07:00:00,2024-08-14T16:35:00,dashboard,SEV1,infra_outage,latency_spike,True,575,239,9f510919-7edb-4bd9-8fd2-cc344d5ac769,False,False
INC-ef0cdfb2,energy_forecasting,dev,2024-08-14T17:00:00,2024-08-14T18:37:00,user_report,SEV3,infra_outage,latency_spike,True,97,3,90df08ec-d158-4e24-96c2-4693585184ae,False,False
INC-508cdffe,rag_qa_service,staging,2024-08-14T18:00:00,2024-08-14T21:07:00,alerting,SEV2,infra_outage,latency_spike,True,187,13,65a42b0d-f771-43cd-9fce-466cd00e59bf,True,True
INC-947346c7,energy_forecasting,dev,2024-08-14T19:00:00,2024-08-14T21:31:00,dashboard,SEV2,infra_outage,latency_spike,True,151,6,90df08ec-d158-4e24-96c2-4693585184ae,False,True
INC-e460963f,rag_qa_service,staging,2024-08-14T20:00:00,2024-08-14T21:13:00,dashboard,SEV1,infra_outage,latency_spike,True,73,7,65a42b0d-f771-43cd-9fce-466cd00e59bf,False,False
INC-181f6e29,energy_forecasting,dev,2024-08-14T21:00:00,2024-08-14T22:29:00,user_report,SEV2,infra_outage,latency_spike,True,89,4,90df08ec-d158-4e24-96c2-4693585184ae,False,False
INC-6fd9c653,fraud_detection,prod,2024-08-14T18:00:00,2024-08-14T22:25:00,user_report,SEV3,external_dependency,latency_spike,True,265,602,2e988432-f215-4fc8-8d22-7d4848ed2ca1,False,False
INC-156d860f,energy_forecasting,staging,2024-08-14T18:00:00,2024-08-14T22:19:00,dashboard,SEV3,infra_outage,latency_spike,True,259,136,9f510919-7edb-4bd9-8fd2-cc344d5ac769,False,True
INC-c62ad6cb,energy_forecasting,dev,2024-08-15T06:00:00,2024-08-15T09:28:00,alerting,SEV2,external_dependency,latency_spike,True,208,1,90df08ec-d158-4e24-96c2-4693585184ae,False,False
INC-4073af05,energy_forecasting,dev,2024-08-15T08:00:00,2024-08-15T08:28:00,alerting,SEV3,external_dependency,latency_spike,True,28,3,90df08ec-d158-4e24-96c2-4693585184ae,False,True
INC-ae2e876e,energy_forecasting,dev,2024-08-15T09:00:00,2024-08-15T11:46:00,dashboard,SEV3,external_dependency,latency_spike,True,166,1,90df08ec-d158-4e24-96c2-4693585184ae,True,True
INC-e7609102,energy_forecasting,dev,2024-08-15T11:00:00,2024-08-15T12:50:00,alerting,SEV2,infra_outage,latency_spike,True,110,2,90df08ec-d158-4e24-96c2-4693585184ae,False,False
INC-01286a16,energy_forecasting,dev,2024-08-15T13:00:00,2024-08-15T14:26:00,user_report,SEV1,infra_outage,latency_spike,True,86,5,90df08ec-d158-4e24-96c2-4693585184ae,False,True
INC-f15401b1,fraud_detection,prod,2024-08-15T07:00:00,2024-08-15T17:10:00,dashboard,SEV2,external_dependency,latency_spike,True,610,428,2e988432-f215-4fc8-8d22-7d4848ed2ca1,True,True
INC-69a7fed4,energy_forecasting,dev,2024-08-15T15:00:00,2024-08-15T18:22:00,alerting,SEV2,infra_outage,latency_spike,True,202,2,90df08ec-d158-4e24-96c2-4693585184ae,True,False
INC-1c2f20e7,energy_forecasting,staging,2024-08-15T06:00:00,2024-08-15T19:42:00,alerting,SEV2,infra_outage,latency_spike,True,822,237,9f510919-7edb-4bd9-8fd2-cc344d5ac769,False,False
INC-65a51c17,rag_qa_service,staging,2024-08-15T22:00:00,2024-08-16T01:45:00,user_report,SEV3,infra_outage,latency_spike,True,225,13,65a42b0d-f771-43cd-9fce-466cd00e59bf,False,True
INC-f21f1cf2,fraud_detection,prod,2024-08-15T17:00:00,2024-08-16T02:39:00,dashboard,SEV3,external_dependency,latency_spike,True,579,490,2e988432-f215-4fc8-8d22-7d4848ed2ca1,False,True
INC-e686d054,energy_forecasting,staging,2024-08-15T18:00:00,2024-08-16T02:35:00,alerting,SEV3,infra_outage,latency_spike,True,515,168,9f510919-7edb-4bd9-8fd2-cc344d5ac769,False,True
INC-4c6da4ec,energy_forecasting,dev,2024-08-15T22:00:00,2024-08-16T00:45:00,alerting,SEV1,infra_outage,latency_spike,True,165,6,90df08ec-d158-4e24-96c2-4693585184ae,False,False
INC-86ed0f33,energy_forecasting,dev,2024-08-16T04:00:00,2024-08-16T05:09:00,alerting,SEV3,infra_outage,latency_spike,True,69,2,90df08ec-d158-4e24-96c2-4693585184ae,True,True
INC-b1a18653,rag_qa_service,staging,2024-08-16T07:00:00,2024-08-16T08:04:00,user_report,SEV3,external_dependency,latency_spike,True,64,11,65a42b0d-f771-43cd-9fce-466cd00e59bf,True,False
INC-f77b61ca,recsys_clickthrough,dev,2024-07-19T15:00:00,2024-07-23T17:23:00,dashboard,SEV1,data_pipeline_failure,metric_degradation,True,5903,1162,d0c1133e-ed0f-43da-98cf-36670f1bcbca,True,False
INC-d92e92ee,recsys_clickthrough,dev,2024-08-16T18:00:00,2024-08-16T23:27:00,user_report,SEV3,config_error,error_spike,True,327,139,d40360fe-7009-4327-b26c-fd4aacaba5fc,False,False
INC-c34037d8,energy_forecasting,staging,2024-08-16T17:00:00,2024-08-16T23:55:00,user_report,SEV1,infra_outage,latency_spike,True,415,168,9f510919-7edb-4bd9-8fd2-cc344d5ac769,False,False
INC-d6fc9c32,energy_forecasting,dev,2024-08-16T07:00:00,2024-08-17T01:50:00,alerting,SEV2,external_dependency,latency_spike,True,1130,40,90df08ec-d158-4e24-96c2-4693585184ae,True,False
INC-cacc7c2f,energy_forecasting,dev,2024-08-17T02:00:00,2024-08-17T03:57:00,dashboard,SEV2,external_dependency,latency_spike,True,117,1,90df08ec-d158-4e24-96c2-4693585184ae,True,False
INC-de36a7a8,recsys_clickthrough,dev,2024-08-17T07:00:00,2024-08-17T13:17:00,user_report,SEV1,external_dependency,latency_spike,True,377,20,d40360fe-7009-4327-b26c-fd4aacaba5fc,True,False
INC-9068ae2e,energy_forecasting,prod,2024-08-05T06:00:00,2024-08-05T12:59:00,dashboard,SEV2,infra_outage,latency_spike,True,419,1511,defd5ae8-f1d2-41e1-8b97-5b79ffd77466,True,True
INC-aad60fc8,energy_forecasting,dev,2024-08-17T06:00:00,2024-08-18T01:38:00,user_report,SEV3,external_dependency,latency_spike,True,1178,62,90df08ec-d158-4e24-96c2-4693585184ae,True,False
INC-b34f8194,recsys_clickthrough,dev,2024-08-17T15:00:00,2024-08-18T00:57:00,user_report,SEV2,external_dependency,latency_spike,True,597,41,d40360fe-7009-4327-b26c-fd4aacaba5fc,True,False
INC-cdbc7c04,energy_forecasting,dev,2024-08-18T02:00:00,2024-08-18T05:59:00,user_report,SEV1,external_dependency,latency_spike,True,239,1,90df08ec-d158-4e24-96c2-4693585184ae,False,True
INC-c3906f4c,energy_forecasting,prod,2024-08-18T03:00:00,2024-08-18T04:29:00,user_report,SEV3,external_dependency,latency_spike,True,89,107,c494ee51-c94c-4bf3-bd42-b0656c2bad68,True,True
INC-a3260c8e,energy_forecasting,dev,2024-08-18T06:00:00,2024-08-18T08:31:00,user_report,SEV2,infra_outage,latency_spike,True,151,10,90df08ec-d158-4e24-96c2-4693585184ae,True,False
INC-4f744633,energy_forecasting,dev,2024-08-18T08:00:00,2024-08-18T15:29:00,dashboard,SEV1,external_dependency,latency_spike,True,449,59,90df08ec-d158-4e24-96c2-4693585184ae,False,False
INC-48d0c615,recsys_clickthrough,dev,2024-08-18T06:00:00,2024-08-18T15:51:00,dashboard,SEV3,infra_outage,latency_spike,True,591,44,d40360fe-7009-4327-b26c-fd4aacaba5fc,False,False
INC-d24a8e74,energy_forecasting,dev,2024-08-18T15:00:00,2024-08-18T20:35:00,alerting,SEV3,infra_outage,latency_spike,True,335,15,90df08ec-d158-4e24-96c2-4693585184ae,True,False
INC-ead88a6e,energy_forecasting,prod,2024-08-18T08:00:00,2024-08-19T00:37:00,user_report,SEV3,infra_outage,latency_spike,True,997,2687,c494ee51-c94c-4bf3-bd42-b0656c2bad68,True,False
INC-0e7d51cf,energy_forecasting,dev,2024-08-18T18:00:00,2024-08-19T02:17:00,alerting,SEV2,infra_outage,latency_spike,True,497,68,1f0c2400-3b17-40d3-bdea-d02fecde5554,False,True
INC-b411d30c,recsys_clickthrough,dev,2024-08-18T18:00:00,2024-08-19T02:30:00,alerting,SEV2,external_dependency,latency_spike,True,510,30,d40360fe-7009-4327-b26c-fd4aacaba5fc,False,False
INC-e4d641cd,energy_forecasting,dev,2024-08-19T01:00:00,2024-08-19T01:31:00,alerting,SEV2,data_drift,metric_degradation,True,31,1,90df08ec-d158-4e24-96c2-4693585184ae,True,False
INC-4e5065c6,energy_forecasting,dev,2024-08-19T02:00:00,2024-08-19T05:30:00,dashboard,SEV2,external_dependency,latency_spike,True,210,2,90df08ec-d158-4e24-96c2-4693585184ae,True,False
INC-735fc797,energy_forecasting,dev,2024-08-19T03:00:00,2024-08-19T04:34:00,dashboard,SEV3,infra_outage,latency_spike,True,94,2,90df08ec-d158-4e24-96c2-4693585184ae,False,True
INC-029bf7fa,energy_forecasting,dev,2024-08-19T04:00:00,2024-08-19T06:56:00,alerting,SEV3,data_drift,metric_degradation,True,176,0,90df08ec-d158-4e24-96c2-4693585184ae,False,False
INC-7caba771,energy_forecasting,prod,2024-08-19T06:00:00,2024-08-19T07:22:00,alerting,SEV3,external_dependency,latency_spike,True,82,0,c494ee51-c94c-4bf3-bd42-b0656c2bad68,False,False
INC-9f706351,energy_forecasting,prod,2024-08-19T08:00:00,2024-08-19T11:56:00,alerting,SEV2,infra_outage,latency_spike,True,236,221,c494ee51-c94c-4bf3-bd42-b0656c2bad68,True,False
INC-46621331,recsys_clickthrough,dev,2024-08-19T06:00:00,2024-08-19T13:23:00,alerting,SEV3,external_dependency,latency_spike,True,443,35,d40360fe-7009-4327-b26c-fd4aacaba5fc,False,False
INC-b19341bf,energy_forecasting,dev,2024-08-19T06:00:00,2024-08-19T16:43:00,user_report,SEV2,infra_outage,latency_spike,True,643,73,1f0c2400-3b17-40d3-bdea-d02fecde5554,False,False
INC-e5da8195,energy_forecasting,dev,2024-08-19T19:00:00,2024-08-19T23:29:00,dashboard,SEV2,external_dependency,latency_spike,True,269,43,1f0c2400-3b17-40d3-bdea-d02fecde5554,True,False
INC-d48c5fb1,recsys_clickthrough,dev,2024-08-19T16:00:00,2024-08-20T01:19:00,dashboard,SEV3,infra_outage,latency_spike,True,559,51,d40360fe-7009-4327-b26c-fd4aacaba5fc,True,True
INC-0c31be50,energy_forecasting,prod,2024-08-19T11:00:00,2024-08-20T03:21:00,dashboard,SEV3,infra_outage,latency_spike,True,981,2547,c494ee51-c94c-4bf3-bd42-b0656c2bad68,False,False
INC-5b6a748f,energy_forecasting,prod,2024-08-20T03:00:00,2024-08-20T05:23:00,user_report,SEV3,external_dependency,latency_spike,True,143,34,c494ee51-c94c-4bf3-bd42-b0656c2bad68,False,False
INC-a0927c45,recsys_clickthrough,dev,2024-08-20T06:00:00,2024-08-20T14:37:00,alerting,SEV2,external_dependency,latency_spike,True,517,32,d40360fe-7009-4327-b26c-fd4aacaba5fc,True,True
INC-99b8fd35,recsys_clickthrough,dev,2024-08-20T13:00:00,2024-08-20T14:26:00,alerting,SEV2,external_dependency,latency_spike,True,86,6,d40360fe-7009-4327-b26c-fd4aacaba5fc,False,True
INC-fefca1c9,energy_forecasting,dev,2024-08-20T08:00:00,2024-08-20T16:00:00,user_report,SEV1,external_dependency,latency_spike,True,480,59,1f0c2400-3b17-40d3-bdea-d02fecde5554,False,True
INC-7465ad77,energy_forecasting,dev,2024-08-20T18:00:00,2024-08-21T00:25:00,alerting,SEV2,infra_outage,latency_spike,True,385,47,1f0c2400-3b17-40d3-bdea-d02fecde5554,False,True
INC-7965601d,energy_forecasting,prod,2024-08-20T05:00:00,2024-08-20T23:29:00,user_report,SEV2,infra_outage,latency_spike,True,1109,3204,c494ee51-c94c-4bf3-bd42-b0656c2bad68,False,False
INC-688e1331,recsys_clickthrough,dev,2024-08-20T19:00:00,2024-08-21T00:50:00,alerting,SEV2,infra_outage,latency_spike,True,350,28,d40360fe-7009-4327-b26c-fd4aacaba5fc,False,False
INC-83d981e7,energy_forecasting,prod,2024-08-21T01:00:00,2024-08-21T03:25:00,dashboard,SEV2,infra_outage,latency_spike,True,145,75,c494ee51-c94c-4bf3-bd42-b0656c2bad68,True,False
INC-f8d34820,energy_forecasting,dev,2024-08-21T07:00:00,2024-08-21T16:11:00,alerting,SEV3,infra_outage,latency_spike,True,551,75,1f0c2400-3b17-40d3-bdea-d02fecde5554,True,False
INC-d85bc42a,energy_forecasting,dev,2024-08-21T16:00:00,2024-08-21T17:51:00,alerting,SEV2,infra_outage,latency_spike,True,111,8,1f0c2400-3b17-40d3-bdea-d02fecde5554,True,False
INC-c4c6fa79,recsys_clickthrough,dev,2024-08-21T05:00:00,2024-08-21T17:58:00,user_report,SEV2,infra_outage,latency_spike,True,778,64,d40360fe-7009-4327-b26c-fd4aacaba5fc,True,False
INC-fbbf3653,recsys_clickthrough,dev,2024-08-21T18:00:00,2024-08-21T22:30:00,dashboard,SEV3,infra_outage,latency_spike,True,270,13,d40360fe-7009-4327-b26c-fd4aacaba5fc,False,False
INC-0ab6fc71,recsys_clickthrough,dev,2024-08-21T20:00:00,2024-08-21T23:06:00,user_report,SEV2,external_dependency,latency_spike,True,186,6,d40360fe-7009-4327-b26c-fd4aacaba5fc,False,False
INC-548b675c,energy_forecasting,dev,2024-08-21T20:00:00,2024-08-22T00:38:00,alerting,SEV2,infra_outage,latency_spike,True,278,24,1f0c2400-3b17-40d3-bdea-d02fecde5554,True,False
INC-c95b5848,recsys_clickthrough,dev,2024-08-21T21:00:00,2024-08-22T01:49:00,user_report,SEV3,infra_outage,latency_spike,True,289,21,d40360fe-7009-4327-b26c-fd4aacaba5fc,True,True
INC-cdf45869,recsys_clickthrough,dev,2024-08-22T06:00:00,2024-08-22T09:09:00,alerting,SEV1,infra_outage,latency_spike,True,189,64,d40360fe-7009-4327-b26c-fd4aacaba5fc,True,True
INC-b78e7aba,recsys_clickthrough,dev,2024-08-22T08:00:00,2024-08-22T09:17:00,dashboard,SEV2,external_dependency,latency_spike,True,77,7,d40360fe-7009-4327-b26c-fd4aacaba5fc,True,True
INC-c7087a89,energy_forecasting,dev,2024-08-22T08:00:00,2024-08-22T11:11:00,alerting,SEV3,infra_outage,latency_spike,True,191,10,1f0c2400-3b17-40d3-bdea-d02fecde5554,False,True
INC-18242828,recsys_clickthrough,dev,2024-08-22T09:00:00,2024-08-22T10:37:00,dashboard,SEV2,external_dependency,latency_spike,True,97,22,2a3b09f4-d5ac-4ebd-9c6f-e20b6bdbe6ce,False,True
INC-f037b41a,recsys_clickthrough,dev,2024-08-22T12:00:00,2024-08-22T15:44:00,dashboard,SEV1,infra_outage,latency_spike,True,224,6,d40360fe-7009-4327-b26c-fd4aacaba5fc,False,False
INC-2b129748,energy_forecasting,dev,2024-08-22T10:00:00,2024-08-22T13:56:00,dashboard,SEV2,infra_outage,latency_spike,True,236,41,1f0c2400-3b17-40d3-bdea-d02fecde5554,True,True
INC-4e2af235,recsys_clickthrough,dev,2024-08-22T13:00:00,2024-08-22T19:17:00,user_report,SEV2,external_dependency,latency_spike,True,377,25,d40360fe-7009-4327-b26c-fd4aacaba5fc,True,False
INC-192ee560,recsys_clickthrough,dev,2024-08-22T17:00:00,2024-08-22T20:59:00,user_report,SEV2,external_dependency,latency_spike,True,239,4,d40360fe-7009-4327-b26c-fd4aacaba5fc,True,False
INC-cc37b7fb,energy_forecasting,dev,2024-08-22T20:00:00,2024-08-22T21:49:00,alerting,SEV1,infra_outage,latency_spike,True,109,25,1f0c2400-3b17-40d3-bdea-d02fecde5554,True,True
INC-0926222d,recsys_clickthrough,dev,2024-08-22T18:00:00,2024-08-23T00:10:00,user_report,SEV1,infra_outage,latency_spike,True,370,55,d40360fe-7009-4327-b26c-fd4aacaba5fc,False,True
INC-f208daf3,energy_forecasting,dev,2024-08-22T23:00:00,2024-08-23T00:10:00,dashboard,SEV3,external_dependency,latency_spike,True,70,7,1f0c2400-3b17-40d3-bdea-d02fecde5554,False,False
INC-7e8d8b72,recsys_clickthrough,dev,2024-08-22T23:00:00,2024-08-23T00:25:00,alerting,SEV2,external_dependency,latency_spike,True,85,8,d40360fe-7009-4327-b26c-fd4aacaba5fc,False,False
INC-d148d216,recsys_clickthrough,dev,2024-08-23T02:00:00,2024-08-23T02:32:00,dashboard,SEV2,external_dependency,latency_spike,True,32,3,d40360fe-7009-4327-b26c-fd4aacaba5fc,True,False
INC-56072e25,recsys_clickthrough,dev,2024-08-23T07:00:00,2024-08-23T10:34:00,dashboard,SEV3,infra_outage,latency_spike,True,214,32,d40360fe-7009-4327-b26c-fd4aacaba5fc,False,False
INC-ba0ce983,recsys_clickthrough,dev,2024-08-23T11:00:00,2024-08-23T14:05:00,dashboard,SEV1,external_dependency,latency_spike,True,185,8,d40360fe-7009-4327-b26c-fd4aacaba5fc,False,False
INC-0e9b49f3,energy_forecasting,dev,2024-08-23T11:00:00,2024-08-23T12:58:00,user_report,SEV3,infra_outage,latency_spike,True,118,19,1f0c2400-3b17-40d3-bdea-d02fecde5554,True,True
INC-23562b45,recsys_clickthrough,dev,2024-08-23T13:00:00,2024-08-23T15:49:00,dashboard,SEV2,infra_outage,latency_spike,True,169,6,d40360fe-7009-4327-b26c-fd4aacaba5fc,False,False
INC-fd71e95f,recsys_clickthrough,dev,2024-08-23T17:00:00,2024-08-23T19:24:00,dashboard,SEV2,external_dependency,latency_spike,True,144,8,d40360fe-7009-4327-b26c-fd4aacaba5fc,True,False
INC-19168697,recsys_clickthrough,dev,2024-08-23T18:00:00,2024-08-23T19:13:00,dashboard,SEV2,external_dependency,latency_spike,True,73,7,2a3b09f4-d5ac-4ebd-9c6f-e20b6bdbe6ce,True,True
INC-6a71e427,rag_qa_service,staging,2024-08-23T20:00:00,2024-08-23T23:12:00,user_report,SEV2,infra_outage,latency_spike,True,192,27,3578329e-668f-4808-a332-f34668141589,True,True
INC-2a48c24c,energy_forecasting,dev,2024-08-23T18:00:00,2024-08-24T01:39:00,dashboard,SEV2,infra_outage,latency_spike,True,459,51,1f0c2400-3b17-40d3-bdea-d02fecde5554,True,False
INC-15577cee,energy_forecasting,dev,2024-08-24T08:00:00,2024-08-24T12:05:00,user_report,SEV2,infra_outage,latency_spike,True,245,22,1f0c2400-3b17-40d3-bdea-d02fecde5554,True,False
INC-5a69d197,energy_forecasting,dev,2024-08-24T12:00:00,2024-08-24T15:52:00,alerting,SEV3,infra_outage,latency_spike,True,232,36,1f0c2400-3b17-40d3-bdea-d02fecde5554,True,True
INC-1782c535,rag_qa_service,staging,2024-08-24T21:00:00,2024-08-24T22:25:00,user_report,SEV3,external_dependency,latency_spike,True,85,24,3578329e-668f-4808-a332-f34668141589,False,False
INC-c812d183,rag_qa_service,dev,2024-08-24T18:00:00,2024-08-24T23:42:00,dashboard,SEV1,infra_outage,latency_spike,True,342,27,adffe355-d9ba-4274-ba7c-19d528306ac3,False,True
INC-ddbdeb13,recsys_clickthrough,dev,2024-08-23T20:00:00,2024-08-25T01:48:00,dashboard,SEV2,infra_outage,latency_spike,True,1788,165,d40360fe-7009-4327-b26c-fd4aacaba5fc,False,False
INC-fa1dc216,energy_forecasting,dev,2024-08-24T19:00:00,2024-08-25T00:46:00,user_report,SEV2,external_dependency,latency_spike,True,346,43,1f0c2400-3b17-40d3-bdea-d02fecde5554,True,False
INC-d0684253,recsys_clickthrough,dev,2024-08-25T01:00:00,2024-08-25T02:31:00,dashboard,SEV3,config_error,error_spike,True,91,9,d40360fe-7009-4327-b26c-fd4aacaba5fc,True,True
INC-0f95faa8,rag_qa_service,staging,2024-08-25T08:00:00,2024-08-25T10:07:00,alerting,SEV3,external_dependency,latency_spike,True,127,27,3578329e-668f-4808-a332-f34668141589,True,True
INC-11266537,energy_forecasting,dev,2024-08-25T08:00:00,2024-08-25T13:34:00,alerting,SEV3,infra_outage,latency_spike,True,334,29,1f0c2400-3b17-40d3-bdea-d02fecde5554,True,True
INC-ac9c4432,rag_qa_service,dev,2024-08-25T06:00:00,2024-08-25T13:31:00,dashboard,SEV1,infra_outage,latency_spike,True,451,24,adffe355-d9ba-4274-ba7c-19d528306ac3,False,False
INC-005a8437,energy_forecasting,dev,2024-08-25T14:00:00,2024-08-25T17:04:00,alerting,SEV3,external_dependency,latency_spike,True,184,14,1f0c2400-3b17-40d3-bdea-d02fecde5554,True,False
INC-50c1718d,rag_qa_service,dev,2024-08-25T14:00:00,2024-08-25T16:16:00,user_report,SEV2,external_dependency,latency_spike,True,136,12,adffe355-d9ba-4274-ba7c-19d528306ac3,False,False
INC-ee31f539,rag_qa_service,staging,2024-08-25T19:00:00,2024-08-25T22:39:00,dashboard,SEV2,infra_outage,latency_spike,True,219,22,3578329e-668f-4808-a332-f34668141589,True,True
INC-8f718d21,rag_qa_service,dev,2024-08-25T18:00:00,2024-08-26T02:15:00,user_report,SEV3,infra_outage,latency_spike,True,495,24,adffe355-d9ba-4274-ba7c-19d528306ac3,False,True
INC-bdade357,energy_forecasting,dev,2024-08-25T18:00:00,2024-08-26T01:36:00,user_report,SEV2,infra_outage,latency_spike,True,456,61,1f0c2400-3b17-40d3-bdea-d02fecde5554,True,False
INC-7d0c2423,recsys_clickthrough,prod,2024-08-26T09:00:00,2024-08-26T10:46:00,dashboard,SEV2,external_dependency,latency_spike,True,106,223,78320b01-2e22-4c48-a84b-f2e4f4fbc435,True,True
INC-e828136f,rag_qa_service,dev,2024-08-26T06:00:00,2024-08-26T14:24:00,alerting,SEV3,infra_outage,latency_spike,True,504,30,adffe355-d9ba-4274-ba7c-19d528306ac3,True,False
INC-918e489f,recsys_clickthrough,prod,2024-08-26T14:00:00,2024-08-26T14:19:00,user_report,SEV3,external_dependency,latency_spike,True,19,101,78320b01-2e22-4c48-a84b-f2e4f4fbc435,False,True
INC-453113a7,recsys_clickthrough,prod,2024-08-26T18:00:00,2024-08-26T18:59:00,dashboard,SEV2,external_dependency,latency_spike,True,59,99,78320b01-2e22-4c48-a84b-f2e4f4fbc435,True,False
INC-68ef7689,recsys_clickthrough,prod,2024-08-26T19:00:00,2024-08-26T22:05:00,alerting,SEV2,infra_outage,latency_spike,True,185,167,78320b01-2e22-4c48-a84b-f2e4f4fbc435,False,False
INC-b704d390,recsys_clickthrough,prod,2024-08-26T21:00:00,2024-08-26T21:56:00,dashboard,SEV2,external_dependency,latency_spike,True,56,135,78320b01-2e22-4c48-a84b-f2e4f4fbc435,False,False
INC-a2458f52,rag_qa_service,staging,2024-08-26T21:00:00,2024-08-27T00:57:00,dashboard,SEV3,infra_outage,latency_spike,True,237,12,3578329e-668f-4808-a332-f34668141589,True,True
INC-ab44e1fd,recsys_clickthrough,prod,2024-08-26T22:00:00,2024-08-27T01:37:00,dashboard,SEV2,external_dependency,latency_spike,True,217,8,78320b01-2e22-4c48-a84b-f2e4f4fbc435,False,False
INC-141b006f,recsys_clickthrough,dev,2024-08-25T04:00:00,2024-08-26T23:31:00,user_report,SEV2,infra_outage,latency_spike,True,2611,295,d40360fe-7009-4327-b26c-fd4aacaba5fc,False,False
INC-63ce27cc,rag_qa_service,dev,2024-08-26T15:00:00,2024-08-27T00:41:00,dashboard,SEV2,infra_outage,latency_spike,True,581,41,adffe355-d9ba-4274-ba7c-19d528306ac3,True,False
INC-c2d8122c,recsys_clickthrough,dev,2024-08-26T23:00:00,2024-08-27T01:59:00,user_report,SEV2,external_dependency,latency_spike,True,179,4,d40360fe-7009-4327-b26c-fd4aacaba5fc,True,True
INC-849b18d8,recsys_clickthrough,dev,2024-08-27T00:00:00,2024-08-27T01:34:00,dashboard,SEV2,data_drift,metric_degradation,True,94,0,d40360fe-7009-4327-b26c-fd4aacaba5fc,False,False
INC-bb5902e1,recsys_clickthrough,dev,2024-08-27T03:00:00,2024-08-27T06:27:00,alerting,SEV3,external_dependency,latency_spike,True,207,2,d40360fe-7009-4327-b26c-fd4aacaba5fc,False,True
INC-0f173611,recsys_clickthrough,dev,2024-08-27T04:00:00,2024-08-27T07:22:00,alerting,SEV3,external_dependency,latency_spike,True,202,4,d40360fe-7009-4327-b26c-fd4aacaba5fc,True,False
INC-adf881c5,recsys_clickthrough,dev,2024-08-27T06:00:00,2024-08-27T09:26:00,dashboard,SEV2,external_dependency,latency_spike,True,206,7,d40360fe-7009-4327-b26c-fd4aacaba5fc,False,False
INC-c34d43ce,recsys_clickthrough,prod,2024-08-27T06:00:00,2024-08-27T07:34:00,user_report,SEV2,infra_outage,latency_spike,True,94,27,78320b01-2e22-4c48-a84b-f2e4f4fbc435,True,True
INC-21cf2a6a,recsys_clickthrough,prod,2024-08-27T08:00:00,2024-08-27T09:35:00,alerting,SEV1,infra_outage,latency_spike,True,95,63,78320b01-2e22-4c48-a84b-f2e4f4fbc435,False,False
INC-2ec91eb5,recsys_clickthrough,dev,2024-08-27T07:00:00,2024-08-27T10:26:00,alerting,SEV1,infra_outage,latency_spike,True,206,19,fbd5de8c-0125-48de-8626-aecb4b9c488c,False,True
INC-1d992391,recsys_clickthrough,dev,2024-08-27T10:00:00,2024-08-27T12:03:00,dashboard,SEV2,external_dependency,latency_spike,True,123,20,d40360fe-7009-4327-b26c-fd4aacaba5fc,True,False
INC-12555270,rag_qa_service,dev,2024-08-27T07:00:00,2024-08-27T12:23:00,user_report,SEV2,infra_outage,latency_spike,True,323,31,adffe355-d9ba-4274-ba7c-19d528306ac3,True,False
INC-c3cabde8,recsys_clickthrough,dev,2024-08-27T12:00:00,2024-08-27T16:03:00,dashboard,SEV2,external_dependency,latency_spike,True,243,19,fbd5de8c-0125-48de-8626-aecb4b9c488c,True,False
INC-7ce655c1,recsys_clickthrough,prod,2024-08-27T13:00:00,2024-08-27T14:00:00,user_report,SEV3,infra_outage,latency_spike,True,60,46,78320b01-2e22-4c48-a84b-f2e4f4fbc435,True,False
INC-4583982c,recsys_clickthrough,prod,2024-08-27T14:00:00,2024-08-27T15:56:00,user_report,SEV2,infra_outage,latency_spike,True,116,96,78320b01-2e22-4c48-a84b-f2e4f4fbc435,True,True
INC-69dda9f7,recsys_clickthrough,dev,2024-08-27T14:00:00,2024-08-27T16:56:00,dashboard,SEV2,infra_outage,latency_spike,True,176,12,d40360fe-7009-4327-b26c-fd4aacaba5fc,False,True
INC-bc8d3ab2,recsys_clickthrough,prod,2024-08-27T18:00:00,2024-08-27T21:00:00,dashboard,SEV3,infra_outage,latency_spike,True,180,102,78320b01-2e22-4c48-a84b-f2e4f4fbc435,False,False
INC-76921605,recsys_clickthrough,prod,2024-08-27T19:00:00,2024-08-27T20:10:00,alerting,SEV3,external_dependency,latency_spike,True,70,18,78320b01-2e22-4c48-a84b-f2e4f4fbc435,False,True
INC-4cb73bb6,recsys_clickthrough,dev,2024-08-27T19:00:00,2024-08-27T21:11:00,dashboard,SEV3,external_dependency,latency_spike,True,131,4,fbd5de8c-0125-48de-8626-aecb4b9c488c,True,True
INC-8964edbc,recsys_clickthrough,prod,2024-08-27T21:00:00,2024-08-27T22:28:00,dashboard,SEV3,external_dependency,latency_spike,True,88,82,78320b01-2e22-4c48-a84b-f2e4f4fbc435,False,False
INC-f9dbe517,rag_qa_service,dev,2024-08-27T16:00:00,2024-08-27T22:14:00,user_report,SEV3,infra_outage,latency_spike,True,374,43,adffe355-d9ba-4274-ba7c-19d528306ac3,False,False
INC-aa0335eb,rag_qa_service,staging,2024-08-27T22:00:00,2024-08-27T22:15:00,user_report,SEV3,infra_outage,latency_spike,True,15,18,3578329e-668f-4808-a332-f34668141589,False,True
INC-2767e266,recsys_clickthrough,dev,2024-08-27T21:00:00,2024-08-28T01:18:00,user_report,SEV3,external_dependency,latency_spike,True,258,13,fbd5de8c-0125-48de-8626-aecb4b9c488c,False,False
INC-ec0e42b0,fraud_detection,dev,2024-08-10T06:00:00,2024-08-11T06:08:00,alerting,SEV2,external_dependency,latency_spike,True,1448,75,e7ad68dd-adff-4563-82d3-76fd88547ed1,True,False
INC-73fda600,recsys_clickthrough,dev,2024-08-28T06:00:00,2024-08-28T09:16:00,alerting,SEV2,external_dependency,latency_spike,True,196,2,fbd5de8c-0125-48de-8626-aecb4b9c488c,True,False
INC-06288c6c,recsys_clickthrough,dev,2024-08-28T08:00:00,2024-08-28T12:30:00,dashboard,SEV2,external_dependency,latency_spike,True,270,8,fbd5de8c-0125-48de-8626-aecb4b9c488c,False,False
INC-be7916b0,rag_qa_service,staging,2024-08-28T10:00:00,2024-08-28T10:37:00,user_report,SEV3,infra_outage,latency_spike,True,37,9,3578329e-668f-4808-a332-f34668141589,False,False
INC-d798d08d,recsys_clickthrough,prod,2024-08-28T09:00:00,2024-08-28T11:17:00,dashboard,SEV3,infra_outage,latency_spike,True,137,324,78320b01-2e22-4c48-a84b-f2e4f4fbc435,False,True
INC-52517bad,recsys_clickthrough,prod,2024-08-28T11:00:00,2024-08-28T13:49:00,user_report,SEV2,infra_outage,latency_spike,True,169,214,78320b01-2e22-4c48-a84b-f2e4f4fbc435,True,False
INC-b869b591,recsys_clickthrough,prod,2024-08-28T14:00:00,2024-08-28T16:42:00,alerting,SEV3,external_dependency,latency_spike,True,162,65,78320b01-2e22-4c48-a84b-f2e4f4fbc435,False,True
INC-f8d4b9a5,rag_qa_service,staging,2024-08-28T19:00:00,2024-08-28T21:52:00,user_report,SEV1,infra_outage,latency_spike,True,172,13,3578329e-668f-4808-a332-f34668141589,False,True
INC-7ebdb4d0,recsys_clickthrough,prod,2024-08-28T21:00:00,2024-08-29T00:43:00,alerting,SEV2,infra_outage,latency_spike,True,223,136,78320b01-2e22-4c48-a84b-f2e4f4fbc435,False,True
INC-f03c436f,fraud_detection,dev,2024-08-28T21:00:00,2024-08-29T01:24:00,dashboard,SEV3,external_dependency,latency_spike,True,264,17,15370513-708f-4e60-bba2-089aec024866,True,False
INC-d2dd245d,recsys_clickthrough,dev,2024-08-28T20:00:00,2024-08-28T23:14:00,dashboard,SEV1,infra_outage,latency_spike,True,194,13,fbd5de8c-0125-48de-8626-aecb4b9c488c,True,False
INC-bad181c3,recsys_clickthrough,prod,2024-08-28T22:00:00,2024-08-28T23:38:00,user_report,SEV2,infra_outage,latency_spike,True,98,34,78320b01-2e22-4c48-a84b-f2e4f4fbc435,True,False
INC-57601e2d,rag_qa_service,staging,2024-08-28T23:00:00,2024-08-29T01:53:00,alerting,SEV3,infra_outage,latency_spike,True,173,12,3578329e-668f-4808-a332-f34668141589,False,True
INC-7c16f558,fraud_detection,staging,2024-08-04T18:00:00,2024-08-04T19:25:00,alerting,SEV3,external_dependency,latency_spike,True,85,82,022b25b6-7665-4d4f-9feb-c6d3cbbc4aaa,True,False
INC-a3897277,recsys_clickthrough,prod,2024-08-29T08:00:00,2024-08-29T11:28:00,dashboard,SEV3,config_error,error_spike,True,208,2493,78320b01-2e22-4c48-a84b-f2e4f4fbc435,True,True
INC-475ef28a,recsys_clickthrough,dev,2024-08-29T08:00:00,2024-08-29T10:17:00,user_report,SEV1,external_dependency,latency_spike,True,137,5,fbd5de8c-0125-48de-8626-aecb4b9c488c,True,True
INC-cf30444c,recsys_clickthrough,prod,2024-08-29T09:00:00,2024-08-29T10:24:00,dashboard,SEV3,infra_outage,latency_spike,True,84,73,78320b01-2e22-4c48-a84b-f2e4f4fbc435,False,True
INC-a1dcfd1e,recsys_clickthrough,prod,2024-08-29T11:00:00,2024-08-29T12:09:00,alerting,SEV2,external_dependency,latency_spike,True,69,45,78320b01-2e22-4c48-a84b-f2e4f4fbc435,False,False
INC-354752b3,recsys_clickthrough,prod,2024-08-29T12:00:00,2024-08-29T15:16:00,alerting,SEV2,infra_outage,latency_spike,True,196,122,78320b01-2e22-4c48-a84b-f2e4f4fbc435,True,False
INC-ba008bbe,recsys_clickthrough,prod,2024-08-29T13:00:00,2024-08-29T14:36:00,dashboard,SEV2,infra_outage,latency_spike,True,96,52,78320b01-2e22-4c48-a84b-f2e4f4fbc435,True,False
INC-edb54f1e,fraud_detection,staging,2024-08-29T09:00:00,2024-08-29T15:55:00,alerting,SEV2,infra_outage,latency_spike,True,415,475,ddb861a4-f3cb-41f0-938d-a6051ecea6d7,True,False
INC-059fd6da,fraud_detection,staging,2024-08-29T15:00:00,2024-08-29T16:42:00,alerting,SEV2,infra_outage,latency_spike,True,102,13,ddb861a4-f3cb-41f0-938d-a6051ecea6d7,False,True
INC-97fcc838,recsys_clickthrough,prod,2024-08-29T16:00:00,2024-08-29T19:42:00,alerting,SEV1,external_dependency,latency_spike,True,222,37,78320b01-2e22-4c48-a84b-f2e4f4fbc435,False,False
INC-b0a1e274,recsys_clickthrough,prod,2024-08-29T18:00:00,2024-08-29T20:14:00,user_report,SEV3,infra_outage,latency_spike,True,134,21,78320b01-2e22-4c48-a84b-f2e4f4fbc435,True,False
INC-2224fd75,recsys_clickthrough,dev,2024-08-29T18:00:00,2024-08-29T18:43:00,alerting,SEV2,infra_outage,latency_spike,True,43,6,fbd5de8c-0125-48de-8626-aecb4b9c488c,True,False
INC-f8a14c94,recsys_clickthrough,prod,2024-08-29T19:00:00,2024-08-29T20:38:00,alerting,SEV2,infra_outage,latency_spike,True,98,237,78320b01-2e22-4c48-a84b-f2e4f4fbc435,True,True
INC-3cfc887c,recsys_clickthrough,prod,2024-08-29T20:00:00,2024-08-29T22:43:00,user_report,SEV2,external_dependency,latency_spike,True,163,233,78320b01-2e22-4c48-a84b-f2e4f4fbc435,True,False
INC-bb07fbb3,recsys_clickthrough,dev,2024-08-29T20:00:00,2024-08-30T00:08:00,user_report,SEV2,external_dependency,latency_spike,True,248,9,fbd5de8c-0125-48de-8626-aecb4b9c488c,False,True
INC-2e75ecd3,fraud_detection,dev,2024-08-29T21:00:00,2024-08-29T23:45:00,user_report,SEV2,external_dependency,latency_spike,True,165,12,15370513-708f-4e60-bba2-089aec024866,False,False
INC-733580dd,recsys_clickthrough,prod,2024-08-29T23:00:00,2024-08-30T01:59:00,alerting,SEV1,infra_outage,latency_spike,True,179,102,78320b01-2e22-4c48-a84b-f2e4f4fbc435,True,True
INC-73b770fd,fraud_detection,staging,2024-08-29T17:00:00,2024-08-30T01:29:00,dashboard,SEV3,infra_outage,latency_spike,True,509,141,ddb861a4-f3cb-41f0-938d-a6051ecea6d7,True,True
INC-2506c739,recsys_clickthrough,prod,2024-08-30T06:00:00,2024-08-30T09:42:00,alerting,SEV1,external_dependency,latency_spike,True,222,106,78320b01-2e22-4c48-a84b-f2e4f4fbc435,False,False
INC-691e8465,recsys_clickthrough,prod,2024-08-30T08:00:00,2024-08-30T10:50:00,dashboard,SEV2,external_dependency,latency_spike,True,170,155,78320b01-2e22-4c48-a84b-f2e4f4fbc435,False,False
INC-f511e7f4,recsys_clickthrough,prod,2024-08-30T09:00:00,2024-08-30T12:07:00,user_report,SEV3,infra_outage,latency_spike,True,187,102,78320b01-2e22-4c48-a84b-f2e4f4fbc435,True,False
INC-b99d8785,fraud_detection,dev,2024-08-30T09:00:00,2024-08-30T12:46:00,user_report,SEV1,infra_outage,latency_spike,True,226,3,15370513-708f-4e60-bba2-089aec024866,True,False
INC-48fed569,recsys_clickthrough,dev,2024-08-30T08:00:00,2024-08-30T11:06:00,user_report,SEV2,infra_outage,latency_spike,True,186,18,fbd5de8c-0125-48de-8626-aecb4b9c488c,False,False
INC-473333ad,recsys_clickthrough,prod,2024-08-30T11:00:00,2024-08-30T13:32:00,user_report,SEV3,external_dependency,latency_spike,True,152,222,78320b01-2e22-4c48-a84b-f2e4f4fbc435,True,False
INC-9a113f0a,recsys_clickthrough,dev,2024-08-30T13:00:00,2024-08-30T13:29:00,dashboard,SEV3,external_dependency,latency_spike,True,29,5,fbd5de8c-0125-48de-8626-aecb4b9c488c,False,False
INC-d320647b,recsys_clickthrough,prod,2024-08-30T14:00:00,2024-08-30T14:39:00,alerting,SEV1,infra_outage,latency_spike,True,39,40,78320b01-2e22-4c48-a84b-f2e4f4fbc435,False,False
INC-35c30a60,fraud_detection,staging,2024-08-30T06:00:00,2024-08-30T15:47:00,user_report,SEV2,external_dependency,latency_spike,True,587,135,ddb861a4-f3cb-41f0-938d-a6051ecea6d7,True,False
INC-06df067a,recsys_clickthrough,prod,2024-08-30T15:00:00,2024-08-30T18:38:00,alerting,SEV2,external_dependency,latency_spike,True,218,17,78320b01-2e22-4c48-a84b-f2e4f4fbc435,False,True
INC-f29b0031,recsys_clickthrough,dev,2024-08-30T16:00:00,2024-08-30T17:56:00,user_report,SEV2,infra_outage,latency_spike,True,116,4,fbd5de8c-0125-48de-8626-aecb4b9c488c,True,False
INC-1b8313a2,recsys_clickthrough,prod,2024-08-30T16:00:00,2024-08-30T17:58:00,alerting,SEV3,infra_outage,latency_spike,True,118,173,78320b01-2e22-4c48-a84b-f2e4f4fbc435,True,False
INC-37082c86,recsys_clickthrough,prod,2024-08-30T19:00:00,2024-08-30T20:13:00,alerting,SEV1,infra_outage,latency_spike,True,73,44,78320b01-2e22-4c48-a84b-f2e4f4fbc435,True,True
INC-fc673ee7,recsys_clickthrough,dev,2024-08-30T18:00:00,2024-08-31T00:08:00,user_report,SEV2,external_dependency,latency_spike,True,368,27,fbd5de8c-0125-48de-8626-aecb4b9c488c,False,False
INC-8f8c51aa,recsys_clickthrough,prod,2024-08-30T22:00:00,2024-08-31T01:20:00,dashboard,SEV2,infra_outage,latency_spike,True,200,129,78320b01-2e22-4c48-a84b-f2e4f4fbc435,True,False
INC-6f0e38a0,fraud_detection,staging,2024-08-30T18:00:00,2024-08-31T00:14:00,dashboard,SEV2,external_dependency,latency_spike,True,374,92,ddb861a4-f3cb-41f0-938d-a6051ecea6d7,False,False
INC-87327e05,recsys_clickthrough,prod,2024-08-31T10:00:00,2024-08-31T14:34:00,user_report,SEV2,infra_outage,latency_spike,True,274,187,78320b01-2e22-4c48-a84b-f2e4f4fbc435,True,True
INC-edc37808,recsys_clickthrough,prod,2024-08-31T13:00:00,2024-08-31T16:59:00,dashboard,SEV1,infra_outage,latency_spike,True,239,77,78320b01-2e22-4c48-a84b-f2e4f4fbc435,False,False
INC-d04e5421,fraud_detection,staging,2024-08-31T07:00:00,2024-08-31T19:40:00,alerting,SEV2,infra_outage,latency_spike,True,760,138,ddb861a4-f3cb-41f0-938d-a6051ecea6d7,False,False
INC-1bd0125e,fraud_detection,staging,2024-08-31T18:00:00,2024-08-31T23:29:00,dashboard,SEV1,infra_outage,latency_spike,True,329,242,ddb861a4-f3cb-41f0-938d-a6051ecea6d7,False,False
INC-d1a58c4a,recsys_clickthrough,prod,2024-08-31T17:00:00,2024-09-01T01:12:00,user_report,SEV1,infra_outage,latency_spike,True,492,693,78320b01-2e22-4c48-a84b-f2e4f4fbc435,True,True
INC-ed2e0194,fraud_detection,staging,2024-08-31T23:00:00,2024-09-01T01:49:00,dashboard,SEV3,external_dependency,latency_spike,True,169,17,ddb861a4-f3cb-41f0-938d-a6051ecea6d7,True,False
INC-45a7f7f2,recsys_clickthrough,dev,2024-08-31T19:00:00,2024-09-01T01:55:00,dashboard,SEV2,infra_outage,latency_spike,True,415,34,fbd5de8c-0125-48de-8626-aecb4b9c488c,True,False
INC-686e4b6f,fraud_detection,staging,2024-09-01T01:00:00,2024-09-01T01:47:00,dashboard,SEV3,config_error,error_spike,True,47,176,ddb861a4-f3cb-41f0-938d-a6051ecea6d7,True,True
INC-5a3caf06,fraud_detection,staging,2024-09-01T02:00:00,2024-09-01T05:44:00,user_report,SEV2,infra_outage,latency_spike,True,224,9,ddb861a4-f3cb-41f0-938d-a6051ecea6d7,False,False
INC-0061bcc6,fraud_detection,staging,2024-09-01T04:00:00,2024-09-01T07:38:00,alerting,SEV2,external_dependency,latency_spike,True,218,4,ddb861a4-f3cb-41f0-938d-a6051ecea6d7,True,True
INC-bbfb9fa0,fraud_detection,dev,2024-09-01T06:00:00,2024-09-01T09:28:00,dashboard,SEV3,infra_outage,latency_spike,True,208,13,15370513-708f-4e60-bba2-089aec024866,True,False
INC-5c25b478,fraud_detection,staging,2024-09-01T07:00:00,2024-09-01T13:38:00,dashboard,SEV3,infra_outage,latency_spike,True,398,207,ddb861a4-f3cb-41f0-938d-a6051ecea6d7,True,False
INC-50d8c205,recsys_clickthrough,dev,2024-09-01T09:00:00,2024-09-01T11:56:00,alerting,SEV2,infra_outage,latency_spike,True,176,14,fbd5de8c-0125-48de-8626-aecb4b9c488c,False,False
INC-0198e0a0,fraud_detection,staging,2024-09-01T15:00:00,2024-09-01T16:43:00,alerting,SEV1,external_dependency,latency_spike,True,103,18,db04c79f-482b-4c5e-b389-efddbd964fef,False,False
INC-aa3ec30c,recsys_clickthrough,prod,2024-09-01T08:00:00,2024-09-01T18:36:00,user_report,SEV3,infra_outage,latency_spike,True,636,668,78320b01-2e22-4c48-a84b-f2e4f4fbc435,False,True
INC-887ae564,fraud_detection,staging,2024-09-01T18:00:00,2024-09-01T19:41:00,dashboard,SEV3,infra_outage,latency_spike,True,101,18,ddb861a4-f3cb-41f0-938d-a6051ecea6d7,False,False
INC-0ae5be83,fraud_detection,staging,2024-09-01T19:00:00,2024-09-01T22:35:00,dashboard,SEV3,infra_outage,latency_spike,True,215,95,ddb861a4-f3cb-41f0-938d-a6051ecea6d7,True,False
INC-1968b276,recsys_clickthrough,dev,2024-09-01T19:00:00,2024-09-01T21:34:00,alerting,SEV2,infra_outage,latency_spike,True,154,7,fbd5de8c-0125-48de-8626-aecb4b9c488c,False,False
INC-2935ca3c,fraud_detection,staging,2024-09-01T20:00:00,2024-09-01T22:55:00,user_report,SEV2,external_dependency,latency_spike,True,175,25,ddb861a4-f3cb-41f0-938d-a6051ecea6d7,False,False
INC-deb5ea98,fraud_detection,staging,2024-09-01T21:00:00,2024-09-02T00:58:00,user_report,SEV2,infra_outage,latency_spike,True,238,153,dbd54d89-9f64-482b-b051-29485008d16a,False,False
INC-6623c9b2,fraud_detection,staging,2024-09-01T23:00:00,2024-09-01T23:30:00,alerting,SEV3,external_dependency,latency_spike,True,30,22,db04c79f-482b-4c5e-b389-efddbd964fef,True,False
INC-16b29a71,recsys_clickthrough,prod,2024-09-01T17:00:00,2024-09-01T23:56:00,dashboard,SEV2,external_dependency,latency_spike,True,416,566,78320b01-2e22-4c48-a84b-f2e4f4fbc435,False,False
INC-20ba115b,recsys_clickthrough,dev,2024-09-01T21:00:00,2024-09-01T23:08:00,alerting,SEV1,external_dependency,latency_spike,True,128,16,fbd5de8c-0125-48de-8626-aecb4b9c488c,True,False
INC-1c480228,fraud_detection,staging,2024-09-02T01:00:00,2024-09-02T04:49:00,alerting,SEV2,external_dependency,latency_spike,True,229,12,ddb861a4-f3cb-41f0-938d-a6051ecea6d7,False,False
INC-71ce45cf,fraud_detection,staging,2024-09-02T03:00:00,2024-09-02T05:38:00,alerting,SEV3,infra_outage,latency_spike,True,158,10,ddb861a4-f3cb-41f0-938d-a6051ecea6d7,True,False
INC-31057674,fraud_detection,staging,2024-09-02T05:00:00,2024-09-02T07:00:00,user_report,SEV2,external_dependency,latency_spike,True,120,10,ddb861a4-f3cb-41f0-938d-a6051ecea6d7,False,False
INC-f818f5bc,fraud_detection,staging,2024-09-02T08:00:00,2024-09-02T09:49:00,dashboard,SEV3,infra_outage,latency_spike,True,109,20,ddb861a4-f3cb-41f0-938d-a6051ecea6d7,False,False
INC-33b78acc,recsys_clickthrough,prod,2024-09-02T07:00:00,2024-09-02T09:15:00,user_report,SEV3,external_dependency,latency_spike,True,135,123,78320b01-2e22-4c48-a84b-f2e4f4fbc435,False,False
INC-e0743867,fraud_detection,staging,2024-09-02T09:00:00,2024-09-02T09:41:00,dashboard,SEV2,external_dependency,latency_spike,True,41,42,ddb861a4-f3cb-41f0-938d-a6051ecea6d7,True,False
INC-750ef702,fraud_detection,staging,2024-09-02T09:00:00,2024-09-02T12:51:00,dashboard,SEV2,external_dependency,latency_spike,True,231,125,db04c79f-482b-4c5e-b389-efddbd964fef,True,True
INC-10438826,fraud_detection,staging,2024-09-02T15:00:00,2024-09-02T19:37:00,alerting,SEV3,infra_outage,latency_spike,True,277,40,ddb861a4-f3cb-41f0-938d-a6051ecea6d7,True,False
INC-4741f717,fraud_detection,staging,2024-09-02T17:00:00,2024-09-02T19:51:00,alerting,SEV2,infra_outage,latency_spike,True,171,26,ddb861a4-f3cb-41f0-938d-a6051ecea6d7,False,False
INC-886c5e13,fraud_detection,staging,2024-09-02T18:00:00,2024-09-02T19:46:00,user_report,SEV2,infra_outage,latency_spike,True,106,79,ddb861a4-f3cb-41f0-938d-a6051ecea6d7,True,False
INC-5dda7f0b,fraud_detection,staging,2024-09-02T20:00:00,2024-09-02T20:39:00,user_report,SEV3,infra_outage,latency_spike,True,39,50,db04c79f-482b-4c5e-b389-efddbd964fef,True,False
INC-2701f77b,fraud_detection,staging,2024-09-02T21:00:00,2024-09-02T23:53:00,user_report,SEV2,external_dependency,latency_spike,True,173,107,ddb861a4-f3cb-41f0-938d-a6051ecea6d7,False,True
INC-fdecdc27,fraud_detection,staging,2024-09-02T23:00:00,2024-09-03T01:43:00,alerting,SEV1,external_dependency,latency_spike,True,163,29,ddb861a4-f3cb-41f0-938d-a6051ecea6d7,False,False
INC-a88e9704,fraud_detection,staging,2024-09-03T00:00:00,2024-09-03T01:37:00,alerting,SEV3,data_pipeline_failure,metric_degradation,True,97,7,ddb861a4-f3cb-41f0-938d-a6051ecea6d7,False,False
INC-102b41bc,recsys_clickthrough,prod,2024-09-02T09:00:00,2024-09-02T23:41:00,user_report,SEV1,infra_outage,latency_spike,True,881,3357,78320b01-2e22-4c48-a84b-f2e4f4fbc435,True,False
INC-6de6672c,fraud_detection,staging,2024-09-03T01:00:00,2024-09-03T04:20:00,dashboard,SEV2,data_drift,metric_degradation,True,200,12,ddb861a4-f3cb-41f0-938d-a6051ecea6d7,True,False
INC-10e55383,recsys_clickthrough,prod,2024-09-03T02:00:00,2024-09-03T04:59:00,alerting,SEV2,infra_outage,latency_spike,True,179,131,78320b01-2e22-4c48-a84b-f2e4f4fbc435,True,False
INC-fbaf9f26,fraud_detection,staging,2024-09-03T03:00:00,2024-09-03T07:24:00,alerting,SEV1,infra_outage,latency_spike,True,264,21,ddb861a4-f3cb-41f0-938d-a6051ecea6d7,False,False
INC-dabed252,fraud_detection,staging,2024-09-03T08:00:00,2024-09-03T09:06:00,dashboard,SEV2,external_dependency,latency_spike,True,66,31,db04c79f-482b-4c5e-b389-efddbd964fef,True,True
INC-169c879b,fraud_detection,staging,2024-09-03T09:00:00,2024-09-03T12:04:00,alerting,SEV2,infra_outage,latency_spike,True,184,26,db04c79f-482b-4c5e-b389-efddbd964fef,True,False
INC-dd6dac58,fraud_detection,staging,2024-09-03T09:00:00,2024-09-03T11:21:00,dashboard,SEV3,infra_outage,latency_spike,True,141,21,ddb861a4-f3cb-41f0-938d-a6051ecea6d7,False,False
INC-7361226b,fraud_detection,staging,2024-09-03T11:00:00,2024-09-03T14:06:00,user_report,SEV2,external_dependency,latency_spike,True,186,45,ddb861a4-f3cb-41f0-938d-a6051ecea6d7,True,False
INC-7dd9f638,fraud_detection,staging,2024-09-03T12:00:00,2024-09-03T14:41:00,dashboard,SEV2,external_dependency,latency_spike,True,161,27,ddb861a4-f3cb-41f0-938d-a6051ecea6d7,False,False
INC-6bdc02bb,fraud_detection,staging,2024-09-03T14:00:00,2024-09-03T17:34:00,alerting,SEV3,external_dependency,latency_spike,True,214,27,ddb861a4-f3cb-41f0-938d-a6051ecea6d7,False,False
INC-caf97a5f,fraud_detection,staging,2024-09-03T15:00:00,2024-09-03T17:14:00,user_report,SEV3,external_dependency,latency_spike,True,134,117,ddb861a4-f3cb-41f0-938d-a6051ecea6d7,True,False
INC-b558bd03,fraud_detection,staging,2024-09-03T19:00:00,2024-09-03T22:33:00,dashboard,SEV1,external_dependency,latency_spike,True,213,77,db04c79f-482b-4c5e-b389-efddbd964fef,True,True
INC-391c6205,fraud_detection,staging,2024-09-03T21:00:00,2024-09-03T22:28:00,dashboard,SEV2,external_dependency,latency_spike,True,88,128,ddb861a4-f3cb-41f0-938d-a6051ecea6d7,False,True
INC-e4fcc13b,fraud_detection,staging,2024-09-03T22:00:00,2024-09-03T23:31:00,user_report,SEV1,infra_outage,latency_spike,True,91,70,db04c79f-482b-4c5e-b389-efddbd964fef,False,False
INC-fff05eab,recsys_clickthrough,dev,2024-09-02T00:00:00,2024-09-04T01:41:00,user_report,SEV3,data_pipeline_failure,metric_degradation,True,2981,289,fbd5de8c-0125-48de-8626-aecb4b9c488c,True,False
INC-571cd2cf,recsys_clickthrough,prod,2024-09-03T05:00:00,2024-09-04T02:39:00,alerting,SEV2,external_dependency,latency_spike,True,1299,2767,78320b01-2e22-4c48-a84b-f2e4f4fbc435,False,False
INC-773958a5,fraud_detection,staging,2024-09-04T00:00:00,2024-09-04T02:56:00,dashboard,SEV2,data_pipeline_failure,metric_degradation,True,176,11,ddb861a4-f3cb-41f0-938d-a6051ecea6d7,True,False
INC-abdfc7d2,fraud_detection,staging,2024-09-04T01:00:00,2024-09-04T02:39:00,user_report,SEV1,external_dependency,latency_spike,True,99,29,ddb861a4-f3cb-41f0-938d-a6051ecea6d7,False,True
INC-9c3ef055,fraud_detection,staging,2024-09-04T03:00:00,2024-09-04T04:18:00,dashboard,SEV2,external_dependency,latency_spike,True,78,8,ddb861a4-f3cb-41f0-938d-a6051ecea6d7,True,False
INC-d6641502,fraud_detection,staging,2024-09-04T04:00:00,2024-09-04T07:03:00,user_report,SEV1,external_dependency,latency_spike,True,183,15,ddb861a4-f3cb-41f0-938d-a6051ecea6d7,False,False
INC-6b7e5de6,recsys_clickthrough,dev,2024-09-04T05:00:00,2024-09-04T06:52:00,user_report,SEV2,data_drift,metric_degradation,True,112,4,fbd5de8c-0125-48de-8626-aecb4b9c488c,True,True
INC-58432418,fraud_detection,staging,2024-09-04T06:00:00,2024-09-04T08:28:00,user_report,SEV3,infra_outage,latency_spike,True,148,19,ddb861a4-f3cb-41f0-938d-a6051ecea6d7,False,False
INC-090e46fc,fraud_detection,staging,2024-09-04T09:00:00,2024-09-04T11:53:00,dashboard,SEV3,infra_outage,latency_spike,True,173,27,ddb861a4-f3cb-41f0-938d-a6051ecea6d7,True,False
INC-c7ed741e,recsys_clickthrough,prod,2024-09-04T05:00:00,2024-09-04T09:47:00,alerting,SEV2,external_dependency,latency_spike,True,287,718,78320b01-2e22-4c48-a84b-f2e4f4fbc435,False,False
INC-d64606b0,recsys_clickthrough,prod,2024-09-04T09:00:00,2024-09-04T12:04:00,alerting,SEV1,external_dependency,error_spike,True,184,3045,78320b01-2e22-4c48-a84b-f2e4f4fbc435,False,True
INC-0b3f0646,recsys_clickthrough,prod,2024-09-04T12:00:00,2024-09-04T14:45:00,dashboard,SEV1,external_dependency,latency_spike,True,165,582,f6019715-6fb5-4714-ba1a-3ffb88d7e1ae,False,True
INC-ba9a7ebd,recsys_clickthrough,prod,2024-09-04T15:00:00,2024-09-04T16:22:00,alerting,SEV2,external_dependency,latency_spike,True,82,59,78320b01-2e22-4c48-a84b-f2e4f4fbc435,False,False
INC-fe131b9a,recsys_clickthrough,dev,2024-09-04T08:00:00,2024-09-04T19:52:00,alerting,SEV2,infra_outage,latency_spike,True,712,60,f57afc53-bd96-4cb8-b68d-506263ff8864,True,False
INC-10ea937c,fraud_detection,staging,2024-09-04T16:00:00,2024-09-04T17:45:00,alerting,SEV2,infra_outage,latency_spike,True,105,37,ddb861a4-f3cb-41f0-938d-a6051ecea6d7,False,False
INC-0aeb0145,recsys_clickthrough,prod,2024-09-04T17:00:00,2024-09-04T18:59:00,alerting,SEV3,infra_outage,latency_spike,True,119,206,78320b01-2e22-4c48-a84b-f2e4f4fbc435,False,False
INC-630d2fcb,fraud_detection,staging,2024-09-04T18:00:00,2024-09-04T18:35:00,user_report,SEV3,infra_outage,latency_spike,True,35,57,db04c79f-482b-4c5e-b389-efddbd964fef,False,False
INC-55684238,recsys_clickthrough,prod,2024-09-04T19:00:00,2024-09-04T20:17:00,dashboard,SEV3,external_dependency,latency_spike,True,77,270,78320b01-2e22-4c48-a84b-f2e4f4fbc435,True,False
INC-313686ac,recsys_clickthrough,prod,2024-09-04T21:00:00,2024-09-05T00:20:00,user_report,SEV2,infra_outage,latency_spike,True,200,205,78320b01-2e22-4c48-a84b-f2e4f4fbc435,False,True
INC-27059cc6,fraud_detection,staging,2024-09-04T21:00:00,2024-09-04T22:42:00,alerting,SEV1,infra_outage,latency_spike,True,102,53,db04c79f-482b-4c5e-b389-efddbd964fef,False,False
INC-297f0578,recsys_clickthrough,dev,2024-09-04T19:00:00,2024-09-05T02:32:00,dashboard,SEV3,external_dependency,latency_spike,True,452,49,f57afc53-bd96-4cb8-b68d-506263ff8864,False,False
INC-edcc9f33,recsys_clickthrough,prod,2024-09-04T22:00:00,2024-09-05T00:56:00,dashboard,SEV1,external_dependency,latency_spike,True,176,268,78320b01-2e22-4c48-a84b-f2e4f4fbc435,False,False
INC-1676aa2a,recsys_clickthrough,prod,2024-09-04T23:00:00,2024-09-05T01:35:00,user_report,SEV2,infra_outage,latency_spike,True,155,366,78320b01-2e22-4c48-a84b-f2e4f4fbc435,False,False
INC-5446e4dc,recsys_clickthrough,dev,2024-09-05T01:00:00,2024-09-05T05:00:00,user_report,SEV2,data_drift,metric_degradation,True,240,4,fbd5de8c-0125-48de-8626-aecb4b9c488c,True,True
INC-c6e23642,recsys_clickthrough,prod,2024-09-05T03:00:00,2024-09-05T03:16:00,user_report,SEV2,data_drift,metric_degradation,True,16,63,78320b01-2e22-4c48-a84b-f2e4f4fbc435,True,True
INC-b306c20c,fraud_detection,staging,2024-09-05T04:00:00,2024-09-05T06:53:00,user_report,SEV3,model_bug,error_spike,True,173,37,dbd54d89-9f64-482b-b051-29485008d16a,True,True
INC-ad1b88a0,recsys_clickthrough,prod,2024-09-05T04:00:00,2024-09-05T05:42:00,dashboard,SEV1,external_dependency,latency_spike,True,102,206,78320b01-2e22-4c48-a84b-f2e4f4fbc435,True,True
INC-99baf1e1,fraud_detection,staging,2024-09-05T06:00:00,2024-09-05T08:34:00,dashboard,SEV3,external_dependency,latency_spike,True,154,10,dbd54d89-9f64-482b-b051-29485008d16a,False,False
INC-27f75c51,recsys_clickthrough,prod,2024-09-05T06:00:00,2024-09-05T08:17:00,user_report,SEV2,infra_outage,latency_spike,True,137,118,78320b01-2e22-4c48-a84b-f2e4f4fbc435,True,True
INC-9950b51c,rag_qa_service,prod,2024-08-05T06:00:00,2024-08-05T13:15:00,alerting,SEV1,data_pipeline_failure,metric_degradation,True,435,1870,88bc8184-3e77-488e-8e51-69f1b5d1cbc4,False,False
INC-ced92320,fraud_detection,staging,2024-09-05T07:00:00,2024-09-05T10:59:00,user_report,SEV1,external_dependency,latency_spike,True,239,148,dbd54d89-9f64-482b-b051-29485008d16a,True,False
INC-f1f47ffe,recsys_clickthrough,prod,2024-09-05T09:00:00,2024-09-05T13:28:00,alerting,SEV2,external_dependency,latency_spike,True,268,769,78320b01-2e22-4c48-a84b-f2e4f4fbc435,True,True
INC-984b5f05,fraud_detection,staging,2024-09-05T11:00:00,2024-09-05T11:43:00,alerting,SEV1,infra_outage,latency_spike,True,43,8,dbd54d89-9f64-482b-b051-29485008d16a,True,False
INC-b74db20c,recsys_clickthrough,prod,2024-09-05T11:00:00,2024-09-05T12:59:00,user_report,SEV3,external_dependency,latency_spike,True,119,232,78320b01-2e22-4c48-a84b-f2e4f4fbc435,False,False
INC-8592692a,recsys_clickthrough,prod,2024-09-05T12:00:00,2024-09-05T17:00:00,user_report,SEV2,external_dependency,latency_spike,True,300,474,78320b01-2e22-4c48-a84b-f2e4f4fbc435,True,False
INC-860362f4,recsys_clickthrough,dev,2024-09-05T06:00:00,2024-09-05T16:50:00,dashboard,SEV1,infra_outage,latency_spike,True,650,55,f57afc53-bd96-4cb8-b68d-506263ff8864,False,False
INC-c34808b4,fraud_detection,staging,2024-09-05T13:00:00,2024-09-05T14:18:00,user_report,SEV2,infra_outage,latency_spike,True,78,32,db04c79f-482b-4c5e-b389-efddbd964fef,True,False
INC-70231c34,recsys_clickthrough,prod,2024-09-05T14:00:00,2024-09-05T17:30:00,alerting,SEV2,external_dependency,latency_spike,True,210,425,78320b01-2e22-4c48-a84b-f2e4f4fbc435,False,False
INC-b37cc5a0,recsys_clickthrough,dev,2024-09-05T14:00:00,2024-09-05T16:45:00,dashboard,SEV3,data_drift,metric_degradation,True,165,20,fbd5de8c-0125-48de-8626-aecb4b9c488c,False,False
INC-3d3dfd49,recsys_clickthrough,prod,2024-09-05T16:00:00,2024-09-05T17:06:00,user_report,SEV2,external_dependency,latency_spike,True,66,165,78320b01-2e22-4c48-a84b-f2e4f4fbc435,True,True
INC-88ea3b1a,recsys_clickthrough,prod,2024-09-05T17:00:00,2024-09-05T18:48:00,user_report,SEV1,external_dependency,latency_spike,True,108,290,78320b01-2e22-4c48-a84b-f2e4f4fbc435,True,False
INC-e2a76989,fraud_detection,staging,2024-09-05T19:00:00,2024-09-05T22:54:00,user_report,SEV1,external_dependency,latency_spike,True,234,57,db04c79f-482b-4c5e-b389-efddbd964fef,True,True
INC-a8d21d3f,recsys_clickthrough,prod,2024-09-05T19:00:00,2024-09-05T22:42:00,user_report,SEV3,external_dependency,latency_spike,True,222,1085,78320b01-2e22-4c48-a84b-f2e4f4fbc435,True,True
INC-b24bfff8,fraud_detection,staging,2024-09-05T20:00:00,2024-09-06T01:55:00,user_report,SEV2,infra_outage,latency_spike,True,355,91,dbd54d89-9f64-482b-b051-29485008d16a,False,True
INC-44e5c5bf,recsys_clickthrough,dev,2024-09-05T17:00:00,2024-09-06T01:23:00,alerting,SEV1,data_pipeline_failure,metric_degradation,True,503,59,fbd5de8c-0125-48de-8626-aecb4b9c488c,True,False
INC-df12ed39,fraud_detection,staging,2024-09-05T23:00:00,2024-09-06T01:52:00,dashboard,SEV3,infra_outage,latency_spike,True,172,9,dbd54d89-9f64-482b-b051-29485008d16a,False,False
INC-184de95d,recsys_clickthrough,dev,2024-09-05T23:00:00,2024-09-06T00:29:00,alerting,SEV2,data_drift,metric_degradation,True,89,8,fbd5de8c-0125-48de-8626-aecb4b9c488c,False,False
INC-f490dcb2,recsys_clickthrough,prod,2024-09-06T00:00:00,2024-09-06T03:42:00,dashboard,SEV2,external_dependency,latency_spike,True,222,132,78320b01-2e22-4c48-a84b-f2e4f4fbc435,False,False
INC-7443c81c,recsys_clickthrough,prod,2024-09-06T02:00:00,2024-09-06T04:34:00,alerting,SEV2,external_dependency,latency_spike,True,154,61,78320b01-2e22-4c48-a84b-f2e4f4fbc435,False,True
INC-728fdbb2,recsys_clickthrough,dev,2024-09-06T04:00:00,2024-09-06T05:25:00,user_report,SEV1,data_drift,metric_degradation,True,85,3,fbd5de8c-0125-48de-8626-aecb4b9c488c,True,False
INC-71852bdf,recsys_clickthrough,prod,2024-09-06T05:00:00,2024-09-06T06:00:00,alerting,SEV1,infra_outage,latency_spike,True,60,101,78320b01-2e22-4c48-a84b-f2e4f4fbc435,True,True
INC-014ca17a,recsys_clickthrough,prod,2024-09-06T06:00:00,2024-09-06T08:17:00,dashboard,SEV1,external_dependency,latency_spike,True,137,266,78320b01-2e22-4c48-a84b-f2e4f4fbc435,False,False
INC-b17263a6,fraud_detection,staging,2024-09-06T07:00:00,2024-09-06T07:57:00,alerting,SEV3,external_dependency,latency_spike,True,57,48,db04c79f-482b-4c5e-b389-efddbd964fef,False,False
INC-62be8fc4,recsys_clickthrough,prod,2024-09-06T07:00:00,2024-09-06T08:25:00,user_report,SEV2,infra_outage,latency_spike,True,85,205,78320b01-2e22-4c48-a84b-f2e4f4fbc435,False,False
INC-7254afe2,recsys_clickthrough,prod,2024-09-06T11:00:00,2024-09-06T12:37:00,user_report,SEV3,external_dependency,latency_spike,True,97,185,78320b01-2e22-4c48-a84b-f2e4f4fbc435,True,False
INC-631ff99d,fraud_detection,staging,2024-09-06T08:00:00,2024-09-06T12:37:00,dashboard,SEV3,external_dependency,latency_spike,True,277,227,dbd54d89-9f64-482b-b051-29485008d16a,False,True
INC-a6a479e7,recsys_clickthrough,dev,2024-09-06T06:00:00,2024-09-06T13:10:00,alerting,SEV3,infra_outage,latency_spike,True,430,62,f57afc53-bd96-4cb8-b68d-506263ff8864,True,True
INC-29b60e27,fraud_detection,staging,2024-09-06T13:00:00,2024-09-06T14:17:00,dashboard,SEV2,external_dependency,latency_spike,True,77,7,dbd54d89-9f64-482b-b051-29485008d16a,True,False
INC-f9c70e43,recsys_clickthrough,dev,2024-09-06T13:00:00,2024-09-06T14:40:00,alerting,SEV3,infra_outage,latency_spike,True,100,8,fbd5de8c-0125-48de-8626-aecb4b9c488c,True,False
INC-4184345a,recsys_clickthrough,dev,2024-09-06T14:00:00,2024-09-06T14:24:00,user_report,SEV3,data_drift,metric_degradation,True,24,3,fbd5de8c-0125-48de-8626-aecb4b9c488c,False,False
INC-4a75bc3c,recsys_clickthrough,prod,2024-09-06T15:00:00,2024-09-06T17:55:00,alerting,SEV1,infra_outage,latency_spike,True,175,284,78320b01-2e22-4c48-a84b-f2e4f4fbc435,True,False
INC-e5a8e6f2,recsys_clickthrough,prod,2024-09-06T16:00:00,2024-09-06T16:15:00,dashboard,SEV2,external_dependency,latency_spike,True,15,239,78320b01-2e22-4c48-a84b-f2e4f4fbc435,False,False
INC-735bf0dd,recsys_clickthrough,prod,2024-09-06T17:00:00,2024-09-06T20:03:00,alerting,SEV3,external_dependency,latency_spike,True,183,224,78320b01-2e22-4c48-a84b-f2e4f4fbc435,True,False
INC-e436890d,recsys_clickthrough,prod,2024-09-06T19:00:00,2024-09-07T00:21:00,dashboard,SEV1,infra_outage,latency_spike,True,321,947,78320b01-2e22-4c48-a84b-f2e4f4fbc435,True,False
INC-0bfcdd36,fraud_detection,staging,2024-09-06T17:00:00,2024-09-06T21:12:00,alerting,SEV2,infra_outage,latency_spike,True,252,230,dbd54d89-9f64-482b-b051-29485008d16a,True,True
INC-f4579c79,recsys_clickthrough,prod,2024-09-06T22:00:00,2024-09-06T22:38:00,user_report,SEV2,infra_outage,latency_spike,True,38,272,78320b01-2e22-4c48-a84b-f2e4f4fbc435,True,False
INC-75b3ec81,recsys_clickthrough,prod,2024-09-06T23:00:00,2024-09-07T01:52:00,dashboard,SEV1,external_dependency,latency_spike,True,172,270,78320b01-2e22-4c48-a84b-f2e4f4fbc435,True,True
INC-1d6eac78,recsys_clickthrough,prod,2024-09-07T08:00:00,2024-09-07T09:00:00,alerting,SEV2,infra_outage,latency_spike,True,60,252,6e6bc5f6-11ba-4376-bbc5-908f8283c68c,True,False
INC-6bf6cecf,fraud_detection,staging,2024-09-07T08:00:00,2024-09-07T10:38:00,user_report,SEV2,infra_outage,latency_spike,True,158,157,dbd54d89-9f64-482b-b051-29485008d16a,True,False
INC-2d5f9ad7,fraud_detection,staging,2024-09-07T11:00:00,2024-09-07T16:22:00,dashboard,SEV2,infra_outage,latency_spike,True,322,78,dbd54d89-9f64-482b-b051-29485008d16a,False,False
INC-0788e3d4,fraud_detection,staging,2024-09-07T15:00:00,2024-09-07T18:09:00,alerting,SEV2,infra_outage,latency_spike,True,189,74,db04c79f-482b-4c5e-b389-efddbd964fef,True,True
INC-8db7ab22,recsys_clickthrough,prod,2024-09-07T16:00:00,2024-09-07T18:19:00,user_report,SEV2,external_dependency,latency_spike,True,139,55,f6019715-6fb5-4714-ba1a-3ffb88d7e1ae,True,False
INC-409ad2e1,recsys_clickthrough,prod,2024-09-07T19:00:00,2024-09-07T22:45:00,user_report,SEV2,external_dependency,latency_spike,True,225,200,f6019715-6fb5-4714-ba1a-3ffb88d7e1ae,False,False
INC-d7990904,rag_qa_service,staging,2024-09-07T20:00:00,2024-09-07T23:45:00,dashboard,SEV2,infra_outage,latency_spike,True,225,4,6e28099b-0202-410a-a3aa-0547a5438a78,False,False
INC-10f74335,fraud_detection,staging,2024-09-07T17:00:00,2024-09-08T00:51:00,alerting,SEV3,infra_outage,latency_spike,True,471,57,dbd54d89-9f64-482b-b051-29485008d16a,True,False
INC-29be6512,rag_qa_service,staging,2024-09-07T22:00:00,2024-09-08T00:03:00,dashboard,SEV2,external_dependency,latency_spike,True,123,11,6e28099b-0202-410a-a3aa-0547a5438a78,False,False
INC-ede2a968,recsys_clickthrough,prod,2024-09-07T21:00:00,2024-09-08T00:48:00,user_report,SEV2,external_dependency,latency_spike,True,228,733,6e6bc5f6-11ba-4376-bbc5-908f8283c68c,True,False
INC-82aeef09,rag_qa_service,prod,2024-09-07T22:00:00,2024-09-07T23:23:00,dashboard,SEV2,infra_outage,latency_spike,True,83,250,5fe0b4d9-37dd-4ace-b2ab-f97869d2af74,True,False
INC-d9774fc1,recsys_clickthrough,dev,2024-09-06T16:00:00,2024-09-07T14:26:00,dashboard,SEV2,infra_outage,latency_spike,True,1346,136,f57afc53-bd96-4cb8-b68d-506263ff8864,True,False
INC-472a4c62,recsys_clickthrough,prod,2024-09-08T09:00:00,2024-09-08T12:34:00,user_report,SEV3,infra_outage,latency_spike,True,214,101,f6019715-6fb5-4714-ba1a-3ffb88d7e1ae,True,False
INC-5445648d,recsys_clickthrough,prod,2024-09-08T10:00:00,2024-09-08T10:20:00,alerting,SEV1,external_dependency,latency_spike,True,20,177,6e6bc5f6-11ba-4376-bbc5-908f8283c68c,False,True
INC-b16e6e8c,rag_qa_service,staging,2024-09-08T11:00:00,2024-09-08T12:06:00,alerting,SEV2,external_dependency,latency_spike,True,66,9,6e28099b-0202-410a-a3aa-0547a5438a78,True,False
INC-3d1123c8,recsys_clickthrough,prod,2024-09-08T11:00:00,2024-09-08T12:06:00,dashboard,SEV3,external_dependency,latency_spike,True,66,48,6e6bc5f6-11ba-4376-bbc5-908f8283c68c,False,False
INC-ef8b56cb,recsys_clickthrough,prod,2024-09-08T12:00:00,2024-09-08T12:15:00,alerting,SEV2,infra_outage,latency_spike,True,15,33,f6019715-6fb5-4714-ba1a-3ffb88d7e1ae,True,False
INC-b8d65315,recsys_clickthrough,prod,2024-09-08T16:00:00,2024-09-08T18:15:00,user_report,SEV3,infra_outage,latency_spike,True,135,176,6e6bc5f6-11ba-4376-bbc5-908f8283c68c,True,False
INC-1ccc6350,recsys_clickthrough,dev,2024-09-08T16:00:00,2024-09-08T18:02:00,dashboard,SEV2,external_dependency,latency_spike,True,122,1,083d0746-180b-4a65-acd5-ecd6996041df,False,False
INC-fbe4a3a5,recsys_clickthrough,dev,2024-09-08T19:00:00,2024-09-08T20:03:00,dashboard,SEV2,external_dependency,latency_spike,True,63,2,083d0746-180b-4a65-acd5-ecd6996041df,True,False
INC-fa832996,recsys_clickthrough,prod,2024-09-08T20:00:00,2024-09-08T23:58:00,alerting,SEV2,infra_outage,latency_spike,True,238,660,f6019715-6fb5-4714-ba1a-3ffb88d7e1ae,False,False
INC-a72ae064,recsys_clickthrough,prod,2024-09-09T04:00:00,2024-09-09T05:51:00,user_report,SEV2,model_bug,error_spike,True,111,874,f6019715-6fb5-4714-ba1a-3ffb88d7e1ae,False,False
INC-3b8838fb,recsys_clickthrough,prod,2024-09-09T06:00:00,2024-09-09T10:17:00,user_report,SEV3,infra_outage,latency_spike,True,257,207,f6019715-6fb5-4714-ba1a-3ffb88d7e1ae,True,False
INC-3a6051dd,recsys_clickthrough,prod,2024-09-09T08:00:00,2024-09-09T11:04:00,alerting,SEV3,infra_outage,latency_spike,True,184,44,f6019715-6fb5-4714-ba1a-3ffb88d7e1ae,False,False
INC-560b5265,recsys_clickthrough,prod,2024-09-09T09:00:00,2024-09-09T10:02:00,dashboard,SEV2,infra_outage,latency_spike,True,62,496,f6019715-6fb5-4714-ba1a-3ffb88d7e1ae,False,False
INC-4f7c4627,recsys_clickthrough,prod,2024-09-09T12:00:00,2024-09-09T13:12:00,dashboard,SEV1,infra_outage,latency_spike,True,72,170,f6019715-6fb5-4714-ba1a-3ffb88d7e1ae,True,True
INC-87118cd1,recsys_clickthrough,prod,2024-09-09T13:00:00,2024-09-09T15:16:00,dashboard,SEV2,external_dependency,latency_spike,True,136,62,f6019715-6fb5-4714-ba1a-3ffb88d7e1ae,False,True
INC-dc4702c1,recsys_clickthrough,dev,2024-09-09T15:00:00,2024-09-09T18:36:00,alerting,SEV3,external_dependency,latency_spike,True,216,2,083d0746-180b-4a65-acd5-ecd6996041df,True,False
INC-9b1c2d98,recsys_clickthrough,prod,2024-09-09T18:00:00,2024-09-09T22:09:00,user_report,SEV2,infra_outage,latency_spike,True,249,583,f6019715-6fb5-4714-ba1a-3ffb88d7e1ae,True,False
INC-feb8c66a,energy_forecasting,prod,2024-08-21T07:00:00,2024-08-21T13:06:00,alerting,SEV1,external_dependency,latency_spike,True,366,775,c494ee51-c94c-4bf3-bd42-b0656c2bad68,True,False
INC-1f08fb9d,rag_qa_service,staging,2024-09-09T21:00:00,2024-09-10T00:21:00,alerting,SEV2,external_dependency,latency_spike,True,201,8,6e28099b-0202-410a-a3aa-0547a5438a78,False,True
INC-da68a8b7,recsys_clickthrough,prod,2024-09-09T20:00:00,2024-09-10T01:23:00,user_report,SEV1,infra_outage,latency_spike,True,323,1473,f6019715-6fb5-4714-ba1a-3ffb88d7e1ae,False,False
INC-ce00b638,fraud_detection,staging,2024-09-08T06:00:00,2024-09-10T02:04:00,alerting,SEV3,external_dependency,latency_spike,True,2644,656,dbd54d89-9f64-482b-b051-29485008d16a,True,False
INC-ee10d3e6,fraud_detection,staging,2024-09-10T02:00:00,2024-09-10T02:25:00,user_report,SEV3,data_drift,metric_degradation,True,25,5,dbd54d89-9f64-482b-b051-29485008d16a,True,False
INC-78c0c90c,rag_qa_service,staging,2024-09-10T00:00:00,2024-09-10T02:49:00,alerting,SEV2,data_pipeline_failure,metric_degradation,True,169,9,6e28099b-0202-410a-a3aa-0547a5438a78,False,True
INC-eafe05c2,recsys_clickthrough,prod,2024-09-10T02:00:00,2024-09-10T04:52:00,alerting,SEV2,config_error,error_spike,True,172,401,f6019715-6fb5-4714-ba1a-3ffb88d7e1ae,True,False
INC-efc5bf7e,fraud_detection,staging,2024-09-10T03:00:00,2024-09-10T05:22:00,user_report,SEV2,data_pipeline_failure,metric_degradation,True,142,8,dbd54d89-9f64-482b-b051-29485008d16a,False,True
INC-7b971a90,fraud_detection,staging,2024-09-10T05:00:00,2024-09-10T07:08:00,user_report,SEV2,data_drift,metric_degradation,True,128,1,dbd54d89-9f64-482b-b051-29485008d16a,False,True
INC-25d87f54,fraud_detection,staging,2024-09-10T06:00:00,2024-09-10T07:23:00,dashboard,SEV2,external_dependency,latency_spike,True,83,45,dbd54d89-9f64-482b-b051-29485008d16a,False,False
INC-c2622ec1,recsys_clickthrough,prod,2024-09-10T06:00:00,2024-09-10T09:13:00,alerting,SEV1,external_dependency,latency_spike,True,193,157,f6019715-6fb5-4714-ba1a-3ffb88d7e1ae,False,True
INC-676ef978,recsys_clickthrough,prod,2024-09-10T08:00:00,2024-09-10T10:37:00,user_report,SEV1,infra_outage,latency_spike,True,157,573,6e6bc5f6-11ba-4376-bbc5-908f8283c68c,False,False
INC-cfe4b7eb,energy_forecasting,prod,2024-09-10T09:00:00,2024-09-10T09:56:00,dashboard,SEV2,infra_outage,latency_spike,True,56,99,ec02f2f2-05e7-4e90-a918-6753a3cdd527,True,True
INC-8ea7daf5,recsys_clickthrough,prod,2024-09-10T11:00:00,2024-09-10T14:37:00,user_report,SEV1,infra_outage,latency_spike,True,217,176,f6019715-6fb5-4714-ba1a-3ffb88d7e1ae,False,False
INC-0aa83539,recsys_clickthrough,prod,2024-09-10T12:00:00,2024-09-10T17:24:00,dashboard,SEV3,external_dependency,latency_spike,True,324,885,6e6bc5f6-11ba-4376-bbc5-908f8283c68c,True,False
INC-94dcc2d0,rag_qa_service,dev,2024-09-10T13:00:00,2024-09-10T16:10:00,alerting,SEV1,infra_outage,latency_spike,True,190,3,4a4f3706-534f-40f8-95c4-67812da7185a,True,False
INC-8ed51c1d,recsys_clickthrough,prod,2024-09-10T15:00:00,2024-09-10T16:18:00,alerting,SEV2,external_dependency,latency_spike,True,78,150,f6019715-6fb5-4714-ba1a-3ffb88d7e1ae,True,True
INC-dd9c820f,fraud_detection,prod,2024-08-16T09:00:00,2024-08-16T13:12:00,user_report,SEV3,infra_outage,latency_spike,True,252,163,2e988432-f215-4fc8-8d22-7d4848ed2ca1,False,False
INC-1416ff63,recsys_clickthrough,prod,2024-09-10T16:00:00,2024-09-10T18:51:00,dashboard,SEV2,infra_outage,latency_spike,True,171,140,f6019715-6fb5-4714-ba1a-3ffb88d7e1ae,True,False
INC-4c2c4e69,recsys_clickthrough,dev,2024-09-10T16:00:00,2024-09-10T18:12:00,dashboard,SEV2,external_dependency,latency_spike,True,132,3,083d0746-180b-4a65-acd5-ecd6996041df,True,False
INC-463d9315,fraud_detection,staging,2024-09-10T08:00:00,2024-09-10T19:02:00,user_report,SEV2,external_dependency,latency_spike,True,662,435,dbd54d89-9f64-482b-b051-29485008d16a,True,False
INC-17abf4fe,recsys_clickthrough,prod,2024-09-10T19:00:00,2024-09-10T19:50:00,dashboard,SEV1,infra_outage,latency_spike,True,50,149,f6019715-6fb5-4714-ba1a-3ffb88d7e1ae,True,False
INC-1dfc31c2,rag_qa_service,staging,2024-09-10T21:00:00,2024-09-10T23:14:00,user_report,SEV1,external_dependency,latency_spike,True,134,12,6e28099b-0202-410a-a3aa-0547a5438a78,True,False
INC-3a498575,recsys_clickthrough,dev,2024-09-10T22:00:00,2024-09-11T00:30:00,user_report,SEV2,external_dependency,latency_spike,True,150,3,083d0746-180b-4a65-acd5-ecd6996041df,False,True
INC-50874e95,fraud_detection,staging,2024-09-10T19:00:00,2024-09-10T23:33:00,alerting,SEV2,infra_outage,latency_spike,True,273,179,dbd54d89-9f64-482b-b051-29485008d16a,False,True
INC-80fd0fc1,recsys_clickthrough,prod,2024-09-10T20:00:00,2024-09-11T00:25:00,alerting,SEV2,external_dependency,latency_spike,True,265,1069,f6019715-6fb5-4714-ba1a-3ffb88d7e1ae,False,True
INC-8e598594,recsys_clickthrough,prod,2024-09-10T23:00:00,2024-09-11T02:27:00,dashboard,SEV2,external_dependency,latency_spike,True,207,103,f6019715-6fb5-4714-ba1a-3ffb88d7e1ae,False,False
INC-ed80d092,fraud_detection,staging,2024-09-11T00:00:00,2024-09-11T03:52:00,user_report,SEV2,data_pipeline_failure,metric_degradation,True,232,2,dbd54d89-9f64-482b-b051-29485008d16a,True,False
INC-b91eec12,fraud_detection,staging,2024-09-11T01:00:00,2024-09-11T04:50:00,alerting,SEV2,data_pipeline_failure,metric_degradation,True,230,6,dbd54d89-9f64-482b-b051-29485008d16a,True,True
INC-c88a7c29,fraud_detection,staging,2024-09-11T02:00:00,2024-09-11T04:39:00,dashboard,SEV1,data_pipeline_failure,metric_degradation,True,159,7,dbd54d89-9f64-482b-b051-29485008d16a,False,False
INC-b778a6f1,fraud_detection,staging,2024-09-11T03:00:00,2024-09-11T04:51:00,dashboard,SEV2,data_pipeline_failure,metric_degradation,True,111,11,dbd54d89-9f64-482b-b051-29485008d16a,False,False
INC-9b152bf8,fraud_detection,staging,2024-09-11T05:00:00,2024-09-11T06:52:00,alerting,SEV1,data_pipeline_failure,metric_degradation,True,112,13,dbd54d89-9f64-482b-b051-29485008d16a,False,True
INC-7399dad0,recsys_clickthrough,prod,2024-09-11T06:00:00,2024-09-11T08:14:00,alerting,SEV3,infra_outage,latency_spike,True,134,269,f6019715-6fb5-4714-ba1a-3ffb88d7e1ae,True,False
INC-b20cfd97,rag_qa_service,dev,2024-09-11T08:00:00,2024-09-11T09:51:00,alerting,SEV1,infra_outage,latency_spike,True,111,1,4a4f3706-534f-40f8-95c4-67812da7185a,False,True
INC-aee1c301,fraud_detection,staging,2024-09-11T07:00:00,2024-09-11T09:34:00,alerting,SEV2,infra_outage,latency_spike,True,154,85,dbd54d89-9f64-482b-b051-29485008d16a,True,False
INC-0195bb0f,recsys_clickthrough,prod,2024-09-11T09:00:00,2024-09-11T11:09:00,user_report,SEV1,infra_outage,latency_spike,True,129,878,f6019715-6fb5-4714-ba1a-3ffb88d7e1ae,False,False
INC-420b42c9,rag_qa_service,staging,2024-09-11T10:00:00,2024-09-11T12:01:00,dashboard,SEV1,external_dependency,latency_spike,True,121,7,6e28099b-0202-410a-a3aa-0547a5438a78,True,True
INC-0a56c185,recsys_clickthrough,dev,2024-09-11T11:00:00,2024-09-11T11:32:00,dashboard,SEV2,external_dependency,latency_spike,True,32,2,083d0746-180b-4a65-acd5-ecd6996041df,True,False
INC-abcb4f2d,recsys_clickthrough,prod,2024-09-11T11:00:00,2024-09-11T13:59:00,dashboard,SEV2,infra_outage,latency_spike,True,179,387,f6019715-6fb5-4714-ba1a-3ffb88d7e1ae,True,False
INC-67ffc3a1,rag_qa_service,dev,2024-09-11T10:00:00,2024-09-11T14:02:00,dashboard,SEV2,infra_outage,latency_spike,True,242,21,4a4f3706-534f-40f8-95c4-67812da7185a,True,False
INC-a4be4cd0,fraud_detection,staging,2024-09-11T10:00:00,2024-09-11T14:10:00,user_report,SEV2,external_dependency,latency_spike,True,250,95,dbd54d89-9f64-482b-b051-29485008d16a,True,False
INC-d4405849,recsys_clickthrough,prod,2024-09-11T13:00:00,2024-09-11T16:31:00,alerting,SEV1,external_dependency,latency_spike,True,211,157,f6019715-6fb5-4714-ba1a-3ffb88d7e1ae,True,False
INC-bc82ffcc,fraud_detection,staging,2024-09-11T14:00:00,2024-09-11T17:14:00,dashboard,SEV2,infra_outage,latency_spike,True,194,8,dbd54d89-9f64-482b-b051-29485008d16a,True,False
INC-9baf7df9,recsys_clickthrough,prod,2024-09-11T14:00:00,2024-09-11T18:36:00,dashboard,SEV3,infra_outage,latency_spike,True,276,616,f6019715-6fb5-4714-ba1a-3ffb88d7e1ae,False,False
INC-cdf1499a,fraud_detection,staging,2024-09-11T16:00:00,2024-09-11T17:42:00,dashboard,SEV2,infra_outage,latency_spike,True,102,57,b7fa2246-a331-4b15-818f-9bf57f0ea0d6,True,False
INC-8a7769cc,rag_qa_service,staging,2024-09-11T18:00:00,2024-09-11T18:51:00,dashboard,SEV2,infra_outage,latency_spike,True,51,11,6e28099b-0202-410a-a3aa-0547a5438a78,False,False
INC-41b3149a,recsys_clickthrough,prod,2024-09-11T18:00:00,2024-09-11T19:29:00,alerting,SEV1,external_dependency,latency_spike,True,89,632,f6019715-6fb5-4714-ba1a-3ffb88d7e1ae,False,False
INC-893937d5,rag_qa_service,staging,2024-09-11T20:00:00,2024-09-11T21:03:00,alerting,SEV2,external_dependency,latency_spike,True,63,8,6e28099b-0202-410a-a3aa-0547a5438a78,False,False
INC-dd22bc87,fraud_detection,staging,2024-09-11T18:00:00,2024-09-11T20:39:00,user_report,SEV1,infra_outage,latency_spike,True,159,108,b7fa2246-a331-4b15-818f-9bf57f0ea0d6,True,True
INC-fde0e3c9,recsys_clickthrough,dev,2024-09-11T21:00:00,2024-09-11T21:38:00,alerting,SEV3,infra_outage,latency_spike,True,38,2,083d0746-180b-4a65-acd5-ecd6996041df,False,False
INC-a15d0479,rag_qa_service,dev,2024-09-11T22:00:00,2024-09-12T01:20:00,dashboard,SEV2,external_dependency,latency_spike,True,200,6,4a4f3706-534f-40f8-95c4-67812da7185a,True,True
INC-97e3374b,recsys_clickthrough,prod,2024-09-11T22:00:00,2024-09-12T01:34:00,user_report,SEV2,external_dependency,latency_spike,True,214,460,f6019715-6fb5-4714-ba1a-3ffb88d7e1ae,True,False
INC-a94ac8ae,fraud_detection,prod,2024-09-11T22:00:00,2024-09-12T00:39:00,dashboard,SEV2,infra_outage,latency_spike,True,159,0,1c9609e7-9755-46d7-b983-39d3a8d03227,True,False
INC-41905834,fraud_detection,staging,2024-09-11T21:00:00,2024-09-12T02:43:00,alerting,SEV1,infra_outage,latency_spike,True,343,152,dbd54d89-9f64-482b-b051-29485008d16a,False,False
INC-e2a2b4ac,fraud_detection,staging,2024-09-12T01:00:00,2024-09-12T03:38:00,dashboard,SEV3,data_drift,metric_degradation,True,158,4,dbd54d89-9f64-482b-b051-29485008d16a,True,False
INC-318ac45c,fraud_detection,staging,2024-09-12T03:00:00,2024-09-12T05:01:00,user_report,SEV1,data_drift,metric_degradation,True,121,8,dbd54d89-9f64-482b-b051-29485008d16a,False,False
INC-18d81512,fraud_detection,staging,2024-09-12T05:00:00,2024-09-12T05:22:00,dashboard,SEV3,data_drift,metric_degradation,True,22,3,dbd54d89-9f64-482b-b051-29485008d16a,True,False
INC-0d5ab411,recsys_clickthrough,prod,2024-09-12T06:00:00,2024-09-12T10:32:00,dashboard,SEV2,external_dependency,latency_spike,True,272,764,f6019715-6fb5-4714-ba1a-3ffb88d7e1ae,True,False
INC-bc29cbe8,rag_qa_service,staging,2024-09-12T07:00:00,2024-09-12T10:05:00,user_report,SEV2,infra_outage,latency_spike,True,185,9,cdaae5ae-0ae7-45f0-a007-862297e70949,False,False
INC-722a2936,recsys_clickthrough,dev,2024-09-12T09:00:00,2024-09-12T11:41:00,alerting,SEV1,external_dependency,latency_spike,True,161,2,083d0746-180b-4a65-acd5-ecd6996041df,False,False
INC-acbd4dee,rag_qa_service,staging,2024-09-12T09:00:00,2024-09-12T09:55:00,alerting,SEV2,external_dependency,latency_spike,True,55,5,cdaae5ae-0ae7-45f0-a007-862297e70949,True,False
INC-cc41a9a4,fraud_detection,prod,2024-09-12T08:00:00,2024-09-12T11:27:00,user_report,SEV2,infra_outage,latency_spike,True,207,167,1c9609e7-9755-46d7-b983-39d3a8d03227,False,False
INC-6b727e73,rag_qa_service,dev,2024-09-12T10:00:00,2024-09-12T11:04:00,user_report,SEV1,external_dependency,latency_spike,True,64,10,4a4f3706-534f-40f8-95c4-67812da7185a,True,True
INC-e746ccba,rag_qa_service,staging,2024-09-12T11:00:00,2024-09-12T14:57:00,alerting,SEV2,external_dependency,latency_spike,True,237,7,cdaae5ae-0ae7-45f0-a007-862297e70949,True,False
INC-9da229d8,fraud_detection,staging,2024-09-12T07:00:00,2024-09-12T14:56:00,dashboard,SEV2,external_dependency,latency_spike,True,476,278,b7fa2246-a331-4b15-818f-9bf57f0ea0d6,False,True
INC-70fb069b,rag_qa_service,staging,2024-09-12T13:00:00,2024-09-12T15:35:00,alerting,SEV3,infra_outage,latency_spike,True,155,3,cdaae5ae-0ae7-45f0-a007-862297e70949,True,True
INC-ccdd7ebd,fraud_detection,staging,2024-09-12T12:00:00,2024-09-12T14:46:00,user_report,SEV2,external_dependency,latency_spike,True,166,16,dbd54d89-9f64-482b-b051-29485008d16a,True,False
INC-1f2ea510,fraud_detection,prod,2024-09-12T12:00:00,2024-09-12T13:58:00,dashboard,SEV3,external_dependency,latency_spike,True,118,81,1c9609e7-9755-46d7-b983-39d3a8d03227,False,False
INC-ee890cd1,fraud_detection,staging,2024-09-12T13:00:00,2024-09-12T15:36:00,dashboard,SEV1,external_dependency,latency_spike,True,156,19,dbd54d89-9f64-482b-b051-29485008d16a,False,False
INC-ea6b2852,rag_qa_service,dev,2024-09-12T15:00:00,2024-09-12T16:28:00,user_report,SEV1,external_dependency,latency_spike,True,88,7,4a4f3706-534f-40f8-95c4-67812da7185a,True,False
INC-54644985,rag_qa_service,staging,2024-09-12T17:00:00,2024-09-12T17:50:00,alerting,SEV3,external_dependency,latency_spike,True,50,4,cdaae5ae-0ae7-45f0-a007-862297e70949,True,False
INC-e70649fd,fraud_detection,staging,2024-09-12T16:00:00,2024-09-12T17:16:00,alerting,SEV2,external_dependency,latency_spike,True,76,12,dbd54d89-9f64-482b-b051-29485008d16a,False,True
INC-d357537a,recsys_clickthrough,dev,2024-09-12T18:00:00,2024-09-12T19:47:00,dashboard,SEV2,external_dependency,latency_spike,True,107,4,083d0746-180b-4a65-acd5-ecd6996041df,True,True
INC-5cbd93e6,rag_qa_service,staging,2024-09-12T19:00:00,2024-09-12T20:41:00,dashboard,SEV3,external_dependency,latency_spike,True,101,20,cdaae5ae-0ae7-45f0-a007-862297e70949,True,False
INC-350f4245,recsys_clickthrough,dev,2024-09-12T20:00:00,2024-09-12T23:36:00,alerting,SEV1,infra_outage,latency_spike,True,216,3,083d0746-180b-4a65-acd5-ecd6996041df,True,True
INC-5f5fffe1,rag_qa_service,staging,2024-09-12T21:00:00,2024-09-13T00:17:00,dashboard,SEV1,infra_outage,latency_spike,True,197,11,cdaae5ae-0ae7-45f0-a007-862297e70949,False,False
INC-23e601f0,energy_forecasting,prod,2024-09-12T22:00:00,2024-09-12T22:52:00,dashboard,SEV3,infra_outage,latency_spike,True,52,165,ec02f2f2-05e7-4e90-a918-6753a3cdd527,False,False
INC-b691be72,fraud_detection,prod,2024-09-12T22:00:00,2024-09-13T00:39:00,alerting,SEV2,infra_outage,latency_spike,True,159,98,1c9609e7-9755-46d7-b983-39d3a8d03227,True,False
INC-d30a9f63,recsys_clickthrough,prod,2024-09-12T09:00:00,2024-09-13T02:54:00,dashboard,SEV2,infra_outage,latency_spike,True,1074,6832,6e6bc5f6-11ba-4376-bbc5-908f8283c68c,False,False
INC-7f4b54e2,rag_qa_service,dev,2024-09-12T18:00:00,2024-09-13T03:39:00,alerting,SEV3,external_dependency,error_spike,True,579,262,4a4f3706-534f-40f8-95c4-67812da7185a,True,False
INC-29ea13f6,recsys_clickthrough,prod,2024-09-13T04:00:00,2024-09-13T04:42:00,alerting,SEV2,data_drift,metric_degradation,True,42,89,f6019715-6fb5-4714-ba1a-3ffb88d7e1ae,True,True
INC-3a500976,recsys_clickthrough,prod,2024-09-13T05:00:00,2024-09-13T08:31:00,dashboard,SEV3,data_drift,metric_degradation,True,211,114,f6019715-6fb5-4714-ba1a-3ffb88d7e1ae,False,False
INC-aa802f50,rag_qa_service,staging,2024-09-13T07:00:00,2024-09-13T10:36:00,alerting,SEV1,infra_outage,latency_spike,True,216,0,cdaae5ae-0ae7-45f0-a007-862297e70949,True,False
INC-785c53a2,rag_qa_service,staging,2024-09-13T08:00:00,2024-09-13T13:03:00,dashboard,SEV1,external_dependency,latency_spike,True,303,33,cdaae5ae-0ae7-45f0-a007-862297e70949,True,False
INC-0b60664a,recsys_clickthrough,dev,2024-09-13T10:00:00,2024-09-13T11:37:00,dashboard,SEV2,infra_outage,latency_spike,True,97,3,083d0746-180b-4a65-acd5-ecd6996041df,True,False
INC-bfb7d0da,energy_forecasting,prod,2024-09-13T10:00:00,2024-09-13T11:32:00,user_report,SEV2,external_dependency,latency_spike,True,92,108,ec02f2f2-05e7-4e90-a918-6753a3cdd527,False,False
INC-50a9a509,fraud_detection,staging,2024-09-12T17:00:00,2024-09-13T14:44:00,alerting,SEV2,infra_outage,latency_spike,True,1304,946,dbd54d89-9f64-482b-b051-29485008d16a,True,False
INC-a23541ce,rag_qa_service,staging,2024-09-13T11:00:00,2024-09-13T12:18:00,alerting,SEV2,external_dependency,latency_spike,True,78,8,6e28099b-0202-410a-a3aa-0547a5438a78,True,False
INC-0088d501,fraud_detection,staging,2024-09-13T12:00:00,2024-09-13T14:17:00,user_report,SEV3,infra_outage,latency_spike,True,137,9,dbd54d89-9f64-482b-b051-29485008d16a,False,False
INC-88e44087,recsys_clickthrough,dev,2024-09-13T13:00:00,2024-09-13T16:03:00,user_report,SEV3,infra_outage,latency_spike,True,183,1,f619cacf-3569-4102-bab1-df0a1d248c4b,False,True
INC-5533105c,fraud_detection,staging,2024-09-13T13:00:00,2024-09-13T15:03:00,dashboard,SEV3,external_dependency,latency_spike,True,123,11,dbd54d89-9f64-482b-b051-29485008d16a,False,False
INC-ac6e77a0,rag_qa_service,dev,2024-09-13T03:00:00,2024-09-13T14:17:00,user_report,SEV3,data_pipeline_failure,metric_degradation,True,677,111,4a4f3706-534f-40f8-95c4-67812da7185a,False,True
INC-9a3e5b0c,fraud_detection,staging,2024-09-13T14:00:00,2024-09-13T18:23:00,alerting,SEV2,infra_outage,latency_spike,True,263,21,dbd54d89-9f64-482b-b051-29485008d16a,False,False
INC-27e07f50,rag_qa_service,staging,2024-09-13T16:00:00,2024-09-13T16:44:00,dashboard,SEV2,external_dependency,latency_spike,True,44,13,cdaae5ae-0ae7-45f0-a007-862297e70949,False,True
INC-a8354e5b,rag_qa_service,dev,2024-09-13T16:00:00,2024-09-13T18:15:00,alerting,SEV2,infra_outage,latency_spike,True,135,10,4a4f3706-534f-40f8-95c4-67812da7185a,False,False
INC-3e32466b,energy_forecasting,prod,2024-09-13T16:00:00,2024-09-13T17:33:00,user_report,SEV2,external_dependency,latency_spike,True,93,215,ec02f2f2-05e7-4e90-a918-6753a3cdd527,False,True
INC-9d90a387,fraud_detection,staging,2024-09-13T16:00:00,2024-09-13T19:27:00,alerting,SEV2,external_dependency,latency_spike,True,207,83,b7fa2246-a331-4b15-818f-9bf57f0ea0d6,True,False
INC-cc2c808b,rag_qa_service,staging,2024-09-13T18:00:00,2024-09-13T21:05:00,user_report,SEV3,infra_outage,latency_spike,True,185,13,cdaae5ae-0ae7-45f0-a007-862297e70949,False,False
INC-cb4489ca,fraud_detection,prod,2024-09-13T17:00:00,2024-09-13T21:30:00,alerting,SEV3,infra_outage,latency_spike,True,270,310,1c9609e7-9755-46d7-b983-39d3a8d03227,False,False
INC-472a798d,rag_qa_service,staging,2024-09-13T21:00:00,2024-09-14T01:00:00,dashboard,SEV2,infra_outage,latency_spike,True,240,5,cdaae5ae-0ae7-45f0-a007-862297e70949,True,False
INC-9dc097a7,recsys_clickthrough,dev,2024-09-13T21:00:00,2024-09-13T23:11:00,alerting,SEV2,data_drift,metric_degradation,True,131,3,083d0746-180b-4a65-acd5-ecd6996041df,False,False
INC-a5e5b78c,fraud_detection,prod,2024-09-13T21:00:00,2024-09-13T22:40:00,dashboard,SEV2,external_dependency,latency_spike,True,100,96,1c9609e7-9755-46d7-b983-39d3a8d03227,True,True
INC-45960643,recsys_clickthrough,dev,2024-09-13T22:00:00,2024-09-14T00:26:00,user_report,SEV3,data_pipeline_failure,metric_degradation,True,146,4,083d0746-180b-4a65-acd5-ecd6996041df,False,False
INC-30101631,energy_forecasting,prod,2024-09-13T19:00:00,2024-09-13T22:36:00,alerting,SEV3,external_dependency,latency_spike,True,216,764,ec02f2f2-05e7-4e90-a918-6753a3cdd527,False,True
INC-5943b5e4,rag_qa_service,staging,2024-09-13T22:00:00,2024-09-13T23:05:00,dashboard,SEV3,infra_outage,latency_spike,True,65,8,cdaae5ae-0ae7-45f0-a007-862297e70949,False,False
INC-59d86186,recsys_clickthrough,dev,2024-09-13T23:00:00,2024-09-14T01:45:00,dashboard,SEV2,data_pipeline_failure,metric_degradation,True,165,3,083d0746-180b-4a65-acd5-ecd6996041df,True,True
INC-7efe7e4e,rag_qa_service,dev,2024-09-13T19:00:00,2024-09-14T03:47:00,user_report,SEV1,infra_outage,latency_spike,True,527,75,4a4f3706-534f-40f8-95c4-67812da7185a,False,False
INC-80a02e03,rag_qa_service,staging,2024-09-14T01:00:00,2024-09-14T02:25:00,user_report,SEV2,model_bug,error_spike,True,85,23,cdaae5ae-0ae7-45f0-a007-862297e70949,False,False
INC-3a84cb76,recsys_clickthrough,dev,2024-09-14T03:00:00,2024-09-14T07:21:00,alerting,SEV1,data_drift,metric_degradation,True,261,4,083d0746-180b-4a65-acd5-ecd6996041df,False,False
INC-d2fe5283,recsys_clickthrough,dev,2024-09-14T05:00:00,2024-09-14T07:23:00,user_report,SEV2,data_pipeline_failure,metric_degradation,True,143,2,083d0746-180b-4a65-acd5-ecd6996041df,True,False
INC-39909b99,energy_forecasting,prod,2024-09-14T06:00:00,2024-09-14T09:52:00,alerting,SEV3,infra_outage,latency_spike,True,232,168,ec02f2f2-05e7-4e90-a918-6753a3cdd527,True,False
INC-0e7723aa,recsys_clickthrough,dev,2024-09-14T07:00:00,2024-09-14T07:34:00,alerting,SEV2,data_drift,metric_degradation,True,34,2,083d0746-180b-4a65-acd5-ecd6996041df,False,True
INC-7ce96e90,recsys_clickthrough,dev,2024-09-14T08:00:00,2024-09-14T12:51:00,dashboard,SEV2,data_drift,metric_degradation,True,291,5,083d0746-180b-4a65-acd5-ecd6996041df,False,True
INC-6d794558,fraud_detection,prod,2024-09-14T08:00:00,2024-09-14T09:45:00,dashboard,SEV3,external_dependency,latency_spike,True,105,86,1c9609e7-9755-46d7-b983-39d3a8d03227,True,False
INC-5d149505,energy_forecasting,prod,2024-09-14T09:00:00,2024-09-14T12:55:00,user_report,SEV2,infra_outage,latency_spike,True,235,152,ec02f2f2-05e7-4e90-a918-6753a3cdd527,True,True
INC-39e5ab65,fraud_detection,prod,2024-09-14T10:00:00,2024-09-14T12:17:00,user_report,SEV3,external_dependency,latency_spike,True,137,28,1c9609e7-9755-46d7-b983-39d3a8d03227,False,True
INC-b57b3407,rag_qa_service,staging,2024-09-14T06:00:00,2024-09-14T15:04:00,user_report,SEV2,external_dependency,latency_spike,True,544,53,cdaae5ae-0ae7-45f0-a007-862297e70949,False,True
INC-0c3517ef,recsys_clickthrough,dev,2024-09-14T14:00:00,2024-09-14T17:35:00,alerting,SEV2,data_pipeline_failure,metric_degradation,True,215,4,083d0746-180b-4a65-acd5-ecd6996041df,False,False
INC-d334ed55,recsys_clickthrough,dev,2024-09-14T16:00:00,2024-09-14T17:32:00,dashboard,SEV2,data_drift,metric_degradation,True,92,4,083d0746-180b-4a65-acd5-ecd6996041df,False,False
INC-a7371b5d,rag_qa_service,dev,2024-09-14T05:00:00,2024-09-14T17:10:00,dashboard,SEV2,data_pipeline_failure,metric_degradation,True,730,116,4a4f3706-534f-40f8-95c4-67812da7185a,True,False
INC-55e8cb9c,recsys_clickthrough,dev,2024-09-14T17:00:00,2024-09-14T19:27:00,dashboard,SEV2,data_pipeline_failure,metric_degradation,True,147,2,083d0746-180b-4a65-acd5-ecd6996041df,True,True
INC-b6295928,recsys_clickthrough,dev,2024-09-14T18:00:00,2024-09-14T19:47:00,user_report,SEV1,external_dependency,latency_spike,True,107,4,083d0746-180b-4a65-acd5-ecd6996041df,True,False
INC-1d8d1b4a,recsys_clickthrough,dev,2024-09-14T19:00:00,2024-09-14T19:27:00,dashboard,SEV2,infra_outage,latency_spike,True,27,5,083d0746-180b-4a65-acd5-ecd6996041df,False,True
INC-ad99a0f7,rag_qa_service,dev,2024-09-14T18:00:00,2024-09-14T21:34:00,dashboard,SEV2,infra_outage,latency_spike,True,214,24,4a4f3706-534f-40f8-95c4-67812da7185a,False,False
INC-f25073f6,recsys_clickthrough,dev,2024-09-14T21:00:00,2024-09-14T21:41:00,user_report,SEV3,infra_outage,latency_spike,True,41,5,083d0746-180b-4a65-acd5-ecd6996041df,True,False
INC-cbf98332,recsys_clickthrough,dev,2024-09-14T22:00:00,2024-09-15T01:09:00,alerting,SEV3,external_dependency,latency_spike,True,189,1,f619cacf-3569-4102-bab1-df0a1d248c4b,True,False
INC-37b58269,fraud_detection,prod,2024-09-14T18:00:00,2024-09-14T22:12:00,alerting,SEV2,external_dependency,latency_spike,True,252,689,1c9609e7-9755-46d7-b983-39d3a8d03227,False,True
INC-165a31a8,recsys_clickthrough,dev,2024-09-14T22:00:00,2024-09-15T01:20:00,dashboard,SEV2,data_pipeline_failure,metric_degradation,True,200,2,083d0746-180b-4a65-acd5-ecd6996041df,False,False
INC-ce134694,rag_qa_service,staging,2024-09-14T15:00:00,2024-09-14T23:37:00,user_report,SEV3,external_dependency,latency_spike,True,517,49,cdaae5ae-0ae7-45f0-a007-862297e70949,False,False
INC-c28be1a3,rag_qa_service,dev,2024-09-14T21:00:00,2024-09-15T01:41:00,user_report,SEV1,infra_outage,latency_spike,True,281,19,4a4f3706-534f-40f8-95c4-67812da7185a,True,False
INC-47cead6f,recsys_clickthrough,dev,2024-09-14T23:00:00,2024-09-15T00:07:00,alerting,SEV1,data_drift,metric_degradation,True,67,3,083d0746-180b-4a65-acd5-ecd6996041df,False,False
INC-1c5b1469,recsys_clickthrough,dev,2024-09-15T00:00:00,2024-09-15T03:14:00,alerting,SEV2,data_drift,metric_degradation,True,194,1,083d0746-180b-4a65-acd5-ecd6996041df,True,True
INC-dbfb70d5,recsys_clickthrough,dev,2024-09-15T01:00:00,2024-09-15T04:46:00,dashboard,SEV3,data_drift,metric_degradation,True,226,0,083d0746-180b-4a65-acd5-ecd6996041df,False,False
INC-76e1ebc1,recsys_clickthrough,dev,2024-09-15T02:00:00,2024-09-15T05:02:00,alerting,SEV2,data_drift,metric_degradation,True,182,2,083d0746-180b-4a65-acd5-ecd6996041df,True,False
INC-c8ecce4a,recsys_clickthrough,dev,2024-09-15T03:00:00,2024-09-15T06:53:00,alerting,SEV1,data_pipeline_failure,metric_degradation,True,233,2,083d0746-180b-4a65-acd5-ecd6996041df,True,True
INC-60443cef,recsys_clickthrough,dev,2024-09-15T08:00:00,2024-09-15T09:08:00,user_report,SEV1,data_pipeline_failure,metric_degradation,True,68,4,083d0746-180b-4a65-acd5-ecd6996041df,True,True
INC-c51f45a4,fraud_detection,prod,2024-09-15T09:00:00,2024-09-15T11:54:00,alerting,SEV2,infra_outage,latency_spike,True,174,159,1c9609e7-9755-46d7-b983-39d3a8d03227,True,True
INC-45a6905b,recsys_clickthrough,dev,2024-09-15T13:00:00,2024-09-15T15:51:00,user_report,SEV1,data_drift,metric_degradation,True,171,4,083d0746-180b-4a65-acd5-ecd6996041df,True,False
INC-141ca932,rag_qa_service,dev,2024-09-15T07:00:00,2024-09-15T14:02:00,alerting,SEV2,external_dependency,latency_spike,True,422,75,4a4f3706-534f-40f8-95c4-67812da7185a,True,False
INC-a11fbebd,recsys_clickthrough,dev,2024-09-15T14:00:00,2024-09-15T17:26:00,alerting,SEV2,data_drift,metric_degradation,True,206,2,083d0746-180b-4a65-acd5-ecd6996041df,False,False
INC-a3366a77,recsys_clickthrough,dev,2024-09-15T16:00:00,2024-09-15T18:36:00,alerting,SEV3,data_drift,metric_degradation,True,156,4,083d0746-180b-4a65-acd5-ecd6996041df,True,False
INC-91c859af,rag_qa_service,staging,2024-09-15T08:00:00,2024-09-15T19:00:00,alerting,SEV2,external_dependency,latency_spike,True,660,58,cdaae5ae-0ae7-45f0-a007-862297e70949,False,False
INC-64a45214,fraud_detection,prod,2024-09-15T16:00:00,2024-09-15T16:39:00,alerting,SEV3,external_dependency,latency_spike,True,39,242,1c9609e7-9755-46d7-b983-39d3a8d03227,True,False
INC-fb1266eb,fraud_detection,prod,2024-09-15T18:00:00,2024-09-15T19:57:00,dashboard,SEV2,external_dependency,latency_spike,True,117,41,1c9609e7-9755-46d7-b983-39d3a8d03227,False,True
INC-1bdb0496,recsys_clickthrough,dev,2024-09-15T19:00:00,2024-09-15T21:53:00,dashboard,SEV2,infra_outage,latency_spike,True,173,3,083d0746-180b-4a65-acd5-ecd6996041df,False,False
INC-2aa2c9f5,rag_qa_service,dev,2024-09-15T18:00:00,2024-09-15T20:44:00,alerting,SEV3,infra_outage,latency_spike,True,164,23,4a4f3706-534f-40f8-95c4-67812da7185a,True,False
INC-bff67a6d,recsys_clickthrough,dev,2024-09-15T20:00:00,2024-09-15T22:16:00,user_report,SEV2,infra_outage,latency_spike,True,136,3,083d0746-180b-4a65-acd5-ecd6996041df,False,False
INC-c69d73a1,fraud_detection,staging,2024-09-13T18:00:00,2024-09-15T23:09:00,alerting,SEV3,external_dependency,latency_spike,True,3189,2692,b7fa2246-a331-4b15-818f-9bf57f0ea0d6,False,False
INC-558b750a,fraud_detection,prod,2024-09-15T20:00:00,2024-09-15T23:47:00,alerting,SEV2,infra_outage,latency_spike,True,227,513,1c9609e7-9755-46d7-b983-39d3a8d03227,False,False
INC-269a938b,recsys_clickthrough,dev,2024-09-15T22:00:00,2024-09-15T22:47:00,alerting,SEV2,data_pipeline_failure,metric_degradation,True,47,3,083d0746-180b-4a65-acd5-ecd6996041df,True,True
INC-d0652805,recsys_clickthrough,dev,2024-09-15T23:00:00,2024-09-16T01:08:00,alerting,SEV3,data_drift,metric_degradation,True,128,3,083d0746-180b-4a65-acd5-ecd6996041df,False,False
INC-297a3c6c,recsys_clickthrough,prod,2024-09-13T06:00:00,2024-09-16T01:32:00,dashboard,SEV1,infra_outage,latency_spike,True,4052,13554,6e6bc5f6-11ba-4376-bbc5-908f8283c68c,True,True
INC-ed9d1aa7,rag_qa_service,staging,2024-09-15T17:00:00,2024-09-16T02:01:00,alerting,SEV3,infra_outage,latency_spike,True,541,35,cdaae5ae-0ae7-45f0-a007-862297e70949,False,False
INC-c6b5c881,fraud_detection,staging,2024-09-15T22:00:00,2024-09-16T01:37:00,alerting,SEV2,infra_outage,latency_spike,True,217,115,b7fa2246-a331-4b15-818f-9bf57f0ea0d6,True,True
INC-9d9aa1f4,rag_qa_service,dev,2024-09-15T22:00:00,2024-09-16T01:30:00,dashboard,SEV2,external_dependency,latency_spike,True,210,20,4a4f3706-534f-40f8-95c4-67812da7185a,False,False
INC-651da2f0,recsys_clickthrough,dev,2024-09-16T00:00:00,2024-09-16T03:01:00,user_report,SEV2,data_drift,metric_degradation,True,181,2,083d0746-180b-4a65-acd5-ecd6996041df,True,False
INC-d31aed56,recsys_clickthrough,dev,2024-09-16T01:00:00,2024-09-16T03:12:00,user_report,SEV3,data_pipeline_failure,metric_degradation,True,132,2,083d0746-180b-4a65-acd5-ecd6996041df,True,True
INC-a035f8ed,recsys_clickthrough,dev,2024-09-16T03:00:00,2024-09-16T03:18:00,dashboard,SEV1,data_drift,metric_degradation,True,18,2,083d0746-180b-4a65-acd5-ecd6996041df,False,False
INC-82cc0d00,recsys_clickthrough,dev,2024-09-16T07:00:00,2024-09-16T10:02:00,user_report,SEV3,data_pipeline_failure,metric_degradation,True,182,3,083d0746-180b-4a65-acd5-ecd6996041df,True,False
INC-f5a224f2,rag_qa_service,staging,2024-09-16T06:00:00,2024-09-16T11:44:00,alerting,SEV3,infra_outage,latency_spike,True,344,41,cdaae5ae-0ae7-45f0-a007-862297e70949,False,False
INC-9bcc74af,rag_qa_service,prod,2024-09-16T06:00:00,2024-09-16T12:03:00,user_report,SEV2,data_pipeline_failure,metric_degradation,True,363,2511,685ed99b-2574-4f3b-8fef-5b070768e5a0,False,True
INC-b88f1ea6,rag_qa_service,staging,2024-09-16T16:00:00,2024-09-16T18:46:00,alerting,SEV2,infra_outage,latency_spike,True,166,7,cdaae5ae-0ae7-45f0-a007-862297e70949,False,False
INC-85e798db,recsys_clickthrough,dev,2024-09-16T20:00:00,2024-09-16T21:30:00,user_report,SEV3,infra_outage,latency_spike,True,90,9,ff168f50-5863-4b87-8bda-c1420e721244,True,False
INC-89fa5d4d,rag_qa_service,staging,2024-09-16T18:00:00,2024-09-17T00:04:00,alerting,SEV1,external_dependency,latency_spike,True,364,58,cdaae5ae-0ae7-45f0-a007-862297e70949,False,True
INC-850e28bb,rag_qa_service,dev,2024-09-16T01:00:00,2024-09-17T01:36:00,user_report,SEV2,data_pipeline_failure,metric_degradation,True,1476,289,4a4f3706-534f-40f8-95c4-67812da7185a,True,False
INC-5e36d1ce,rag_qa_service,dev,2024-09-17T04:00:00,2024-09-17T05:28:00,alerting,SEV3,data_drift,metric_degradation,True,88,5,4a4f3706-534f-40f8-95c4-67812da7185a,True,False
INC-d488e88b,rag_qa_service,staging,2024-09-17T04:00:00,2024-09-17T06:16:00,user_report,SEV3,infra_outage,latency_spike,True,136,7,cdaae5ae-0ae7-45f0-a007-862297e70949,True,True
INC-19f4fb4b,rag_qa_service,dev,2024-09-17T05:00:00,2024-09-17T08:07:00,dashboard,SEV1,data_pipeline_failure,metric_degradation,True,187,30,4a4f3706-534f-40f8-95c4-67812da7185a,False,False
INC-b3ea2689,rag_qa_service,dev,2024-09-17T09:00:00,2024-09-17T17:16:00,dashboard,SEV2,external_dependency,latency_spike,True,496,144,4a4f3706-534f-40f8-95c4-67812da7185a,False,False
INC-f7f055d8,recsys_clickthrough,dev,2024-09-17T17:00:00,2024-09-17T19:56:00,user_report,SEV3,data_drift,metric_degradation,True,176,8,85cdbc8f-47d9-464f-ad99-6b5f016564fc,True,False
INC-24e20437,recsys_clickthrough,dev,2024-09-17T18:00:00,2024-09-17T22:43:00,dashboard,SEV2,data_pipeline_failure,metric_degradation,True,283,33,85cdbc8f-47d9-464f-ad99-6b5f016564fc,True,False
INC-e181d50f,recsys_clickthrough,dev,2024-09-17T20:00:00,2024-09-18T00:03:00,alerting,SEV3,data_drift,metric_degradation,True,243,35,85cdbc8f-47d9-464f-ad99-6b5f016564fc,False,False
INC-4987ed66,recsys_clickthrough,dev,2024-09-17T22:00:00,2024-09-18T02:38:00,user_report,SEV2,data_drift,metric_degradation,True,278,24,85cdbc8f-47d9-464f-ad99-6b5f016564fc,False,False
INC-bf757fb3,rag_qa_service,dev,2024-09-17T17:00:00,2024-09-18T02:55:00,user_report,SEV2,external_dependency,latency_spike,True,595,152,4a4f3706-534f-40f8-95c4-67812da7185a,False,True
INC-42d9e14b,recsys_clickthrough,dev,2024-09-18T00:00:00,2024-09-18T02:33:00,user_report,SEV2,data_drift,metric_degradation,True,153,7,85cdbc8f-47d9-464f-ad99-6b5f016564fc,False,False
INC-48ade58c,recsys_clickthrough,dev,2024-09-18T02:00:00,2024-09-18T02:58:00,user_report,SEV2,data_pipeline_failure,metric_degradation,True,58,4,85cdbc8f-47d9-464f-ad99-6b5f016564fc,True,False
INC-f57c757d,rag_qa_service,dev,2024-09-18T03:00:00,2024-09-18T06:36:00,dashboard,SEV3,data_pipeline_failure,metric_degradation,True,216,9,4a4f3706-534f-40f8-95c4-67812da7185a,False,False
INC-faad6d28,recsys_clickthrough,dev,2024-09-18T04:00:00,2024-09-18T05:57:00,alerting,SEV1,data_drift,metric_degradation,True,117,8,85cdbc8f-47d9-464f-ad99-6b5f016564fc,True,False
INC-f3e40eff,recsys_clickthrough,dev,2024-09-18T09:00:00,2024-09-18T11:02:00,alerting,SEV2,data_pipeline_failure,metric_degradation,True,122,11,85cdbc8f-47d9-464f-ad99-6b5f016564fc,True,True
INC-297736ef,recsys_clickthrough,dev,2024-09-18T10:00:00,2024-09-18T12:07:00,user_report,SEV2,data_drift,metric_degradation,True,127,10,85cdbc8f-47d9-464f-ad99-6b5f016564fc,False,False
INC-558348c2,recsys_clickthrough,dev,2024-09-18T11:00:00,2024-09-18T13:00:00,dashboard,SEV3,data_drift,metric_degradation,True,120,17,85cdbc8f-47d9-464f-ad99-6b5f016564fc,True,False
INC-03f0dcbf,recsys_clickthrough,dev,2024-09-18T12:00:00,2024-09-18T15:11:00,user_report,SEV3,data_drift,metric_degradation,True,191,9,85cdbc8f-47d9-464f-ad99-6b5f016564fc,True,False
INC-db1b90d5,rag_qa_service,dev,2024-09-18T08:00:00,2024-09-19T00:48:00,user_report,SEV2,infra_outage,latency_spike,True,1008,283,4a4f3706-534f-40f8-95c4-67812da7185a,True,False
INC-62eddcc5,rag_qa_service,dev,2024-09-19T00:00:00,2024-09-19T04:13:00,alerting,SEV1,data_pipeline_failure,metric_degradation,True,253,8,4a4f3706-534f-40f8-95c4-67812da7185a,True,False
INC-9a27786a,rag_qa_service,dev,2024-09-19T02:00:00,2024-09-19T05:07:00,user_report,SEV3,data_pipeline_failure,metric_degradation,True,187,6,4a4f3706-534f-40f8-95c4-67812da7185a,False,False
INC-d90f3524,rag_qa_service,dev,2024-09-19T04:00:00,2024-09-19T06:31:00,user_report,SEV2,data_drift,metric_degradation,True,151,3,4a4f3706-534f-40f8-95c4-67812da7185a,True,True
INC-7efe8486,rag_qa_service,dev,2024-09-19T05:00:00,2024-09-19T07:43:00,user_report,SEV1,data_pipeline_failure,metric_degradation,True,163,19,4a4f3706-534f-40f8-95c4-67812da7185a,False,False
INC-e630a652,rag_qa_service,dev,2024-09-19T08:00:00,2024-09-19T23:42:00,user_report,SEV2,infra_outage,latency_spike,True,942,310,5f532520-fe69-4d62-896f-3e8c8b7faa33,True,False
INC-6244fac5,rag_qa_service,dev,2024-09-20T00:00:00,2024-09-20T01:52:00,dashboard,SEV3,data_pipeline_failure,metric_degradation,True,112,9,4a4f3706-534f-40f8-95c4-67812da7185a,False,True
INC-14220f89,rag_qa_service,dev,2024-09-20T04:00:00,2024-09-20T05:28:00,alerting,SEV3,data_pipeline_failure,metric_degradation,True,88,3,4a4f3706-534f-40f8-95c4-67812da7185a,False,True
INC-3c6965d3,rag_qa_service,dev,2024-09-20T05:00:00,2024-09-20T09:56:00,alerting,SEV2,data_drift,metric_degradation,True,296,17,4a4f3706-534f-40f8-95c4-67812da7185a,False,True
INC-12e76ab6,rag_qa_service,dev,2024-09-20T07:00:00,2024-09-20T12:25:00,alerting,SEV2,external_dependency,latency_spike,True,325,108,5f532520-fe69-4d62-896f-3e8c8b7faa33,False,False
INC-056f4089,recsys_clickthrough,dev,2024-09-20T11:00:00,2024-09-20T12:03:00,dashboard,SEV1,external_dependency,latency_spike,True,63,11,ff168f50-5863-4b87-8bda-c1420e721244,False,False
INC-fa9f1629,rag_qa_service,dev,2024-09-20T12:00:00,2024-09-20T15:21:00,user_report,SEV2,data_pipeline_failure,metric_degradation,True,201,7,4a4f3706-534f-40f8-95c4-67812da7185a,False,True
INC-340e05e3,rag_qa_service,dev,2024-09-20T14:00:00,2024-09-20T16:37:00,user_report,SEV2,infra_outage,latency_spike,True,157,31,5f532520-fe69-4d62-896f-3e8c8b7faa33,False,False
INC-0d5412ba,recsys_clickthrough,staging,2024-08-05T06:00:00,2024-08-08T06:53:00,user_report,SEV1,data_drift,metric_degradation,True,4373,2034,67145f44-57bf-46c4-9a23-c0a7f2fe652a,True,False
INC-5ac7cf9c,recsys_clickthrough,staging,2024-09-20T21:00:00,2024-09-20T21:57:00,user_report,SEV3,external_dependency,latency_spike,True,57,3,46120c82-d3f4-4666-bb4b-4f3457a0574a,True,False
INC-544c3a38,recsys_clickthrough,dev,2024-09-21T19:00:00,2024-09-21T22:30:00,user_report,SEV3,infra_outage,latency_spike,True,210,8,ff168f50-5863-4b87-8bda-c1420e721244,True,False
INC-901a447c,recsys_clickthrough,staging,2024-09-21T20:00:00,2024-09-21T23:59:00,user_report,SEV3,external_dependency,latency_spike,True,239,8,46120c82-d3f4-4666-bb4b-4f3457a0574a,False,False
INC-ca537e68,recsys_clickthrough,staging,2024-09-21T22:00:00,2024-09-22T01:15:00,dashboard,SEV2,external_dependency,latency_spike,True,195,4,46120c82-d3f4-4666-bb4b-4f3457a0574a,True,False
INC-423d9b40,recsys_clickthrough,staging,2024-09-22T10:00:00,2024-09-22T12:43:00,alerting,SEV2,external_dependency,latency_spike,True,163,39,46120c82-d3f4-4666-bb4b-4f3457a0574a,True,False
INC-4beaa39b,recsys_clickthrough,staging,2024-09-24T20:00:00,2024-09-24T20:47:00,user_report,SEV3,external_dependency,latency_spike,True,47,16,46120c82-d3f4-4666-bb4b-4f3457a0574a,False,False
INC-ad352621,recsys_clickthrough,staging,2024-09-24T22:00:00,2024-09-25T02:30:00,alerting,SEV3,external_dependency,latency_spike,True,270,32,46120c82-d3f4-4666-bb4b-4f3457a0574a,True,False
INC-ee0724c1,fraud_detection,staging,2024-09-16T01:00:00,2024-09-23T18:33:00,alerting,SEV3,data_pipeline_failure,metric_degradation,True,11133,8944,b7fa2246-a331-4b15-818f-9bf57f0ea0d6,False,False
INC-1d4bb277,rag_qa_service,staging,2024-09-17T06:00:00,2024-09-26T01:09:00,alerting,SEV3,external_dependency,latency_spike,True,12669,2387,cdaae5ae-0ae7-45f0-a007-862297e70949,False,False
INC-44f8d2fd,rag_qa_service,staging,2024-09-27T19:00:00,2024-09-27T23:40:00,user_report,SEV2,infra_outage,latency_spike,True,280,32,5021f5f9-ce31-41a6-bb5f-4d14971ff285,True,False
INC-e432ef37,recsys_clickthrough,dev,2024-09-28T08:00:00,2024-09-28T10:06:00,dashboard,SEV2,infra_outage,latency_spike,True,126,1,603fdf61-a851-401f-81af-96ebb3b01dd1,False,False
INC-8529603f,rag_qa_service,staging,2024-09-28T06:00:00,2024-09-28T15:16:00,dashboard,SEV3,infra_outage,latency_spike,True,556,76,5021f5f9-ce31-41a6-bb5f-4d14971ff285,False,False
INC-907297e2,rag_qa_service,staging,2024-09-28T13:00:00,2024-09-28T16:11:00,user_report,SEV2,infra_outage,latency_spike,True,191,13,5021f5f9-ce31-41a6-bb5f-4d14971ff285,False,False
INC-3195c3df,energy_forecasting,staging,2024-09-28T09:00:00,2024-09-28T17:07:00,user_report,SEV3,external_dependency,latency_spike,True,487,417,f93ad293-eeb3-462e-a19e-39dab309f3e8,True,False
INC-567b9d18,recsys_clickthrough,dev,2024-09-28T19:00:00,2024-09-28T21:18:00,alerting,SEV2,infra_outage,latency_spike,True,138,1,603fdf61-a851-401f-81af-96ebb3b01dd1,False,True
INC-c01bd057,rag_qa_service,staging,2024-09-28T18:00:00,2024-09-28T23:37:00,alerting,SEV3,external_dependency,latency_spike,True,337,52,5021f5f9-ce31-41a6-bb5f-4d14971ff285,False,False
INC-4f0fb7c6,energy_forecasting,staging,2024-09-28T18:00:00,2024-09-28T23:59:00,dashboard,SEV2,external_dependency,latency_spike,True,359,184,f93ad293-eeb3-462e-a19e-39dab309f3e8,False,False
INC-b3a5f2a7,energy_forecasting,staging,2024-09-29T04:00:00,2024-09-29T05:14:00,dashboard,SEV3,external_dependency,latency_spike,True,74,19,f93ad293-eeb3-462e-a19e-39dab309f3e8,False,False
INC-e57cda97,rag_qa_service,staging,2024-09-29T06:00:00,2024-09-29T10:31:00,dashboard,SEV2,external_dependency,latency_spike,True,271,16,8505f039-cd60-44af-b769-9da59071f9a6,False,False
INC-34aeeca1,rag_qa_service,staging,2024-09-29T08:00:00,2024-09-29T14:06:00,user_report,SEV3,external_dependency,latency_spike,True,366,75,5021f5f9-ce31-41a6-bb5f-4d14971ff285,True,True
INC-a2ad5557,rag_qa_service,staging,2024-09-29T13:00:00,2024-09-29T14:49:00,dashboard,SEV2,external_dependency,latency_spike,True,109,7,5021f5f9-ce31-41a6-bb5f-4d14971ff285,False,False
INC-3946a1ea,energy_forecasting,staging,2024-09-29T07:00:00,2024-09-29T16:53:00,dashboard,SEV2,external_dependency,latency_spike,True,593,237,f93ad293-eeb3-462e-a19e-39dab309f3e8,True,False
INC-ef690e3c,recsys_clickthrough,dev,2024-09-29T12:00:00,2024-09-29T13:47:00,alerting,SEV3,data_pipeline_failure,metric_degradation,True,107,2,603fdf61-a851-401f-81af-96ebb3b01dd1,True,False
INC-cca656a9,energy_forecasting,staging,2024-09-29T15:00:00,2024-09-29T18:23:00,user_report,SEV3,infra_outage,latency_spike,True,203,40,f93ad293-eeb3-462e-a19e-39dab309f3e8,True,False
INC-d31c6107,rag_qa_service,staging,2024-09-29T16:00:00,2024-09-29T17:18:00,dashboard,SEV1,infra_outage,latency_spike,True,78,7,8505f039-cd60-44af-b769-9da59071f9a6,True,False
INC-9873f82f,rag_qa_service,staging,2024-09-29T18:00:00,2024-09-29T21:50:00,dashboard,SEV3,infra_outage,latency_spike,True,230,65,8505f039-cd60-44af-b769-9da59071f9a6,False,True
INC-d2e965e1,rag_qa_service,staging,2024-09-29T22:00:00,2024-09-30T00:27:00,alerting,SEV3,external_dependency,latency_spike,True,147,9,8505f039-cd60-44af-b769-9da59071f9a6,False,False
INC-bfde4872,recsys_clickthrough,dev,2024-09-29T21:00:00,2024-09-30T02:13:00,alerting,SEV1,external_dependency,latency_spike,True,313,10,603fdf61-a851-401f-81af-96ebb3b01dd1,True,False
INC-725c5e0d,energy_forecasting,staging,2024-09-29T20:00:00,2024-09-30T02:16:00,user_report,SEV1,external_dependency,latency_spike,True,376,153,f93ad293-eeb3-462e-a19e-39dab309f3e8,False,False
INC-2b08af1c,recsys_clickthrough,dev,2024-09-30T02:00:00,2024-09-30T03:15:00,alerting,SEV3,data_drift,metric_degradation,True,75,1,603fdf61-a851-401f-81af-96ebb3b01dd1,True,False
INC-72cf190f,rag_qa_service,staging,2024-09-30T06:00:00,2024-09-30T10:10:00,alerting,SEV3,external_dependency,latency_spike,True,250,15,5021f5f9-ce31-41a6-bb5f-4d14971ff285,True,False
INC-de7a834b,energy_forecasting,staging,2024-09-30T08:00:00,2024-09-30T13:39:00,user_report,SEV3,infra_outage,latency_spike,True,339,131,f93ad293-eeb3-462e-a19e-39dab309f3e8,False,False
INC-b482feb2,rag_qa_service,staging,2024-09-30T08:00:00,2024-09-30T14:26:00,dashboard,SEV2,external_dependency,latency_spike,True,386,62,5021f5f9-ce31-41a6-bb5f-4d14971ff285,False,False
INC-d48acf77,energy_forecasting,staging,2024-09-30T13:00:00,2024-09-30T15:40:00,user_report,SEV2,infra_outage,latency_spike,True,160,84,f93ad293-eeb3-462e-a19e-39dab309f3e8,False,False
INC-8e93e7dc,rag_qa_service,staging,2024-09-30T16:00:00,2024-09-30T19:29:00,alerting,SEV3,infra_outage,latency_spike,True,209,7,8505f039-cd60-44af-b769-9da59071f9a6,True,False
INC-61b3fc9f,rag_qa_service,dev,2024-09-20T16:00:00,2024-09-30T07:28:00,user_report,SEV1,infra_outage,latency_spike,True,13888,1480,4a4f3706-534f-40f8-95c4-67812da7185a,False,False
INC-fa1945a5,energy_forecasting,staging,2024-09-30T18:00:00,2024-10-01T01:42:00,user_report,SEV3,infra_outage,latency_spike,True,462,276,f93ad293-eeb3-462e-a19e-39dab309f3e8,True,True
INC-250407d5,rag_qa_service,staging,2024-09-30T18:00:00,2024-09-30T23:56:00,user_report,SEV3,infra_outage,latency_spike,True,356,75,8505f039-cd60-44af-b769-9da59071f9a6,True,False
INC-dda1c2dd,rag_qa_service,dev,2024-09-30T23:00:00,2024-10-01T01:34:00,alerting,SEV1,external_dependency,latency_spike,True,154,2,aa1ff131-31a4-4ea6-bd49-55bb20504c8f,True,True
INC-63ca460b,recsys_clickthrough,dev,2024-09-30T08:00:00,2024-10-01T05:35:00,alerting,SEV3,infra_outage,latency_spike,True,1295,19,603fdf61-a851-401f-81af-96ebb3b01dd1,True,False
INC-a12cbd75,rag_qa_service,dev,2024-10-01T07:00:00,2024-10-01T14:28:00,dashboard,SEV3,external_dependency,latency_spike,True,448,10,aa1ff131-31a4-4ea6-bd49-55bb20504c8f,False,False
INC-b9731437,rag_qa_service,staging,2024-10-01T10:00:00,2024-10-01T12:51:00,dashboard,SEV2,external_dependency,latency_spike,True,171,18,8505f039-cd60-44af-b769-9da59071f9a6,False,False
INC-04513129,rag_qa_service,dev,2024-10-01T13:00:00,2024-10-01T15:11:00,dashboard,SEV2,infra_outage,latency_spike,True,131,2,aa1ff131-31a4-4ea6-bd49-55bb20504c8f,False,True
INC-d907ae00,recsys_clickthrough,dev,2024-10-01T05:00:00,2024-10-01T13:19:00,alerting,SEV3,data_pipeline_failure,metric_degradation,True,499,9,603fdf61-a851-401f-81af-96ebb3b01dd1,True,False
INC-ea94677a,rag_qa_service,staging,2024-10-01T13:00:00,2024-10-01T14:38:00,user_report,SEV2,external_dependency,latency_spike,True,98,6,8505f039-cd60-44af-b769-9da59071f9a6,True,True
INC-880695f9,rag_qa_service,staging,2024-10-01T16:00:00,2024-10-01T19:04:00,user_report,SEV1,infra_outage,latency_spike,True,184,6,8505f039-cd60-44af-b769-9da59071f9a6,True,True
INC-70b3e728,rag_qa_service,staging,2024-10-01T18:00:00,2024-10-01T21:14:00,user_report,SEV3,external_dependency,latency_spike,True,194,30,8505f039-cd60-44af-b769-9da59071f9a6,False,True
INC-332ac23e,fraud_detection,staging,2024-10-01T19:00:00,2024-10-02T00:03:00,user_report,SEV2,data_pipeline_failure,metric_degradation,True,303,217,1a4b6e4a-9b5e-4457-9f1b-a6623d3f97c1,False,False
INC-6b041cf3,rag_qa_service,dev,2024-10-01T15:00:00,2024-10-02T01:05:00,user_report,SEV3,infra_outage,latency_spike,True,605,50,aa1ff131-31a4-4ea6-bd49-55bb20504c8f,True,True
INC-87b08d4b,rag_qa_service,dev,2024-10-02T01:00:00,2024-10-02T03:23:00,dashboard,SEV3,infra_outage,latency_spike,True,143,2,aa1ff131-31a4-4ea6-bd49-55bb20504c8f,True,False
INC-8b987de8,rag_qa_service,prod,2024-10-02T06:00:00,2024-10-02T07:05:00,dashboard,SEV2,external_dependency,latency_spike,True,65,59,598c4f03-48a0-4492-8a47-856e76d831e5,True,False
INC-5ffb2497,rag_qa_service,prod,2024-10-02T09:00:00,2024-10-02T10:21:00,dashboard,SEV1,infra_outage,latency_spike,True,81,25,598c4f03-48a0-4492-8a47-856e76d831e5,True,False
INC-d1e7049c,rag_qa_service,staging,2024-10-02T09:00:00,2024-10-02T15:54:00,user_report,SEV1,infra_outage,latency_spike,True,414,68,8505f039-cd60-44af-b769-9da59071f9a6,True,False
INC-d0cd1f67,rag_qa_service,staging,2024-10-02T16:00:00,2024-10-02T17:39:00,user_report,SEV1,external_dependency,latency_spike,True,99,10,8505f039-cd60-44af-b769-9da59071f9a6,False,False
INC-9147eb32,rag_qa_service,staging,2024-10-02T18:00:00,2024-10-03T01:34:00,dashboard,SEV2,external_dependency,latency_spike,True,454,67,8505f039-cd60-44af-b769-9da59071f9a6,True,False
INC-d87b84ba,rag_qa_service,dev,2024-10-02T05:00:00,2024-10-03T01:15:00,user_report,SEV2,external_dependency,latency_spike,True,1215,53,aa1ff131-31a4-4ea6-bd49-55bb20504c8f,False,False
INC-6b9091d3,rag_qa_service,staging,2024-10-03T08:00:00,2024-10-03T13:57:00,user_report,SEV2,external_dependency,latency_spike,True,357,78,8505f039-cd60-44af-b769-9da59071f9a6,True,False
INC-dc0a25a8,fraud_detection,prod,2024-09-16T04:00:00,2024-09-24T16:57:00,alerting,SEV2,data_drift,metric_degradation,True,12297,45052,1c9609e7-9755-46d7-b983-39d3a8d03227,False,False
INC-eb7a5458,rag_qa_service,staging,2024-10-03T16:00:00,2024-10-03T18:54:00,alerting,SEV1,external_dependency,latency_spike,True,174,13,8505f039-cd60-44af-b769-9da59071f9a6,False,False
INC-f8e563e9,rag_qa_service,prod,2024-10-03T17:00:00,2024-10-03T21:35:00,alerting,SEV3,infra_outage,latency_spike,True,275,331,598c4f03-48a0-4492-8a47-856e76d831e5,False,False
INC-d69b1dc6,rag_qa_service,dev,2024-10-03T06:00:00,2024-10-03T15:28:00,dashboard,SEV2,external_dependency,latency_spike,True,568,29,aa1ff131-31a4-4ea6-bd49-55bb20504c8f,True,True
INC-d190d842,rag_qa_service,staging,2024-10-03T19:00:00,2024-10-03T23:49:00,dashboard,SEV2,external_dependency,latency_spike,True,289,74,8505f039-cd60-44af-b769-9da59071f9a6,True,False
INC-ff2866f9,rag_qa_service,prod,2024-10-04T10:00:00,2024-10-04T12:39:00,user_report,SEV2,infra_outage,latency_spike,True,159,145,598c4f03-48a0-4492-8a47-856e76d831e5,False,False
INC-bbf75cb8,rag_qa_service,staging,2024-10-04T10:00:00,2024-10-04T14:41:00,user_report,SEV1,external_dependency,latency_spike,True,281,22,8505f039-cd60-44af-b769-9da59071f9a6,True,False
INC-54dde32c,rag_qa_service,staging,2024-10-04T15:00:00,2024-10-04T16:13:00,alerting,SEV2,infra_outage,latency_spike,True,73,15,8505f039-cd60-44af-b769-9da59071f9a6,False,False
INC-01a0809a,energy_forecasting,staging,2024-10-04T18:00:00,2024-10-04T20:21:00,dashboard,SEV3,external_dependency,latency_spike,True,141,34,d4e15f30-e202-4713-a53e-3a162aed4172,True,False
INC-0dae65a9,rag_qa_service,staging,2024-10-04T18:00:00,2024-10-04T23:29:00,alerting,SEV3,infra_outage,latency_spike,True,329,70,8505f039-cd60-44af-b769-9da59071f9a6,True,False
INC-c208ff15,rag_qa_service,prod,2024-10-04T20:00:00,2024-10-05T00:30:00,dashboard,SEV1,infra_outage,latency_spike,True,270,134,598c4f03-48a0-4492-8a47-856e76d831e5,False,True
INC-cee96b55,energy_forecasting,staging,2024-10-05T06:00:00,2024-10-05T07:32:00,alerting,SEV2,infra_outage,latency_spike,True,92,24,d4e15f30-e202-4713-a53e-3a162aed4172,False,True
INC-bd1f7b89,rag_qa_service,prod,2024-10-05T09:00:00,2024-10-05T11:19:00,dashboard,SEV2,infra_outage,latency_spike,True,139,447,598c4f03-48a0-4492-8a47-856e76d831e5,False,False
INC-58ddb877,energy_forecasting,staging,2024-10-05T08:00:00,2024-10-05T14:22:00,dashboard,SEV2,infra_outage,latency_spike,True,382,114,d4e15f30-e202-4713-a53e-3a162aed4172,False,True
INC-75eb027e,rag_qa_service,prod,2024-10-05T13:00:00,2024-10-05T15:50:00,alerting,SEV2,infra_outage,latency_spike,True,170,213,598c4f03-48a0-4492-8a47-856e76d831e5,True,False
INC-7a136324,energy_forecasting,staging,2024-10-05T14:00:00,2024-10-05T17:38:00,alerting,SEV3,external_dependency,latency_spike,True,218,28,d4e15f30-e202-4713-a53e-3a162aed4172,False,False
INC-0799cb7c,energy_forecasting,staging,2024-10-05T18:00:00,2024-10-06T00:56:00,user_report,SEV1,external_dependency,latency_spike,True,416,179,d4e15f30-e202-4713-a53e-3a162aed4172,True,False
INC-f421db81,rag_qa_service,prod,2024-10-05T17:00:00,2024-10-06T02:49:00,user_report,SEV1,infra_outage,latency_spike,True,589,1135,598c4f03-48a0-4492-8a47-856e76d831e5,False,True
INC-ac42bb42,fraud_detection,staging,2024-10-02T00:00:00,2024-10-06T11:40:00,user_report,SEV3,data_drift,metric_degradation,True,6460,5627,1a4b6e4a-9b5e-4457-9f1b-a6623d3f97c1,False,False
INC-8a44850d,rag_qa_service,prod,2024-10-06T06:00:00,2024-10-06T17:59:00,alerting,SEV1,external_dependency,latency_spike,True,719,1715,598c4f03-48a0-4492-8a47-856e76d831e5,True,False
INC-4d7caf3b,energy_forecasting,staging,2024-10-06T07:00:00,2024-10-06T19:41:00,user_report,SEV3,external_dependency,latency_spike,True,761,232,d4e15f30-e202-4713-a53e-3a162aed4172,False,False
INC-d5b5a373,rag_qa_service,dev,2024-10-06T21:00:00,2024-10-06T23:42:00,alerting,SEV3,external_dependency,latency_spike,True,162,8,041a2ca6-d3d3-49ad-adbf-fcbace8940ec,True,False
INC-f51bf7b5,fraud_detection,staging,2024-10-06T20:00:00,2024-10-07T01:42:00,dashboard,SEV1,external_dependency,latency_spike,True,342,51,ee7e8e71-82ef-4f7f-b1d7-34cc68413737,False,False
INC-6b9437b4,rag_qa_service,prod,2024-10-06T17:00:00,2024-10-07T01:56:00,user_report,SEV3,infra_outage,latency_spike,True,536,1026,598c4f03-48a0-4492-8a47-856e76d831e5,True,False
INC-ae473995,energy_forecasting,staging,2024-10-06T18:00:00,2024-10-07T01:23:00,dashboard,SEV2,external_dependency,latency_spike,True,443,192,d4e15f30-e202-4713-a53e-3a162aed4172,False,False
INC-3e34a3df,energy_forecasting,staging,2024-10-07T02:00:00,2024-10-07T05:26:00,user_report,SEV1,external_dependency,latency_spike,True,206,37,d4e15f30-e202-4713-a53e-3a162aed4172,True,False
INC-4842280b,fraud_detection,staging,2024-10-07T07:00:00,2024-10-07T12:33:00,dashboard,SEV1,infra_outage,latency_spike,True,333,44,ee7e8e71-82ef-4f7f-b1d7-34cc68413737,False,True
INC-bb35e463,rag_qa_service,dev,2024-10-07T11:00:00,2024-10-07T11:16:00,alerting,SEV3,infra_outage,latency_spike,True,16,9,041a2ca6-d3d3-49ad-adbf-fcbace8940ec,False,True
INC-e9bd9f56,rag_qa_service,prod,2024-10-07T05:00:00,2024-10-07T16:36:00,user_report,SEV3,infra_outage,latency_spike,True,696,1470,598c4f03-48a0-4492-8a47-856e76d831e5,True,True
INC-60b50a38,fraud_detection,staging,2024-10-07T13:00:00,2024-10-07T14:00:00,dashboard,SEV1,infra_outage,latency_spike,True,60,17,ee7e8e71-82ef-4f7f-b1d7-34cc68413737,False,True
INC-db2717de,rag_qa_service,dev,2024-10-07T14:00:00,2024-10-07T16:41:00,dashboard,SEV1,external_dependency,latency_spike,True,161,9,041a2ca6-d3d3-49ad-adbf-fcbace8940ec,True,False
INC-12bf630f,rag_qa_service,prod,2024-10-07T16:00:00,2024-10-07T19:07:00,dashboard,SEV2,infra_outage,latency_spike,True,187,430,598c4f03-48a0-4492-8a47-856e76d831e5,False,True
INC-7ada7fed,rag_qa_service,prod,2024-10-07T18:00:00,2024-10-07T21:06:00,dashboard,SEV1,external_dependency,latency_spike,True,186,670,598c4f03-48a0-4492-8a47-856e76d831e5,False,False
INC-3e132bf2,rag_qa_service,prod,2024-10-07T20:00:00,2024-10-07T22:13:00,user_report,SEV2,external_dependency,latency_spike,True,133,335,598c4f03-48a0-4492-8a47-856e76d831e5,True,False
INC-60daa244,fraud_detection,staging,2024-10-07T20:00:00,2024-10-07T22:20:00,alerting,SEV3,infra_outage,latency_spike,True,140,36,ee7e8e71-82ef-4f7f-b1d7-34cc68413737,True,False
INC-bebb266f,rag_qa_service,prod,2024-10-07T22:00:00,2024-10-07T23:14:00,alerting,SEV2,external_dependency,latency_spike,True,74,338,598c4f03-48a0-4492-8a47-856e76d831e5,True,True
INC-d23c0416,rag_qa_service,dev,2024-10-07T18:00:00,2024-10-07T22:34:00,user_report,SEV2,infra_outage,latency_spike,True,274,34,041a2ca6-d3d3-49ad-adbf-fcbace8940ec,False,False
INC-31c39b99,energy_forecasting,staging,2024-10-07T07:00:00,2024-10-07T23:37:00,dashboard,SEV1,external_dependency,latency_spike,True,997,593,d4e15f30-e202-4713-a53e-3a162aed4172,True,False
INC-f1f56902,rag_qa_service,prod,2024-10-08T06:00:00,2024-10-08T07:41:00,user_report,SEV2,infra_outage,latency_spike,True,101,415,598c4f03-48a0-4492-8a47-856e76d831e5,True,True
INC-eb3d6b2b,rag_qa_service,dev,2024-10-08T07:00:00,2024-10-08T07:40:00,dashboard,SEV2,external_dependency,latency_spike,True,40,5,041a2ca6-d3d3-49ad-adbf-fcbace8940ec,False,True
INC-3ac00620,fraud_detection,staging,2024-10-08T08:00:00,2024-10-08T09:54:00,dashboard,SEV3,external_dependency,latency_spike,True,114,24,ee7e8e71-82ef-4f7f-b1d7-34cc68413737,False,False
INC-f2b03ed7,rag_qa_service,prod,2024-10-08T09:00:00,2024-10-08T11:39:00,alerting,SEV2,infra_outage,latency_spike,True,159,178,598c4f03-48a0-4492-8a47-856e76d831e5,True,False
INC-1de33645,rag_qa_service,prod,2024-10-08T10:00:00,2024-10-08T11:12:00,alerting,SEV3,infra_outage,latency_spike,True,72,201,598c4f03-48a0-4492-8a47-856e76d831e5,True,True
INC-dc77eb97,rag_qa_service,prod,2024-10-08T11:00:00,2024-10-08T12:22:00,user_report,SEV2,infra_outage,latency_spike,True,82,240,598c4f03-48a0-4492-8a47-856e76d831e5,False,True
INC-8803f100,fraud_detection,staging,2024-10-08T10:00:00,2024-10-08T14:15:00,alerting,SEV2,infra_outage,latency_spike,True,255,24,ee7e8e71-82ef-4f7f-b1d7-34cc68413737,False,True
INC-5104f134,rag_qa_service,prod,2024-10-08T12:00:00,2024-10-08T13:29:00,user_report,SEV2,external_dependency,latency_spike,True,89,335,598c4f03-48a0-4492-8a47-856e76d831e5,False,False
INC-6e818e19,energy_forecasting,staging,2024-10-08T07:00:00,2024-10-08T15:26:00,user_report,SEV1,external_dependency,latency_spike,True,506,253,d4e15f30-e202-4713-a53e-3a162aed4172,False,False
INC-840785b8,rag_qa_service,dev,2024-10-08T13:00:00,2024-10-08T17:58:00,alerting,SEV2,external_dependency,latency_spike,True,298,16,041a2ca6-d3d3-49ad-adbf-fcbace8940ec,True,False
INC-5f49e3bf,rag_qa_service,prod,2024-10-08T14:00:00,2024-10-08T18:28:00,user_report,SEV1,infra_outage,latency_spike,True,268,250,598c4f03-48a0-4492-8a47-856e76d831e5,False,False
INC-cc2b3d72,rag_qa_service,prod,2024-10-08T20:00:00,2024-10-08T21:47:00,dashboard,SEV1,infra_outage,latency_spike,True,107,255,598c4f03-48a0-4492-8a47-856e76d831e5,True,False
INC-65ff23c3,rag_qa_service,dev,2024-10-08T19:00:00,2024-10-08T20:18:00,user_report,SEV3,infra_outage,latency_spike,True,78,13,041a2ca6-d3d3-49ad-adbf-fcbace8940ec,False,False
INC-216b0525,rag_qa_service,prod,2024-10-08T21:00:00,2024-10-09T01:06:00,user_report,SEV3,infra_outage,latency_spike,True,246,316,598c4f03-48a0-4492-8a47-856e76d831e5,False,True
INC-4793811f,fraud_detection,staging,2024-10-08T18:00:00,2024-10-08T22:22:00,alerting,SEV3,external_dependency,latency_spike,True,262,63,ee7e8e71-82ef-4f7f-b1d7-34cc68413737,True,False
INC-7668f9a3,energy_forecasting,staging,2024-10-08T16:00:00,2024-10-09T01:10:00,alerting,SEV2,external_dependency,latency_spike,True,550,181,d4e15f30-e202-4713-a53e-3a162aed4172,True,False
INC-f8f38222,rag_qa_service,dev,2024-10-09T07:00:00,2024-10-09T08:08:00,user_report,SEV3,infra_outage,latency_spike,True,68,6,041a2ca6-d3d3-49ad-adbf-fcbace8940ec,True,False
INC-060f5689,fraud_detection,staging,2024-10-09T09:00:00,2024-10-09T11:32:00,user_report,SEV2,infra_outage,latency_spike,True,152,15,ee7e8e71-82ef-4f7f-b1d7-34cc68413737,True,True
INC-075d49be,fraud_detection,staging,2024-10-09T14:00:00,2024-10-09T16:23:00,dashboard,SEV1,external_dependency,latency_spike,True,143,13,ee7e8e71-82ef-4f7f-b1d7-34cc68413737,True,False
INC-99b0b8a7,fraud_detection,staging,2024-10-09T21:00:00,2024-10-09T23:39:00,dashboard,SEV2,infra_outage,latency_spike,True,159,14,ee7e8e71-82ef-4f7f-b1d7-34cc68413737,False,True
INC-efa7946a,rag_qa_service,dev,2024-10-09T23:00:00,2024-10-10T02:04:00,user_report,SEV1,external_dependency,latency_spike,True,184,6,041a2ca6-d3d3-49ad-adbf-fcbace8940ec,True,False
INC-d16eb1d1,energy_forecasting,staging,2024-10-09T07:00:00,2024-10-10T00:32:00,dashboard,SEV2,infra_outage,latency_spike,True,1052,647,d4e15f30-e202-4713-a53e-3a162aed4172,True,True
INC-34bc0914,rag_qa_service,dev,2024-10-10T10:00:00,2024-10-10T12:28:00,dashboard,SEV1,infra_outage,latency_spike,True,148,15,041a2ca6-d3d3-49ad-adbf-fcbace8940ec,True,False
INC-fb394680,rag_qa_service,prod,2024-10-09T11:00:00,2024-10-10T14:23:00,alerting,SEV3,external_dependency,latency_spike,True,1643,8441,598c4f03-48a0-4492-8a47-856e76d831e5,False,False
INC-fd6affef,rag_qa_service,prod,2024-10-10T14:00:00,2024-10-10T17:31:00,user_report,SEV2,infra_outage,latency_spike,True,211,378,598c4f03-48a0-4492-8a47-856e76d831e5,True,False
INC-fa2be0b5,fraud_detection,staging,2024-10-10T08:00:00,2024-10-10T17:46:00,user_report,SEV1,external_dependency,latency_spike,True,586,91,ee7e8e71-82ef-4f7f-b1d7-34cc68413737,False,True
INC-000b41dc,rag_qa_service,prod,2024-10-10T15:00:00,2024-10-10T17:10:00,dashboard,SEV1,external_dependency,latency_spike,True,130,295,598c4f03-48a0-4492-8a47-856e76d831e5,True,True
INC-0263501b,rag_qa_service,prod,2024-10-10T18:00:00,2024-10-10T20:47:00,user_report,SEV2,external_dependency,latency_spike,True,167,457,598c4f03-48a0-4492-8a47-856e76d831e5,False,False
INC-db8e9ec8,fraud_detection,staging,2024-10-10T16:00:00,2024-10-11T00:03:00,user_report,SEV1,external_dependency,latency_spike,True,483,379,ee7e8e71-82ef-4f7f-b1d7-34cc68413737,True,False
INC-3be10b3a,rag_qa_service,dev,2024-10-10T15:00:00,2024-10-11T00:12:00,alerting,SEV2,config_error,error_spike,True,552,150,041a2ca6-d3d3-49ad-adbf-fcbace8940ec,True,True
INC-5b5e870a,energy_forecasting,staging,2024-10-10T07:00:00,2024-10-11T01:45:00,alerting,SEV2,infra_outage,latency_spike,True,1125,569,d4e15f30-e202-4713-a53e-3a162aed4172,False,True
INC-dbafd70b,fraud_detection,staging,2024-10-11T02:00:00,2024-10-11T05:04:00,dashboard,SEV3,external_dependency,latency_spike,True,184,5,ee7e8e71-82ef-4f7f-b1d7-34cc68413737,True,False
INC-f3b8d9a4,rag_qa_service,prod,2024-10-10T19:00:00,2024-10-11T16:03:00,user_report,SEV1,infra_outage,latency_spike,True,1263,5662,598c4f03-48a0-4492-8a47-856e76d831e5,False,False
INC-4f6e4e03,rag_qa_service,prod,2024-10-11T14:00:00,2024-10-11T19:07:00,user_report,SEV2,external_dependency,latency_spike,True,307,1585,598c4f03-48a0-4492-8a47-856e76d831e5,True,True
INC-28a213c0,rag_qa_service,prod,2024-10-11T20:00:00,2024-10-11T21:38:00,dashboard,SEV2,infra_outage,latency_spike,True,98,632,598c4f03-48a0-4492-8a47-856e76d831e5,True,False
INC-d8651320,rag_qa_service,prod,2024-10-11T22:00:00,2024-10-12T01:50:00,dashboard,SEV2,infra_outage,latency_spike,True,230,360,598c4f03-48a0-4492-8a47-856e76d831e5,False,False
INC-ac66654f,rag_qa_service,prod,2024-10-11T23:00:00,2024-10-12T01:23:00,user_report,SEV2,external_dependency,latency_spike,True,143,289,598c4f03-48a0-4492-8a47-856e76d831e5,True,False
INC-8070acf9,rag_qa_service,prod,2024-10-12T00:00:00,2024-10-12T01:55:00,alerting,SEV3,data_pipeline_failure,metric_degradation,True,115,153,598c4f03-48a0-4492-8a47-856e76d831e5,False,False
INC-b89cdf1a,fraud_detection,staging,2024-10-11T05:00:00,2024-10-12T03:51:00,alerting,SEV3,external_dependency,latency_spike,True,1371,200,ee7e8e71-82ef-4f7f-b1d7-34cc68413737,True,False
INC-1db68b9c,energy_forecasting,staging,2024-10-11T08:00:00,2024-10-12T05:41:00,user_report,SEV1,external_dependency,latency_spike,True,1301,648,d4e15f30-e202-4713-a53e-3a162aed4172,True,True
INC-9c1d1285,rag_qa_service,prod,2024-10-12T02:00:00,2024-10-12T05:47:00,user_report,SEV3,data_pipeline_failure,metric_degradation,True,227,5,598c4f03-48a0-4492-8a47-856e76d831e5,False,True
INC-ca3c918b,fraud_detection,staging,2024-10-12T03:00:00,2024-10-12T05:10:00,dashboard,SEV2,infra_outage,latency_spike,True,130,3,ee7e8e71-82ef-4f7f-b1d7-34cc68413737,False,False
INC-b8350ef4,rag_qa_service,prod,2024-10-12T06:00:00,2024-10-12T08:49:00,dashboard,SEV1,infra_outage,latency_spike,True,169,245,598c4f03-48a0-4492-8a47-856e76d831e5,False,True
INC-141a333b,rag_qa_service,prod,2024-10-12T08:00:00,2024-10-12T11:24:00,alerting,SEV2,external_dependency,latency_spike,True,204,361,598c4f03-48a0-4492-8a47-856e76d831e5,True,False
INC-aa028644,rag_qa_service,prod,2024-10-12T09:00:00,2024-10-12T10:16:00,dashboard,SEV2,infra_outage,latency_spike,True,76,240,598c4f03-48a0-4492-8a47-856e76d831e5,True,False
INC-6bf36841,rag_qa_service,prod,2024-10-12T10:00:00,2024-10-12T13:51:00,user_report,SEV3,external_dependency,latency_spike,True,231,384,598c4f03-48a0-4492-8a47-856e76d831e5,False,True
INC-36f45f95,rag_qa_service,prod,2024-10-12T11:00:00,2024-10-12T13:25:00,user_report,SEV2,external_dependency,latency_spike,True,145,637,598c4f03-48a0-4492-8a47-856e76d831e5,False,False
INC-d9bf4c29,rag_qa_service,prod,2024-10-12T13:00:00,2024-10-12T15:15:00,dashboard,SEV2,external_dependency,latency_spike,True,135,262,598c4f03-48a0-4492-8a47-856e76d831e5,True,False
INC-a4e96673,rag_qa_service,prod,2024-10-12T14:00:00,2024-10-12T17:38:00,dashboard,SEV2,infra_outage,latency_spike,True,218,253,598c4f03-48a0-4492-8a47-856e76d831e5,True,False
INC-c244e534,rag_qa_service,prod,2024-10-12T15:00:00,2024-10-12T16:58:00,dashboard,SEV2,external_dependency,latency_spike,True,118,346,598c4f03-48a0-4492-8a47-856e76d831e5,True,False
INC-bfb1fe5a,fraud_detection,dev,2024-09-01T11:00:00,2024-09-10T15:14:00,alerting,SEV1,external_dependency,latency_spike,True,13214,1732,15370513-708f-4e60-bba2-089aec024866,True,False
INC-8e23255c,rag_qa_service,prod,2024-10-12T16:00:00,2024-10-12T20:03:00,user_report,SEV2,data_pipeline_failure,metric_degradation,True,243,464,598c4f03-48a0-4492-8a47-856e76d831e5,True,False
INC-bd3534a7,rag_qa_service,prod,2024-10-12T20:00:00,2024-10-12T21:19:00,alerting,SEV3,external_dependency,latency_spike,True,79,313,598c4f03-48a0-4492-8a47-856e76d831e5,True,True
INC-5dd3ee8a,fraud_detection,staging,2024-10-12T07:00:00,2024-10-12T23:55:00,alerting,SEV2,external_dependency,latency_spike,True,1015,184,ee7e8e71-82ef-4f7f-b1d7-34cc68413737,False,False
INC-7c797105,energy_forecasting,staging,2024-10-12T04:00:00,2024-10-13T03:22:00,alerting,SEV2,infra_outage,latency_spike,True,1402,823,d4e15f30-e202-4713-a53e-3a162aed4172,False,False
INC-87b78dba,rag_qa_service,dev,2024-10-11T07:00:00,2024-10-13T06:28:00,user_report,SEV3,infra_outage,latency_spike,True,2848,367,041a2ca6-d3d3-49ad-adbf-fcbace8940ec,True,True
INC-1cd0e201,rag_qa_service,dev,2024-10-13T06:00:00,2024-10-13T08:45:00,alerting,SEV2,external_dependency,latency_spike,True,165,11,041a2ca6-d3d3-49ad-adbf-fcbace8940ec,False,False
INC-8126c27e,rag_qa_service,dev,2024-10-13T08:00:00,2024-10-13T12:23:00,alerting,SEV1,infra_outage,latency_spike,True,263,19,041a2ca6-d3d3-49ad-adbf-fcbace8940ec,False,False
INC-c6ede5a0,recsys_clickthrough,prod,2024-09-16T02:00:00,2024-09-17T09:30:00,dashboard,SEV2,infra_outage,latency_spike,True,1890,5658,f6019715-6fb5-4714-ba1a-3ffb88d7e1ae,True,False
INC-c62209af,rag_qa_service,dev,2024-10-13T11:00:00,2024-10-13T14:26:00,alerting,SEV2,external_dependency,latency_spike,True,206,13,3587b0ca-b340-42bd-8762-21bcfee272a4,True,True
INC-e73a4e8c,rag_qa_service,dev,2024-10-13T12:00:00,2024-10-13T14:53:00,alerting,SEV3,infra_outage,latency_spike,True,173,15,041a2ca6-d3d3-49ad-adbf-fcbace8940ec,True,False
INC-0bb55520,rag_qa_service,dev,2024-10-13T14:00:00,2024-10-13T17:03:00,user_report,SEV3,data_pipeline_failure,metric_degradation,True,183,13,041a2ca6-d3d3-49ad-adbf-fcbace8940ec,False,False
INC-11c0e521,fraud_detection,dev,2024-10-13T19:00:00,2024-10-13T20:44:00,dashboard,SEV2,infra_outage,latency_spike,True,104,4,873405bc-9921-473d-9aaa-1f166d27a50e,False,False
INC-1062e261,rag_qa_service,dev,2024-10-13T19:00:00,2024-10-13T22:23:00,alerting,SEV2,infra_outage,latency_spike,True,203,7,3587b0ca-b340-42bd-8762-21bcfee272a4,False,False
INC-03776b3f,energy_forecasting,dev,2024-08-26T05:00:00,2024-08-28T17:50:00,alerting,SEV3,external_dependency,latency_spike,True,3650,652,1f0c2400-3b17-40d3-bdea-d02fecde5554,False,True
INC-ebe8668b,fraud_detection,staging,2024-10-13T05:00:00,2024-10-14T03:24:00,alerting,SEV2,infra_outage,latency_spike,True,1344,220,ee7e8e71-82ef-4f7f-b1d7-34cc68413737,False,False
INC-1bea57c5,rag_qa_service,dev,2024-10-14T06:00:00,2024-10-14T09:54:00,user_report,SEV3,infra_outage,latency_spike,True,234,2,3587b0ca-b340-42bd-8762-21bcfee272a4,False,False
INC-c147a857,rag_qa_service,dev,2024-10-14T09:00:00,2024-10-14T09:44:00,dashboard,SEV2,external_dependency,latency_spike,True,44,2,3587b0ca-b340-42bd-8762-21bcfee272a4,False,False
INC-0b27115e,fraud_detection,prod,2024-10-03T15:00:00,2024-10-03T16:23:00,user_report,SEV2,external_dependency,latency_spike,True,83,69,f6698e70-c5d7-47e3-824a-c185db0f4c7c,False,False
INC-d78f7c19,fraud_detection,prod,2024-10-14T11:00:00,2024-10-14T12:37:00,alerting,SEV2,infra_outage,latency_spike,True,97,296,3d26deb5-2735-44e4-8d28-6fcbf2d4e925,True,False
INC-8fe93ab1,rag_qa_service,dev,2024-10-14T16:00:00,2024-10-14T19:29:00,alerting,SEV1,external_dependency,latency_spike,True,209,2,3587b0ca-b340-42bd-8762-21bcfee272a4,False,False
INC-8d517172,fraud_detection,dev,2024-10-14T18:00:00,2024-10-14T18:27:00,alerting,SEV2,external_dependency,latency_spike,True,27,4,873405bc-9921-473d-9aaa-1f166d27a50e,True,False
INC-ee2e6738,fraud_detection,prod,2024-10-14T18:00:00,2024-10-14T19:35:00,user_report,SEV1,external_dependency,latency_spike,True,95,349,3d26deb5-2735-44e4-8d28-6fcbf2d4e925,False,False
INC-d090c21c,rag_qa_service,dev,2024-10-14T19:00:00,2024-10-14T22:53:00,dashboard,SEV1,external_dependency,latency_spike,True,233,6,3587b0ca-b340-42bd-8762-21bcfee272a4,False,True
INC-f23de995,energy_forecasting,dev,2024-10-14T22:00:00,2024-10-15T00:12:00,user_report,SEV2,external_dependency,latency_spike,True,132,13,33847523-9c49-457e-8101-26afdffb9e2a,True,False
INC-ec4f7e10,fraud_detection,staging,2024-10-14T06:00:00,2024-10-15T02:30:00,dashboard,SEV2,external_dependency,latency_spike,True,1230,140,ee7e8e71-82ef-4f7f-b1d7-34cc68413737,False,True
INC-92ae97e0,energy_forecasting,dev,2024-10-15T08:00:00,2024-10-15T11:19:00,alerting,SEV3,external_dependency,latency_spike,True,199,12,33847523-9c49-457e-8101-26afdffb9e2a,False,False
INC-c1d407eb,rag_qa_service,dev,2024-10-15T08:00:00,2024-10-15T13:34:00,dashboard,SEV2,external_dependency,latency_spike,True,334,6,3587b0ca-b340-42bd-8762-21bcfee272a4,True,False
INC-e97e737e,rag_qa_service,dev,2024-10-15T13:00:00,2024-10-15T16:20:00,dashboard,SEV3,external_dependency,latency_spike,True,200,2,3587b0ca-b340-42bd-8762-21bcfee272a4,True,False
INC-bd56e4ed,rag_qa_service,prod,2024-10-12T22:00:00,2024-10-14T15:58:00,dashboard,SEV2,data_pipeline_failure,metric_degradation,True,2518,11006,156dcaa5-0f6b-4582-9dc6-001b405984ee,False,False
INC-54a5c05e,fraud_detection,dev,2024-10-15T19:00:00,2024-10-15T22:23:00,alerting,SEV2,external_dependency,latency_spike,True,203,6,873405bc-9921-473d-9aaa-1f166d27a50e,False,False
INC-0802281d,rag_qa_service,dev,2024-10-15T19:00:00,2024-10-15T23:07:00,user_report,SEV2,infra_outage,latency_spike,True,247,6,3587b0ca-b340-42bd-8762-21bcfee272a4,True,False
INC-b2731a7c,recsys_clickthrough,staging,2024-10-15T17:00:00,2024-10-16T00:37:00,user_report,SEV2,external_dependency,latency_spike,True,457,56,496c1639-5de4-4863-93d6-0b3c60ab2b2e,False,False
INC-c7f881fc,fraud_detection,staging,2024-10-15T06:00:00,2024-10-16T02:42:00,alerting,SEV3,external_dependency,latency_spike,True,1242,224,ee7e8e71-82ef-4f7f-b1d7-34cc68413737,True,True
INC-f3978f60,fraud_detection,staging,2024-10-16T03:00:00,2024-10-16T03:29:00,user_report,SEV2,external_dependency,latency_spike,True,29,7,ee7e8e71-82ef-4f7f-b1d7-34cc68413737,False,False
INC-d0f456ab,rag_qa_service,dev,2024-10-16T06:00:00,2024-10-16T09:03:00,dashboard,SEV2,external_dependency,latency_spike,True,183,2,5d072f81-6277-4e34-b80e-9cbf28f56d7f,True,False
INC-dc4bd09f,recsys_clickthrough,staging,2024-10-16T06:00:00,2024-10-16T09:58:00,alerting,SEV1,external_dependency,latency_spike,True,238,10,496c1639-5de4-4863-93d6-0b3c60ab2b2e,False,False
INC-6ebae81a,rag_qa_service,dev,2024-10-16T08:00:00,2024-10-16T10:45:00,alerting,SEV1,external_dependency,latency_spike,True,165,6,3587b0ca-b340-42bd-8762-21bcfee272a4,False,False
INC-97ec608d,rag_qa_service,dev,2024-10-16T10:00:00,2024-10-16T13:14:00,alerting,SEV3,external_dependency,latency_spike,True,194,1,5d072f81-6277-4e34-b80e-9cbf28f56d7f,False,True
INC-b3787539,rag_qa_service,dev,2024-10-16T11:00:00,2024-10-16T15:43:00,dashboard,SEV3,infra_outage,latency_spike,True,283,16,5d072f81-6277-4e34-b80e-9cbf28f56d7f,True,True
INC-4273c548,recsys_clickthrough,staging,2024-10-16T10:00:00,2024-10-16T16:30:00,dashboard,SEV2,infra_outage,latency_spike,True,390,64,496c1639-5de4-4863-93d6-0b3c60ab2b2e,True,False
INC-be8989c2,rag_qa_service,dev,2024-10-16T15:00:00,2024-10-16T15:55:00,dashboard,SEV2,infra_outage,latency_spike,True,55,2,5d072f81-6277-4e34-b80e-9cbf28f56d7f,False,False
INC-1cfc3dc1,fraud_detection,dev,2024-10-16T21:00:00,2024-10-16T23:28:00,user_report,SEV2,external_dependency,latency_spike,True,148,11,873405bc-9921-473d-9aaa-1f166d27a50e,True,False
INC-f384e21d,fraud_detection,prod,2024-10-16T22:00:00,2024-10-16T23:07:00,alerting,SEV2,infra_outage,latency_spike,True,67,108,3d26deb5-2735-44e4-8d28-6fcbf2d4e925,True,False
INC-22d29437,recsys_clickthrough,staging,2024-10-16T19:00:00,2024-10-16T23:33:00,dashboard,SEV2,external_dependency,latency_spike,True,273,81,496c1639-5de4-4863-93d6-0b3c60ab2b2e,False,False
INC-307b5bfd,rag_qa_service,dev,2024-10-16T17:00:00,2024-10-17T00:32:00,alerting,SEV2,infra_outage,latency_spike,True,452,58,5d072f81-6277-4e34-b80e-9cbf28f56d7f,True,True
INC-6a648300,fraud_detection,staging,2024-10-16T05:00:00,2024-10-17T02:32:00,dashboard,SEV2,infra_outage,latency_spike,True,1292,318,ee7e8e71-82ef-4f7f-b1d7-34cc68413737,False,False
INC-9d97f983,fraud_detection,staging,2024-10-17T02:00:00,2024-10-17T02:53:00,alerting,SEV1,infra_outage,latency_spike,True,53,4,ee7e8e71-82ef-4f7f-b1d7-34cc68413737,False,True
INC-5018fdfd,rag_qa_service,prod,2024-10-17T07:00:00,2024-10-17T09:41:00,alerting,SEV2,infra_outage,latency_spike,True,161,263,6fbca27a-b76e-45d3-8382-c9ce707cb01b,True,False
INC-d2072570,fraud_detection,dev,2024-10-17T10:00:00,2024-10-17T11:38:00,dashboard,SEV3,external_dependency,latency_spike,True,98,4,873405bc-9921-473d-9aaa-1f166d27a50e,False,True
INC-b9b21573,fraud_detection,prod,2024-10-17T10:00:00,2024-10-17T12:04:00,dashboard,SEV2,external_dependency,latency_spike,True,124,69,3d26deb5-2735-44e4-8d28-6fcbf2d4e925,True,True
INC-96b71167,rag_qa_service,prod,2024-10-17T11:00:00,2024-10-17T11:26:00,alerting,SEV1,external_dependency,latency_spike,True,26,219,6fbca27a-b76e-45d3-8382-c9ce707cb01b,False,True
INC-afac5fd2,rag_qa_service,dev,2024-10-17T07:00:00,2024-10-17T15:42:00,dashboard,SEV1,infra_outage,latency_spike,True,522,31,5d072f81-6277-4e34-b80e-9cbf28f56d7f,False,False
INC-fda9062f,rag_qa_service,prod,2024-10-17T14:00:00,2024-10-17T16:17:00,dashboard,SEV1,external_dependency,latency_spike,True,137,264,6fbca27a-b76e-45d3-8382-c9ce707cb01b,False,False
INC-d19ba8c1,rag_qa_service,prod,2024-10-17T20:00:00,2024-10-17T20:52:00,alerting,SEV2,external_dependency,latency_spike,True,52,82,6fbca27a-b76e-45d3-8382-c9ce707cb01b,True,False
INC-fbd0b08b,recsys_clickthrough,staging,2024-10-17T19:00:00,2024-10-17T22:38:00,alerting,SEV1,external_dependency,latency_spike,True,218,66,496c1639-5de4-4863-93d6-0b3c60ab2b2e,True,True
INC-e9fb0605,rag_qa_service,dev,2024-10-17T17:00:00,2024-10-18T01:00:00,user_report,SEV2,external_dependency,latency_spike,True,480,32,5d072f81-6277-4e34-b80e-9cbf28f56d7f,False,False
INC-fc46b858,fraud_detection,staging,2024-10-17T06:00:00,2024-10-18T01:49:00,dashboard,SEV1,external_dependency,latency_spike,True,1189,335,ee7e8e71-82ef-4f7f-b1d7-34cc68413737,False,True
INC-f754c4d5,fraud_detection,staging,2024-10-18T02:00:00,2024-10-18T04:07:00,alerting,SEV3,infra_outage,latency_spike,True,127,27,ee7e8e71-82ef-4f7f-b1d7-34cc68413737,True,True
INC-7b67d6e4,recsys_clickthrough,dev,2024-10-01T17:00:00,2024-10-11T15:15:00,user_report,SEV3,infra_outage,latency_spike,True,14295,259,603fdf61-a851-401f-81af-96ebb3b01dd1,True,False
INC-1d0aff66,fraud_detection,staging,2024-10-18T04:00:00,2024-10-18T04:57:00,user_report,SEV3,external_dependency,latency_spike,True,57,2,900cb197-7678-4888-98fa-dbb89f1a893f,True,False
INC-98cac8e0,rag_qa_service,prod,2024-10-18T07:00:00,2024-10-18T09:59:00,dashboard,SEV2,external_dependency,latency_spike,True,179,227,6fbca27a-b76e-45d3-8382-c9ce707cb01b,False,False
INC-a61ee73a,fraud_detection,dev,2024-10-18T04:00:00,2024-10-18T10:46:00,alerting,SEV2,data_pipeline_failure,metric_degradation,True,406,24,873405bc-9921-473d-9aaa-1f166d27a50e,False,False
INC-0edc80b1,recsys_clickthrough,dev,2024-10-18T09:00:00,2024-10-18T11:39:00,alerting,SEV2,external_dependency,latency_spike,True,159,9,2bb25668-47d1-4e38-94a8-81dabc7851b6,True,False
INC-87a77d00,recsys_clickthrough,staging,2024-10-18T08:00:00,2024-10-18T13:12:00,user_report,SEV1,infra_outage,latency_spike,True,312,78,496c1639-5de4-4863-93d6-0b3c60ab2b2e,True,False
INC-e562deb6,rag_qa_service,prod,2024-10-18T10:00:00,2024-10-18T13:09:00,user_report,SEV1,infra_outage,latency_spike,True,189,321,6fbca27a-b76e-45d3-8382-c9ce707cb01b,False,False
INC-58658af1,recsys_clickthrough,staging,2024-10-18T13:00:00,2024-10-18T16:27:00,dashboard,SEV2,infra_outage,latency_spike,True,207,53,496c1639-5de4-4863-93d6-0b3c60ab2b2e,False,False
INC-ddd47ca1,recsys_clickthrough,dev,2024-10-18T18:00:00,2024-10-18T21:06:00,dashboard,SEV2,infra_outage,latency_spike,True,186,6,2bb25668-47d1-4e38-94a8-81dabc7851b6,False,False
INC-dda3d095,fraud_detection,dev,2024-10-18T19:00:00,2024-10-18T23:55:00,user_report,SEV3,infra_outage,latency_spike,True,295,13,873405bc-9921-473d-9aaa-1f166d27a50e,True,True
INC-64dcaad1,recsys_clickthrough,dev,2024-10-18T21:00:00,2024-10-19T02:00:00,dashboard,SEV2,external_dependency,latency_spike,True,300,23,2bb25668-47d1-4e38-94a8-81dabc7851b6,False,False
INC-901d6700,rag_qa_service,dev,2024-10-18T06:00:00,2024-10-18T23:55:00,alerting,SEV2,infra_outage,latency_spike,True,1075,84,5d072f81-6277-4e34-b80e-9cbf28f56d7f,False,False
INC-945cad00,recsys_clickthrough,staging,2024-10-18T17:00:00,2024-10-19T02:53:00,alerting,SEV2,external_dependency,latency_spike,True,593,131,496c1639-5de4-4863-93d6-0b3c60ab2b2e,True,False
INC-b4e3d12c,fraud_detection,staging,2024-10-18T06:00:00,2024-10-18T23:46:00,user_report,SEV2,external_dependency,latency_spike,True,1066,462,900cb197-7678-4888-98fa-dbb89f1a893f,True,True
INC-9c46184d,rag_qa_service,staging,2024-10-05T01:00:00,2024-10-06T03:32:00,dashboard,SEV2,data_pipeline_failure,metric_degradation,True,1592,352,8505f039-cd60-44af-b769-9da59071f9a6,False,False
INC-4f58bf39,fraud_detection,staging,2024-10-19T02:00:00,2024-10-19T04:10:00,alerting,SEV3,infra_outage,latency_spike,True,130,3,900cb197-7678-4888-98fa-dbb89f1a893f,True,False
INC-b530b647,recsys_clickthrough,staging,2024-10-19T06:00:00,2024-10-19T09:29:00,user_report,SEV3,external_dependency,latency_spike,True,209,12,496c1639-5de4-4863-93d6-0b3c60ab2b2e,True,True
INC-6e2e37ba,recsys_clickthrough,dev,2024-10-19T09:00:00,2024-10-19T12:37:00,user_report,SEV2,external_dependency,latency_spike,True,217,14,2bb25668-47d1-4e38-94a8-81dabc7851b6,False,False
INC-8dd5f081,recsys_clickthrough,staging,2024-10-19T10:00:00,2024-10-19T14:13:00,dashboard,SEV2,infra_outage,latency_spike,True,253,46,496c1639-5de4-4863-93d6-0b3c60ab2b2e,True,True
INC-202cb3b4,rag_qa_service,staging,2024-10-19T07:00:00,2024-10-19T14:37:00,dashboard,SEV2,external_dependency,latency_spike,True,457,46,eaffc734-2816-40d8-99fb-6719670fa1dd,False,False
INC-02f88552,recsys_clickthrough,dev,2024-10-19T15:00:00,2024-10-19T15:57:00,alerting,SEV1,external_dependency,latency_spike,True,57,11,2bb25668-47d1-4e38-94a8-81dabc7851b6,False,True
INC-f14f6022,recsys_clickthrough,staging,2024-10-19T16:00:00,2024-10-19T17:31:00,alerting,SEV2,infra_outage,latency_spike,True,91,24,496c1639-5de4-4863-93d6-0b3c60ab2b2e,True,False
INC-fe06eb9a,recsys_clickthrough,dev,2024-10-19T20:00:00,2024-10-19T20:46:00,dashboard,SEV3,infra_outage,latency_spike,True,46,7,2bb25668-47d1-4e38-94a8-81dabc7851b6,True,False
INC-d46759b9,fraud_detection,dev,2024-10-19T20:00:00,2024-10-19T21:30:00,user_report,SEV3,external_dependency,latency_spike,True,90,2,873405bc-9921-473d-9aaa-1f166d27a50e,False,False
INC-1d2fc880,rag_qa_service,dev,2024-10-19T04:00:00,2024-10-20T01:48:00,user_report,SEV3,external_dependency,latency_spike,True,1308,91,5d072f81-6277-4e34-b80e-9cbf28f56d7f,False,False
INC-bc9bf205,rag_qa_service,staging,2024-10-19T18:00:00,2024-10-20T01:45:00,alerting,SEV2,external_dependency,latency_spike,True,465,29,eaffc734-2816-40d8-99fb-6719670fa1dd,False,False
INC-12d3c0f4,recsys_clickthrough,staging,2024-10-19T18:00:00,2024-10-20T01:43:00,alerting,SEV3,external_dependency,latency_spike,True,463,106,496c1639-5de4-4863-93d6-0b3c60ab2b2e,True,False
INC-3af30930,fraud_detection,staging,2024-10-19T07:00:00,2024-10-20T01:17:00,alerting,SEV1,external_dependency,latency_spike,True,1097,96,900cb197-7678-4888-98fa-dbb89f1a893f,True,False
INC-afa6a75d,fraud_detection,staging,2024-10-20T04:00:00,2024-10-20T07:46:00,user_report,SEV2,infra_outage,latency_spike,True,226,2,900cb197-7678-4888-98fa-dbb89f1a893f,False,True
INC-58f68a53,rag_qa_service,dev,2024-10-20T07:00:00,2024-10-20T09:17:00,alerting,SEV2,external_dependency,latency_spike,True,137,0,5d072f81-6277-4e34-b80e-9cbf28f56d7f,True,False
INC-3bdfa189,fraud_detection,dev,2024-10-20T08:00:00,2024-10-20T09:54:00,alerting,SEV2,infra_outage,latency_spike,True,114,11,873405bc-9921-473d-9aaa-1f166d27a50e,True,True
INC-0f926592,rag_qa_service,staging,2024-10-20T06:00:00,2024-10-20T12:29:00,user_report,SEV1,infra_outage,latency_spike,True,389,21,eaffc734-2816-40d8-99fb-6719670fa1dd,True,False
INC-9e3dcbd5,rag_qa_service,dev,2024-10-20T11:00:00,2024-10-20T13:38:00,dashboard,SEV3,external_dependency,latency_spike,True,158,9,5d072f81-6277-4e34-b80e-9cbf28f56d7f,False,False
INC-fcd9a542,recsys_clickthrough,staging,2024-10-20T08:00:00,2024-10-20T15:24:00,dashboard,SEV3,external_dependency,latency_spike,True,444,91,496c1639-5de4-4863-93d6-0b3c60ab2b2e,True,False
INC-43a5863c,rag_qa_service,staging,2024-10-20T13:00:00,2024-10-20T16:40:00,alerting,SEV3,external_dependency,latency_spike,True,220,6,eaffc734-2816-40d8-99fb-6719670fa1dd,True,False
INC-3f43673f,fraud_detection,dev,2024-10-20T16:00:00,2024-10-20T17:47:00,alerting,SEV3,infra_outage,latency_spike,True,107,3,873405bc-9921-473d-9aaa-1f166d27a50e,True,False
INC-f64d91d5,rag_qa_service,staging,2024-10-20T19:00:00,2024-10-21T00:21:00,alerting,SEV2,infra_outage,latency_spike,True,321,18,eaffc734-2816-40d8-99fb-6719670fa1dd,True,True
INC-81625ff7,recsys_clickthrough,dev,2024-10-20T20:00:00,2024-10-21T01:04:00,user_report,SEV2,infra_outage,latency_spike,True,304,30,2bb25668-47d1-4e38-94a8-81dabc7851b6,True,False
INC-89bd536d,fraud_detection,dev,2024-10-20T20:00:00,2024-10-20T23:51:00,alerting,SEV3,infra_outage,latency_spike,True,231,10,873405bc-9921-473d-9aaa-1f166d27a50e,True,True
INC-d44e0637,rag_qa_service,dev,2024-10-20T15:00:00,2024-10-21T01:23:00,user_report,SEV2,model_bug,error_spike,True,623,109,5d072f81-6277-4e34-b80e-9cbf28f56d7f,True,False
INC-b583bdca,recsys_clickthrough,staging,2024-10-20T16:00:00,2024-10-21T00:17:00,dashboard,SEV1,external_dependency,latency_spike,True,497,153,496c1639-5de4-4863-93d6-0b3c60ab2b2e,False,False
INC-98dc63d4,fraud_detection,staging,2024-10-20T06:00:00,2024-10-21T02:53:00,dashboard,SEV2,infra_outage,latency_spike,True,1253,105,900cb197-7678-4888-98fa-dbb89f1a893f,True,False
INC-a44518f5,rag_qa_service,dev,2024-10-21T03:00:00,2024-10-21T04:53:00,user_report,SEV3,infra_outage,latency_spike,True,113,2,5d072f81-6277-4e34-b80e-9cbf28f56d7f,True,False
INC-67f8f5d8,fraud_detection,staging,2024-10-21T04:00:00,2024-10-21T04:16:00,alerting,SEV3,external_dependency,latency_spike,True,16,3,900cb197-7678-4888-98fa-dbb89f1a893f,False,False
INC-bc899b31,recsys_clickthrough,dev,2024-10-21T08:00:00,2024-10-21T08:16:00,dashboard,SEV2,external_dependency,latency_spike,True,16,6,64c3583e-fa8f-4a4d-855f-a441d5300fb3,True,False
INC-f49354e1,recsys_clickthrough,dev,2024-10-21T10:00:00,2024-10-21T13:49:00,alerting,SEV2,external_dependency,latency_spike,True,229,5,64c3583e-fa8f-4a4d-855f-a441d5300fb3,False,False
INC-c2975f34,recsys_clickthrough,dev,2024-10-21T11:00:00,2024-10-21T12:24:00,alerting,SEV2,external_dependency,latency_spike,True,84,17,64c3583e-fa8f-4a4d-855f-a441d5300fb3,False,False
INC-995630d6,recsys_clickthrough,dev,2024-10-21T13:00:00,2024-10-21T15:07:00,dashboard,SEV2,external_dependency,latency_spike,True,127,4,64c3583e-fa8f-4a4d-855f-a441d5300fb3,True,False
INC-f75c0efb,recsys_clickthrough,dev,2024-10-21T14:00:00,2024-10-21T17:25:00,dashboard,SEV1,infra_outage,latency_spike,True,205,8,64c3583e-fa8f-4a4d-855f-a441d5300fb3,True,False
INC-9ca43990,recsys_clickthrough,dev,2024-10-21T16:00:00,2024-10-21T19:03:00,alerting,SEV2,infra_outage,latency_spike,True,183,4,64c3583e-fa8f-4a4d-855f-a441d5300fb3,False,False
INC-30344179,fraud_detection,staging,2024-10-21T06:00:00,2024-10-21T17:17:00,alerting,SEV1,infra_outage,latency_spike,True,677,122,900cb197-7678-4888-98fa-dbb89f1a893f,True,True
INC-125cb063,fraud_detection,dev,2024-10-21T18:00:00,2024-10-21T19:46:00,alerting,SEV3,external_dependency,latency_spike,True,106,3,873405bc-9921-473d-9aaa-1f166d27a50e,True,True
INC-7f3b57d9,recsys_clickthrough,dev,2024-10-21T18:00:00,2024-10-21T22:52:00,user_report,SEV2,infra_outage,latency_spike,True,292,34,64c3583e-fa8f-4a4d-855f-a441d5300fb3,False,False
INC-436ba4ef,fraud_detection,staging,2024-10-21T17:00:00,2024-10-21T22:18:00,alerting,SEV3,external_dependency,latency_spike,True,318,82,900cb197-7678-4888-98fa-dbb89f1a893f,True,True
INC-ecaea35e,fraud_detection,dev,2024-10-21T20:00:00,2024-10-21T23:25:00,dashboard,SEV2,external_dependency,latency_spike,True,205,11,873405bc-9921-473d-9aaa-1f166d27a50e,False,False
INC-480ed2c9,recsys_clickthrough,dev,2024-10-21T20:00:00,2024-10-22T00:29:00,dashboard,SEV2,infra_outage,latency_spike,True,269,57,64c3583e-fa8f-4a4d-855f-a441d5300fb3,True,False
INC-c7f0da50,rag_qa_service,dev,2024-10-21T06:00:00,2024-10-22T02:30:00,dashboard,SEV2,infra_outage,latency_spike,True,1230,88,5d072f81-6277-4e34-b80e-9cbf28f56d7f,False,False
INC-44c5b81d,fraud_detection,staging,2024-10-22T06:00:00,2024-10-22T07:26:00,user_report,SEV2,infra_outage,latency_spike,True,86,13,078a5d18-ebff-4817-8f80-03a4a7f4b9f4,False,True
INC-ca3426f9,recsys_clickthrough,dev,2024-10-22T08:00:00,2024-10-22T14:31:00,dashboard,SEV2,external_dependency,latency_spike,True,391,25,64c3583e-fa8f-4a4d-855f-a441d5300fb3,True,True
INC-d9451fa6,fraud_detection,staging,2024-10-22T07:00:00,2024-10-22T16:50:00,user_report,SEV3,external_dependency,latency_spike,True,590,162,900cb197-7678-4888-98fa-dbb89f1a893f,False,True
INC-aba57604,recsys_clickthrough,dev,2024-10-22T14:00:00,2024-10-22T16:54:00,user_report,SEV2,infra_outage,latency_spike,True,174,1,64c3583e-fa8f-4a4d-855f-a441d5300fb3,True,False
INC-46b0caed,fraud_detection,staging,2024-10-22T14:00:00,2024-10-22T19:15:00,user_report,SEV3,external_dependency,latency_spike,True,315,60,900cb197-7678-4888-98fa-dbb89f1a893f,True,False
INC-860474b7,recsys_clickthrough,dev,2024-10-22T19:00:00,2024-10-22T23:56:00,dashboard,SEV2,external_dependency,latency_spike,True,296,23,64c3583e-fa8f-4a4d-855f-a441d5300fb3,True,True
INC-068d36d7,fraud_detection,staging,2024-10-22T17:00:00,2024-10-23T02:54:00,dashboard,SEV2,infra_outage,latency_spike,True,594,224,900cb197-7678-4888-98fa-dbb89f1a893f,False,False
INC-d3bc01d5,fraud_detection,staging,2024-10-23T01:00:00,2024-10-23T02:55:00,user_report,SEV3,infra_outage,latency_spike,True,115,3,900cb197-7678-4888-98fa-dbb89f1a893f,False,False
INC-11986ae6,rag_qa_service,dev,2024-10-22T05:00:00,2024-10-23T02:48:00,user_report,SEV2,external_dependency,latency_spike,True,1308,135,5d072f81-6277-4e34-b80e-9cbf28f56d7f,False,False
INC-4ddf2cac,fraud_detection,staging,2024-10-23T02:00:00,2024-10-23T05:06:00,alerting,SEV3,infra_outage,latency_spike,True,186,1,900cb197-7678-4888-98fa-dbb89f1a893f,True,True
INC-896b4d8f,fraud_detection,staging,2024-10-23T06:00:00,2024-10-23T08:47:00,dashboard,SEV2,infra_outage,latency_spike,True,167,3,900cb197-7678-4888-98fa-dbb89f1a893f,False,True
INC-ef2bbca3,fraud_detection,staging,2024-10-23T08:00:00,2024-10-23T11:20:00,dashboard,SEV1,external_dependency,latency_spike,True,200,29,900cb197-7678-4888-98fa-dbb89f1a893f,True,False
INC-77f82c60,recsys_clickthrough,dev,2024-10-23T10:00:00,2024-10-23T13:51:00,dashboard,SEV2,external_dependency,latency_spike,True,231,4,64c3583e-fa8f-4a4d-855f-a441d5300fb3,True,False
INC-9f5618ff,fraud_detection,staging,2024-10-23T11:00:00,2024-10-23T15:19:00,dashboard,SEV2,infra_outage,latency_spike,True,259,34,078a5d18-ebff-4817-8f80-03a4a7f4b9f4,True,False
INC-7e85b49e,fraud_detection,staging,2024-10-23T13:00:00,2024-10-23T15:25:00,user_report,SEV2,infra_outage,latency_spike,True,145,3,900cb197-7678-4888-98fa-dbb89f1a893f,True,False
INC-fb92b1c8,recsys_clickthrough,dev,2024-10-23T15:00:00,2024-10-23T18:23:00,user_report,SEV3,infra_outage,latency_spike,True,203,4,64c3583e-fa8f-4a4d-855f-a441d5300fb3,True,False
INC-4f37daea,fraud_detection,staging,2024-10-23T16:00:00,2024-10-23T18:28:00,user_report,SEV1,infra_outage,latency_spike,True,148,4,900cb197-7678-4888-98fa-dbb89f1a893f,False,True
INC-c56889b3,fraud_detection,staging,2024-10-23T18:00:00,2024-10-23T21:47:00,dashboard,SEV1,infra_outage,latency_spike,True,227,24,078a5d18-ebff-4817-8f80-03a4a7f4b9f4,True,False
INC-69e64453,fraud_detection,staging,2024-10-23T20:00:00,2024-10-23T22:34:00,alerting,SEV1,infra_outage,latency_spike,True,154,62,078a5d18-ebff-4817-8f80-03a4a7f4b9f4,False,False
INC-397d6a11,recsys_clickthrough,dev,2024-10-23T20:00:00,2024-10-23T23:23:00,user_report,SEV3,external_dependency,latency_spike,True,203,20,64c3583e-fa8f-4a4d-855f-a441d5300fb3,True,False
INC-e1a24e6f,rag_qa_service,dev,2024-10-23T06:00:00,2024-10-23T23:27:00,user_report,SEV2,infra_outage,latency_spike,True,1047,131,5d072f81-6277-4e34-b80e-9cbf28f56d7f,True,False
INC-3e41fb69,fraud_detection,staging,2024-10-23T21:00:00,2024-10-24T01:41:00,alerting,SEV2,external_dependency,latency_spike,True,281,98,900cb197-7678-4888-98fa-dbb89f1a893f,True,False
INC-204fb953,rag_qa_service,dev,2024-10-24T01:00:00,2024-10-24T02:54:00,dashboard,SEV3,infra_outage,latency_spike,True,114,2,5d072f81-6277-4e34-b80e-9cbf28f56d7f,False,False
INC-9de7016d,fraud_detection,staging,2024-10-24T02:00:00,2024-10-24T04:59:00,alerting,SEV3,external_dependency,latency_spike,True,179,4,900cb197-7678-4888-98fa-dbb89f1a893f,True,False
INC-663e8813,fraud_detection,staging,2024-10-24T05:00:00,2024-10-24T06:49:00,alerting,SEV3,data_pipeline_failure,metric_degradation,True,109,7,900cb197-7678-4888-98fa-dbb89f1a893f,False,False
INC-7d57ecbf,fraud_detection,staging,2024-10-24T07:00:00,2024-10-24T10:48:00,user_report,SEV1,external_dependency,latency_spike,True,228,7,900cb197-7678-4888-98fa-dbb89f1a893f,True,True
INC-efcea3a3,fraud_detection,staging,2024-10-24T08:00:00,2024-10-24T11:23:00,alerting,SEV3,infra_outage,latency_spike,True,203,97,078a5d18-ebff-4817-8f80-03a4a7f4b9f4,True,False
INC-432d0c46,fraud_detection,staging,2024-10-24T11:00:00,2024-10-24T13:11:00,dashboard,SEV2,external_dependency,latency_spike,True,131,52,078a5d18-ebff-4817-8f80-03a4a7f4b9f4,True,False
INC-123bace6,fraud_detection,staging,2024-10-24T15:00:00,2024-10-24T19:35:00,alerting,SEV3,external_dependency,latency_spike,True,275,31,900cb197-7678-4888-98fa-dbb89f1a893f,True,False
INC-4ef44873,fraud_detection,staging,2024-10-24T19:00:00,2024-10-24T22:28:00,user_report,SEV2,infra_outage,latency_spike,True,208,186,900cb197-7678-4888-98fa-dbb89f1a893f,False,False
INC-f5021eaf,fraud_detection,staging,2024-10-25T02:00:00,2024-10-25T06:40:00,user_report,SEV2,data_drift,metric_degradation,True,280,2,900cb197-7678-4888-98fa-dbb89f1a893f,True,False
INC-0571a2f3,recsys_clickthrough,staging,2024-10-21T03:00:00,2024-10-25T06:41:00,alerting,SEV2,data_pipeline_failure,metric_degradation,True,5981,1756,496c1639-5de4-4863-93d6-0b3c60ab2b2e,False,False
INC-f2b3707a,fraud_detection,staging,2024-10-25T04:00:00,2024-10-25T05:01:00,user_report,SEV1,data_drift,metric_degradation,True,61,3,900cb197-7678-4888-98fa-dbb89f1a893f,True,False
INC-ea7eb8fd,recsys_clickthrough,staging,2024-10-25T04:00:00,2024-10-25T07:21:00,user_report,SEV2,data_drift,metric_degradation,True,201,11,496c1639-5de4-4863-93d6-0b3c60ab2b2e,True,True
INC-d07baa98,fraud_detection,staging,2024-10-25T05:00:00,2024-10-25T08:32:00,user_report,SEV2,data_pipeline_failure,metric_degradation,True,212,1,900cb197-7678-4888-98fa-dbb89f1a893f,False,False
INC-72122e97,recsys_clickthrough,staging,2024-10-25T05:00:00,2024-10-25T05:35:00,dashboard,SEV2,data_pipeline_failure,metric_degradation,True,35,10,496c1639-5de4-4863-93d6-0b3c60ab2b2e,False,False
INC-6a53c761,recsys_clickthrough,staging,2024-10-25T06:00:00,2024-10-25T10:51:00,user_report,SEV2,external_dependency,latency_spike,True,291,27,496c1639-5de4-4863-93d6-0b3c60ab2b2e,False,True
INC-43289846,recsys_clickthrough,staging,2024-10-25T08:00:00,2024-10-25T08:22:00,alerting,SEV2,infra_outage,latency_spike,True,22,29,496c1639-5de4-4863-93d6-0b3c60ab2b2e,True,False
INC-4196b848,recsys_clickthrough,staging,2024-10-25T09:00:00,2024-10-25T09:51:00,dashboard,SEV3,external_dependency,latency_spike,True,51,18,496c1639-5de4-4863-93d6-0b3c60ab2b2e,False,True
INC-55d833fa,fraud_detection,staging,2024-10-25T08:00:00,2024-10-25T12:59:00,alerting,SEV1,external_dependency,latency_spike,True,299,82,900cb197-7678-4888-98fa-dbb89f1a893f,True,True
INC-fe2c4255,rag_qa_service,prod,2024-10-25T08:00:00,2024-10-25T12:48:00,user_report,SEV1,infra_outage,latency_spike,True,288,132,a61dcc7f-af42-412d-8e5c-fdc6ba0d9138,True,False
INC-3f661788,recsys_clickthrough,staging,2024-10-25T10:00:00,2024-10-25T10:20:00,user_report,SEV2,external_dependency,latency_spike,True,20,17,496c1639-5de4-4863-93d6-0b3c60ab2b2e,True,False
INC-31ff4973,fraud_detection,staging,2024-10-25T11:00:00,2024-10-25T15:36:00,dashboard,SEV2,infra_outage,latency_spike,True,276,14,900cb197-7678-4888-98fa-dbb89f1a893f,True,False
INC-87168b5c,recsys_clickthrough,staging,2024-10-25T11:00:00,2024-10-25T12:59:00,dashboard,SEV2,infra_outage,latency_spike,True,119,18,496c1639-5de4-4863-93d6-0b3c60ab2b2e,False,True
INC-e6be4d27,fraud_detection,staging,2024-10-25T13:00:00,2024-10-25T16:36:00,alerting,SEV2,infra_outage,latency_spike,True,216,31,078a5d18-ebff-4817-8f80-03a4a7f4b9f4,True,False
INC-853e80b6,rag_qa_service,prod,2024-10-25T12:00:00,2024-10-25T15:50:00,user_report,SEV1,infra_outage,latency_spike,True,230,29,a61dcc7f-af42-412d-8e5c-fdc6ba0d9138,True,False
INC-20e53679,recsys_clickthrough,staging,2024-10-25T13:00:00,2024-10-25T17:20:00,alerting,SEV3,infra_outage,latency_spike,True,260,32,496c1639-5de4-4863-93d6-0b3c60ab2b2e,True,True
INC-f9984be6,fraud_detection,staging,2024-10-25T15:00:00,2024-10-25T15:20:00,user_report,SEV2,external_dependency,latency_spike,True,20,2,900cb197-7678-4888-98fa-dbb89f1a893f,False,False
INC-0baab59c,rag_qa_service,prod,2024-10-25T15:00:00,2024-10-25T16:16:00,dashboard,SEV2,external_dependency,latency_spike,True,76,47,a61dcc7f-af42-412d-8e5c-fdc6ba0d9138,False,False
INC-2e64bf34,recsys_clickthrough,staging,2024-10-25T16:00:00,2024-10-25T18:31:00,alerting,SEV2,external_dependency,latency_spike,True,151,15,496c1639-5de4-4863-93d6-0b3c60ab2b2e,True,False
INC-7ed1ff37,rag_qa_service,prod,2024-10-25T18:00:00,2024-10-25T22:03:00,dashboard,SEV1,infra_outage,latency_spike,True,243,76,a61dcc7f-af42-412d-8e5c-fdc6ba0d9138,False,True
INC-2d63e462,recsys_clickthrough,staging,2024-10-25T18:00:00,2024-10-25T22:25:00,user_report,SEV1,external_dependency,latency_spike,True,265,134,496c1639-5de4-4863-93d6-0b3c60ab2b2e,True,False
INC-6211d741,recsys_clickthrough,staging,2024-10-25T22:00:00,2024-10-25T23:06:00,alerting,SEV1,external_dependency,latency_spike,True,66,18,496c1639-5de4-4863-93d6-0b3c60ab2b2e,True,False
INC-bcb4d14b,recsys_clickthrough,staging,2024-10-25T23:00:00,2024-10-26T00:34:00,dashboard,SEV3,infra_outage,latency_spike,True,94,20,496c1639-5de4-4863-93d6-0b3c60ab2b2e,False,False
INC-073bb41d,fraud_detection,staging,2024-10-25T18:00:00,2024-10-26T01:00:00,alerting,SEV2,external_dependency,latency_spike,True,420,259,078a5d18-ebff-4817-8f80-03a4a7f4b9f4,False,False
INC-e6350a09,rag_qa_service,dev,2024-10-24T03:00:00,2024-10-26T02:41:00,dashboard,SEV3,external_dependency,latency_spike,True,2861,382,5d072f81-6277-4e34-b80e-9cbf28f56d7f,False,False
INC-a1822a68,fraud_detection,staging,2024-10-26T00:00:00,2024-10-26T02:48:00,alerting,SEV2,infra_outage,latency_spike,True,168,9,900cb197-7678-4888-98fa-dbb89f1a893f,True,False
INC-6d409e1e,recsys_clickthrough,staging,2024-10-26T00:00:00,2024-10-26T03:46:00,dashboard,SEV3,data_drift,metric_degradation,True,226,19,496c1639-5de4-4863-93d6-0b3c60ab2b2e,True,False
INC-d5c7c723,recsys_clickthrough,staging,2024-10-26T02:00:00,2024-10-26T02:26:00,user_report,SEV3,data_drift,metric_degradation,True,26,11,496c1639-5de4-4863-93d6-0b3c60ab2b2e,True,False
INC-345646dd,fraud_detection,staging,2024-10-26T02:00:00,2024-10-26T02:50:00,alerting,SEV2,data_drift,metric_degradation,True,50,1,900cb197-7678-4888-98fa-dbb89f1a893f,False,True
INC-81150a17,recsys_clickthrough,staging,2024-10-26T04:00:00,2024-10-26T05:33:00,user_report,SEV2,infra_outage,latency_spike,True,93,11,496c1639-5de4-4863-93d6-0b3c60ab2b2e,False,False
INC-738ee99a,recsys_clickthrough,staging,2024-10-26T05:00:00,2024-10-26T06:37:00,user_report,SEV1,data_pipeline_failure,metric_degradation,True,97,0,496c1639-5de4-4863-93d6-0b3c60ab2b2e,False,True
INC-4ce2fac5,recsys_clickthrough,staging,2024-10-26T06:00:00,2024-10-26T07:12:00,dashboard,SEV3,external_dependency,latency_spike,True,72,23,496c1639-5de4-4863-93d6-0b3c60ab2b2e,True,False
INC-d8336839,fraud_detection,staging,2024-10-26T06:00:00,2024-10-26T07:24:00,dashboard,SEV3,infra_outage,latency_spike,True,84,6,900cb197-7678-4888-98fa-dbb89f1a893f,True,False
INC-59726409,recsys_clickthrough,staging,2024-10-26T07:00:00,2024-10-26T09:50:00,alerting,SEV2,data_pipeline_failure,metric_degradation,True,170,16,496c1639-5de4-4863-93d6-0b3c60ab2b2e,True,False
INC-20f97d0d,recsys_clickthrough,staging,2024-10-26T08:00:00,2024-10-26T11:56:00,alerting,SEV2,infra_outage,latency_spike,True,236,26,496c1639-5de4-4863-93d6-0b3c60ab2b2e,False,False
INC-e3d62b5f,recsys_clickthrough,staging,2024-10-26T09:00:00,2024-10-26T09:25:00,alerting,SEV1,external_dependency,latency_spike,True,25,27,496c1639-5de4-4863-93d6-0b3c60ab2b2e,False,True
INC-f41f7fa5,recsys_clickthrough,staging,2024-10-26T10:00:00,2024-10-26T13:52:00,alerting,SEV1,external_dependency,latency_spike,True,232,50,496c1639-5de4-4863-93d6-0b3c60ab2b2e,False,False
INC-37fd73e9,fraud_detection,staging,2024-10-26T07:00:00,2024-10-26T13:01:00,user_report,SEV3,infra_outage,latency_spike,True,361,129,900cb197-7678-4888-98fa-dbb89f1a893f,True,False
INC-eefde4a7,fraud_detection,staging,2024-10-26T12:00:00,2024-10-26T14:35:00,dashboard,SEV3,external_dependency,latency_spike,True,155,9,900cb197-7678-4888-98fa-dbb89f1a893f,True,True
INC-f6aafbab,recsys_clickthrough,staging,2024-10-26T12:00:00,2024-10-26T15:21:00,alerting,SEV2,external_dependency,latency_spike,True,201,33,496c1639-5de4-4863-93d6-0b3c60ab2b2e,False,False
INC-70e12451,rag_qa_service,prod,2024-10-26T07:00:00,2024-10-26T15:57:00,user_report,SEV2,infra_outage,latency_spike,True,537,775,a61dcc7f-af42-412d-8e5c-fdc6ba0d9138,False,False
INC-1b6e5850,fraud_detection,staging,2024-10-26T13:00:00,2024-10-26T18:50:00,alerting,SEV2,infra_outage,latency_spike,True,350,84,078a5d18-ebff-4817-8f80-03a4a7f4b9f4,False,False
INC-dcab36cc,recsys_clickthrough,staging,2024-10-26T14:00:00,2024-10-26T16:13:00,dashboard,SEV1,external_dependency,latency_spike,True,133,35,496c1639-5de4-4863-93d6-0b3c60ab2b2e,True,True
INC-d5824255,fraud_detection,staging,2024-10-26T16:00:00,2024-10-26T17:50:00,alerting,SEV1,infra_outage,latency_spike,True,110,19,078a5d18-ebff-4817-8f80-03a4a7f4b9f4,False,False
INC-63eb9328,recsys_clickthrough,staging,2024-10-26T17:00:00,2024-10-26T19:50:00,user_report,SEV3,infra_outage,latency_spike,True,170,16,496c1639-5de4-4863-93d6-0b3c60ab2b2e,False,False
INC-cbbea066,rag_qa_service,prod,2024-10-26T15:00:00,2024-10-26T17:22:00,alerting,SEV3,infra_outage,latency_spike,True,142,197,a61dcc7f-af42-412d-8e5c-fdc6ba0d9138,False,False
INC-894a3d8e,recsys_clickthrough,staging,2024-10-26T18:00:00,2024-10-26T22:46:00,dashboard,SEV2,infra_outage,latency_spike,True,286,66,5298a59a-3890-4a51-8c9a-6b29f6e6dc85,False,True
INC-ae5b5812,recsys_clickthrough,staging,2024-10-26T20:00:00,2024-10-26T22:56:00,dashboard,SEV2,external_dependency,latency_spike,True,176,64,496c1639-5de4-4863-93d6-0b3c60ab2b2e,True,False
INC-af4544c1,recsys_clickthrough,staging,2024-10-26T22:00:00,2024-10-26T23:47:00,alerting,SEV3,infra_outage,latency_spike,True,107,37,5298a59a-3890-4a51-8c9a-6b29f6e6dc85,False,False
INC-77e91c5a,fraud_detection,staging,2024-10-26T20:00:00,2024-10-26T22:26:00,user_report,SEV3,infra_outage,latency_spike,True,146,89,078a5d18-ebff-4817-8f80-03a4a7f4b9f4,True,False
INC-87116a68,rag_qa_service,prod,2024-10-26T18:00:00,2024-10-27T00:43:00,user_report,SEV2,infra_outage,latency_spike,True,403,640,a61dcc7f-af42-412d-8e5c-fdc6ba0d9138,False,False
INC-460c311a,recsys_clickthrough,staging,2024-10-27T00:00:00,2024-10-27T03:55:00,alerting,SEV3,data_pipeline_failure,metric_degradation,True,235,5,496c1639-5de4-4863-93d6-0b3c60ab2b2e,True,True
INC-828a4544,recsys_clickthrough,staging,2024-10-27T02:00:00,2024-10-27T05:37:00,user_report,SEV1,data_pipeline_failure,metric_degradation,True,217,11,496c1639-5de4-4863-93d6-0b3c60ab2b2e,True,True
INC-a134bc6a,recsys_clickthrough,staging,2024-10-27T04:00:00,2024-10-27T08:00:00,alerting,SEV3,data_pipeline_failure,metric_degradation,True,240,12,496c1639-5de4-4863-93d6-0b3c60ab2b2e,False,False
INC-e5624bec,recsys_clickthrough,staging,2024-10-27T05:00:00,2024-10-27T08:02:00,alerting,SEV1,data_pipeline_failure,metric_degradation,True,182,9,496c1639-5de4-4863-93d6-0b3c60ab2b2e,True,True
INC-24f3507f,recsys_clickthrough,staging,2024-10-27T07:00:00,2024-10-27T10:39:00,alerting,SEV3,infra_outage,latency_spike,True,219,29,496c1639-5de4-4863-93d6-0b3c60ab2b2e,False,False
INC-dd135852,recsys_clickthrough,staging,2024-10-27T08:00:00,2024-10-27T10:17:00,dashboard,SEV2,infra_outage,latency_spike,True,137,45,496c1639-5de4-4863-93d6-0b3c60ab2b2e,True,False
INC-48769460,fraud_detection,staging,2024-10-27T08:00:00,2024-10-27T16:04:00,alerting,SEV3,infra_outage,latency_spike,True,484,202,078a5d18-ebff-4817-8f80-03a4a7f4b9f4,True,True
INC-82e44d12,recsys_clickthrough,staging,2024-10-27T20:00:00,2024-10-27T22:45:00,alerting,SEV1,external_dependency,latency_spike,True,165,39,5298a59a-3890-4a51-8c9a-6b29f6e6dc85,True,False
INC-9c7a31dd,fraud_detection,staging,2024-10-27T17:00:00,2024-10-27T23:48:00,alerting,SEV2,external_dependency,latency_spike,True,408,218,078a5d18-ebff-4817-8f80-03a4a7f4b9f4,True,False
INC-cebec5ed,fraud_detection,staging,2024-10-28T07:00:00,2024-10-28T13:06:00,dashboard,SEV2,external_dependency,latency_spike,True,366,87,078a5d18-ebff-4817-8f80-03a4a7f4b9f4,False,True
INC-5a2af4e5,recsys_clickthrough,staging,2024-10-28T11:00:00,2024-10-28T12:15:00,alerting,SEV2,infra_outage,latency_spike,True,75,21,5298a59a-3890-4a51-8c9a-6b29f6e6dc85,True,True
INC-ce4e09a2,fraud_detection,staging,2024-10-28T13:00:00,2024-10-28T14:21:00,dashboard,SEV2,infra_outage,latency_spike,True,81,31,078a5d18-ebff-4817-8f80-03a4a7f4b9f4,True,False
INC-9dfc84c2,fraud_detection,staging,2024-10-28T16:00:00,2024-10-28T16:51:00,alerting,SEV2,infra_outage,latency_spike,True,51,36,078a5d18-ebff-4817-8f80-03a4a7f4b9f4,False,False
INC-18033470,fraud_detection,staging,2024-10-28T19:00:00,2024-10-29T00:26:00,dashboard,SEV3,external_dependency,latency_spike,True,326,101,078a5d18-ebff-4817-8f80-03a4a7f4b9f4,True,True
INC-d5e588ae,recsys_clickthrough,staging,2024-10-29T10:00:00,2024-10-29T10:30:00,user_report,SEV3,infra_outage,latency_spike,True,30,20,5298a59a-3890-4a51-8c9a-6b29f6e6dc85,True,True
INC-2993d38d,recsys_clickthrough,staging,2024-10-29T22:00:00,2024-10-29T22:24:00,alerting,SEV2,infra_outage,latency_spike,True,24,23,5298a59a-3890-4a51-8c9a-6b29f6e6dc85,False,False
INC-5310fba5,recsys_clickthrough,staging,2024-10-30T19:00:00,2024-10-30T20:02:00,user_report,SEV3,external_dependency,latency_spike,True,62,44,5298a59a-3890-4a51-8c9a-6b29f6e6dc85,True,False
INC-5f53ac70,recsys_clickthrough,staging,2024-10-31T14:00:00,2024-10-31T19:55:00,dashboard,SEV2,data_drift,metric_degradation,True,355,96,5298a59a-3890-4a51-8c9a-6b29f6e6dc85,False,False
INC-92f7100a,recsys_clickthrough,staging,2024-10-31T20:00:00,2024-11-01T03:27:00,user_report,SEV2,data_drift,metric_degradation,True,447,127,5298a59a-3890-4a51-8c9a-6b29f6e6dc85,True,False
INC-9d7fd40e,energy_forecasting,staging,2024-11-01T08:00:00,2024-11-01T09:48:00,alerting,SEV2,external_dependency,latency_spike,True,108,10,e3b0c020-bdfb-465c-81df-37445a16751f,True,False
INC-63245410,recsys_clickthrough,dev,2024-10-24T09:00:00,2024-10-24T12:28:00,alerting,SEV3,infra_outage,latency_spike,True,208,23,64c3583e-fa8f-4a4d-855f-a441d5300fb3,True,False
INC-cd9091f6,energy_forecasting,staging,2024-11-01T13:00:00,2024-11-01T22:36:00,dashboard,SEV1,infra_outage,latency_spike,True,576,280,e3b0c020-bdfb-465c-81df-37445a16751f,False,True
INC-d959b6b9,energy_forecasting,staging,2024-11-01T23:00:00,2024-11-01T23:51:00,alerting,SEV2,external_dependency,latency_spike,True,51,23,e3b0c020-bdfb-465c-81df-37445a16751f,True,False
INC-e8ebb1fb,energy_forecasting,staging,2024-11-02T10:00:00,2024-11-02T12:25:00,dashboard,SEV3,external_dependency,latency_spike,True,145,71,e3b0c020-bdfb-465c-81df-37445a16751f,True,True
INC-74bab4e0,energy_forecasting,staging,2024-11-02T16:00:00,2024-11-02T19:29:00,dashboard,SEV3,infra_outage,latency_spike,True,209,19,e3b0c020-bdfb-465c-81df-37445a16751f,False,False
INC-10144a63,recsys_clickthrough,dev,2024-11-02T20:00:00,2024-11-02T20:25:00,user_report,SEV2,external_dependency,latency_spike,True,25,3,c7c857b4-54c0-456f-bc50-b0b8b579c217,False,False
INC-3e64d3fa,energy_forecasting,staging,2024-11-02T19:00:00,2024-11-03T01:55:00,alerting,SEV2,external_dependency,latency_spike,True,415,180,e3b0c020-bdfb-465c-81df-37445a16751f,True,False
INC-6ee5f9c0,energy_forecasting,staging,2024-11-03T08:00:00,2024-11-03T13:57:00,alerting,SEV2,external_dependency,latency_spike,True,357,184,e3b0c020-bdfb-465c-81df-37445a16751f,True,True
INC-d2d83268,recsys_clickthrough,dev,2024-11-03T20:00:00,2024-11-03T23:32:00,alerting,SEV2,infra_outage,latency_spike,True,212,3,c7c857b4-54c0-456f-bc50-b0b8b579c217,True,False
INC-bf1f80bd,energy_forecasting,staging,2024-11-03T14:00:00,2024-11-03T23:21:00,dashboard,SEV3,infra_outage,latency_spike,True,561,318,e3b0c020-bdfb-465c-81df-37445a16751f,True,True
INC-ec8e25ce,fraud_detection,prod,2024-11-04T13:00:00,2024-11-04T13:40:00,alerting,SEV3,external_dependency,latency_spike,True,40,0,34140908-ecd0-4f02-9382-ebd44ac4c825,True,False
INC-a9fead84,recsys_clickthrough,prod,2024-11-04T08:00:00,2024-11-04T13:40:00,user_report,SEV2,external_dependency,latency_spike,True,340,376,2f16f4e1-31b8-4249-b9c1-e46be1bee7ae,True,False
INC-ef038dfa,energy_forecasting,staging,2024-11-04T06:00:00,2024-11-04T15:43:00,user_report,SEV3,infra_outage,latency_spike,True,583,335,e3b0c020-bdfb-465c-81df-37445a16751f,False,True
INC-80ba4b30,energy_forecasting,staging,2024-11-04T16:00:00,2024-11-04T17:40:00,user_report,SEV1,infra_outage,latency_spike,True,100,24,e3b0c020-bdfb-465c-81df-37445a16751f,True,False
INC-6d2eae1e,fraud_detection,prod,2024-11-04T15:00:00,2024-11-04T20:57:00,alerting,SEV1,external_dependency,latency_spike,True,357,530,34140908-ecd0-4f02-9382-ebd44ac4c825,False,True
INC-ec97bff5,rag_qa_service,staging,2024-10-21T07:00:00,2024-10-21T07:16:00,alerting,SEV3,external_dependency,latency_spike,True,16,9,eaffc734-2816-40d8-99fb-6719670fa1dd,False,False
INC-f7642662,rag_qa_service,staging,2024-11-04T22:00:00,2024-11-05T01:23:00,alerting,SEV2,infra_outage,latency_spike,True,203,38,bf96e7c8-f7ce-4115-afb0-fe6b04957697,True,True
INC-534d77a5,energy_forecasting,staging,2024-11-04T18:00:00,2024-11-05T00:58:00,alerting,SEV2,external_dependency,latency_spike,True,418,220,e3b0c020-bdfb-465c-81df-37445a16751f,True,False
INC-4d0e055a,recsys_clickthrough,prod,2024-11-04T18:00:00,2024-11-04T23:46:00,user_report,SEV2,external_dependency,latency_spike,True,346,441,2f16f4e1-31b8-4249-b9c1-e46be1bee7ae,True,False
INC-3b4982e8,fraud_detection,prod,2024-11-04T23:00:00,2024-11-05T02:33:00,alerting,SEV3,infra_outage,latency_spike,True,213,86,34140908-ecd0-4f02-9382-ebd44ac4c825,False,False
INC-b76dccec,rag_qa_service,staging,2024-11-05T06:00:00,2024-11-05T09:42:00,alerting,SEV2,external_dependency,latency_spike,True,222,13,bf96e7c8-f7ce-4115-afb0-fe6b04957697,False,True
INC-1e391535,fraud_detection,prod,2024-11-05T07:00:00,2024-11-05T09:03:00,user_report,SEV2,infra_outage,latency_spike,True,123,18,34140908-ecd0-4f02-9382-ebd44ac4c825,True,False
INC-22ee2a89,rag_qa_service,staging,2024-11-05T08:00:00,2024-11-05T09:18:00,user_report,SEV2,external_dependency,latency_spike,True,78,26,bf96e7c8-f7ce-4115-afb0-fe6b04957697,True,True
INC-c06609dc,recsys_clickthrough,prod,2024-11-05T07:00:00,2024-11-05T08:45:00,dashboard,SEV2,external_dependency,latency_spike,True,105,153,2f16f4e1-31b8-4249-b9c1-e46be1bee7ae,True,False
INC-abc2bace,fraud_detection,prod,2024-11-05T10:00:00,2024-11-05T11:26:00,user_report,SEV1,external_dependency,latency_spike,True,86,325,34140908-ecd0-4f02-9382-ebd44ac4c825,False,False
INC-fa290d4a,recsys_clickthrough,prod,2024-11-05T10:00:00,2024-11-05T11:52:00,user_report,SEV2,infra_outage,latency_spike,True,112,160,2f16f4e1-31b8-4249-b9c1-e46be1bee7ae,False,False
INC-8bf1f519,energy_forecasting,staging,2024-11-05T07:00:00,2024-11-05T15:16:00,user_report,SEV2,external_dependency,latency_spike,True,496,280,e3b0c020-bdfb-465c-81df-37445a16751f,True,False
INC-f86ebee4,fraud_detection,prod,2024-11-05T14:00:00,2024-11-05T15:04:00,user_report,SEV3,external_dependency,latency_spike,True,64,151,34140908-ecd0-4f02-9382-ebd44ac4c825,False,True
INC-4100d51c,rag_qa_service,staging,2024-11-05T10:00:00,2024-11-05T14:41:00,dashboard,SEV2,infra_outage,latency_spike,True,281,70,bf96e7c8-f7ce-4115-afb0-fe6b04957697,True,False
INC-f262197d,recsys_clickthrough,prod,2024-11-05T15:00:00,2024-11-05T18:33:00,user_report,SEV2,infra_outage,latency_spike,True,213,113,2f16f4e1-31b8-4249-b9c1-e46be1bee7ae,True,False
INC-642f688f,recsys_clickthrough,dev,2024-11-05T15:00:00,2024-11-05T18:12:00,dashboard,SEV2,data_drift,metric_degradation,True,192,10,c7c857b4-54c0-456f-bc50-b0b8b579c217,True,True
INC-b1b4ebb9,fraud_detection,prod,2024-11-05T17:00:00,2024-11-05T19:18:00,user_report,SEV2,infra_outage,latency_spike,True,138,434,34140908-ecd0-4f02-9382-ebd44ac4c825,True,True
INC-a986b028,energy_forecasting,staging,2024-11-05T18:00:00,2024-11-05T23:56:00,alerting,SEV3,external_dependency,latency_spike,True,356,236,e3b0c020-bdfb-465c-81df-37445a16751f,True,False
INC-177d8881,recsys_clickthrough,prod,2024-11-05T19:00:00,2024-11-06T00:53:00,dashboard,SEV2,external_dependency,latency_spike,True,353,359,2f16f4e1-31b8-4249-b9c1-e46be1bee7ae,False,False
INC-22be1fbb,rag_qa_service,staging,2024-11-05T19:00:00,2024-11-06T00:18:00,user_report,SEV1,external_dependency,latency_spike,True,318,620,bf96e7c8-f7ce-4115-afb0-fe6b04957697,True,False
INC-4eb090db,recsys_clickthrough,dev,2024-11-05T19:00:00,2024-11-06T03:41:00,dashboard,SEV3,data_drift,metric_degradation,True,521,24,c7c857b4-54c0-456f-bc50-b0b8b579c217,True,False
INC-e1fc2522,rag_qa_service,dev,2024-10-26T06:00:00,2024-10-29T04:45:00,dashboard,SEV2,external_dependency,latency_spike,True,4245,591,5d072f81-6277-4e34-b80e-9cbf28f56d7f,False,True
INC-1459f519,rag_qa_service,staging,2024-11-06T02:00:00,2024-11-06T05:11:00,dashboard,SEV1,external_dependency,latency_spike,True,191,12,bf96e7c8-f7ce-4115-afb0-fe6b04957697,True,False
INC-eacab873,rag_qa_service,dev,2024-11-06T06:00:00,2024-11-06T08:02:00,alerting,SEV2,infra_outage,latency_spike,True,122,8,72fab6d5-0199-4d9d-9ab0-42842c8a5ed2,False,False
INC-699399b8,rag_qa_service,dev,2024-11-06T08:00:00,2024-11-06T09:40:00,user_report,SEV1,external_dependency,latency_spike,True,100,12,72fab6d5-0199-4d9d-9ab0-42842c8a5ed2,True,False
INC-1a96f60e,recsys_clickthrough,prod,2024-11-06T11:00:00,2024-11-06T13:29:00,alerting,SEV1,external_dependency,latency_spike,True,149,97,2f16f4e1-31b8-4249-b9c1-e46be1bee7ae,False,False
INC-26cb4957,energy_forecasting,staging,2024-11-06T08:00:00,2024-11-06T15:37:00,alerting,SEV2,external_dependency,latency_spike,True,457,157,e3b0c020-bdfb-465c-81df-37445a16751f,True,False
INC-3c3151dc,recsys_clickthrough,prod,2024-11-06T13:00:00,2024-11-06T14:31:00,user_report,SEV3,infra_outage,latency_spike,True,91,0,2f16f4e1-31b8-4249-b9c1-e46be1bee7ae,False,False
INC-a0c41d5d,rag_qa_service,dev,2024-11-06T11:00:00,2024-11-06T17:47:00,dashboard,SEV2,infra_outage,latency_spike,True,407,23,72fab6d5-0199-4d9d-9ab0-42842c8a5ed2,True,True
INC-cb8f6c1d,fraud_detection,prod,2024-11-06T07:00:00,2024-11-06T15:23:00,alerting,SEV2,external_dependency,latency_spike,True,503,1004,34140908-ecd0-4f02-9382-ebd44ac4c825,True,False
INC-efcb5dd9,recsys_clickthrough,prod,2024-11-06T18:00:00,2024-11-06T21:27:00,alerting,SEV2,infra_outage,latency_spike,True,207,65,2f16f4e1-31b8-4249-b9c1-e46be1bee7ae,True,False
INC-b85a4ce9,recsys_clickthrough,prod,2024-11-06T20:00:00,2024-11-06T23:06:00,user_report,SEV2,external_dependency,latency_spike,True,186,285,2f16f4e1-31b8-4249-b9c1-e46be1bee7ae,False,False
INC-8717f000,energy_forecasting,staging,2024-11-06T19:00:00,2024-11-07T00:55:00,user_report,SEV3,infra_outage,latency_spike,True,355,187,e3b0c020-bdfb-465c-81df-37445a16751f,True,False
INC-cafb2015,rag_qa_service,staging,2024-11-06T06:00:00,2024-11-07T02:31:00,alerting,SEV1,infra_outage,latency_spike,True,1231,328,bf96e7c8-f7ce-4115-afb0-fe6b04957697,True,False
INC-003a07ae,rag_qa_service,dev,2024-11-06T20:00:00,2024-11-07T00:03:00,alerting,SEV2,infra_outage,latency_spike,True,243,32,72fab6d5-0199-4d9d-9ab0-42842c8a5ed2,True,True
INC-cde66d3d,fraud_detection,prod,2024-11-06T17:00:00,2024-11-07T00:40:00,dashboard,SEV3,infra_outage,latency_spike,True,460,608,34140908-ecd0-4f02-9382-ebd44ac4c825,False,False
INC-4746c121,rag_qa_service,staging,2024-11-07T01:00:00,2024-11-07T02:37:00,dashboard,SEV2,external_dependency,latency_spike,True,97,20,bf96e7c8-f7ce-4115-afb0-fe6b04957697,True,False
INC-67e60546,rag_qa_service,staging,2024-11-07T06:00:00,2024-11-07T08:07:00,user_report,SEV1,infra_outage,latency_spike,True,127,19,bf96e7c8-f7ce-4115-afb0-fe6b04957697,False,True
INC-8d6a0955,energy_forecasting,staging,2024-11-07T06:00:00,2024-11-07T09:52:00,dashboard,SEV2,infra_outage,latency_spike,True,232,23,e3b0c020-bdfb-465c-81df-37445a16751f,True,False
INC-0b2c79fa,rag_qa_service,dev,2024-11-07T08:00:00,2024-11-07T09:12:00,user_report,SEV2,external_dependency,latency_spike,True,72,5,72fab6d5-0199-4d9d-9ab0-42842c8a5ed2,True,False
INC-384a158e,recsys_clickthrough,prod,2024-11-07T08:00:00,2024-11-07T12:21:00,dashboard,SEV2,infra_outage,latency_spike,True,261,233,2f16f4e1-31b8-4249-b9c1-e46be1bee7ae,True,False
INC-056f4197,rag_qa_service,dev,2024-11-07T12:00:00,2024-11-07T15:41:00,alerting,SEV2,infra_outage,latency_spike,True,221,2,72fab6d5-0199-4d9d-9ab0-42842c8a5ed2,True,False
INC-633eb881,energy_forecasting,staging,2024-11-07T09:00:00,2024-11-07T13:59:00,alerting,SEV3,infra_outage,latency_spike,True,299,183,e3b0c020-bdfb-465c-81df-37445a16751f,True,False
INC-535899dd,fraud_detection,prod,2024-11-07T06:00:00,2024-11-07T19:14:00,alerting,SEV3,infra_outage,latency_spike,True,794,2066,34140908-ecd0-4f02-9382-ebd44ac4c825,True,False
INC-7df45f8f,recsys_clickthrough,prod,2024-11-07T18:00:00,2024-11-08T00:31:00,user_report,SEV2,infra_outage,latency_spike,True,391,571,2f16f4e1-31b8-4249-b9c1-e46be1bee7ae,True,False
INC-d513f221,rag_qa_service,dev,2024-11-07T17:00:00,2024-11-08T01:55:00,dashboard,SEV2,infra_outage,latency_spike,True,535,49,72fab6d5-0199-4d9d-9ab0-42842c8a5ed2,True,False
INC-0527fee4,energy_forecasting,staging,2024-11-07T17:00:00,2024-11-07T23:57:00,alerting,SEV3,infra_outage,latency_spike,True,417,239,e3b0c020-bdfb-465c-81df-37445a16751f,False,False
INC-f6e7143f,fraud_detection,prod,2024-11-07T22:00:00,2024-11-08T01:29:00,user_report,SEV1,infra_outage,latency_spike,True,209,252,34140908-ecd0-4f02-9382-ebd44ac4c825,True,False
INC-f2de2f73,rag_qa_service,staging,2024-11-07T12:00:00,2024-11-08T03:13:00,dashboard,SEV2,infra_outage,latency_spike,True,913,377,bf96e7c8-f7ce-4115-afb0-fe6b04957697,False,True
INC-21780917,energy_forecasting,dev,2024-10-17T02:00:00,2024-10-22T18:07:00,dashboard,SEV2,data_pipeline_failure,metric_degradation,True,8167,1385,33847523-9c49-457e-8101-26afdffb9e2a,False,False
INC-6c995ebc,recsys_clickthrough,staging,2024-11-08T04:00:00,2024-11-08T09:34:00,user_report,SEV2,model_bug,error_spike,True,334,102,c3004ba6-2365-4add-b6ea-82c78b23f44f,False,True
INC-db1d7e83,recsys_clickthrough,prod,2024-11-08T06:00:00,2024-11-08T08:52:00,user_report,SEV2,infra_outage,latency_spike,True,172,110,2f16f4e1-31b8-4249-b9c1-e46be1bee7ae,False,False
INC-9abfc358,recsys_clickthrough,prod,2024-11-08T08:00:00,2024-11-08T11:09:00,alerting,SEV1,external_dependency,latency_spike,True,189,155,2f16f4e1-31b8-4249-b9c1-e46be1bee7ae,True,False
INC-e1385795,rag_qa_service,dev,2024-11-08T09:00:00,2024-11-08T09:27:00,dashboard,SEV2,infra_outage,latency_spike,True,27,12,72fab6d5-0199-4d9d-9ab0-42842c8a5ed2,True,False
INC-f851b0d7,energy_forecasting,staging,2024-11-08T08:00:00,2024-11-08T11:21:00,user_report,SEV3,external_dependency,latency_spike,True,201,150,e3b0c020-bdfb-465c-81df-37445a16751f,True,False
INC-9a6ad3e5,rag_qa_service,dev,2024-11-08T11:00:00,2024-11-08T14:44:00,dashboard,SEV2,external_dependency,latency_spike,True,224,28,72fab6d5-0199-4d9d-9ab0-42842c8a5ed2,True,True
INC-ed20885e,rag_qa_service,staging,2024-11-08T12:00:00,2024-11-08T14:53:00,alerting,SEV3,external_dependency,latency_spike,True,173,245,bf96e7c8-f7ce-4115-afb0-fe6b04957697,True,False
INC-1b41169c,recsys_clickthrough,staging,2024-11-08T10:00:00,2024-11-08T15:33:00,user_report,SEV2,infra_outage,latency_spike,True,333,46,c3004ba6-2365-4add-b6ea-82c78b23f44f,False,True
INC-398fe08f,energy_forecasting,staging,2024-11-08T12:00:00,2024-11-08T17:38:00,user_report,SEV3,external_dependency,latency_spike,True,338,105,e3b0c020-bdfb-465c-81df-37445a16751f,True,False
INC-c3480ca4,rag_qa_service,staging,2024-11-08T15:00:00,2024-11-08T16:43:00,user_report,SEV3,infra_outage,latency_spike,True,103,66,bf96e7c8-f7ce-4115-afb0-fe6b04957697,True,False
INC-04051cc6,fraud_detection,prod,2024-11-08T07:00:00,2024-11-08T17:26:00,dashboard,SEV3,infra_outage,latency_spike,True,626,1673,34140908-ecd0-4f02-9382-ebd44ac4c825,True,False
INC-64eea5dd,rag_qa_service,dev,2024-11-08T16:00:00,2024-11-08T17:29:00,alerting,SEV3,infra_outage,latency_spike,True,89,8,72fab6d5-0199-4d9d-9ab0-42842c8a5ed2,True,False
INC-fcc01aeb,rag_qa_service,staging,2024-11-08T19:00:00,2024-11-08T21:22:00,alerting,SEV1,external_dependency,latency_spike,True,142,39,bf96e7c8-f7ce-4115-afb0-fe6b04957697,True,False
INC-8e8bd3d3,energy_forecasting,dev,2024-11-08T18:00:00,2024-11-08T21:09:00,dashboard,SEV1,external_dependency,latency_spike,True,189,1,89554482-7a58-4a41-b42e-62495d3d715b,False,True
INC-834b1575,rag_qa_service,staging,2024-11-08T20:00:00,2024-11-09T00:46:00,alerting,SEV3,infra_outage,latency_spike,True,286,81,bf96e7c8-f7ce-4115-afb0-fe6b04957697,False,False
INC-bdf9eaf5,rag_qa_service,staging,2024-11-08T22:00:00,2024-11-09T01:10:00,dashboard,SEV2,infra_outage,latency_spike,True,190,40,bf96e7c8-f7ce-4115-afb0-fe6b04957697,False,True
INC-6f7038f4,energy_forecasting,dev,2024-11-08T20:00:00,2024-11-08T22:18:00,user_report,SEV1,infra_outage,latency_spike,True,138,2,89554482-7a58-4a41-b42e-62495d3d715b,False,False
INC-8301bb0c,recsys_clickthrough,prod,2024-11-08T18:00:00,2024-11-08T22:35:00,alerting,SEV2,infra_outage,latency_spike,True,275,662,2f16f4e1-31b8-4249-b9c1-e46be1bee7ae,False,False
INC-7eb68eb6,rag_qa_service,dev,2024-11-08T18:00:00,2024-11-08T22:57:00,dashboard,SEV2,external_dependency,latency_spike,True,297,39,72fab6d5-0199-4d9d-9ab0-42842c8a5ed2,False,False
INC-5d7561cc,energy_forecasting,staging,2024-11-08T17:00:00,2024-11-09T02:59:00,user_report,SEV2,external_dependency,latency_spike,True,599,340,e3b0c020-bdfb-465c-81df-37445a16751f,True,False
INC-390fe535,recsys_clickthrough,staging,2024-11-08T16:00:00,2024-11-08T23:42:00,user_report,SEV3,external_dependency,latency_spike,True,462,96,c3004ba6-2365-4add-b6ea-82c78b23f44f,False,True
INC-4b75ad25,fraud_detection,prod,2024-11-08T19:00:00,2024-11-09T02:29:00,user_report,SEV2,infra_outage,latency_spike,True,449,1246,34140908-ecd0-4f02-9382-ebd44ac4c825,True,True
INC-3428766b,rag_qa_service,staging,2024-11-09T00:00:00,2024-11-09T01:58:00,user_report,SEV2,external_dependency,latency_spike,True,118,17,bf96e7c8-f7ce-4115-afb0-fe6b04957697,True,False
INC-21365270,recsys_clickthrough,staging,2024-11-09T03:00:00,2024-11-09T05:42:00,user_report,SEV2,external_dependency,latency_spike,True,162,0,c3004ba6-2365-4add-b6ea-82c78b23f44f,True,True
INC-3c73b2a9,energy_forecasting,staging,2024-11-09T06:00:00,2024-11-09T07:22:00,alerting,SEV2,infra_outage,latency_spike,True,82,46,e3b0c020-bdfb-465c-81df-37445a16751f,True,False
INC-bc9b52b5,rag_qa_service,staging,2024-11-09T07:00:00,2024-11-09T09:48:00,dashboard,SEV1,infra_outage,latency_spike,True,168,34,bf96e7c8-f7ce-4115-afb0-fe6b04957697,False,True
INC-5f56abda,energy_forecasting,dev,2024-11-09T08:00:00,2024-11-09T11:38:00,dashboard,SEV3,external_dependency,latency_spike,True,218,2,89554482-7a58-4a41-b42e-62495d3d715b,False,True
INC-7f6bb53d,rag_qa_service,staging,2024-11-09T09:00:00,2024-11-09T14:00:00,dashboard,SEV3,infra_outage,latency_spike,True,300,111,bf96e7c8-f7ce-4115-afb0-fe6b04957697,True,False
INC-bf1677cb,recsys_clickthrough,prod,2024-11-09T10:00:00,2024-11-09T12:06:00,user_report,SEV2,infra_outage,latency_spike,True,126,108,2f16f4e1-31b8-4249-b9c1-e46be1bee7ae,False,False
INC-4faf3668,rag_qa_service,dev,2024-11-09T09:00:00,2024-11-09T12:56:00,dashboard,SEV3,infra_outage,latency_spike,True,236,13,72fab6d5-0199-4d9d-9ab0-42842c8a5ed2,False,False
INC-4df88bdb,rag_qa_service,staging,2024-11-09T11:00:00,2024-11-09T15:24:00,alerting,SEV2,external_dependency,latency_spike,True,264,71,bf96e7c8-f7ce-4115-afb0-fe6b04957697,False,True
INC-9535819b,energy_forecasting,staging,2024-11-09T10:00:00,2024-11-09T11:37:00,alerting,SEV3,external_dependency,latency_spike,True,97,75,e3b0c020-bdfb-465c-81df-37445a16751f,False,False
INC-57c36af0,fraud_detection,prod,2024-11-09T07:00:00,2024-11-09T11:35:00,user_report,SEV3,external_dependency,latency_spike,True,275,837,34140908-ecd0-4f02-9382-ebd44ac4c825,False,False
INC-27296e2a,rag_qa_service,staging,2024-11-09T13:00:00,2024-11-09T15:32:00,alerting,SEV3,external_dependency,latency_spike,True,152,38,bf96e7c8-f7ce-4115-afb0-fe6b04957697,True,False
INC-e9adc3ff,rag_qa_service,staging,2024-11-09T14:00:00,2024-11-09T15:26:00,alerting,SEV2,external_dependency,latency_spike,True,86,32,bf96e7c8-f7ce-4115-afb0-fe6b04957697,False,True
INC-fe3e1413,rag_qa_service,dev,2024-11-09T13:00:00,2024-11-09T16:09:00,alerting,SEV1,external_dependency,latency_spike,True,189,10,72fab6d5-0199-4d9d-9ab0-42842c8a5ed2,False,False
INC-c7edfd12,energy_forecasting,staging,2024-11-09T13:00:00,2024-11-09T15:12:00,user_report,SEV3,infra_outage,latency_spike,True,132,89,e3b0c020-bdfb-465c-81df-37445a16751f,False,False
INC-d1cf4866,rag_qa_service,staging,2024-11-09T15:00:00,2024-11-09T17:45:00,dashboard,SEV2,infra_outage,latency_spike,True,165,35,bf96e7c8-f7ce-4115-afb0-fe6b04957697,False,False
INC-8cad94e2,recsys_clickthrough,staging,2024-11-09T06:00:00,2024-11-09T18:47:00,user_report,SEV2,external_dependency,latency_spike,True,767,77,c3004ba6-2365-4add-b6ea-82c78b23f44f,False,True
INC-0fd58c11,rag_qa_service,staging,2024-11-09T16:00:00,2024-11-09T18:40:00,user_report,SEV2,infra_outage,latency_spike,True,160,30,bf96e7c8-f7ce-4115-afb0-fe6b04957697,True,False
INC-cab7bee3,energy_forecasting,staging,2024-11-09T16:00:00,2024-11-09T19:02:00,user_report,SEV1,infra_outage,latency_spike,True,182,57,e3b0c020-bdfb-465c-81df-37445a16751f,False,False
INC-2182ed74,rag_qa_service,staging,2024-11-09T20:00:00,2024-11-09T21:54:00,alerting,SEV2,external_dependency,latency_spike,True,114,60,bf96e7c8-f7ce-4115-afb0-fe6b04957697,True,False
INC-7dc05a55,rag_qa_service,dev,2024-11-09T18:00:00,2024-11-09T22:45:00,user_report,SEV3,external_dependency,latency_spike,True,285,25,72fab6d5-0199-4d9d-9ab0-42842c8a5ed2,False,True
INC-b915a9ea,rag_qa_service,staging,2024-11-09T21:00:00,2024-11-09T22:54:00,dashboard,SEV2,infra_outage,latency_spike,True,114,84,bf96e7c8-f7ce-4115-afb0-fe6b04957697,True,False
INC-fcca17d4,recsys_clickthrough,prod,2024-11-09T12:00:00,2024-11-09T22:15:00,dashboard,SEV2,external_dependency,latency_spike,True,615,1450,2f16f4e1-31b8-4249-b9c1-e46be1bee7ae,True,False
INC-3c83d6fa,energy_forecasting,staging,2024-11-09T18:00:00,2024-11-10T00:46:00,user_report,SEV1,infra_outage,latency_spike,True,406,468,d9da9211-e27d-4bc7-a736-437a63e19bb3,True,False
INC-86d69671,energy_forecasting,dev,2024-11-09T22:00:00,2024-11-10T00:13:00,dashboard,SEV3,external_dependency,latency_spike,True,133,1,89554482-7a58-4a41-b42e-62495d3d715b,True,True
INC-6e749742,recsys_clickthrough,staging,2024-11-09T18:00:00,2024-11-10T01:48:00,user_report,SEV3,infra_outage,latency_spike,True,468,68,c3004ba6-2365-4add-b6ea-82c78b23f44f,True,False
INC-8fa27a5c,rag_qa_service,staging,2024-11-09T23:00:00,2024-11-09T23:32:00,user_report,SEV2,external_dependency,latency_spike,True,32,18,bf96e7c8-f7ce-4115-afb0-fe6b04957697,False,False
INC-5fd08a97,fraud_detection,prod,2024-11-09T19:00:00,2024-11-10T02:38:00,user_report,SEV2,external_dependency,latency_spike,True,458,1294,34140908-ecd0-4f02-9382-ebd44ac4c825,False,False
INC-3aff788b,rag_qa_service,staging,2024-11-10T02:00:00,2024-11-10T03:23:00,alerting,SEV2,infra_outage,latency_spike,True,83,26,bf96e7c8-f7ce-4115-afb0-fe6b04957697,True,False
INC-57dd8a14,rag_qa_service,staging,2024-11-10T06:00:00,2024-11-10T09:30:00,alerting,SEV1,infra_outage,latency_spike,True,210,69,bf96e7c8-f7ce-4115-afb0-fe6b04957697,True,False
INC-79a1a1fc,rag_qa_service,staging,2024-11-10T08:00:00,2024-11-10T09:34:00,dashboard,SEV1,infra_outage,latency_spike,True,94,35,bf96e7c8-f7ce-4115-afb0-fe6b04957697,True,False
INC-7c45c136,rag_qa_service,staging,2024-11-10T09:00:00,2024-11-10T10:12:00,user_report,SEV2,infra_outage,latency_spike,True,72,40,bf96e7c8-f7ce-4115-afb0-fe6b04957697,False,False
INC-006261f5,rag_qa_service,dev,2024-11-10T09:00:00,2024-11-10T13:30:00,user_report,SEV2,infra_outage,latency_spike,True,270,21,72fab6d5-0199-4d9d-9ab0-42842c8a5ed2,False,False
INC-a27500e9,rag_qa_service,staging,2024-11-10T13:00:00,2024-11-10T15:46:00,user_report,SEV2,infra_outage,latency_spike,True,166,32,bf96e7c8-f7ce-4115-afb0-fe6b04957697,True,True
INC-56158374,recsys_clickthrough,prod,2024-11-10T07:00:00,2024-11-10T16:08:00,alerting,SEV3,infra_outage,latency_spike,True,548,742,2f16f4e1-31b8-4249-b9c1-e46be1bee7ae,True,True
INC-5c2b75f7,rag_qa_service,staging,2024-11-10T14:00:00,2024-11-10T14:48:00,dashboard,SEV1,external_dependency,latency_spike,True,48,36,bf96e7c8-f7ce-4115-afb0-fe6b04957697,False,False
INC-ddccab1b,energy_forecasting,dev,2024-11-10T07:00:00,2024-11-10T16:54:00,user_report,SEV1,external_dependency,latency_spike,True,594,7,89554482-7a58-4a41-b42e-62495d3d715b,False,True
INC-3683e077,energy_forecasting,staging,2024-11-10T07:00:00,2024-11-10T14:47:00,dashboard,SEV2,external_dependency,latency_spike,True,467,148,d9da9211-e27d-4bc7-a736-437a63e19bb3,True,False
INC-1c34e04f,energy_forecasting,staging,2024-11-10T15:00:00,2024-11-10T16:04:00,user_report,SEV1,infra_outage,latency_spike,True,64,9,d9da9211-e27d-4bc7-a736-437a63e19bb3,True,True
INC-f6887d40,rag_qa_service,staging,2024-11-10T15:00:00,2024-11-10T18:55:00,alerting,SEV1,infra_outage,latency_spike,True,235,97,bf96e7c8-f7ce-4115-afb0-fe6b04957697,False,False
INC-1434b260,rag_qa_service,staging,2024-11-10T17:00:00,2024-11-10T17:48:00,alerting,SEV1,infra_outage,latency_spike,True,48,28,bf96e7c8-f7ce-4115-afb0-fe6b04957697,True,False
INC-5d9303da,rag_qa_service,dev,2024-11-10T18:00:00,2024-11-10T20:00:00,alerting,SEV1,external_dependency,latency_spike,True,120,8,72fab6d5-0199-4d9d-9ab0-42842c8a5ed2,True,False
INC-1c7b2385,rag_qa_service,dev,2024-11-10T20:00:00,2024-11-10T22:31:00,alerting,SEV1,external_dependency,latency_spike,True,151,7,72fab6d5-0199-4d9d-9ab0-42842c8a5ed2,False,True
INC-17892e22,rag_qa_service,staging,2024-11-10T20:00:00,2024-11-10T23:59:00,dashboard,SEV2,external_dependency,latency_spike,True,239,72,bf96e7c8-f7ce-4115-afb0-fe6b04957697,False,False
INC-c037a3d5,rag_qa_service,staging,2024-11-10T21:00:00,2024-11-11T01:16:00,user_report,SEV2,infra_outage,latency_spike,True,256,99,bf96e7c8-f7ce-4115-afb0-fe6b04957697,False,False
INC-9b6f9b38,energy_forecasting,staging,2024-11-10T20:00:00,2024-11-10T22:44:00,dashboard,SEV3,infra_outage,latency_spike,True,164,76,d9da9211-e27d-4bc7-a736-437a63e19bb3,False,True
INC-5ea65240,energy_forecasting,dev,2024-11-10T18:00:00,2024-11-11T00:56:00,alerting,SEV3,infra_outage,latency_spike,True,416,5,89554482-7a58-4a41-b42e-62495d3d715b,False,False
INC-5ea20785,fraud_detection,staging,2024-11-10T22:00:00,2024-11-11T01:53:00,dashboard,SEV2,infra_outage,latency_spike,True,233,17,a8351e57-3f0a-47f5-a0b2-8ccfc0abee80,False,True
INC-597be9aa,recsys_clickthrough,staging,2024-11-10T07:00:00,2024-11-10T23:49:00,dashboard,SEV2,infra_outage,latency_spike,True,1009,163,c3004ba6-2365-4add-b6ea-82c78b23f44f,False,False
INC-f80d09c6,rag_qa_service,staging,2024-11-10T23:00:00,2024-11-11T01:40:00,dashboard,SEV3,infra_outage,latency_spike,True,160,83,bf96e7c8-f7ce-4115-afb0-fe6b04957697,True,False
INC-fde816b7,rag_qa_service,dev,2024-11-10T22:00:00,2024-11-11T02:32:00,alerting,SEV1,infra_outage,latency_spike,True,272,19,72fab6d5-0199-4d9d-9ab0-42842c8a5ed2,True,True
INC-67f9492e,recsys_clickthrough,staging,2024-11-11T01:00:00,2024-11-11T03:47:00,dashboard,SEV3,external_dependency,latency_spike,True,167,6,c3004ba6-2365-4add-b6ea-82c78b23f44f,True,False
INC-e4b0e183,rag_qa_service,staging,2024-11-11T03:00:00,2024-11-11T03:35:00,user_report,SEV2,external_dependency,error_spike,True,35,187,065a6e9c-331a-4843-b2f2-430712ab65c9,True,True
INC-93170217,rag_qa_service,staging,2024-11-11T06:00:00,2024-11-11T07:30:00,user_report,SEV3,infra_outage,latency_spike,True,90,26,bf96e7c8-f7ce-4115-afb0-fe6b04957697,False,False
INC-8cbd608c,rag_qa_service,dev,2024-11-11T07:00:00,2024-11-11T10:52:00,alerting,SEV2,external_dependency,latency_spike,True,232,10,72fab6d5-0199-4d9d-9ab0-42842c8a5ed2,True,False
INC-fda71f7d,rag_qa_service,staging,2024-11-11T09:00:00,2024-11-11T09:17:00,user_report,SEV3,infra_outage,latency_spike,True,17,54,bf96e7c8-f7ce-4115-afb0-fe6b04957697,False,False
INC-a06aea5e,rag_qa_service,staging,2024-11-11T11:00:00,2024-11-11T11:44:00,alerting,SEV1,infra_outage,latency_spike,True,44,39,bf96e7c8-f7ce-4115-afb0-fe6b04957697,False,False
INC-2f9a95d0,energy_forecasting,staging,2024-11-11T10:00:00,2024-11-11T13:57:00,dashboard,SEV1,infra_outage,latency_spike,True,237,49,d9da9211-e27d-4bc7-a736-437a63e19bb3,True,False
INC-dbd514d9,rag_qa_service,staging,2024-11-11T12:00:00,2024-11-11T15:57:00,user_report,SEV3,external_dependency,latency_spike,True,237,49,bf96e7c8-f7ce-4115-afb0-fe6b04957697,False,False
INC-fd6ae217,fraud_detection,staging,2024-11-11T08:00:00,2024-11-11T12:13:00,user_report,SEV2,external_dependency,latency_spike,True,253,119,a8351e57-3f0a-47f5-a0b2-8ccfc0abee80,False,True
INC-a438954f,rag_qa_service,dev,2024-11-11T10:00:00,2024-11-11T14:13:00,alerting,SEV2,external_dependency,latency_spike,True,253,16,72fab6d5-0199-4d9d-9ab0-42842c8a5ed2,False,True
INC-1adb6870,energy_forecasting,dev,2024-11-11T06:00:00,2024-11-11T15:35:00,alerting,SEV3,infra_outage,latency_spike,True,575,11,89554482-7a58-4a41-b42e-62495d3d715b,True,True
INC-2b8a911e,rag_qa_service,staging,2024-11-11T14:00:00,2024-11-11T16:20:00,dashboard,SEV3,external_dependency,latency_spike,True,140,27,bf96e7c8-f7ce-4115-afb0-fe6b04957697,True,False
INC-ed0065d0,rag_qa_service,staging,2024-11-11T15:00:00,2024-11-11T15:21:00,dashboard,SEV2,infra_outage,latency_spike,True,21,42,bf96e7c8-f7ce-4115-afb0-fe6b04957697,False,True
INC-11fd396f,fraud_detection,staging,2024-11-11T15:00:00,2024-11-11T18:44:00,dashboard,SEV3,infra_outage,latency_spike,True,224,21,a8351e57-3f0a-47f5-a0b2-8ccfc0abee80,False,False
INC-b681f54d,energy_forecasting,dev,2024-11-11T15:00:00,2024-11-11T16:21:00,dashboard,SEV1,external_dependency,latency_spike,True,81,1,89554482-7a58-4a41-b42e-62495d3d715b,True,False
INC-3d9b95b7,rag_qa_service,staging,2024-11-11T18:00:00,2024-11-11T20:23:00,dashboard,SEV3,infra_outage,latency_spike,True,143,71,bf96e7c8-f7ce-4115-afb0-fe6b04957697,True,False
INC-fbd1dbc1,energy_forecasting,staging,2024-11-11T18:00:00,2024-11-11T22:18:00,dashboard,SEV3,infra_outage,latency_spike,True,258,48,d9da9211-e27d-4bc7-a736-437a63e19bb3,False,True
INC-a2fbc206,rag_qa_service,staging,2024-11-11T19:00:00,2024-11-11T23:08:00,user_report,SEV3,infra_outage,latency_spike,True,248,227,bf96e7c8-f7ce-4115-afb0-fe6b04957697,True,True
INC-9960edcd,rag_qa_service,staging,2024-11-11T23:00:00,2024-11-11T23:26:00,dashboard,SEV2,external_dependency,latency_spike,True,26,34,bf96e7c8-f7ce-4115-afb0-fe6b04957697,True,False
INC-528c7b48,energy_forecasting,dev,2024-11-11T18:00:00,2024-11-11T23:59:00,alerting,SEV2,external_dependency,latency_spike,True,359,6,89554482-7a58-4a41-b42e-62495d3d715b,True,True
INC-4b3a38e0,recsys_clickthrough,prod,2024-11-10T20:00:00,2024-11-11T23:17:00,user_report,SEV2,infra_outage,latency_spike,True,1637,4761,2f16f4e1-31b8-4249-b9c1-e46be1bee7ae,True,False
INC-6e4dada2,fraud_detection,staging,2024-11-11T17:00:00,2024-11-12T01:42:00,dashboard,SEV2,external_dependency,latency_spike,True,522,222,a8351e57-3f0a-47f5-a0b2-8ccfc0abee80,True,False
INC-81a008a7,energy_forecasting,staging,2024-11-11T21:00:00,2024-11-11T23:27:00,dashboard,SEV2,external_dependency,latency_spike,True,147,75,d9da9211-e27d-4bc7-a736-437a63e19bb3,True,False
INC-9b86dbbf,recsys_clickthrough,staging,2024-11-11T06:00:00,2024-11-12T00:03:00,user_report,SEV1,external_dependency,latency_spike,True,1083,191,c3004ba6-2365-4add-b6ea-82c78b23f44f,False,False
INC-9e98c60e,rag_qa_service,dev,2024-11-11T13:00:00,2024-11-12T02:38:00,user_report,SEV3,external_dependency,latency_spike,True,818,100,72fab6d5-0199-4d9d-9ab0-42842c8a5ed2,False,False
INC-4f96e1a5,rag_qa_service,staging,2024-11-12T00:00:00,2024-11-12T02:28:00,dashboard,SEV3,external_dependency,latency_spike,True,148,21,bf96e7c8-f7ce-4115-afb0-fe6b04957697,True,False
INC-bac23e1c,recsys_clickthrough,prod,2024-11-12T03:00:00,2024-11-12T05:23:00,dashboard,SEV2,external_dependency,latency_spike,True,143,67,2f16f4e1-31b8-4249-b9c1-e46be1bee7ae,False,True
INC-ef1ed1ea,rag_qa_service,staging,2024-11-12T03:00:00,2024-11-12T06:14:00,user_report,SEV3,infra_outage,latency_spike,True,194,31,bf96e7c8-f7ce-4115-afb0-fe6b04957697,False,False
INC-3a12562b,rag_qa_service,staging,2024-11-12T04:00:00,2024-11-12T07:12:00,dashboard,SEV2,infra_outage,latency_spike,True,192,26,bf96e7c8-f7ce-4115-afb0-fe6b04957697,True,False
INC-2779939e,rag_qa_service,dev,2024-11-12T06:00:00,2024-11-12T07:23:00,dashboard,SEV1,external_dependency,latency_spike,True,83,10,72fab6d5-0199-4d9d-9ab0-42842c8a5ed2,True,True
INC-4bf15621,rag_qa_service,staging,2024-11-12T08:00:00,2024-11-12T10:37:00,user_report,SEV2,external_dependency,latency_spike,True,157,121,065a6e9c-331a-4843-b2f2-430712ab65c9,False,False
INC-52890905,energy_forecasting,staging,2024-11-12T07:00:00,2024-11-12T09:53:00,user_report,SEV2,infra_outage,latency_spike,True,173,39,d9da9211-e27d-4bc7-a736-437a63e19bb3,True,False
INC-31e13f82,rag_qa_service,staging,2024-11-12T10:00:00,2024-11-12T12:41:00,alerting,SEV2,external_dependency,latency_spike,True,161,141,bf96e7c8-f7ce-4115-afb0-fe6b04957697,True,True
INC-2ef13b1e,rag_qa_service,staging,2024-11-12T12:00:00,2024-11-12T12:15:00,alerting,SEV2,infra_outage,latency_spike,True,15,55,bf96e7c8-f7ce-4115-afb0-fe6b04957697,False,False
INC-c4f1491f,energy_forecasting,staging,2024-11-12T11:00:00,2024-11-12T14:17:00,alerting,SEV3,infra_outage,latency_spike,True,197,51,d9da9211-e27d-4bc7-a736-437a63e19bb3,False,False
INC-967678fb,recsys_clickthrough,staging,2024-11-12T10:00:00,2024-11-12T18:26:00,dashboard,SEV2,infra_outage,latency_spike,True,506,66,c3004ba6-2365-4add-b6ea-82c78b23f44f,True,False
INC-d6fa4ac9,fraud_detection,staging,2024-11-12T14:00:00,2024-11-12T16:15:00,dashboard,SEV3,external_dependency,latency_spike,True,135,86,a8351e57-3f0a-47f5-a0b2-8ccfc0abee80,False,False
INC-b149da95,fraud_detection,staging,2024-11-12T19:00:00,2024-11-13T02:10:00,user_report,SEV2,infra_outage,latency_spike,True,430,172,a8351e57-3f0a-47f5-a0b2-8ccfc0abee80,True,False
INC-9eb697f2,energy_forecasting,staging,2024-11-12T17:00:00,2024-11-13T02:49:00,dashboard,SEV1,external_dependency,latency_spike,True,589,229,d9da9211-e27d-4bc7-a736-437a63e19bb3,True,True
INC-cbdf00bf,rag_qa_service,dev,2024-11-12T09:00:00,2024-11-13T02:58:00,user_report,SEV1,infra_outage,latency_spike,True,1078,108,72fab6d5-0199-4d9d-9ab0-42842c8a5ed2,True,False
INC-5f667eb2,recsys_clickthrough,staging,2024-11-12T18:00:00,2024-11-12T23:56:00,alerting,SEV2,external_dependency,latency_spike,True,356,79,c3004ba6-2365-4add-b6ea-82c78b23f44f,False,False
INC-578818d3,energy_forecasting,dev,2024-11-12T06:00:00,2024-11-13T00:49:00,dashboard,SEV2,infra_outage,latency_spike,True,1129,19,89554482-7a58-4a41-b42e-62495d3d715b,True,False
INC-ec272fde,recsys_clickthrough,prod,2024-11-12T06:00:00,2024-11-13T00:53:00,alerting,SEV2,infra_outage,latency_spike,True,1133,2078,2f16f4e1-31b8-4249-b9c1-e46be1bee7ae,False,False
INC-616a08be,rag_qa_service,dev,2024-11-13T02:00:00,2024-11-13T05:56:00,dashboard,SEV2,infra_outage,latency_spike,True,236,2,72fab6d5-0199-4d9d-9ab0-42842c8a5ed2,True,True
INC-13242e4a,recsys_clickthrough,prod,2024-11-13T03:00:00,2024-11-13T06:38:00,alerting,SEV2,infra_outage,latency_spike,True,218,60,2f16f4e1-31b8-4249-b9c1-e46be1bee7ae,False,False
INC-411e4559,energy_forecasting,dev,2024-11-13T03:00:00,2024-11-13T04:06:00,user_report,SEV2,infra_outage,latency_spike,True,66,1,89554482-7a58-4a41-b42e-62495d3d715b,False,False
INC-cc453f28,fraud_detection,staging,2024-11-13T06:00:00,2024-11-13T07:51:00,dashboard,SEV2,external_dependency,latency_spike,True,111,37,a8351e57-3f0a-47f5-a0b2-8ccfc0abee80,False,False
INC-b3e76557,recsys_clickthrough,staging,2024-11-13T06:00:00,2024-11-13T09:29:00,dashboard,SEV2,external_dependency,latency_spike,True,209,6,c3004ba6-2365-4add-b6ea-82c78b23f44f,True,False
INC-ff525e13,fraud_detection,staging,2024-11-13T09:00:00,2024-11-13T13:37:00,alerting,SEV3,infra_outage,latency_spike,True,277,120,a8351e57-3f0a-47f5-a0b2-8ccfc0abee80,False,False
INC-45f27770,fraud_detection,staging,2024-11-13T13:00:00,2024-11-13T16:22:00,dashboard,SEV2,external_dependency,latency_spike,True,202,30,a8351e57-3f0a-47f5-a0b2-8ccfc0abee80,False,True
INC-9852d7ec,recsys_clickthrough,staging,2024-11-13T08:00:00,2024-11-13T13:52:00,dashboard,SEV2,infra_outage,latency_spike,True,352,54,c3004ba6-2365-4add-b6ea-82c78b23f44f,False,False
INC-31af9a93,energy_forecasting,staging,2024-11-13T07:00:00,2024-11-13T17:19:00,dashboard,SEV3,config_error,error_spike,True,619,762,d9da9211-e27d-4bc7-a736-437a63e19bb3,False,True
INC-1848957c,rag_qa_service,dev,2024-11-13T06:00:00,2024-11-14T01:57:00,alerting,SEV3,infra_outage,latency_spike,True,1197,137,72fab6d5-0199-4d9d-9ab0-42842c8a5ed2,True,False
INC-50a048a1,recsys_clickthrough,staging,2024-11-13T15:00:00,2024-11-14T02:07:00,user_report,SEV1,external_dependency,latency_spike,True,667,143,c3004ba6-2365-4add-b6ea-82c78b23f44f,False,False
INC-1356e123,energy_forecasting,staging,2024-11-13T18:00:00,2024-11-14T01:53:00,alerting,SEV3,infra_outage,latency_spike,True,473,228,d9da9211-e27d-4bc7-a736-437a63e19bb3,False,True
INC-2de701f1,recsys_clickthrough,staging,2024-11-14T01:00:00,2024-11-14T04:58:00,user_report,SEV1,data_drift,metric_degradation,True,238,17,c3004ba6-2365-4add-b6ea-82c78b23f44f,False,True
INC-5eb61ca0,recsys_clickthrough,staging,2024-11-14T04:00:00,2024-11-14T07:55:00,alerting,SEV3,infra_outage,latency_spike,True,235,10,c3004ba6-2365-4add-b6ea-82c78b23f44f,True,False
INC-e165f1f1,recsys_clickthrough,dev,2024-11-06T09:00:00,2024-11-10T13:35:00,alerting,SEV3,infra_outage,latency_spike,True,6035,409,c7c857b4-54c0-456f-bc50-b0b8b579c217,True,False
INC-fb6aa72c,recsys_clickthrough,staging,2024-11-14T08:00:00,2024-11-15T00:06:00,alerting,SEV2,infra_outage,latency_spike,True,966,241,c3004ba6-2365-4add-b6ea-82c78b23f44f,True,True
INC-31e1448d,recsys_clickthrough,dev,2024-11-14T20:00:00,2024-11-14T22:41:00,user_report,SEV2,infra_outage,latency_spike,True,161,14,15700417-941a-4ee7-898c-becaf28757f8,True,True
INC-593a287e,recsys_clickthrough,staging,2024-11-14T22:00:00,2024-11-15T02:21:00,dashboard,SEV3,external_dependency,latency_spike,True,261,28,c3004ba6-2365-4add-b6ea-82c78b23f44f,False,True
INC-1c279f5c,energy_forecasting,staging,2024-11-14T08:00:00,2024-11-15T01:31:00,user_report,SEV2,infra_outage,latency_spike,True,1051,422,d9da9211-e27d-4bc7-a736-437a63e19bb3,False,True
INC-b3c54e6c,recsys_clickthrough,staging,2024-11-15T00:00:00,2024-11-15T02:21:00,user_report,SEV2,data_drift,metric_degradation,True,141,7,c3004ba6-2365-4add-b6ea-82c78b23f44f,False,True
INC-3b219a5e,recsys_clickthrough,staging,2024-11-15T03:00:00,2024-11-15T04:26:00,dashboard,SEV2,data_drift,metric_degradation,True,86,2,c3004ba6-2365-4add-b6ea-82c78b23f44f,True,False
INC-857ba0dc,recsys_clickthrough,staging,2024-11-15T04:00:00,2024-11-15T07:25:00,dashboard,SEV1,infra_outage,latency_spike,True,205,10,c3004ba6-2365-4add-b6ea-82c78b23f44f,False,True
INC-6d6d27ce,recsys_clickthrough,staging,2024-11-15T05:00:00,2024-11-15T08:30:00,alerting,SEV2,data_pipeline_failure,metric_degradation,True,210,1,c3004ba6-2365-4add-b6ea-82c78b23f44f,True,False
INC-b17ee2fe,energy_forecasting,staging,2024-11-15T06:00:00,2024-11-15T07:08:00,user_report,SEV2,infra_outage,latency_spike,True,68,51,d9da9211-e27d-4bc7-a736-437a63e19bb3,True,False
INC-5a3b0a59,recsys_clickthrough,dev,2024-11-15T06:00:00,2024-11-15T07:33:00,user_report,SEV2,external_dependency,latency_spike,True,93,5,15700417-941a-4ee7-898c-becaf28757f8,False,False
INC-16a902c8,recsys_clickthrough,staging,2024-11-15T08:00:00,2024-11-15T09:19:00,user_report,SEV3,external_dependency,latency_spike,True,79,22,c3004ba6-2365-4add-b6ea-82c78b23f44f,True,False
INC-a72249b4,recsys_clickthrough,staging,2024-11-15T09:00:00,2024-11-15T10:14:00,alerting,SEV3,external_dependency,latency_spike,True,74,68,c3004ba6-2365-4add-b6ea-82c78b23f44f,False,True
INC-4b518e5c,recsys_clickthrough,staging,2024-11-15T10:00:00,2024-11-15T13:01:00,user_report,SEV1,infra_outage,latency_spike,True,181,132,c3004ba6-2365-4add-b6ea-82c78b23f44f,False,True
INC-3af8e753,recsys_clickthrough,dev,2024-11-15T11:00:00,2024-11-15T15:49:00,user_report,SEV3,external_dependency,latency_spike,True,289,6,15700417-941a-4ee7-898c-becaf28757f8,True,False
INC-362c18b5,recsys_clickthrough,staging,2024-11-15T14:00:00,2024-11-15T16:07:00,dashboard,SEV2,infra_outage,latency_spike,True,127,16,c3004ba6-2365-4add-b6ea-82c78b23f44f,True,False
INC-89f0d5ac,fraud_detection,prod,2024-11-10T05:00:00,2024-11-10T08:34:00,dashboard,SEV1,infra_outage,latency_spike,True,214,535,34140908-ecd0-4f02-9382-ebd44ac4c825,True,False
INC-231a2752,recsys_clickthrough,staging,2024-11-15T17:00:00,2024-11-15T22:30:00,user_report,SEV3,external_dependency,latency_spike,True,330,186,c3004ba6-2365-4add-b6ea-82c78b23f44f,False,False
INC-db722e04,recsys_clickthrough,staging,2024-11-15T20:00:00,2024-11-16T01:59:00,user_report,SEV1,external_dependency,latency_spike,True,359,633,c3004ba6-2365-4add-b6ea-82c78b23f44f,True,False
INC-33f4024c,recsys_clickthrough,dev,2024-11-15T16:00:00,2024-11-16T00:04:00,user_report,SEV3,external_dependency,latency_spike,True,484,52,15700417-941a-4ee7-898c-becaf28757f8,True,True
INC-7c22f62a,energy_forecasting,staging,2024-11-15T08:00:00,2024-11-16T02:35:00,dashboard,SEV3,external_dependency,latency_spike,True,1115,458,d9da9211-e27d-4bc7-a736-437a63e19bb3,False,True
INC-62b1964e,recsys_clickthrough,staging,2024-11-16T01:00:00,2024-11-16T02:44:00,dashboard,SEV3,data_pipeline_failure,metric_degradation,True,104,7,c3004ba6-2365-4add-b6ea-82c78b23f44f,False,True
INC-d9521e4d,recsys_clickthrough,staging,2024-11-16T03:00:00,2024-11-16T05:03:00,dashboard,SEV3,data_pipeline_failure,metric_degradation,True,123,16,c3004ba6-2365-4add-b6ea-82c78b23f44f,True,True
INC-d2daa20f,recsys_clickthrough,staging,2024-11-16T05:00:00,2024-11-16T06:56:00,alerting,SEV2,data_pipeline_failure,metric_degradation,True,116,6,c3004ba6-2365-4add-b6ea-82c78b23f44f,False,False
INC-47b2e35e,fraud_detection,dev,2024-11-16T06:00:00,2024-11-16T09:04:00,user_report,SEV3,model_bug,error_spike,True,184,32,a14c78ae-079d-4c8c-a4a1-39338155d84d,True,False
INC-23b6ddfa,fraud_detection,dev,2024-11-16T11:00:00,2024-11-16T14:07:00,user_report,SEV2,external_dependency,latency_spike,True,187,7,a14c78ae-079d-4c8c-a4a1-39338155d84d,False,True
INC-8da1b910,energy_forecasting,staging,2024-11-16T06:00:00,2024-11-16T16:11:00,alerting,SEV2,external_dependency,latency_spike,True,611,266,d9da9211-e27d-4bc7-a736-437a63e19bb3,False,True
INC-7cf2e1ee,recsys_clickthrough,dev,2024-11-16T09:00:00,2024-11-16T16:45:00,dashboard,SEV1,external_dependency,latency_spike,True,465,33,15700417-941a-4ee7-898c-becaf28757f8,False,False
INC-e368c5c3,fraud_detection,dev,2024-11-16T15:00:00,2024-11-16T18:55:00,user_report,SEV3,external_dependency,latency_spike,True,235,3,a14c78ae-079d-4c8c-a4a1-39338155d84d,False,False
INC-d940e95f,recsys_clickthrough,staging,2024-11-16T06:00:00,2024-11-16T19:03:00,dashboard,SEV3,external_dependency,latency_spike,True,783,473,fc5eb14f-cef3-4be2-87c0-b9ffd6ce7809,False,False
INC-c64d3040,fraud_detection,dev,2024-11-16T18:00:00,2024-11-16T20:33:00,user_report,SEV2,infra_outage,latency_spike,True,153,8,a14c78ae-079d-4c8c-a4a1-39338155d84d,False,True
INC-9fe8b3b9,fraud_detection,dev,2024-11-16T22:00:00,2024-11-16T22:41:00,dashboard,SEV2,external_dependency,latency_spike,True,41,2,a14c78ae-079d-4c8c-a4a1-39338155d84d,True,False
INC-0b569ab1,recsys_clickthrough,dev,2024-11-16T16:00:00,2024-11-17T01:38:00,dashboard,SEV2,external_dependency,latency_spike,True,578,30,15700417-941a-4ee7-898c-becaf28757f8,True,False
INC-6934e2f1,recsys_clickthrough,staging,2024-11-16T17:00:00,2024-11-17T02:07:00,alerting,SEV2,infra_outage,latency_spike,True,547,389,c3004ba6-2365-4add-b6ea-82c78b23f44f,False,True
INC-c2ab1df7,energy_forecasting,staging,2024-11-16T18:00:00,2024-11-16T23:26:00,dashboard,SEV3,infra_outage,latency_spike,True,326,179,d9da9211-e27d-4bc7-a736-437a63e19bb3,True,False
INC-9d8cd099,fraud_detection,dev,2024-11-17T06:00:00,2024-11-17T10:25:00,user_report,SEV3,infra_outage,latency_spike,True,265,8,a14c78ae-079d-4c8c-a4a1-39338155d84d,True,True
INC-ae5f483c,fraud_detection,prod,2024-11-17T08:00:00,2024-11-17T10:43:00,user_report,SEV3,model_bug,error_spike,True,163,1617,719a0bed-fedc-43c0-8b68-e4ae8d5b020a,True,False
INC-84b42f8f,recsys_clickthrough,dev,2024-11-17T08:00:00,2024-11-17T13:12:00,user_report,SEV2,external_dependency,latency_spike,True,312,49,15700417-941a-4ee7-898c-becaf28757f8,False,False
INC-b1b2ac7f,fraud_detection,dev,2024-11-17T15:00:00,2024-11-17T18:38:00,alerting,SEV2,external_dependency,latency_spike,True,218,4,a14c78ae-079d-4c8c-a4a1-39338155d84d,True,False
INC-357dd442,energy_forecasting,staging,2024-11-17T07:00:00,2024-11-17T19:57:00,alerting,SEV3,infra_outage,latency_spike,True,777,375,d9da9211-e27d-4bc7-a736-437a63e19bb3,False,False
INC-6bb70892,fraud_detection,prod,2024-11-17T20:00:00,2024-11-17T20:45:00,dashboard,SEV2,infra_outage,latency_spike,True,45,61,719a0bed-fedc-43c0-8b68-e4ae8d5b020a,True,False
INC-5d7e333d,energy_forecasting,staging,2024-11-17T19:00:00,2024-11-17T23:54:00,dashboard,SEV2,external_dependency,latency_spike,True,294,230,d9da9211-e27d-4bc7-a736-437a63e19bb3,True,False
INC-9ecb210e,recsys_clickthrough,staging,2024-11-17T07:00:00,2024-11-18T01:37:00,dashboard,SEV3,infra_outage,latency_spike,True,1117,653,fc5eb14f-cef3-4be2-87c0-b9ffd6ce7809,True,False
INC-976f4a9e,recsys_clickthrough,dev,2024-11-17T14:00:00,2024-11-18T02:44:00,alerting,SEV3,external_dependency,latency_spike,True,764,70,15700417-941a-4ee7-898c-becaf28757f8,False,False
INC-ceae3a20,recsys_clickthrough,staging,2024-11-18T04:00:00,2024-11-18T05:14:00,dashboard,SEV2,external_dependency,latency_spike,True,74,23,fc5eb14f-cef3-4be2-87c0-b9ffd6ce7809,False,False
INC-50bb0a1a,recsys_clickthrough,dev,2024-11-18T08:00:00,2024-11-18T10:25:00,alerting,SEV3,external_dependency,latency_spike,True,145,23,15700417-941a-4ee7-898c-becaf28757f8,False,True
INC-28e9296e,fraud_detection,prod,2024-11-18T09:00:00,2024-11-18T10:55:00,user_report,SEV2,external_dependency,latency_spike,True,115,141,719a0bed-fedc-43c0-8b68-e4ae8d5b020a,False,False
INC-fe81e17d,recsys_clickthrough,staging,2024-11-18T07:00:00,2024-11-18T13:35:00,user_report,SEV2,infra_outage,latency_spike,True,395,245,fc5eb14f-cef3-4be2-87c0-b9ffd6ce7809,False,False
INC-a2e9c1aa,energy_forecasting,staging,2024-11-18T06:00:00,2024-11-18T14:27:00,user_report,SEV2,external_dependency,latency_spike,True,507,325,d9da9211-e27d-4bc7-a736-437a63e19bb3,True,False
INC-0549ec97,recsys_clickthrough,dev,2024-11-18T13:00:00,2024-11-18T16:30:00,dashboard,SEV1,external_dependency,latency_spike,True,210,6,15700417-941a-4ee7-898c-becaf28757f8,False,True
INC-5c8e75ff,fraud_detection,prod,2024-11-18T18:00:00,2024-11-18T22:07:00,dashboard,SEV2,infra_outage,latency_spike,True,247,185,719a0bed-fedc-43c0-8b68-e4ae8d5b020a,False,False
INC-8e8a2b77,fraud_detection,prod,2024-11-18T22:00:00,2024-11-19T01:07:00,alerting,SEV1,infra_outage,latency_spike,True,187,109,719a0bed-fedc-43c0-8b68-e4ae8d5b020a,False,True
INC-9ff025be,recsys_clickthrough,dev,2024-11-18T19:00:00,2024-11-19T01:31:00,user_report,SEV2,infra_outage,latency_spike,True,391,49,15700417-941a-4ee7-898c-becaf28757f8,False,False
INC-a4d71b62,recsys_clickthrough,staging,2024-11-18T15:00:00,2024-11-19T00:44:00,alerting,SEV2,external_dependency,latency_spike,True,584,323,fc5eb14f-cef3-4be2-87c0-b9ffd6ce7809,True,True
INC-23a7f858,energy_forecasting,staging,2024-11-18T14:00:00,2024-11-19T00:50:00,alerting,SEV2,external_dependency,latency_spike,True,650,473,d9da9211-e27d-4bc7-a736-437a63e19bb3,True,True
INC-47e7b6c9,fraud_detection,prod,2024-11-19T09:00:00,2024-11-19T13:55:00,user_report,SEV1,external_dependency,latency_spike,True,295,196,719a0bed-fedc-43c0-8b68-e4ae8d5b020a,False,False
INC-5fe14f75,recsys_clickthrough,dev,2024-11-19T07:00:00,2024-11-19T14:42:00,dashboard,SEV2,infra_outage,latency_spike,True,462,60,15700417-941a-4ee7-898c-becaf28757f8,True,False
INC-6c3e0619,energy_forecasting,staging,2024-11-19T09:00:00,2024-11-19T15:52:00,alerting,SEV1,external_dependency,latency_spike,True,412,252,d9da9211-e27d-4bc7-a736-437a63e19bb3,False,False
INC-b6e943ea,recsys_clickthrough,staging,2024-11-19T06:00:00,2024-11-19T19:38:00,dashboard,SEV2,external_dependency,latency_spike,True,818,463,fc5eb14f-cef3-4be2-87c0-b9ffd6ce7809,True,True
INC-9920392d,energy_forecasting,staging,2024-11-19T16:00:00,2024-11-20T02:20:00,alerting,SEV2,external_dependency,latency_spike,True,620,407,d9da9211-e27d-4bc7-a736-437a63e19bb3,False,True
INC-b83a75b7,recsys_clickthrough,dev,2024-11-19T17:00:00,2024-11-20T01:37:00,alerting,SEV2,infra_outage,latency_spike,True,517,79,15700417-941a-4ee7-898c-becaf28757f8,True,False
INC-b93521e1,recsys_clickthrough,staging,2024-11-19T19:00:00,2024-11-20T00:20:00,alerting,SEV3,external_dependency,latency_spike,True,320,278,fc5eb14f-cef3-4be2-87c0-b9ffd6ce7809,True,False
INC-bf12c7b4,recsys_clickthrough,staging,2024-11-20T06:00:00,2024-11-20T08:05:00,dashboard,SEV2,infra_outage,latency_spike,True,125,34,fc5eb14f-cef3-4be2-87c0-b9ffd6ce7809,False,False
INC-8f792adc,recsys_clickthrough,staging,2024-11-20T08:00:00,2024-11-20T13:59:00,user_report,SEV2,infra_outage,latency_spike,True,359,186,fc5eb14f-cef3-4be2-87c0-b9ffd6ce7809,True,False
INC-1b903992,recsys_clickthrough,dev,2024-11-20T07:00:00,2024-11-20T14:24:00,dashboard,SEV2,external_dependency,latency_spike,True,444,81,15700417-941a-4ee7-898c-becaf28757f8,False,True
INC-f6223e1b,energy_forecasting,staging,2024-11-20T09:00:00,2024-11-20T14:29:00,alerting,SEV3,external_dependency,latency_spike,True,329,228,d9da9211-e27d-4bc7-a736-437a63e19bb3,False,True
INC-d7617761,energy_forecasting,staging,2024-11-20T15:00:00,2024-11-20T17:53:00,user_report,SEV2,external_dependency,latency_spike,True,173,36,d9da9211-e27d-4bc7-a736-437a63e19bb3,True,False
INC-bef963c0,energy_forecasting,staging,2024-11-20T17:00:00,2024-11-20T22:39:00,dashboard,SEV1,external_dependency,error_spike,True,339,954,d9da9211-e27d-4bc7-a736-437a63e19bb3,False,False
INC-1db21d99,recsys_clickthrough,dev,2024-11-20T17:00:00,2024-11-20T23:13:00,dashboard,SEV2,external_dependency,latency_spike,True,373,71,15700417-941a-4ee7-898c-becaf28757f8,True,False
INC-a629062d,recsys_clickthrough,staging,2024-11-20T17:00:00,2024-11-20T23:42:00,dashboard,SEV3,external_dependency,latency_spike,True,402,330,fc5eb14f-cef3-4be2-87c0-b9ffd6ce7809,False,True
INC-9224523b,fraud_detection,prod,2024-11-19T18:00:00,2024-11-21T06:33:00,user_report,SEV3,infra_outage,latency_spike,True,2193,3162,719a0bed-fedc-43c0-8b68-e4ae8d5b020a,False,True
INC-6d302e36,recsys_clickthrough,staging,2024-11-21T03:00:00,2024-11-21T04:56:00,dashboard,SEV2,external_dependency,latency_spike,True,116,37,fc5eb14f-cef3-4be2-87c0-b9ffd6ce7809,False,False
INC-07017c93,energy_forecasting,staging,2024-11-21T06:00:00,2024-11-21T12:21:00,dashboard,SEV2,infra_outage,latency_spike,True,381,255,d9da9211-e27d-4bc7-a736-437a63e19bb3,True,False
INC-23e5ae59,recsys_clickthrough,staging,2024-11-21T08:00:00,2024-11-21T16:25:00,alerting,SEV1,external_dependency,latency_spike,True,505,525,fc5eb14f-cef3-4be2-87c0-b9ffd6ce7809,True,False
INC-959e224c,recsys_clickthrough,staging,2024-11-21T17:00:00,2024-11-22T02:07:00,alerting,SEV3,infra_outage,latency_spike,True,547,373,fc5eb14f-cef3-4be2-87c0-b9ffd6ce7809,True,False
INC-60e0ee79,recsys_clickthrough,staging,2024-11-22T06:00:00,2024-11-22T09:40:00,alerting,SEV1,infra_outage,latency_spike,True,220,29,fc5eb14f-cef3-4be2-87c0-b9ffd6ce7809,True,False
INC-df7a91a0,rag_qa_service,prod,2024-11-23T07:00:00,2024-11-23T10:27:00,dashboard,SEV2,external_dependency,latency_spike,True,207,348,5003c774-18fe-4f69-b1fe-a570f2cc0899,False,False
INC-7cd1f579,rag_qa_service,prod,2024-11-23T11:00:00,2024-11-23T14:17:00,dashboard,SEV1,external_dependency,latency_spike,True,197,171,5003c774-18fe-4f69-b1fe-a570f2cc0899,False,False
INC-5af96ccd,energy_forecasting,prod,2024-10-16T17:00:00,2024-10-27T15:27:00,dashboard,SEV3,data_pipeline_failure,metric_degradation,True,15747,52958,40195b10-db68-45e7-ac87-1d023e23fa2f,True,False
INC-7bf85a50,rag_qa_service,prod,2024-11-24T08:00:00,2024-11-24T09:22:00,alerting,SEV3,infra_outage,latency_spike,True,82,402,5003c774-18fe-4f69-b1fe-a570f2cc0899,False,True
INC-844e16cd,rag_qa_service,prod,2024-11-24T18:00:00,2024-11-24T21:13:00,dashboard,SEV1,external_dependency,latency_spike,True,193,345,5003c774-18fe-4f69-b1fe-a570f2cc0899,True,True
INC-15b031c4,energy_forecasting,prod,2024-11-24T20:00:00,2024-11-24T23:07:00,dashboard,SEV2,external_dependency,latency_spike,True,187,71,04249a11-e9dd-428d-bcf3-f1ce671e1f67,True,False
INC-7327de05,rag_qa_service,prod,2024-11-24T21:00:00,2024-11-24T22:16:00,user_report,SEV1,external_dependency,latency_spike,True,76,386,5003c774-18fe-4f69-b1fe-a570f2cc0899,False,False
INC-358a93f1,rag_qa_service,prod,2024-11-25T08:00:00,2024-11-25T10:33:00,alerting,SEV3,infra_outage,latency_spike,True,153,465,5003c774-18fe-4f69-b1fe-a570f2cc0899,False,False
INC-8c8085d4,rag_qa_service,prod,2024-11-25T12:00:00,2024-11-25T15:59:00,dashboard,SEV2,external_dependency,latency_spike,True,239,153,5003c774-18fe-4f69-b1fe-a570f2cc0899,False,False
INC-d615b196,energy_forecasting,staging,2024-11-21T13:00:00,2024-11-21T23:21:00,dashboard,SEV2,external_dependency,latency_spike,True,621,461,d9da9211-e27d-4bc7-a736-437a63e19bb3,True,True
INC-2376bbb7,energy_forecasting,prod,2024-11-26T20:00:00,2024-11-26T22:28:00,user_report,SEV1,external_dependency,latency_spike,True,148,178,04249a11-e9dd-428d-bcf3-f1ce671e1f67,False,False
INC-fca3c7ed,fraud_detection,prod,2024-11-21T06:00:00,2024-11-23T18:29:00,dashboard,SEV3,data_drift,metric_degradation,True,3629,5481,719a0bed-fedc-43c0-8b68-e4ae8d5b020a,False,False
INC-58933911,fraud_detection,prod,2024-11-27T00:00:00,2024-11-27T00:44:00,user_report,SEV2,config_error,error_spike,True,44,974,2a0fbf3a-d74e-4e56-a1cb-2c33a2369b6b,True,False
INC-2f466e63,energy_forecasting,prod,2024-11-27T14:00:00,2024-11-27T14:19:00,alerting,SEV2,infra_outage,latency_spike,True,19,1864,d5242b4c-1530-43d8-9bf1-2b0bc6c95eb5,True,False
INC-57b3d1fc,energy_forecasting,prod,2024-11-27T16:00:00,2024-11-27T17:24:00,dashboard,SEV2,external_dependency,latency_spike,True,84,149,04249a11-e9dd-428d-bcf3-f1ce671e1f67,False,False
INC-0ab2d14c,energy_forecasting,prod,2024-11-27T17:00:00,2024-11-27T20:22:00,dashboard,SEV1,data_drift,metric_degradation,True,202,195,04249a11-e9dd-428d-bcf3-f1ce671e1f67,False,False
INC-5cc307cb,energy_forecasting,prod,2024-11-27T18:00:00,2024-11-27T19:09:00,dashboard,SEV2,external_dependency,latency_spike,True,69,378,d5242b4c-1530-43d8-9bf1-2b0bc6c95eb5,True,False
INC-639048a0,energy_forecasting,prod,2024-11-27T19:00:00,2024-11-27T21:06:00,alerting,SEV3,external_dependency,latency_spike,True,126,27,d5242b4c-1530-43d8-9bf1-2b0bc6c95eb5,True,False
INC-93b3abc2,energy_forecasting,prod,2024-11-27T19:00:00,2024-11-27T20:45:00,user_report,SEV3,external_dependency,latency_spike,True,105,245,04249a11-e9dd-428d-bcf3-f1ce671e1f67,True,False
INC-075fc104,energy_forecasting,prod,2024-11-27T20:00:00,2024-11-27T21:49:00,alerting,SEV1,external_dependency,latency_spike,True,109,742,d5242b4c-1530-43d8-9bf1-2b0bc6c95eb5,True,True
INC-92c2376b,energy_forecasting,prod,2024-11-27T22:00:00,2024-11-28T01:01:00,dashboard,SEV2,infra_outage,latency_spike,True,181,1898,04249a11-e9dd-428d-bcf3-f1ce671e1f67,True,False
INC-f95b5a1d,energy_forecasting,prod,2024-11-27T23:00:00,2024-11-27T23:51:00,dashboard,SEV1,data_drift,metric_degradation,True,51,198,04249a11-e9dd-428d-bcf3-f1ce671e1f67,True,True
INC-ca5735ff,fraud_detection,prod,2024-11-27T07:00:00,2024-11-28T02:33:00,user_report,SEV2,infra_outage,latency_spike,True,1173,2045,2a0fbf3a-d74e-4e56-a1cb-2c33a2369b6b,True,True
INC-b42a5869,energy_forecasting,prod,2024-11-28T01:00:00,2024-11-28T02:55:00,user_report,SEV3,data_drift,metric_degradation,True,115,87,04249a11-e9dd-428d-bcf3-f1ce671e1f67,False,False
INC-4384c893,energy_forecasting,prod,2024-11-28T02:00:00,2024-11-28T02:22:00,dashboard,SEV2,data_drift,metric_degradation,True,22,92,04249a11-e9dd-428d-bcf3-f1ce671e1f67,True,False
INC-e21290eb,energy_forecasting,prod,2024-11-28T03:00:00,2024-11-28T05:37:00,dashboard,SEV2,data_pipeline_failure,metric_degradation,True,157,105,04249a11-e9dd-428d-bcf3-f1ce671e1f67,False,False
INC-ec5bb97e,fraud_detection,prod,2024-11-28T04:00:00,2024-11-28T04:37:00,dashboard,SEV3,external_dependency,latency_spike,True,37,19,2a0fbf3a-d74e-4e56-a1cb-2c33a2369b6b,False,False
INC-9f585169,energy_forecasting,prod,2024-11-28T06:00:00,2024-11-28T09:59:00,dashboard,SEV2,infra_outage,latency_spike,True,239,3,d5242b4c-1530-43d8-9bf1-2b0bc6c95eb5,False,False
INC-7f0274ad,energy_forecasting,prod,2024-11-28T06:00:00,2024-11-28T09:59:00,user_report,SEV2,infra_outage,latency_spike,True,239,313,04249a11-e9dd-428d-bcf3-f1ce671e1f67,True,False
INC-9fb0bb2c,energy_forecasting,prod,2024-11-28T07:00:00,2024-11-28T07:59:00,alerting,SEV2,data_pipeline_failure,metric_degradation,True,59,180,04249a11-e9dd-428d-bcf3-f1ce671e1f67,True,False
INC-1229d7e0,energy_forecasting,prod,2024-11-28T08:00:00,2024-11-28T08:20:00,alerting,SEV1,infra_outage,latency_spike,True,20,376,d5242b4c-1530-43d8-9bf1-2b0bc6c95eb5,False,False
INC-5d44fd46,energy_forecasting,prod,2024-11-28T09:00:00,2024-11-28T13:31:00,user_report,SEV2,infra_outage,latency_spike,True,271,893,04249a11-e9dd-428d-bcf3-f1ce671e1f67,True,False
INC-947b6672,energy_forecasting,prod,2024-11-28T11:00:00,2024-11-28T12:29:00,alerting,SEV1,infra_outage,latency_spike,True,89,364,d5242b4c-1530-43d8-9bf1-2b0bc6c95eb5,True,False
INC-752a388c,energy_forecasting,prod,2024-11-28T12:00:00,2024-11-28T16:32:00,dashboard,SEV2,external_dependency,latency_spike,True,272,412,04249a11-e9dd-428d-bcf3-f1ce671e1f67,True,False
INC-cf4da1d5,energy_forecasting,prod,2024-11-28T18:00:00,2024-11-28T20:08:00,alerting,SEV2,infra_outage,latency_spike,True,128,368,04249a11-e9dd-428d-bcf3-f1ce671e1f67,True,False
INC-40f7adb5,energy_forecasting,prod,2024-11-28T19:00:00,2024-11-28T20:41:00,user_report,SEV3,external_dependency,latency_spike,True,101,289,04249a11-e9dd-428d-bcf3-f1ce671e1f67,True,False
INC-89c65707,energy_forecasting,prod,2024-11-28T20:00:00,2024-11-28T23:38:00,alerting,SEV1,external_dependency,latency_spike,True,218,323,04249a11-e9dd-428d-bcf3-f1ce671e1f67,False,False
INC-ea774b14,energy_forecasting,prod,2024-11-28T20:00:00,2024-11-28T21:40:00,alerting,SEV3,external_dependency,latency_spike,True,100,75,d5242b4c-1530-43d8-9bf1-2b0bc6c95eb5,True,False
INC-64055ce5,energy_forecasting,prod,2024-11-28T21:00:00,2024-11-28T22:26:00,alerting,SEV1,external_dependency,latency_spike,True,86,619,04249a11-e9dd-428d-bcf3-f1ce671e1f67,True,False
INC-e4801468,energy_forecasting,prod,2024-11-29T00:00:00,2024-11-29T00:48:00,dashboard,SEV1,data_pipeline_failure,metric_degradation,True,48,94,04249a11-e9dd-428d-bcf3-f1ce671e1f67,False,False
INC-1071910b,energy_forecasting,prod,2024-11-29T01:00:00,2024-11-29T03:20:00,user_report,SEV2,data_drift,metric_degradation,True,140,87,04249a11-e9dd-428d-bcf3-f1ce671e1f67,True,True
INC-40ba3b50,energy_forecasting,prod,2024-11-29T02:00:00,2024-11-29T05:46:00,user_report,SEV2,data_drift,metric_degradation,True,226,70,04249a11-e9dd-428d-bcf3-f1ce671e1f67,False,False
INC-821cfddc,energy_forecasting,prod,2024-11-29T03:00:00,2024-11-29T03:51:00,alerting,SEV3,data_drift,metric_degradation,True,51,85,04249a11-e9dd-428d-bcf3-f1ce671e1f67,False,False
INC-4ad28ffd,energy_forecasting,prod,2024-11-29T06:00:00,2024-11-29T08:51:00,user_report,SEV2,infra_outage,latency_spike,True,171,228,04249a11-e9dd-428d-bcf3-f1ce671e1f67,False,False
INC-fee4b9e6,energy_forecasting,prod,2024-11-29T07:00:00,2024-11-29T09:12:00,user_report,SEV2,external_dependency,latency_spike,True,132,221,d5242b4c-1530-43d8-9bf1-2b0bc6c95eb5,True,False
INC-24e34405,energy_forecasting,prod,2024-11-29T09:00:00,2024-11-29T12:23:00,user_report,SEV3,infra_outage,latency_spike,True,203,304,04249a11-e9dd-428d-bcf3-f1ce671e1f67,False,False
INC-33f089a7,energy_forecasting,prod,2024-11-29T10:00:00,2024-11-29T13:18:00,user_report,SEV1,infra_outage,latency_spike,True,198,279,04249a11-e9dd-428d-bcf3-f1ce671e1f67,False,True
INC-cfb9652e,energy_forecasting,prod,2024-11-29T10:00:00,2024-11-29T12:48:00,dashboard,SEV3,infra_outage,latency_spike,True,168,384,d5242b4c-1530-43d8-9bf1-2b0bc6c95eb5,True,True
INC-3e5a75a6,energy_forecasting,prod,2024-11-29T11:00:00,2024-11-29T11:45:00,user_report,SEV3,external_dependency,latency_spike,True,45,33,d5242b4c-1530-43d8-9bf1-2b0bc6c95eb5,False,True
INC-dcd8f7be,energy_forecasting,prod,2024-11-29T12:00:00,2024-11-29T13:50:00,dashboard,SEV2,external_dependency,latency_spike,True,110,190,d5242b4c-1530-43d8-9bf1-2b0bc6c95eb5,True,False
INC-0b6fcf23,energy_forecasting,prod,2024-11-29T13:00:00,2024-11-29T16:06:00,dashboard,SEV2,external_dependency,latency_spike,True,186,377,04249a11-e9dd-428d-bcf3-f1ce671e1f67,False,True
INC-6ce82480,energy_forecasting,prod,2024-11-29T16:00:00,2024-11-29T19:11:00,alerting,SEV2,external_dependency,latency_spike,True,191,370,d5242b4c-1530-43d8-9bf1-2b0bc6c95eb5,True,False
INC-98242f4c,energy_forecasting,prod,2024-11-29T17:00:00,2024-11-29T19:40:00,user_report,SEV2,infra_outage,latency_spike,True,160,162,04249a11-e9dd-428d-bcf3-f1ce671e1f67,False,False
INC-4e038187,energy_forecasting,prod,2024-11-29T19:00:00,2024-11-29T22:16:00,user_report,SEV3,infra_outage,latency_spike,True,196,317,04249a11-e9dd-428d-bcf3-f1ce671e1f67,False,False
INC-afd80938,energy_forecasting,prod,2024-11-29T20:00:00,2024-11-29T22:24:00,user_report,SEV3,external_dependency,latency_spike,True,144,721,04249a11-e9dd-428d-bcf3-f1ce671e1f67,True,False
INC-557c0786,energy_forecasting,prod,2024-11-29T22:00:00,2024-11-30T01:46:00,dashboard,SEV3,infra_outage,latency_spike,True,226,254,04249a11-e9dd-428d-bcf3-f1ce671e1f67,True,True
INC-1939e560,fraud_detection,prod,2024-11-28T06:00:00,2024-11-30T00:31:00,user_report,SEV1,infra_outage,latency_spike,True,2551,3117,2a0fbf3a-d74e-4e56-a1cb-2c33a2369b6b,False,False
INC-a0e9f311,energy_forecasting,prod,2024-11-30T07:00:00,2024-11-30T10:37:00,dashboard,SEV3,external_dependency,latency_spike,True,217,31,d5242b4c-1530-43d8-9bf1-2b0bc6c95eb5,False,False
INC-33619c84,energy_forecasting,prod,2024-11-30T09:00:00,2024-11-30T11:27:00,user_report,SEV2,external_dependency,latency_spike,True,147,41,d5242b4c-1530-43d8-9bf1-2b0bc6c95eb5,False,False
INC-5f8d994f,energy_forecasting,prod,2024-11-30T13:00:00,2024-11-30T16:04:00,user_report,SEV1,external_dependency,latency_spike,True,184,46,d5242b4c-1530-43d8-9bf1-2b0bc6c95eb5,False,False
INC-f9f361d5,energy_forecasting,prod,2024-11-30T14:00:00,2024-11-30T14:32:00,dashboard,SEV1,infra_outage,latency_spike,True,32,66,d5242b4c-1530-43d8-9bf1-2b0bc6c95eb5,False,False
INC-e3ddc818,energy_forecasting,prod,2024-11-30T16:00:00,2024-11-30T17:59:00,alerting,SEV1,external_dependency,latency_spike,True,119,58,d5242b4c-1530-43d8-9bf1-2b0bc6c95eb5,True,False
INC-da6cdba6,energy_forecasting,prod,2024-11-30T18:00:00,2024-11-30T21:31:00,user_report,SEV2,external_dependency,latency_spike,True,211,57,d5242b4c-1530-43d8-9bf1-2b0bc6c95eb5,False,True
INC-8bfa4303,energy_forecasting,prod,2024-11-30T20:00:00,2024-11-30T20:29:00,dashboard,SEV2,external_dependency,latency_spike,True,29,99,d5242b4c-1530-43d8-9bf1-2b0bc6c95eb5,False,False
INC-e182b5d7,energy_forecasting,prod,2024-11-30T21:00:00,2024-12-01T00:50:00,user_report,SEV1,infra_outage,latency_spike,True,230,49,d5242b4c-1530-43d8-9bf1-2b0bc6c95eb5,True,False
INC-c8921114,fraud_detection,prod,2024-11-30T05:00:00,2024-12-01T02:24:00,user_report,SEV1,external_dependency,latency_spike,True,1284,1753,2a0fbf3a-d74e-4e56-a1cb-2c33a2369b6b,False,False
INC-2d57b475,energy_forecasting,prod,2024-11-30T23:00:00,2024-12-01T00:14:00,alerting,SEV1,external_dependency,latency_spike,True,74,31,d5242b4c-1530-43d8-9bf1-2b0bc6c95eb5,False,False
INC-4d9a5776,energy_forecasting,prod,2024-12-01T01:00:00,2024-12-01T03:29:00,alerting,SEV2,infra_outage,latency_spike,True,149,8,d5242b4c-1530-43d8-9bf1-2b0bc6c95eb5,False,False
INC-5c43d948,fraud_detection,prod,2024-12-01T02:00:00,2024-12-01T05:02:00,alerting,SEV1,external_dependency,latency_spike,True,182,116,2a0fbf3a-d74e-4e56-a1cb-2c33a2369b6b,False,False
INC-e971ba3a,energy_forecasting,prod,2024-12-01T06:00:00,2024-12-01T07:46:00,alerting,SEV2,infra_outage,latency_spike,True,106,50,d5242b4c-1530-43d8-9bf1-2b0bc6c95eb5,False,False
INC-b00163cd,energy_forecasting,prod,2024-12-01T07:00:00,2024-12-01T11:17:00,alerting,SEV1,external_dependency,latency_spike,True,257,85,d5242b4c-1530-43d8-9bf1-2b0bc6c95eb5,True,False
INC-cae05c81,energy_forecasting,prod,2024-12-01T09:00:00,2024-12-01T11:01:00,dashboard,SEV3,infra_outage,latency_spike,True,121,61,d5242b4c-1530-43d8-9bf1-2b0bc6c95eb5,False,True
INC-da121aba,energy_forecasting,prod,2024-12-01T11:00:00,2024-12-01T12:14:00,dashboard,SEV2,external_dependency,latency_spike,True,74,37,d5242b4c-1530-43d8-9bf1-2b0bc6c95eb5,False,True
INC-7c2fb2eb,energy_forecasting,prod,2024-12-01T15:00:00,2024-12-01T18:01:00,dashboard,SEV2,infra_outage,latency_spike,True,181,11,d5242b4c-1530-43d8-9bf1-2b0bc6c95eb5,False,False
INC-8f12ed82,energy_forecasting,prod,2024-12-01T18:00:00,2024-12-01T20:11:00,user_report,SEV2,infra_outage,latency_spike,True,131,82,d5242b4c-1530-43d8-9bf1-2b0bc6c95eb5,True,True
INC-eb932cc4,energy_forecasting,prod,2024-12-01T20:00:00,2024-12-01T20:40:00,dashboard,SEV3,external_dependency,latency_spike,True,40,41,d5242b4c-1530-43d8-9bf1-2b0bc6c95eb5,False,False
INC-ea53b6b8,energy_forecasting,prod,2024-12-01T22:00:00,2024-12-02T02:04:00,user_report,SEV1,infra_outage,latency_spike,True,244,455,d5242b4c-1530-43d8-9bf1-2b0bc6c95eb5,False,False
INC-b56955f0,fraud_detection,prod,2024-12-01T05:00:00,2024-12-02T02:22:00,user_report,SEV3,infra_outage,latency_spike,True,1282,2036,2a0fbf3a-d74e-4e56-a1cb-2c33a2369b6b,True,False
INC-0179fa53,energy_forecasting,prod,2024-12-02T03:00:00,2024-12-02T05:26:00,dashboard,SEV2,data_pipeline_failure,metric_degradation,True,146,53,b9deea50-dc33-4698-9137-8c73747aebdc,True,False
INC-795d0ac0,energy_forecasting,prod,2024-12-02T04:00:00,2024-12-02T05:04:00,dashboard,SEV3,infra_outage,latency_spike,True,64,22,d5242b4c-1530-43d8-9bf1-2b0bc6c95eb5,False,False
INC-1c0b3228,energy_forecasting,prod,2024-12-02T05:00:00,2024-12-02T06:56:00,alerting,SEV3,data_drift,metric_degradation,True,116,207,b9deea50-dc33-4698-9137-8c73747aebdc,False,False
INC-f62c1be8,energy_forecasting,prod,2024-12-02T07:00:00,2024-12-02T17:33:00,dashboard,SEV1,data_pipeline_failure,metric_degradation,True,633,1711,b9deea50-dc33-4698-9137-8c73747aebdc,False,True
INC-95ce006f,energy_forecasting,prod,2024-12-02T15:00:00,2024-12-02T18:13:00,alerting,SEV3,data_drift,metric_degradation,True,193,178,b9deea50-dc33-4698-9137-8c73747aebdc,False,False
INC-4addf981,rag_qa_service,dev,2024-12-03T08:00:00,2024-12-03T11:15:00,user_report,SEV2,external_dependency,latency_spike,True,195,10,aba212a0-fd53-483d-b3db-4b8683b7c6e6,False,True
INC-b9393fc6,rag_qa_service,dev,2024-12-03T12:00:00,2024-12-03T13:41:00,user_report,SEV3,infra_outage,latency_spike,True,101,5,aba212a0-fd53-483d-b3db-4b8683b7c6e6,False,True
INC-50ff7055,rag_qa_service,dev,2024-12-03T18:00:00,2024-12-03T23:29:00,user_report,SEV2,infra_outage,latency_spike,True,329,17,aba212a0-fd53-483d-b3db-4b8683b7c6e6,True,False
INC-3c9d86dd,rag_qa_service,dev,2024-12-04T06:00:00,2024-12-04T15:01:00,dashboard,SEV1,infra_outage,latency_spike,True,541,29,aba212a0-fd53-483d-b3db-4b8683b7c6e6,True,False
INC-88a3f71f,rag_qa_service,dev,2024-12-04T16:00:00,2024-12-05T00:34:00,user_report,SEV2,infra_outage,latency_spike,True,514,114,aba212a0-fd53-483d-b3db-4b8683b7c6e6,False,True
INC-eba92f6e,rag_qa_service,dev,2024-12-05T07:00:00,2024-12-06T02:46:00,user_report,SEV1,external_dependency,latency_spike,True,1186,66,aba212a0-fd53-483d-b3db-4b8683b7c6e6,True,False
INC-cdc77cd4,recsys_clickthrough,dev,2024-11-21T07:00:00,2024-11-21T20:41:00,alerting,SEV1,infra_outage,latency_spike,True,821,100,15700417-941a-4ee7-898c-becaf28757f8,True,False
INC-5fd6283f,recsys_clickthrough,dev,2024-12-06T06:00:00,2024-12-06T12:23:00,user_report,SEV2,external_dependency,latency_spike,True,383,32,54df175d-7131-4636-813b-26d46a213566,True,False
INC-bcdf8e73,recsys_clickthrough,dev,2024-12-06T13:00:00,2024-12-06T14:59:00,alerting,SEV1,external_dependency,latency_spike,True,119,1,54df175d-7131-4636-813b-26d46a213566,True,True
INC-861f2ed6,recsys_clickthrough,dev,2024-12-06T22:00:00,2024-12-07T01:02:00,alerting,SEV3,external_dependency,latency_spike,True,182,9,54df175d-7131-4636-813b-26d46a213566,True,False
INC-b18aea6d,rag_qa_service,dev,2024-12-06T07:00:00,2024-12-07T02:37:00,user_report,SEV3,external_dependency,latency_spike,True,1177,255,aba212a0-fd53-483d-b3db-4b8683b7c6e6,True,False
INC-adfe6b8e,rag_qa_service,dev,2024-12-07T02:00:00,2024-12-07T05:03:00,user_report,SEV2,external_dependency,latency_spike,True,183,3,aba212a0-fd53-483d-b3db-4b8683b7c6e6,True,False
INC-d32cf2c7,recsys_clickthrough,dev,2024-12-07T06:00:00,2024-12-07T08:12:00,dashboard,SEV3,infra_outage,latency_spike,True,132,5,54df175d-7131-4636-813b-26d46a213566,False,False
INC-9abc44ae,recsys_clickthrough,staging,2024-11-22T10:00:00,2024-11-22T15:50:00,alerting,SEV3,external_dependency,latency_spike,True,350,295,fc5eb14f-cef3-4be2-87c0-b9ffd6ce7809,False,True
INC-d868e346,recsys_clickthrough,dev,2024-12-07T08:00:00,2024-12-07T12:19:00,alerting,SEV2,external_dependency,latency_spike,True,259,30,54df175d-7131-4636-813b-26d46a213566,True,False
INC-e9f3f8ba,energy_forecasting,prod,2024-12-02T16:00:00,2024-12-05T19:15:00,user_report,SEV1,data_pipeline_failure,metric_degradation,True,4515,12446,b9deea50-dc33-4698-9137-8c73747aebdc,True,True
INC-cfc7ff32,energy_forecasting,prod,2024-12-07T15:00:00,2024-12-07T18:46:00,alerting,SEV3,infra_outage,latency_spike,True,226,15,5128f61b-7e3b-405a-8d91-8f7114f14b6a,True,True
INC-9ecb2b79,recsys_clickthrough,dev,2024-12-07T15:00:00,2024-12-07T16:21:00,user_report,SEV3,infra_outage,latency_spike,True,81,14,54df175d-7131-4636-813b-26d46a213566,True,True
INC-66be8346,recsys_clickthrough,staging,2024-12-07T19:00:00,2024-12-07T19:23:00,dashboard,SEV2,external_dependency,latency_spike,True,23,14,c08f8cf7-881f-4937-a852-84b5892ea5f8,False,False
INC-61cc44f0,recsys_clickthrough,dev,2024-12-07T18:00:00,2024-12-07T22:02:00,alerting,SEV3,external_dependency,latency_spike,True,242,16,54df175d-7131-4636-813b-26d46a213566,True,True
INC-da62c8d3,rag_qa_service,dev,2024-12-07T06:00:00,2024-12-08T05:09:00,user_report,SEV2,external_dependency,latency_spike,True,1389,149,aba212a0-fd53-483d-b3db-4b8683b7c6e6,True,True
INC-60ed7ca3,fraud_detection,prod,2024-12-02T03:00:00,2024-12-02T18:54:00,user_report,SEV3,infra_outage,latency_spike,True,954,1384,2a0fbf3a-d74e-4e56-a1cb-2c33a2369b6b,False,True
INC-ef9e1059,rag_qa_service,dev,2024-12-08T05:00:00,2024-12-08T13:10:00,dashboard,SEV2,external_dependency,latency_spike,True,490,38,aba212a0-fd53-483d-b3db-4b8683b7c6e6,False,True
INC-597e1820,recsys_clickthrough,dev,2024-12-08T09:00:00,2024-12-08T15:14:00,user_report,SEV2,external_dependency,latency_spike,True,374,24,54df175d-7131-4636-813b-26d46a213566,False,False
INC-f3193f38,energy_forecasting,prod,2024-12-08T09:00:00,2024-12-08T15:50:00,alerting,SEV3,infra_outage,latency_spike,True,410,922,5128f61b-7e3b-405a-8d91-8f7114f14b6a,False,False
INC-9e81274a,fraud_detection,prod,2024-12-08T14:00:00,2024-12-08T15:16:00,user_report,SEV3,external_dependency,latency_spike,True,76,0,80208fdf-8997-48b5-99d1-1afde58a6ef3,True,False
INC-0ae41662,rag_qa_service,dev,2024-12-08T14:00:00,2024-12-08T15:26:00,dashboard,SEV1,infra_outage,latency_spike,True,86,4,aba212a0-fd53-483d-b3db-4b8683b7c6e6,True,True
INC-fca55f1c,rag_qa_service,dev,2024-12-08T15:00:00,2024-12-08T18:38:00,alerting,SEV1,external_dependency,latency_spike,True,218,4,aba212a0-fd53-483d-b3db-4b8683b7c6e6,True,True
INC-1b679ce8,rag_qa_service,dev,2024-12-08T17:00:00,2024-12-08T19:43:00,alerting,SEV3,external_dependency,latency_spike,True,163,19,aba212a0-fd53-483d-b3db-4b8683b7c6e6,False,False
INC-b1ab1f03,recsys_clickthrough,staging,2024-12-08T19:00:00,2024-12-08T21:54:00,dashboard,SEV1,infra_outage,latency_spike,True,174,20,c08f8cf7-881f-4937-a852-84b5892ea5f8,False,False
INC-9788c094,recsys_clickthrough,dev,2024-12-08T18:00:00,2024-12-08T19:55:00,user_report,SEV2,infra_outage,latency_spike,True,115,9,54df175d-7131-4636-813b-26d46a213566,False,True
INC-573bbe76,rag_qa_service,dev,2024-12-08T20:00:00,2024-12-08T22:03:00,user_report,SEV3,infra_outage,latency_spike,True,123,9,aba212a0-fd53-483d-b3db-4b8683b7c6e6,False,True
INC-b7c6e6a6,energy_forecasting,prod,2024-12-08T18:00:00,2024-12-09T01:42:00,dashboard,SEV2,external_dependency,latency_spike,True,462,1085,5128f61b-7e3b-405a-8d91-8f7114f14b6a,False,True
INC-02fe86d5,rag_qa_service,dev,2024-12-08T21:00:00,2024-12-09T01:13:00,user_report,SEV2,external_dependency,latency_spike,True,253,38,aba212a0-fd53-483d-b3db-4b8683b7c6e6,True,True
INC-749921f0,fraud_detection,prod,2024-12-08T20:00:00,2024-12-08T23:36:00,user_report,SEV3,infra_outage,latency_spike,True,216,410,80208fdf-8997-48b5-99d1-1afde58a6ef3,True,True
INC-14afbe6e,rag_qa_service,dev,2024-12-09T01:00:00,2024-12-09T02:10:00,alerting,SEV3,infra_outage,latency_spike,True,70,4,aba212a0-fd53-483d-b3db-4b8683b7c6e6,True,True
INC-2d8894da,rag_qa_service,dev,2024-12-09T02:00:00,2024-12-09T05:21:00,dashboard,SEV2,external_dependency,latency_spike,True,201,5,aba212a0-fd53-483d-b3db-4b8683b7c6e6,False,False
INC-0a0f2ced,rag_qa_service,dev,2024-12-09T03:00:00,2024-12-09T04:03:00,user_report,SEV2,external_dependency,latency_spike,True,63,4,aba212a0-fd53-483d-b3db-4b8683b7c6e6,True,False
INC-bffb1b04,rag_qa_service,dev,2024-12-09T04:00:00,2024-12-09T05:37:00,dashboard,SEV2,external_dependency,latency_spike,True,97,9,aba212a0-fd53-483d-b3db-4b8683b7c6e6,False,True
INC-82dfee20,rag_qa_service,dev,2024-12-09T06:00:00,2024-12-09T09:06:00,alerting,SEV2,infra_outage,latency_spike,True,186,5,aba212a0-fd53-483d-b3db-4b8683b7c6e6,True,False
INC-9d110504,rag_qa_service,dev,2024-12-09T07:00:00,2024-12-09T08:37:00,user_report,SEV2,external_dependency,latency_spike,True,97,9,aba212a0-fd53-483d-b3db-4b8683b7c6e6,False,True
INC-2f2bab18,rag_qa_service,dev,2024-12-09T08:00:00,2024-12-09T11:41:00,dashboard,SEV2,external_dependency,latency_spike,True,221,8,aba212a0-fd53-483d-b3db-4b8683b7c6e6,True,False
INC-01b92da4,rag_qa_service,dev,2024-12-09T09:00:00,2024-12-09T11:29:00,alerting,SEV3,infra_outage,latency_spike,True,149,7,aba212a0-fd53-483d-b3db-4b8683b7c6e6,False,False
INC-0fb4b9d4,rag_qa_service,dev,2024-12-09T11:00:00,2024-12-09T12:49:00,user_report,SEV2,infra_outage,latency_spike,True,109,8,aba212a0-fd53-483d-b3db-4b8683b7c6e6,True,False
INC-a2cf6933,fraud_detection,prod,2024-12-09T08:00:00,2024-12-09T14:54:00,alerting,SEV3,infra_outage,latency_spike,True,414,598,80208fdf-8997-48b5-99d1-1afde58a6ef3,True,False
INC-c14ce80e,energy_forecasting,prod,2024-12-09T10:00:00,2024-12-09T14:23:00,dashboard,SEV1,infra_outage,latency_spike,True,263,475,5128f61b-7e3b-405a-8d91-8f7114f14b6a,True,True
INC-85bd5f1a,recsys_clickthrough,dev,2024-12-09T09:00:00,2024-12-09T13:31:00,alerting,SEV1,external_dependency,latency_spike,True,271,25,54df175d-7131-4636-813b-26d46a213566,False,False
INC-bae3275b,rag_qa_service,dev,2024-12-09T15:00:00,2024-12-09T16:45:00,user_report,SEV2,external_dependency,latency_spike,True,105,14,aba212a0-fd53-483d-b3db-4b8683b7c6e6,False,True
INC-792de4e5,rag_qa_service,dev,2024-12-09T17:00:00,2024-12-09T18:53:00,alerting,SEV2,external_dependency,latency_spike,True,113,10,aba212a0-fd53-483d-b3db-4b8683b7c6e6,True,False
INC-e9862843,energy_forecasting,prod,2024-12-09T18:00:00,2024-12-09T18:16:00,user_report,SEV3,external_dependency,latency_spike,True,16,231,5128f61b-7e3b-405a-8d91-8f7114f14b6a,True,True
INC-03aab529,rag_qa_service,dev,2024-12-09T18:00:00,2024-12-09T20:08:00,user_report,SEV2,infra_outage,latency_spike,True,128,10,aba212a0-fd53-483d-b3db-4b8683b7c6e6,True,False
INC-ebabded4,rag_qa_service,dev,2024-12-09T19:00:00,2024-12-09T23:40:00,alerting,SEV2,external_dependency,latency_spike,True,280,17,aba212a0-fd53-483d-b3db-4b8683b7c6e6,True,False
INC-35f6d2d7,recsys_clickthrough,staging,2024-12-09T20:00:00,2024-12-09T23:57:00,alerting,SEV2,external_dependency,latency_spike,True,237,20,c08f8cf7-881f-4937-a852-84b5892ea5f8,False,True
INC-676f99f9,energy_forecasting,prod,2024-12-09T20:00:00,2024-12-10T00:50:00,user_report,SEV2,external_dependency,latency_spike,True,290,493,5128f61b-7e3b-405a-8d91-8f7114f14b6a,True,True
INC-1a9ca78c,rag_qa_service,dev,2024-12-09T21:00:00,2024-12-10T00:26:00,alerting,SEV3,infra_outage,latency_spike,True,206,47,c3a90a05-146c-44c2-9674-156dcbe2f6a1,True,True
INC-e74b48b4,rag_qa_service,dev,2024-12-09T23:00:00,2024-12-10T01:11:00,dashboard,SEV2,infra_outage,latency_spike,True,131,12,aba212a0-fd53-483d-b3db-4b8683b7c6e6,False,False
INC-5e523479,recsys_clickthrough,dev,2024-12-09T18:00:00,2024-12-10T01:36:00,dashboard,SEV3,infra_outage,latency_spike,True,456,42,54df175d-7131-4636-813b-26d46a213566,True,False
INC-39eb4dc4,fraud_detection,prod,2024-12-09T15:00:00,2024-12-09T23:30:00,alerting,SEV2,external_dependency,latency_spike,True,510,3135,80208fdf-8997-48b5-99d1-1afde58a6ef3,False,False
INC-aa0f1a58,rag_qa_service,dev,2024-12-10T01:00:00,2024-12-10T05:45:00,alerting,SEV2,infra_outage,latency_spike,True,285,10,aba212a0-fd53-483d-b3db-4b8683b7c6e6,True,False
INC-96b7f2cb,fraud_detection,prod,2024-12-10T03:00:00,2024-12-10T06:44:00,alerting,SEV2,external_dependency,latency_spike,True,224,19,80208fdf-8997-48b5-99d1-1afde58a6ef3,True,True
INC-7cbdbfa0,rag_qa_service,dev,2024-12-10T05:00:00,2024-12-10T08:12:00,dashboard,SEV1,infra_outage,latency_spike,True,192,9,aba212a0-fd53-483d-b3db-4b8683b7c6e6,False,True
INC-0779e5d1,recsys_clickthrough,dev,2024-12-10T06:00:00,2024-12-10T08:06:00,dashboard,SEV3,external_dependency,latency_spike,True,126,8,54df175d-7131-4636-813b-26d46a213566,True,False
INC-ebf35240,rag_qa_service,dev,2024-12-10T07:00:00,2024-12-10T11:44:00,alerting,SEV3,external_dependency,latency_spike,True,284,22,aba212a0-fd53-483d-b3db-4b8683b7c6e6,False,False
INC-aa0729b1,recsys_clickthrough,dev,2024-12-10T09:00:00,2024-12-10T15:19:00,alerting,SEV2,infra_outage,latency_spike,True,379,37,54df175d-7131-4636-813b-26d46a213566,True,True
INC-a9a0f2e7,rag_qa_service,prod,2024-11-25T18:00:00,2024-11-27T15:07:00,alerting,SEV1,external_dependency,latency_spike,True,2707,9691,5003c774-18fe-4f69-b1fe-a570f2cc0899,True,False
INC-5cf05971,recsys_clickthrough,staging,2024-12-10T22:00:00,2024-12-10T23:09:00,dashboard,SEV1,infra_outage,latency_spike,True,69,19,c08f8cf7-881f-4937-a852-84b5892ea5f8,False,False
INC-325b09da,fraud_detection,prod,2024-12-10T05:00:00,2024-12-11T03:00:00,dashboard,SEV3,external_dependency,latency_spike,True,1320,7659,80208fdf-8997-48b5-99d1-1afde58a6ef3,False,False
INC-91969c34,fraud_detection,prod,2024-12-11T03:00:00,2024-12-11T06:34:00,dashboard,SEV2,external_dependency,latency_spike,True,214,106,80208fdf-8997-48b5-99d1-1afde58a6ef3,False,False
INC-0db9f21a,recsys_clickthrough,staging,2024-12-11T08:00:00,2024-12-11T16:32:00,user_report,SEV3,external_dependency,latency_spike,True,512,94,c08f8cf7-881f-4937-a852-84b5892ea5f8,True,False
INC-2addb6d9,fraud_detection,prod,2024-12-11T07:00:00,2024-12-11T16:01:00,user_report,SEV1,infra_outage,latency_spike,True,541,1763,80208fdf-8997-48b5-99d1-1afde58a6ef3,True,False
INC-910b14c6,recsys_clickthrough,staging,2024-12-11T15:00:00,2024-12-11T15:59:00,user_report,SEV3,external_dependency,latency_spike,True,59,14,c08f8cf7-881f-4937-a852-84b5892ea5f8,False,False
INC-9196d440,rag_qa_service,prod,2024-12-11T21:00:00,2024-12-12T00:11:00,alerting,SEV3,external_dependency,latency_spike,True,191,76,1fe28605-4a98-4c0e-b29a-ec38af918a90,True,True
INC-01c8efff,recsys_clickthrough,staging,2024-12-11T20:00:00,2024-12-12T01:10:00,user_report,SEV3,external_dependency,latency_spike,True,310,40,c08f8cf7-881f-4937-a852-84b5892ea5f8,True,False
INC-0fa8ae07,fraud_detection,prod,2024-12-11T18:00:00,2024-12-12T00:07:00,alerting,SEV2,infra_outage,latency_spike,True,367,1513,80208fdf-8997-48b5-99d1-1afde58a6ef3,False,True
INC-a1070cdd,recsys_clickthrough,staging,2024-12-12T06:00:00,2024-12-12T09:07:00,user_report,SEV2,infra_outage,latency_spike,True,187,25,c08f8cf7-881f-4937-a852-84b5892ea5f8,False,True
INC-764e0733,recsys_clickthrough,staging,2024-12-12T08:00:00,2024-12-12T17:29:00,user_report,SEV1,infra_outage,latency_spike,True,569,85,c08f8cf7-881f-4937-a852-84b5892ea5f8,True,False
INC-0aff7891,rag_qa_service,prod,2024-12-12T21:00:00,2024-12-13T00:52:00,user_report,SEV2,external_dependency,latency_spike,True,232,93,1fe28605-4a98-4c0e-b29a-ec38af918a90,True,True
INC-ef714762,recsys_clickthrough,staging,2024-12-12T17:00:00,2024-12-12T22:46:00,alerting,SEV2,infra_outage,latency_spike,True,346,63,c08f8cf7-881f-4937-a852-84b5892ea5f8,False,False
INC-f54e0639,fraud_detection,prod,2024-12-12T09:00:00,2024-12-13T00:49:00,user_report,SEV3,infra_outage,latency_spike,True,949,2671,80208fdf-8997-48b5-99d1-1afde58a6ef3,True,False
INC-3a436c50,fraud_detection,prod,2024-12-13T01:00:00,2024-12-13T05:58:00,alerting,SEV3,infra_outage,latency_spike,True,298,63,80208fdf-8997-48b5-99d1-1afde58a6ef3,False,False
INC-35033a74,rag_qa_service,prod,2024-12-13T05:00:00,2024-12-13T11:57:00,alerting,SEV2,data_drift,metric_degradation,True,417,827,1fe28605-4a98-4c0e-b29a-ec38af918a90,True,False
INC-303d2ae6,rag_qa_service,prod,2024-12-13T13:00:00,2024-12-13T17:32:00,dashboard,SEV1,data_pipeline_failure,metric_degradation,True,272,282,1fe28605-4a98-4c0e-b29a-ec38af918a90,True,False
INC-52010110,rag_qa_service,prod,2024-12-13T16:00:00,2024-12-13T18:02:00,user_report,SEV1,data_pipeline_failure,metric_degradation,True,122,78,1fe28605-4a98-4c0e-b29a-ec38af918a90,True,True
INC-836ced95,rag_qa_service,prod,2024-12-13T18:00:00,2024-12-13T20:31:00,dashboard,SEV2,data_drift,metric_degradation,True,151,184,1fe28605-4a98-4c0e-b29a-ec38af918a90,False,False
INC-4c8eda5f,rag_qa_service,prod,2024-12-13T20:00:00,2024-12-14T00:02:00,dashboard,SEV2,data_pipeline_failure,metric_degradation,True,242,626,1fe28605-4a98-4c0e-b29a-ec38af918a90,True,True
INC-46595fa5,rag_qa_service,prod,2024-12-14T00:00:00,2024-12-14T02:05:00,user_report,SEV2,data_drift,metric_degradation,True,125,27,1fe28605-4a98-4c0e-b29a-ec38af918a90,False,False
INC-62b01378,fraud_detection,prod,2024-12-13T06:00:00,2024-12-14T02:25:00,alerting,SEV3,external_dependency,latency_spike,True,1225,2493,80208fdf-8997-48b5-99d1-1afde58a6ef3,False,False
INC-0c82702a,rag_qa_service,prod,2024-12-14T03:00:00,2024-12-14T05:08:00,alerting,SEV2,data_pipeline_failure,metric_degradation,True,128,29,1fe28605-4a98-4c0e-b29a-ec38af918a90,False,True
INC-c1df6237,fraud_detection,prod,2024-12-14T03:00:00,2024-12-14T04:17:00,dashboard,SEV2,external_dependency,latency_spike,True,77,67,80208fdf-8997-48b5-99d1-1afde58a6ef3,True,False
INC-db9ac9cc,rag_qa_service,prod,2024-12-14T06:00:00,2024-12-14T14:49:00,user_report,SEV1,data_drift,metric_degradation,True,529,1228,1fe28605-4a98-4c0e-b29a-ec38af918a90,True,False
INC-8bad61e9,rag_qa_service,prod,2024-12-14T15:00:00,2024-12-14T23:42:00,dashboard,SEV2,external_dependency,error_spike,True,522,3130,1fe28605-4a98-4c0e-b29a-ec38af918a90,True,False
INC-a92bb37e,fraud_detection,prod,2024-12-14T06:00:00,2024-12-14T23:40:00,alerting,SEV2,external_dependency,latency_spike,True,1060,3664,80208fdf-8997-48b5-99d1-1afde58a6ef3,False,False
INC-1c3e9205,rag_qa_service,prod,2024-12-15T00:00:00,2024-12-15T02:26:00,dashboard,SEV2,data_drift,metric_degradation,True,146,18,1fe28605-4a98-4c0e-b29a-ec38af918a90,True,False
INC-e9ece34e,rag_qa_service,prod,2024-12-15T01:00:00,2024-12-15T03:09:00,alerting,SEV2,data_pipeline_failure,metric_degradation,True,129,36,1fe28605-4a98-4c0e-b29a-ec38af918a90,True,True
INC-8f9dcaab,rag_qa_service,prod,2024-12-15T02:00:00,2024-12-15T04:34:00,alerting,SEV2,data_drift,metric_degradation,True,154,49,1fe28605-4a98-4c0e-b29a-ec38af918a90,False,False
INC-9cbce41f,rag_qa_service,prod,2024-12-15T03:00:00,2024-12-15T04:36:00,alerting,SEV1,data_pipeline_failure,metric_degradation,True,96,90,1fe28605-4a98-4c0e-b29a-ec38af918a90,False,False
INC-f39c0776,rag_qa_service,prod,2024-12-15T06:00:00,2024-12-15T09:31:00,user_report,SEV2,infra_outage,latency_spike,True,211,562,1fe28605-4a98-4c0e-b29a-ec38af918a90,False,False
INC-fc6941ea,rag_qa_service,prod,2024-12-15T10:00:00,2024-12-15T12:37:00,alerting,SEV1,infra_outage,latency_spike,True,157,335,1fe28605-4a98-4c0e-b29a-ec38af918a90,False,False
INC-88a2d245,rag_qa_service,prod,2024-12-15T12:00:00,2024-12-15T13:40:00,user_report,SEV2,external_dependency,latency_spike,True,100,512,bb77cf87-5e43-45bf-91f8-8b5421a1689f,False,True
INC-93d706f8,rag_qa_service,prod,2024-12-15T14:00:00,2024-12-15T17:05:00,dashboard,SEV3,external_dependency,latency_spike,True,185,291,1fe28605-4a98-4c0e-b29a-ec38af918a90,False,False
INC-c356b056,rag_qa_service,prod,2024-12-15T16:00:00,2024-12-15T18:17:00,alerting,SEV2,infra_outage,latency_spike,True,137,190,1fe28605-4a98-4c0e-b29a-ec38af918a90,True,False
INC-cd09982e,rag_qa_service,prod,2024-12-15T18:00:00,2024-12-15T22:42:00,user_report,SEV2,infra_outage,latency_spike,True,282,1257,bb77cf87-5e43-45bf-91f8-8b5421a1689f,True,False
INC-9b535991,rag_qa_service,prod,2024-12-15T23:00:00,2024-12-16T02:35:00,user_report,SEV2,external_dependency,latency_spike,True,215,98,1fe28605-4a98-4c0e-b29a-ec38af918a90,False,False
INC-422f1481,fraud_detection,dev,2024-11-17T19:00:00,2024-11-18T02:28:00,alerting,SEV2,infra_outage,latency_spike,True,448,15,a14c78ae-079d-4c8c-a4a1-39338155d84d,False,False
INC-07880f59,fraud_detection,prod,2024-12-15T05:00:00,2024-12-16T01:22:00,user_report,SEV1,infra_outage,latency_spike,True,1222,3635,80208fdf-8997-48b5-99d1-1afde58a6ef3,True,False
INC-e26340d5,rag_qa_service,prod,2024-12-16T03:00:00,2024-12-16T05:20:00,user_report,SEV2,data_pipeline_failure,metric_degradation,True,140,22,1fe28605-4a98-4c0e-b29a-ec38af918a90,True,False
INC-3bf1c364,rag_qa_service,prod,2024-12-16T04:00:00,2024-12-16T05:36:00,alerting,SEV1,data_pipeline_failure,metric_degradation,True,96,27,1fe28605-4a98-4c0e-b29a-ec38af918a90,False,True
INC-0c2e4a85,rag_qa_service,prod,2024-12-16T06:00:00,2024-12-16T10:16:00,user_report,SEV3,infra_outage,latency_spike,True,256,164,1fe28605-4a98-4c0e-b29a-ec38af918a90,True,True
INC-30736c3e,rag_qa_service,prod,2024-12-16T08:00:00,2024-12-16T12:56:00,dashboard,SEV2,external_dependency,latency_spike,True,296,195,bb77cf87-5e43-45bf-91f8-8b5421a1689f,True,False
INC-de6f9d2d,fraud_detection,dev,2024-12-16T08:00:00,2024-12-16T11:26:00,dashboard,SEV2,external_dependency,latency_spike,True,206,14,254274fa-9b05-4ee1-ba41-abad3dc9b9f3,True,True
INC-b263249c,rag_qa_service,prod,2024-12-16T10:00:00,2024-12-16T14:36:00,user_report,SEV2,external_dependency,latency_spike,True,276,488,bb77cf87-5e43-45bf-91f8-8b5421a1689f,True,False
INC-10f2adb5,rag_qa_service,prod,2024-12-16T13:00:00,2024-12-16T13:51:00,user_report,SEV3,infra_outage,latency_spike,True,51,85,1fe28605-4a98-4c0e-b29a-ec38af918a90,True,False
INC-c3790a55,rag_qa_service,prod,2024-12-16T14:00:00,2024-12-16T18:52:00,dashboard,SEV3,data_pipeline_failure,metric_degradation,True,292,530,1fe28605-4a98-4c0e-b29a-ec38af918a90,False,False
INC-dd328c6e,fraud_detection,dev,2024-12-16T14:00:00,2024-12-16T17:39:00,alerting,SEV2,infra_outage,latency_spike,True,219,17,254274fa-9b05-4ee1-ba41-abad3dc9b9f3,True,False
INC-72df6442,fraud_detection,dev,2024-12-16T18:00:00,2024-12-16T23:48:00,dashboard,SEV2,external_dependency,latency_spike,True,348,44,254274fa-9b05-4ee1-ba41-abad3dc9b9f3,True,False
INC-4a7d3f36,fraud_detection,prod,2024-12-16T07:00:00,2024-12-17T00:22:00,alerting,SEV2,external_dependency,latency_spike,True,1042,1948,80208fdf-8997-48b5-99d1-1afde58a6ef3,True,False
INC-d8f3dd30,rag_qa_service,prod,2024-12-16T17:00:00,2024-12-17T01:03:00,user_report,SEV2,external_dependency,latency_spike,True,483,1538,1fe28605-4a98-4c0e-b29a-ec38af918a90,False,False
INC-b45784a7,rag_qa_service,prod,2024-12-17T01:00:00,2024-12-17T04:36:00,user_report,SEV2,data_pipeline_failure,metric_degradation,True,216,215,1fe28605-4a98-4c0e-b29a-ec38af918a90,False,False
INC-b892490a,rag_qa_service,prod,2024-12-17T04:00:00,2024-12-17T06:05:00,user_report,SEV1,data_drift,metric_degradation,True,125,25,1fe28605-4a98-4c0e-b29a-ec38af918a90,True,False
INC-cd35d9f9,rag_qa_service,prod,2024-12-17T06:00:00,2024-12-17T06:44:00,alerting,SEV2,infra_outage,latency_spike,True,44,115,1fe28605-4a98-4c0e-b29a-ec38af918a90,True,False
INC-3cb8c615,fraud_detection,dev,2024-12-17T12:00:00,2024-12-17T15:42:00,dashboard,SEV2,external_dependency,latency_spike,True,222,13,254274fa-9b05-4ee1-ba41-abad3dc9b9f3,False,False
INC-cf61d54a,fraud_detection,dev,2024-12-17T19:00:00,2024-12-17T22:26:00,user_report,SEV2,infra_outage,latency_spike,True,206,12,254274fa-9b05-4ee1-ba41-abad3dc9b9f3,False,True
INC-042fe91a,fraud_detection,dev,2024-12-17T21:00:00,2024-12-18T00:45:00,user_report,SEV2,infra_outage,latency_spike,True,225,16,254274fa-9b05-4ee1-ba41-abad3dc9b9f3,True,False
INC-a7865e83,rag_qa_service,prod,2024-12-17T08:00:00,2024-12-18T02:29:00,user_report,SEV1,infra_outage,latency_spike,True,1109,3935,bb77cf87-5e43-45bf-91f8-8b5421a1689f,True,True
INC-de53c3bd,rag_qa_service,prod,2024-12-18T00:00:00,2024-12-18T01:33:00,dashboard,SEV3,data_pipeline_failure,metric_degradation,True,93,69,1fe28605-4a98-4c0e-b29a-ec38af918a90,False,False
INC-ef183f23,fraud_detection,prod,2024-12-17T04:00:00,2024-12-17T23:38:00,user_report,SEV1,external_dependency,latency_spike,True,1178,1394,80208fdf-8997-48b5-99d1-1afde58a6ef3,False,False
INC-9a16ad0b,rag_qa_service,prod,2024-12-18T01:00:00,2024-12-18T05:54:00,alerting,SEV3,data_pipeline_failure,metric_degradation,True,294,76,1fe28605-4a98-4c0e-b29a-ec38af918a90,True,False
INC-05ae97bb,fraud_detection,prod,2024-12-18T02:00:00,2024-12-18T03:42:00,alerting,SEV3,infra_outage,latency_spike,True,102,41,80208fdf-8997-48b5-99d1-1afde58a6ef3,False,False
INC-b2134f30,fraud_detection,dev,2024-12-18T06:00:00,2024-12-18T07:52:00,user_report,SEV1,infra_outage,latency_spike,True,112,4,254274fa-9b05-4ee1-ba41-abad3dc9b9f3,True,False
INC-7e191320,energy_forecasting,staging,2024-12-18T08:00:00,2024-12-18T10:50:00,dashboard,SEV2,infra_outage,latency_spike,True,170,24,9702a9b5-f8ee-42ce-affc-704c1357377a,True,False
INC-6150d81c,fraud_detection,dev,2024-12-18T10:00:00,2024-12-18T11:27:00,dashboard,SEV3,infra_outage,latency_spike,True,87,10,254274fa-9b05-4ee1-ba41-abad3dc9b9f3,False,False
INC-b0f977c5,fraud_detection,dev,2024-12-18T13:00:00,2024-12-18T14:30:00,alerting,SEV1,infra_outage,latency_spike,True,90,11,254274fa-9b05-4ee1-ba41-abad3dc9b9f3,True,False
INC-21269a02,recsys_clickthrough,staging,2024-12-18T15:00:00,2024-12-18T18:52:00,dashboard,SEV2,infra_outage,latency_spike,True,232,35,088173a2-e953-4e5b-9387-8c469e0354cb,False,False
INC-6613a5de,fraud_detection,dev,2024-12-18T19:00:00,2024-12-18T21:14:00,user_report,SEV2,external_dependency,latency_spike,True,134,17,254274fa-9b05-4ee1-ba41-abad3dc9b9f3,True,True
INC-2cd7ddfe,energy_forecasting,staging,2024-12-18T20:00:00,2024-12-18T22:00:00,alerting,SEV2,external_dependency,latency_spike,True,120,52,9702a9b5-f8ee-42ce-affc-704c1357377a,True,False
INC-a75b2622,recsys_clickthrough,staging,2024-12-18T19:00:00,2024-12-18T23:16:00,dashboard,SEV2,infra_outage,latency_spike,True,256,51,088173a2-e953-4e5b-9387-8c469e0354cb,True,False
INC-c3da3510,energy_forecasting,staging,2024-12-18T22:00:00,2024-12-19T01:52:00,alerting,SEV1,infra_outage,latency_spike,True,232,54,9702a9b5-f8ee-42ce-affc-704c1357377a,True,True
INC-94913514,fraud_detection,dev,2024-12-18T23:00:00,2024-12-19T00:02:00,alerting,SEV1,infra_outage,latency_spike,True,62,6,254274fa-9b05-4ee1-ba41-abad3dc9b9f3,True,True
INC-7112b119,fraud_detection,prod,2024-12-18T04:00:00,2024-12-19T05:44:00,dashboard,SEV2,external_dependency,latency_spike,True,1544,2217,80208fdf-8997-48b5-99d1-1afde58a6ef3,True,False
INC-8fd8ce49,recsys_clickthrough,staging,2024-12-19T06:00:00,2024-12-19T09:04:00,dashboard,SEV2,external_dependency,latency_spike,True,184,35,088173a2-e953-4e5b-9387-8c469e0354cb,True,True
INC-c6e054b5,fraud_detection,dev,2024-12-19T08:00:00,2024-12-19T09:33:00,alerting,SEV2,external_dependency,latency_spike,True,93,6,254274fa-9b05-4ee1-ba41-abad3dc9b9f3,False,False
INC-e1975267,energy_forecasting,staging,2024-12-19T08:00:00,2024-12-19T12:41:00,dashboard,SEV2,external_dependency,latency_spike,True,281,89,9702a9b5-f8ee-42ce-affc-704c1357377a,True,False
INC-a57b6a54,recsys_clickthrough,staging,2024-12-19T10:00:00,2024-12-19T10:42:00,dashboard,SEV2,external_dependency,latency_spike,True,42,26,088173a2-e953-4e5b-9387-8c469e0354cb,True,False
INC-ca341fcf,fraud_detection,dev,2024-12-19T10:00:00,2024-12-19T11:27:00,user_report,SEV2,external_dependency,latency_spike,True,87,8,254274fa-9b05-4ee1-ba41-abad3dc9b9f3,True,False
INC-d2fc9ddb,recsys_clickthrough,staging,2024-12-19T11:00:00,2024-12-19T14:54:00,user_report,SEV3,external_dependency,latency_spike,True,234,50,37906737-c8a0-4b67-82c9-431a24f27b82,False,False
INC-41391dba,recsys_clickthrough,staging,2024-12-19T13:00:00,2024-12-19T14:36:00,dashboard,SEV1,external_dependency,latency_spike,True,96,10,088173a2-e953-4e5b-9387-8c469e0354cb,False,False
INC-ce8b99fe,recsys_clickthrough,staging,2024-12-19T14:00:00,2024-12-19T16:56:00,user_report,SEV1,infra_outage,latency_spike,True,176,22,088173a2-e953-4e5b-9387-8c469e0354cb,True,False
INC-6d5d0659,fraud_detection,dev,2024-12-19T14:00:00,2024-12-19T18:32:00,user_report,SEV3,external_dependency,latency_spike,True,272,15,254274fa-9b05-4ee1-ba41-abad3dc9b9f3,True,True
INC-a9f06de3,recsys_clickthrough,staging,2024-12-19T15:00:00,2024-12-19T19:13:00,user_report,SEV1,external_dependency,latency_spike,True,253,38,088173a2-e953-4e5b-9387-8c469e0354cb,False,False
INC-d962c687,fraud_detection,dev,2024-12-19T18:00:00,2024-12-19T18:18:00,alerting,SEV2,external_dependency,latency_spike,True,18,6,254274fa-9b05-4ee1-ba41-abad3dc9b9f3,False,True
INC-5eb5df32,recsys_clickthrough,staging,2024-12-19T17:00:00,2024-12-19T19:45:00,dashboard,SEV1,external_dependency,latency_spike,True,165,98,37906737-c8a0-4b67-82c9-431a24f27b82,True,True
INC-da580c04,energy_forecasting,staging,2024-12-19T17:00:00,2024-12-19T20:23:00,alerting,SEV2,infra_outage,latency_spike,True,203,135,9702a9b5-f8ee-42ce-affc-704c1357377a,True,False
INC-81d9edc7,recsys_clickthrough,staging,2024-12-19T21:00:00,2024-12-19T23:26:00,alerting,SEV1,external_dependency,latency_spike,True,146,65,37906737-c8a0-4b67-82c9-431a24f27b82,True,False
INC-3467e3a6,fraud_detection,dev,2024-12-19T20:00:00,2024-12-19T23:31:00,alerting,SEV1,infra_outage,latency_spike,True,211,31,254274fa-9b05-4ee1-ba41-abad3dc9b9f3,False,False
INC-87984ecb,energy_forecasting,dev,2024-12-19T07:00:00,2024-12-20T02:37:00,dashboard,SEV1,infra_outage,latency_spike,True,1177,97,c42e35a6-e89b-4eb4-b219-a1153ca40457,True,False
INC-07b44e0b,fraud_detection,prod,2024-12-19T07:00:00,2024-12-20T00:57:00,user_report,SEV3,infra_outage,latency_spike,True,1077,2515,80208fdf-8997-48b5-99d1-1afde58a6ef3,True,False
INC-f99f6b37,recsys_clickthrough,prod,2024-11-13T05:00:00,2024-11-16T11:39:00,dashboard,SEV1,infra_outage,latency_spike,True,4719,7940,2f16f4e1-31b8-4249-b9c1-e46be1bee7ae,False,True
INC-aa4aff9f,fraud_detection,prod,2024-12-20T03:00:00,2024-12-20T06:29:00,user_report,SEV3,external_dependency,latency_spike,True,209,131,80208fdf-8997-48b5-99d1-1afde58a6ef3,False,True
INC-649aefa3,recsys_clickthrough,staging,2024-12-20T06:00:00,2024-12-20T09:49:00,alerting,SEV2,infra_outage,latency_spike,True,229,9,088173a2-e953-4e5b-9387-8c469e0354cb,True,False
INC-e763d0bf,energy_forecasting,dev,2024-12-20T06:00:00,2024-12-20T06:51:00,dashboard,SEV3,external_dependency,latency_spike,True,51,4,c42e35a6-e89b-4eb4-b219-a1153ca40457,True,False
INC-1790d8b4,recsys_clickthrough,staging,2024-12-20T07:00:00,2024-12-20T10:51:00,user_report,SEV2,infra_outage,latency_spike,True,231,32,088173a2-e953-4e5b-9387-8c469e0354cb,False,False
INC-20e5e511,recsys_clickthrough,staging,2024-12-20T08:00:00,2024-12-20T12:15:00,dashboard,SEV2,infra_outage,latency_spike,True,255,111,37906737-c8a0-4b67-82c9-431a24f27b82,False,True
INC-924a47b8,energy_forecasting,dev,2024-12-20T08:00:00,2024-12-20T14:57:00,alerting,SEV2,external_dependency,latency_spike,True,417,30,c42e35a6-e89b-4eb4-b219-a1153ca40457,True,False
INC-6b86f83f,energy_forecasting,dev,2024-12-20T15:00:00,2024-12-20T19:00:00,user_report,SEV2,infra_outage,latency_spike,True,240,6,c42e35a6-e89b-4eb4-b219-a1153ca40457,True,False
INC-40c52ace,recsys_clickthrough,staging,2024-12-20T16:00:00,2024-12-20T17:45:00,user_report,SEV3,infra_outage,latency_spike,True,105,20,37906737-c8a0-4b67-82c9-431a24f27b82,False,False
INC-0449aab3,energy_forecasting,staging,2024-12-20T18:00:00,2024-12-20T19:20:00,user_report,SEV3,external_dependency,latency_spike,True,80,97,9702a9b5-f8ee-42ce-affc-704c1357377a,False,True
INC-855f9dca,energy_forecasting,staging,2024-12-20T21:00:00,2024-12-20T22:30:00,alerting,SEV1,external_dependency,latency_spike,True,90,36,9702a9b5-f8ee-42ce-affc-704c1357377a,True,False
INC-0e2e635a,recsys_clickthrough,staging,2024-12-20T18:00:00,2024-12-20T23:36:00,alerting,SEV1,infra_outage,latency_spike,True,336,258,37906737-c8a0-4b67-82c9-431a24f27b82,False,True
INC-854ac6ff,energy_forecasting,dev,2024-12-20T17:00:00,2024-12-21T01:35:00,alerting,SEV2,external_dependency,latency_spike,True,515,43,c42e35a6-e89b-4eb4-b219-a1153ca40457,True,True
INC-3f5e642a,fraud_detection,prod,2024-12-20T07:00:00,2024-12-21T00:33:00,alerting,SEV2,external_dependency,latency_spike,True,1053,2094,80208fdf-8997-48b5-99d1-1afde58a6ef3,True,True
INC-67fadee8,fraud_detection,dev,2024-12-20T06:00:00,2024-12-21T02:01:00,user_report,SEV3,external_dependency,latency_spike,True,1201,179,254274fa-9b05-4ee1-ba41-abad3dc9b9f3,True,False
INC-f1e866f7,recsys_clickthrough,staging,2024-12-21T06:00:00,2024-12-21T09:26:00,user_report,SEV3,external_dependency,latency_spike,True,206,14,37906737-c8a0-4b67-82c9-431a24f27b82,True,False
INC-9c8efc85,recsys_clickthrough,staging,2024-12-21T07:00:00,2024-12-21T12:17:00,user_report,SEV3,external_dependency,latency_spike,True,317,109,37906737-c8a0-4b67-82c9-431a24f27b82,True,False
INC-5c1a1917,recsys_clickthrough,staging,2024-12-21T11:00:00,2024-12-21T14:03:00,dashboard,SEV2,external_dependency,latency_spike,True,183,16,37906737-c8a0-4b67-82c9-431a24f27b82,False,False
INC-32a4189c,recsys_clickthrough,staging,2024-12-21T14:00:00,2024-12-21T15:15:00,user_report,SEV2,external_dependency,latency_spike,True,75,17,088173a2-e953-4e5b-9387-8c469e0354cb,True,False
INC-1f118fe5,recsys_clickthrough,staging,2024-12-21T16:00:00,2024-12-21T19:09:00,user_report,SEV1,external_dependency,latency_spike,True,189,49,088173a2-e953-4e5b-9387-8c469e0354cb,False,False
INC-d48b69af,energy_forecasting,staging,2024-12-21T19:00:00,2024-12-21T20:05:00,alerting,SEV2,external_dependency,latency_spike,True,65,21,9702a9b5-f8ee-42ce-affc-704c1357377a,False,False
INC-56c60de1,energy_forecasting,staging,2024-12-21T22:00:00,2024-12-22T00:57:00,user_report,SEV2,infra_outage,latency_spike,True,177,43,9702a9b5-f8ee-42ce-affc-704c1357377a,True,True
INC-d3c52465,recsys_clickthrough,staging,2024-12-21T18:00:00,2024-12-22T00:35:00,user_report,SEV1,infra_outage,latency_spike,True,395,295,088173a2-e953-4e5b-9387-8c469e0354cb,False,False
INC-b30db442,fraud_detection,dev,2024-12-21T06:00:00,2024-12-22T01:08:00,user_report,SEV2,external_dependency,latency_spike,True,1148,136,254274fa-9b05-4ee1-ba41-abad3dc9b9f3,False,False
INC-90704af2,energy_forecasting,dev,2024-12-21T09:00:00,2024-12-22T01:44:00,user_report,SEV2,external_dependency,latency_spike,True,1004,114,c42e35a6-e89b-4eb4-b219-a1153ca40457,True,False
INC-9ad4dadf,fraud_detection,dev,2024-12-22T02:00:00,2024-12-22T03:15:00,user_report,SEV1,data_drift,metric_degradation,True,75,2,254274fa-9b05-4ee1-ba41-abad3dc9b9f3,False,True
INC-4de9e215,energy_forecasting,dev,2024-12-22T03:00:00,2024-12-22T05:58:00,alerting,SEV2,infra_outage,latency_spike,True,178,5,c42e35a6-e89b-4eb4-b219-a1153ca40457,True,False
INC-2cac3798,recsys_clickthrough,staging,2024-12-22T06:00:00,2024-12-22T12:01:00,dashboard,SEV3,infra_outage,latency_spike,True,361,210,37906737-c8a0-4b67-82c9-431a24f27b82,False,False
INC-75b97355,energy_forecasting,staging,2024-12-22T09:00:00,2024-12-22T14:21:00,alerting,SEV2,external_dependency,latency_spike,True,321,132,9702a9b5-f8ee-42ce-affc-704c1357377a,False,False
INC-e7f5cef2,recsys_clickthrough,staging,2024-12-22T12:00:00,2024-12-22T15:20:00,alerting,SEV2,external_dependency,latency_spike,True,200,19,37906737-c8a0-4b67-82c9-431a24f27b82,False,False
INC-73dc3593,energy_forecasting,dev,2024-12-22T06:00:00,2024-12-22T14:36:00,alerting,SEV1,external_dependency,latency_spike,True,516,60,c42e35a6-e89b-4eb4-b219-a1153ca40457,True,True
INC-e252b9c5,recsys_clickthrough,staging,2024-12-22T15:00:00,2024-12-22T18:10:00,dashboard,SEV3,external_dependency,latency_spike,True,190,78,088173a2-e953-4e5b-9387-8c469e0354cb,False,True
INC-49949b48,fraud_detection,prod,2024-12-22T18:00:00,2024-12-22T20:14:00,alerting,SEV3,external_dependency,latency_spike,True,134,147,69d7bd3c-9dff-467b-8776-1b96a4679196,True,True
INC-94686fad,recsys_clickthrough,staging,2024-12-22T18:00:00,2024-12-22T23:29:00,dashboard,SEV3,infra_outage,latency_spike,True,329,100,37906737-c8a0-4b67-82c9-431a24f27b82,True,False
INC-f0859ebc,fraud_detection,prod,2024-12-22T21:00:00,2024-12-22T23:18:00,user_report,SEV3,infra_outage,latency_spike,True,138,117,69d7bd3c-9dff-467b-8776-1b96a4679196,True,False
INC-eae33e50,recsys_clickthrough,staging,2024-12-22T21:00:00,2024-12-23T01:16:00,dashboard,SEV2,external_dependency,latency_spike,True,256,79,69067adf-4e7b-48e1-a289-d7472adc32b3,True,False
INC-2ea8c0c9,energy_forecasting,dev,2024-12-22T17:00:00,2024-12-22T23:05:00,alerting,SEV1,infra_outage,latency_spike,True,365,38,c42e35a6-e89b-4eb4-b219-a1153ca40457,True,True
INC-15e6e9f9,recsys_clickthrough,staging,2024-12-22T23:00:00,2024-12-22T23:45:00,user_report,SEV1,external_dependency,latency_spike,True,45,19,088173a2-e953-4e5b-9387-8c469e0354cb,False,False
INC-66ff7c57,recsys_clickthrough,staging,2024-12-23T05:00:00,2024-12-23T06:00:00,alerting,SEV3,infra_outage,latency_spike,True,60,10,088173a2-e953-4e5b-9387-8c469e0354cb,False,False
INC-a9392473,recsys_clickthrough,staging,2024-12-23T06:00:00,2024-12-23T08:42:00,dashboard,SEV2,external_dependency,latency_spike,True,162,309,37906737-c8a0-4b67-82c9-431a24f27b82,False,False
INC-81039b7b,energy_forecasting,staging,2024-12-23T09:00:00,2024-12-23T09:57:00,dashboard,SEV3,infra_outage,latency_spike,True,57,56,9702a9b5-f8ee-42ce-affc-704c1357377a,False,True
INC-705387f3,recsys_clickthrough,staging,2024-12-23T08:00:00,2024-12-23T13:41:00,user_report,SEV1,external_dependency,latency_spike,True,341,154,088173a2-e953-4e5b-9387-8c469e0354cb,True,False
INC-5924cb3f,recsys_clickthrough,staging,2024-12-23T11:00:00,2024-12-23T12:52:00,alerting,SEV3,infra_outage,latency_spike,True,112,41,088173a2-e953-4e5b-9387-8c469e0354cb,False,False
INC-fc54ffe0,recsys_clickthrough,staging,2024-12-23T14:00:00,2024-12-23T16:12:00,alerting,SEV2,external_dependency,latency_spike,True,132,60,088173a2-e953-4e5b-9387-8c469e0354cb,False,False
INC-4b66a655,energy_forecasting,dev,2024-12-23T08:00:00,2024-12-23T17:12:00,user_report,SEV2,external_dependency,latency_spike,True,552,55,c42e35a6-e89b-4eb4-b219-a1153ca40457,False,True
INC-258fa380,recsys_clickthrough,staging,2024-12-23T16:00:00,2024-12-23T18:38:00,alerting,SEV1,infra_outage,latency_spike,True,158,17,088173a2-e953-4e5b-9387-8c469e0354cb,False,False
INC-2023393e,energy_forecasting,staging,2024-12-23T18:00:00,2024-12-23T21:03:00,alerting,SEV3,infra_outage,latency_spike,True,183,29,9702a9b5-f8ee-42ce-affc-704c1357377a,True,True
INC-cd201aa8,recsys_clickthrough,staging,2024-12-23T17:00:00,2024-12-24T00:47:00,dashboard,SEV1,external_dependency,latency_spike,True,467,368,088173a2-e953-4e5b-9387-8c469e0354cb,False,False
INC-83237b7c,energy_forecasting,dev,2024-12-23T19:00:00,2024-12-24T00:38:00,alerting,SEV2,infra_outage,latency_spike,True,338,33,c42e35a6-e89b-4eb4-b219-a1153ca40457,False,False
INC-ed4d8898,recsys_clickthrough,staging,2024-12-24T01:00:00,2024-12-24T02:18:00,user_report,SEV2,external_dependency,latency_spike,True,78,6,088173a2-e953-4e5b-9387-8c469e0354cb,True,True
INC-0f5c2f58,recsys_clickthrough,staging,2024-12-24T03:00:00,2024-12-24T05:27:00,user_report,SEV2,external_dependency,latency_spike,True,147,13,088173a2-e953-4e5b-9387-8c469e0354cb,True,False
INC-985e02ed,recsys_clickthrough,staging,2024-12-24T04:00:00,2024-12-24T06:50:00,user_report,SEV2,infra_outage,latency_spike,True,170,13,088173a2-e953-4e5b-9387-8c469e0354cb,False,False
INC-b059c4ff,recsys_clickthrough,staging,2024-12-24T05:00:00,2024-12-24T07:57:00,alerting,SEV2,infra_outage,latency_spike,True,177,27,088173a2-e953-4e5b-9387-8c469e0354cb,True,True
INC-46b30100,energy_forecasting,staging,2024-12-24T08:00:00,2024-12-24T12:36:00,user_report,SEV2,infra_outage,latency_spike,True,276,100,9702a9b5-f8ee-42ce-affc-704c1357377a,True,False
INC-bc8b2108,fraud_detection,prod,2024-12-24T09:00:00,2024-12-24T13:16:00,user_report,SEV2,infra_outage,latency_spike,True,256,184,69d7bd3c-9dff-467b-8776-1b96a4679196,False,True
INC-a16183b7,recsys_clickthrough,staging,2024-12-24T07:00:00,2024-12-24T14:41:00,dashboard,SEV1,infra_outage,latency_spike,True,461,131,088173a2-e953-4e5b-9387-8c469e0354cb,True,True
INC-fe2491c1,fraud_detection,prod,2024-12-24T12:00:00,2024-12-24T13:31:00,user_report,SEV3,infra_outage,latency_spike,True,91,44,69d7bd3c-9dff-467b-8776-1b96a4679196,True,False
INC-e6dd5b59,energy_forecasting,dev,2024-12-24T07:00:00,2024-12-24T13:55:00,alerting,SEV3,external_dependency,latency_spike,True,415,49,c42e35a6-e89b-4eb4-b219-a1153ca40457,True,True
INC-e9590c0b,recsys_clickthrough,staging,2024-12-24T12:00:00,2024-12-24T17:39:00,alerting,SEV3,external_dependency,latency_spike,True,339,108,69067adf-4e7b-48e1-a289-d7472adc32b3,True,False
INC-06d3b8dd,energy_forecasting,staging,2024-12-24T16:00:00,2024-12-24T18:23:00,user_report,SEV2,external_dependency,latency_spike,True,143,45,9702a9b5-f8ee-42ce-affc-704c1357377a,False,False
INC-ec103688,rag_qa_service,prod,2024-12-18T03:00:00,2024-12-22T21:58:00,dashboard,SEV2,data_pipeline_failure,metric_degradation,True,6898,20482,bb77cf87-5e43-45bf-91f8-8b5421a1689f,False,True
INC-4998a6cf,fraud_detection,prod,2024-12-24T16:00:00,2024-12-24T19:59:00,dashboard,SEV1,model_bug,error_spike,True,239,2314,69d7bd3c-9dff-467b-8776-1b96a4679196,False,False
INC-db608421,recsys_clickthrough,staging,2024-12-24T18:00:00,2024-12-24T19:13:00,user_report,SEV1,external_dependency,latency_spike,True,73,17,088173a2-e953-4e5b-9387-8c469e0354cb,True,False
INC-170d08f5,fraud_detection,prod,2024-12-24T19:00:00,2024-12-24T23:52:00,user_report,SEV2,infra_outage,latency_spike,True,292,620,69d7bd3c-9dff-467b-8776-1b96a4679196,True,False
INC-d9b464f6,rag_qa_service,prod,2024-12-24T20:00:00,2024-12-24T23:28:00,alerting,SEV3,infra_outage,latency_spike,True,208,372,26a80e04-2f31-42ca-8892-c6e14265f7f5,False,True
INC-51df7a5f,recsys_clickthrough,staging,2024-12-24T19:00:00,2024-12-24T23:23:00,dashboard,SEV2,external_dependency,latency_spike,True,263,142,088173a2-e953-4e5b-9387-8c469e0354cb,True,False
INC-040f8525,energy_forecasting,dev,2024-12-24T20:00:00,2024-12-25T01:16:00,user_report,SEV3,infra_outage,latency_spike,True,316,45,c42e35a6-e89b-4eb4-b219-a1153ca40457,True,False
INC-dc1e2eb3,recsys_clickthrough,staging,2024-12-25T03:00:00,2024-12-25T04:44:00,dashboard,SEV2,infra_outage,latency_spike,True,104,6,088173a2-e953-4e5b-9387-8c469e0354cb,False,True
INC-11d49c89,recsys_clickthrough,staging,2024-12-25T04:00:00,2024-12-25T07:45:00,dashboard,SEV2,external_dependency,latency_spike,True,225,6,088173a2-e953-4e5b-9387-8c469e0354cb,False,False
INC-a5447d8a,recsys_clickthrough,staging,2024-12-25T05:00:00,2024-12-25T07:49:00,dashboard,SEV3,infra_outage,latency_spike,True,169,33,088173a2-e953-4e5b-9387-8c469e0354cb,True,False
INC-8d79e38f,recsys_clickthrough,staging,2024-12-25T08:00:00,2024-12-25T11:56:00,user_report,SEV1,infra_outage,latency_spike,True,236,73,088173a2-e953-4e5b-9387-8c469e0354cb,False,False
INC-ee51d2a0,recsys_clickthrough,staging,2024-12-25T12:00:00,2024-12-25T12:16:00,user_report,SEV2,infra_outage,latency_spike,True,16,19,088173a2-e953-4e5b-9387-8c469e0354cb,True,True
INC-b4f08bf5,energy_forecasting,staging,2024-12-25T11:00:00,2024-12-25T13:59:00,user_report,SEV1,external_dependency,latency_spike,True,179,51,9702a9b5-f8ee-42ce-affc-704c1357377a,False,False
INC-90b8b6b5,rag_qa_service,prod,2024-12-25T08:00:00,2024-12-25T13:48:00,user_report,SEV3,infra_outage,latency_spike,True,348,173,26a80e04-2f31-42ca-8892-c6e14265f7f5,False,False
INC-77e51ae0,recsys_clickthrough,staging,2024-12-25T13:00:00,2024-12-25T15:34:00,user_report,SEV2,infra_outage,latency_spike,True,154,31,088173a2-e953-4e5b-9387-8c469e0354cb,False,False
INC-1cad8890,energy_forecasting,dev,2024-12-25T06:00:00,2024-12-25T16:19:00,dashboard,SEV3,infra_outage,latency_spike,True,619,76,c42e35a6-e89b-4eb4-b219-a1153ca40457,True,False
INC-1d544b72,recsys_clickthrough,staging,2024-12-25T14:00:00,2024-12-25T17:28:00,dashboard,SEV3,infra_outage,latency_spike,True,208,25,088173a2-e953-4e5b-9387-8c469e0354cb,False,False
INC-22860050,rag_qa_service,prod,2024-12-25T14:00:00,2024-12-25T17:42:00,alerting,SEV1,infra_outage,latency_spike,True,222,140,26a80e04-2f31-42ca-8892-c6e14265f7f5,False,False
INC-1c7f9ca7,recsys_clickthrough,staging,2024-12-25T15:00:00,2024-12-25T16:24:00,dashboard,SEV2,external_dependency,latency_spike,True,84,36,088173a2-e953-4e5b-9387-8c469e0354cb,False,True
INC-1371acfe,fraud_detection,prod,2024-12-25T08:00:00,2024-12-25T19:18:00,alerting,SEV1,external_dependency,latency_spike,True,678,1252,69d7bd3c-9dff-467b-8776-1b96a4679196,False,True
INC-5d800058,recsys_clickthrough,staging,2024-12-25T17:00:00,2024-12-25T17:26:00,user_report,SEV2,infra_outage,latency_spike,True,26,16,088173a2-e953-4e5b-9387-8c469e0354cb,True,False
INC-ba3c4c8d,recsys_clickthrough,staging,2024-12-25T18:00:00,2024-12-25T23:21:00,user_report,SEV1,external_dependency,latency_spike,True,321,184,088173a2-e953-4e5b-9387-8c469e0354cb,False,False
INC-5e98c3f0,fraud_detection,prod,2024-12-25T19:00:00,2024-12-26T01:28:00,alerting,SEV3,external_dependency,latency_spike,True,388,781,69d7bd3c-9dff-467b-8776-1b96a4679196,False,False
INC-3d562fec,energy_forecasting,dev,2024-12-25T16:00:00,2024-12-26T01:55:00,user_report,SEV2,external_dependency,latency_spike,True,595,72,c42e35a6-e89b-4eb4-b219-a1153ca40457,False,True
INC-045688ce,rag_qa_service,prod,2024-12-25T17:00:00,2024-12-25T23:19:00,dashboard,SEV2,external_dependency,latency_spike,True,379,370,26a80e04-2f31-42ca-8892-c6e14265f7f5,False,False
INC-5d740cc3,fraud_detection,prod,2024-12-26T00:00:00,2024-12-26T03:18:00,dashboard,SEV1,external_dependency,error_spike,True,198,961,69d7bd3c-9dff-467b-8776-1b96a4679196,True,False
INC-2dd46c06,recsys_clickthrough,staging,2024-12-26T01:00:00,2024-12-26T03:59:00,user_report,SEV2,infra_outage,latency_spike,True,179,13,088173a2-e953-4e5b-9387-8c469e0354cb,False,False
INC-a45819c8,fraud_detection,prod,2024-12-26T03:00:00,2024-12-26T04:47:00,user_report,SEV3,external_dependency,latency_spike,True,107,79,69d7bd3c-9dff-467b-8776-1b96a4679196,False,True
INC-930d7bdc,recsys_clickthrough,staging,2024-12-26T03:00:00,2024-12-26T05:52:00,alerting,SEV3,external_dependency,latency_spike,True,172,9,088173a2-e953-4e5b-9387-8c469e0354cb,True,True
INC-bb263b7c,rag_qa_service,prod,2024-12-26T06:00:00,2024-12-26T14:11:00,user_report,SEV3,external_dependency,latency_spike,True,491,283,26a80e04-2f31-42ca-8892-c6e14265f7f5,True,False
INC-9093bc5a,energy_forecasting,dev,2024-12-26T08:00:00,2024-12-26T15:23:00,user_report,SEV2,infra_outage,latency_spike,True,443,43,c42e35a6-e89b-4eb4-b219-a1153ca40457,False,False
INC-32d803c0,recsys_clickthrough,staging,2024-12-26T09:00:00,2024-12-26T16:23:00,dashboard,SEV1,infra_outage,latency_spike,True,443,482,69067adf-4e7b-48e1-a289-d7472adc32b3,False,False
INC-fdb1e0b4,rag_qa_service,prod,2024-12-26T15:00:00,2024-12-26T15:38:00,alerting,SEV1,external_dependency,latency_spike,True,38,75,26a80e04-2f31-42ca-8892-c6e14265f7f5,True,False
INC-0ffdef30,recsys_clickthrough,staging,2024-12-26T16:00:00,2024-12-26T18:05:00,alerting,SEV3,external_dependency,latency_spike,True,125,24,65c8cd2c-faf0-45ff-98e8-d14ca177f6c6,False,False
INC-d68bb7e5,energy_forecasting,staging,2024-12-26T16:00:00,2024-12-26T16:36:00,dashboard,SEV1,external_dependency,latency_spike,True,36,19,9702a9b5-f8ee-42ce-affc-704c1357377a,True,False
INC-efbb0449,energy_forecasting,dev,2024-12-26T15:00:00,2024-12-26T19:39:00,dashboard,SEV2,infra_outage,latency_spike,True,279,19,c42e35a6-e89b-4eb4-b219-a1153ca40457,False,False
INC-313e8c37,energy_forecasting,staging,2024-12-26T20:00:00,2024-12-27T01:28:00,dashboard,SEV1,external_dependency,latency_spike,True,328,177,9702a9b5-f8ee-42ce-affc-704c1357377a,True,True
INC-99ea7e79,rag_qa_service,prod,2024-12-26T17:00:00,2024-12-26T22:51:00,alerting,SEV2,infra_outage,latency_spike,True,351,253,26a80e04-2f31-42ca-8892-c6e14265f7f5,False,False
INC-8f28a915,fraud_detection,prod,2024-12-26T06:00:00,2024-12-27T02:28:00,dashboard,SEV1,external_dependency,latency_spike,True,1228,5610,69d7bd3c-9dff-467b-8776-1b96a4679196,True,False
INC-7731a81b,recsys_clickthrough,staging,2024-12-26T16:00:00,2024-12-27T00:31:00,user_report,SEV2,external_dependency,latency_spike,True,511,346,088173a2-e953-4e5b-9387-8c469e0354cb,True,False
INC-72f07b03,energy_forecasting,dev,2024-12-26T19:00:00,2024-12-27T02:09:00,dashboard,SEV2,infra_outage,latency_spike,True,429,46,c42e35a6-e89b-4eb4-b219-a1153ca40457,True,False
INC-4367d354,recsys_clickthrough,staging,2024-12-27T01:00:00,2024-12-27T01:23:00,dashboard,SEV3,external_dependency,latency_spike,True,23,2,088173a2-e953-4e5b-9387-8c469e0354cb,True,False
INC-b2715217,recsys_clickthrough,staging,2024-12-27T02:00:00,2024-12-27T04:06:00,alerting,SEV1,external_dependency,latency_spike,True,126,19,65c8cd2c-faf0-45ff-98e8-d14ca177f6c6,True,False
INC-b27d306b,recsys_clickthrough,staging,2024-12-27T05:00:00,2024-12-27T07:33:00,alerting,SEV3,infra_outage,latency_spike,True,153,57,088173a2-e953-4e5b-9387-8c469e0354cb,True,False
INC-ef2f3f6f,rag_qa_service,prod,2024-12-27T10:00:00,2024-12-27T14:53:00,alerting,SEV3,external_dependency,latency_spike,True,293,104,26a80e04-2f31-42ca-8892-c6e14265f7f5,True,False
INC-dcdacfbe,rag_qa_service,dev,2024-12-10T09:00:00,2024-12-21T00:58:00,dashboard,SEV2,data_pipeline_failure,metric_degradation,True,15358,2539,c3a90a05-146c-44c2-9674-156dcbe2f6a1,False,True
INC-5fa4a279,rag_qa_service,prod,2024-12-27T14:00:00,2024-12-27T15:20:00,user_report,SEV3,external_dependency,latency_spike,True,80,67,26a80e04-2f31-42ca-8892-c6e14265f7f5,False,False
INC-a8e5c20e,recsys_clickthrough,staging,2024-12-27T08:00:00,2024-12-27T17:27:00,user_report,SEV1,infra_outage,latency_spike,True,567,321,088173a2-e953-4e5b-9387-8c469e0354cb,True,False
INC-b703ea11,energy_forecasting,dev,2024-12-27T08:00:00,2024-12-27T16:41:00,dashboard,SEV1,external_dependency,latency_spike,True,521,64,c42e35a6-e89b-4eb4-b219-a1153ca40457,False,False
INC-c1934421,recsys_clickthrough,staging,2024-12-27T15:00:00,2024-12-27T17:17:00,user_report,SEV2,infra_outage,latency_spike,True,137,55,088173a2-e953-4e5b-9387-8c469e0354cb,True,False
INC-0ff37200,rag_qa_service,prod,2024-12-27T16:00:00,2024-12-27T18:16:00,alerting,SEV1,infra_outage,latency_spike,True,136,68,26a80e04-2f31-42ca-8892-c6e14265f7f5,False,True
INC-c7574e65,rag_qa_service,prod,2024-12-27T19:00:00,2024-12-27T20:18:00,user_report,SEV3,infra_outage,latency_spike,True,78,128,26a80e04-2f31-42ca-8892-c6e14265f7f5,False,False
INC-6669e843,rag_qa_service,prod,2024-12-27T22:00:00,2024-12-27T22:50:00,alerting,SEV3,infra_outage,latency_spike,True,50,100,26a80e04-2f31-42ca-8892-c6e14265f7f5,True,True
INC-8cde969f,recsys_clickthrough,staging,2024-12-27T17:00:00,2024-12-28T00:04:00,alerting,SEV2,external_dependency,latency_spike,True,424,573,088173a2-e953-4e5b-9387-8c469e0354cb,True,False
INC-aa67ecca,fraud_detection,prod,2024-12-27T03:00:00,2024-12-28T00:04:00,alerting,SEV2,external_dependency,latency_spike,True,1264,1999,69d7bd3c-9dff-467b-8776-1b96a4679196,False,False
INC-112a25fc,energy_forecasting,dev,2024-12-27T18:00:00,2024-12-27T23:48:00,user_report,SEV3,infra_outage,latency_spike,True,348,60,c42e35a6-e89b-4eb4-b219-a1153ca40457,False,False
INC-182daebd,rag_qa_service,dev,2024-12-27T13:00:00,2024-12-27T23:37:00,user_report,SEV1,infra_outage,latency_spike,True,637,78,f65c5563-9d85-4843-97cc-daa64ddc0f64,True,False
INC-6e0bba3d,fraud_detection,prod,2024-12-28T01:00:00,2024-12-28T03:56:00,user_report,SEV2,infra_outage,latency_spike,True,176,24,69d7bd3c-9dff-467b-8776-1b96a4679196,False,False
INC-f2abbfa0,recsys_clickthrough,staging,2024-12-28T02:00:00,2024-12-28T02:25:00,user_report,SEV2,external_dependency,latency_spike,True,25,8,65c8cd2c-faf0-45ff-98e8-d14ca177f6c6,False,False
INC-74e494f7,fraud_detection,prod,2024-12-28T03:00:00,2024-12-28T06:04:00,user_report,SEV2,external_dependency,latency_spike,True,184,29,69d7bd3c-9dff-467b-8776-1b96a4679196,False,True
INC-7d8deb73,recsys_clickthrough,staging,2024-12-28T04:00:00,2024-12-28T07:47:00,alerting,SEV2,infra_outage,latency_spike,True,227,10,088173a2-e953-4e5b-9387-8c469e0354cb,True,True
INC-4151171e,recsys_clickthrough,staging,2024-12-28T05:00:00,2024-12-28T10:32:00,user_report,SEV2,external_dependency,latency_spike,True,332,69,088173a2-e953-4e5b-9387-8c469e0354cb,False,True
INC-46e4fc7d,fraud_detection,staging,2024-12-20T01:00:00,2024-12-24T10:13:00,alerting,SEV2,data_pipeline_failure,metric_degradation,True,6313,3510,6d3df525-fd6a-43ec-9649-6956f713023e,True,True
INC-05bbb8fd,energy_forecasting,staging,2024-12-28T08:00:00,2024-12-28T09:34:00,alerting,SEV2,external_dependency,latency_spike,True,94,64,9702a9b5-f8ee-42ce-affc-704c1357377a,False,False
INC-5e95df00,energy_forecasting,staging,2024-12-28T11:00:00,2024-12-28T14:47:00,user_report,SEV2,external_dependency,latency_spike,True,227,59,9702a9b5-f8ee-42ce-affc-704c1357377a,True,False
INC-f8598eba,energy_forecasting,dev,2024-12-28T08:00:00,2024-12-28T13:44:00,alerting,SEV2,infra_outage,latency_spike,True,344,33,c42e35a6-e89b-4eb4-b219-a1153ca40457,False,False
INC-2fe7a4bc,rag_qa_service,dev,2024-12-28T07:00:00,2024-12-28T14:56:00,dashboard,SEV3,external_dependency,latency_spike,True,476,34,f65c5563-9d85-4843-97cc-daa64ddc0f64,True,False
INC-64c5bbd0,rag_qa_service,prod,2024-12-28T07:00:00,2024-12-28T12:18:00,dashboard,SEV3,external_dependency,latency_spike,True,318,451,26a80e04-2f31-42ca-8892-c6e14265f7f5,False,False
INC-5f8bf628,energy_forecasting,dev,2024-12-28T13:00:00,2024-12-28T16:58:00,alerting,SEV2,infra_outage,latency_spike,True,238,9,c42e35a6-e89b-4eb4-b219-a1153ca40457,True,False
INC-62945a94,rag_qa_service,dev,2024-12-28T14:00:00,2024-12-28T14:52:00,dashboard,SEV3,external_dependency,latency_spike,True,52,2,f65c5563-9d85-4843-97cc-daa64ddc0f64,True,True
INC-ddca0e84,energy_forecasting,dev,2024-12-28T15:00:00,2024-12-28T18:29:00,alerting,SEV3,infra_outage,latency_spike,True,209,7,c42e35a6-e89b-4eb4-b219-a1153ca40457,False,False
INC-99755b8b,rag_qa_service,prod,2024-12-28T18:00:00,2024-12-28T22:40:00,dashboard,SEV3,external_dependency,latency_spike,True,280,319,26a80e04-2f31-42ca-8892-c6e14265f7f5,True,True
INC-366680ee,energy_forecasting,staging,2024-12-28T18:00:00,2024-12-28T22:56:00,user_report,SEV3,external_dependency,latency_spike,True,296,170,9702a9b5-f8ee-42ce-affc-704c1357377a,False,True
INC-a809ae90,energy_forecasting,dev,2024-12-28T21:00:00,2024-12-28T22:24:00,alerting,SEV2,infra_outage,latency_spike,True,84,27,c42e35a6-e89b-4eb4-b219-a1153ca40457,True,False
INC-5de8c2b7,recsys_clickthrough,staging,2024-12-28T07:00:00,2024-12-29T00:40:00,user_report,SEV3,infra_outage,latency_spike,True,1060,835,65c8cd2c-faf0-45ff-98e8-d14ca177f6c6,False,True
INC-f0aaf6d8,rag_qa_service,dev,2024-12-28T16:00:00,2024-12-29T02:55:00,user_report,SEV2,infra_outage,latency_spike,True,655,60,f65c5563-9d85-4843-97cc-daa64ddc0f64,True,False
INC-b638921b,rag_qa_service,prod,2024-12-28T22:00:00,2024-12-29T00:22:00,user_report,SEV3,external_dependency,latency_spike,True,142,88,26a80e04-2f31-42ca-8892-c6e14265f7f5,False,False
INC-73fe4bc2,recsys_clickthrough,staging,2024-12-29T00:00:00,2024-12-29T01:08:00,dashboard,SEV2,infra_outage,latency_spike,True,68,16,65c8cd2c-faf0-45ff-98e8-d14ca177f6c6,False,False
INC-c1bda2c1,recsys_clickthrough,staging,2024-12-29T03:00:00,2024-12-29T04:43:00,dashboard,SEV1,external_dependency,latency_spike,True,103,21,65c8cd2c-faf0-45ff-98e8-d14ca177f6c6,False,False
INC-4931b545,energy_forecasting,staging,2024-12-29T09:00:00,2024-12-29T12:02:00,user_report,SEV1,infra_outage,latency_spike,True,182,111,9702a9b5-f8ee-42ce-affc-704c1357377a,True,False
INC-d2b20abe,rag_qa_service,prod,2024-12-29T07:00:00,2024-12-29T13:06:00,dashboard,SEV3,infra_outage,latency_spike,True,366,437,26a80e04-2f31-42ca-8892-c6e14265f7f5,False,False
INC-5f488c55,rag_qa_service,dev,2024-12-29T09:00:00,2024-12-29T12:46:00,alerting,SEV2,infra_outage,latency_spike,True,226,15,f65c5563-9d85-4843-97cc-daa64ddc0f64,True,True
INC-af19ae40,energy_forecasting,staging,2024-12-29T12:00:00,2024-12-29T15:34:00,alerting,SEV2,external_dependency,latency_spike,True,214,44,9702a9b5-f8ee-42ce-affc-704c1357377a,True,False
INC-59085104,rag_qa_service,prod,2024-12-29T12:00:00,2024-12-29T16:42:00,user_report,SEV2,external_dependency,latency_spike,True,282,272,26a80e04-2f31-42ca-8892-c6e14265f7f5,False,True
INC-a01b3a9f,energy_forecasting,staging,2024-12-29T18:00:00,2024-12-29T21:51:00,dashboard,SEV2,infra_outage,latency_spike,True,231,49,9702a9b5-f8ee-42ce-affc-704c1357377a,False,True
INC-36bf1ae2,energy_forecasting,staging,2024-12-29T20:00:00,2024-12-30T00:31:00,dashboard,SEV2,infra_outage,latency_spike,True,271,127,9702a9b5-f8ee-42ce-affc-704c1357377a,True,False
INC-3ca8d438,energy_forecasting,dev,2024-12-29T09:00:00,2024-12-29T22:52:00,dashboard,SEV1,external_dependency,latency_spike,True,832,172,c42e35a6-e89b-4eb4-b219-a1153ca40457,False,True
INC-ddf68db3,rag_qa_service,prod,2024-12-29T19:00:00,2024-12-29T23:53:00,user_report,SEV2,external_dependency,latency_spike,True,293,656,26a80e04-2f31-42ca-8892-c6e14265f7f5,False,False
INC-707794e0,recsys_clickthrough,staging,2024-12-29T05:00:00,2024-12-29T23:29:00,user_report,SEV1,external_dependency,latency_spike,True,1109,867,65c8cd2c-faf0-45ff-98e8-d14ca177f6c6,True,False
INC-19f00bcf,fraud_detection,prod,2024-12-28T07:00:00,2024-12-30T01:35:00,user_report,SEV1,infra_outage,latency_spike,True,2555,4143,69d7bd3c-9dff-467b-8776-1b96a4679196,False,False
INC-17c36720,rag_qa_service,dev,2024-12-29T13:00:00,2024-12-30T00:58:00,dashboard,SEV2,external_dependency,latency_spike,True,718,75,f65c5563-9d85-4843-97cc-daa64ddc0f64,True,True
INC-8fa76745,recsys_clickthrough,staging,2024-12-30T00:00:00,2024-12-30T03:21:00,dashboard,SEV1,infra_outage,latency_spike,True,201,11,088173a2-e953-4e5b-9387-8c469e0354cb,True,False
INC-3c94b2f9,recsys_clickthrough,staging,2024-12-30T01:00:00,2024-12-30T03:43:00,user_report,SEV2,external_dependency,latency_spike,True,163,8,65c8cd2c-faf0-45ff-98e8-d14ca177f6c6,True,False
INC-25a49c67,recsys_clickthrough,staging,2024-12-30T03:00:00,2024-12-30T04:38:00,alerting,SEV2,infra_outage,latency_spike,True,98,12,088173a2-e953-4e5b-9387-8c469e0354cb,True,True
INC-acfc3ce8,recsys_clickthrough,staging,2024-12-30T03:00:00,2024-12-30T07:36:00,user_report,SEV2,external_dependency,latency_spike,True,276,30,65c8cd2c-faf0-45ff-98e8-d14ca177f6c6,True,True
INC-1fcae71a,recsys_clickthrough,staging,2024-12-30T05:00:00,2024-12-30T15:24:00,user_report,SEV2,infra_outage,latency_spike,True,624,439,65c8cd2c-faf0-45ff-98e8-d14ca177f6c6,False,False
INC-dd9259b8,rag_qa_service,prod,2024-12-30T07:00:00,2024-12-30T15:26:00,alerting,SEV2,external_dependency,latency_spike,True,506,528,26a80e04-2f31-42ca-8892-c6e14265f7f5,True,False
INC-be99f5eb,rag_qa_service,dev,2024-12-30T07:00:00,2024-12-30T17:26:00,user_report,SEV2,infra_outage,latency_spike,True,626,62,f65c5563-9d85-4843-97cc-daa64ddc0f64,False,True
INC-42e9f713,recsys_clickthrough,staging,2024-12-30T14:00:00,2024-12-30T20:59:00,alerting,SEV3,external_dependency,latency_spike,True,419,238,088173a2-e953-4e5b-9387-8c469e0354cb,True,False
INC-c1d7f7e5,rag_qa_service,prod,2024-12-30T15:00:00,2024-12-30T16:25:00,dashboard,SEV2,external_dependency,latency_spike,True,85,144,26a80e04-2f31-42ca-8892-c6e14265f7f5,False,False
INC-759aab3b,recsys_clickthrough,staging,2024-12-30T17:00:00,2024-12-30T18:50:00,user_report,SEV2,infra_outage,latency_spike,True,110,21,ff0705f5-c4f5-4bda-9d6c-5f58534d1f95,False,True
INC-ad055634,rag_qa_service,dev,2024-12-30T16:00:00,2024-12-30T18:16:00,alerting,SEV2,external_dependency,latency_spike,True,136,15,f65c5563-9d85-4843-97cc-daa64ddc0f64,True,False
INC-cdff0304,recsys_clickthrough,staging,2024-12-30T18:00:00,2024-12-30T22:52:00,dashboard,SEV2,external_dependency,latency_spike,True,292,327,65c8cd2c-faf0-45ff-98e8-d14ca177f6c6,False,False
INC-f7f4ced4,recsys_clickthrough,staging,2024-12-30T22:00:00,2024-12-30T22:32:00,user_report,SEV2,external_dependency,latency_spike,True,32,136,65c8cd2c-faf0-45ff-98e8-d14ca177f6c6,True,False
INC-de0178ce,recsys_clickthrough,staging,2024-12-30T23:00:00,2024-12-30T23:48:00,dashboard,SEV2,infra_outage,latency_spike,True,48,27,69067adf-4e7b-48e1-a289-d7472adc32b3,True,False
INC-f38a5ad5,fraud_detection,prod,2024-12-30T05:00:00,2024-12-31T01:03:00,alerting,SEV2,infra_outage,latency_spike,True,1203,2157,69d7bd3c-9dff-467b-8776-1b96a4679196,False,False
INC-aa20a7d5,recsys_clickthrough,staging,2024-12-31T01:00:00,2024-12-31T01:31:00,alerting,SEV2,external_dependency,latency_spike,True,31,7,088173a2-e953-4e5b-9387-8c469e0354cb,False,False
INC-aa9dea71,rag_qa_service,dev,2024-12-30T20:00:00,2024-12-31T02:47:00,user_report,SEV2,external_dependency,latency_spike,True,407,41,f65c5563-9d85-4843-97cc-daa64ddc0f64,True,False
INC-42bbe7a9,recsys_clickthrough,staging,2024-12-31T02:00:00,2024-12-31T03:37:00,dashboard,SEV3,external_dependency,latency_spike,True,97,5,088173a2-e953-4e5b-9387-8c469e0354cb,True,True
INC-16ca6a8b,recsys_clickthrough,staging,2024-12-31T04:00:00,2024-12-31T06:32:00,alerting,SEV2,infra_outage,latency_spike,True,152,3,088173a2-e953-4e5b-9387-8c469e0354cb,False,False
INC-fe07801b,recsys_clickthrough,staging,2024-12-31T05:00:00,2024-12-31T06:21:00,dashboard,SEV3,infra_outage,latency_spike,True,81,9,088173a2-e953-4e5b-9387-8c469e0354cb,True,False
INC-6acc9fa9,recsys_clickthrough,staging,2024-12-31T06:00:00,2024-12-31T06:57:00,dashboard,SEV1,external_dependency,latency_spike,True,57,26,69067adf-4e7b-48e1-a289-d7472adc32b3,False,False
INC-6b69bdb7,rag_qa_service,dev,2024-12-31T06:00:00,2024-12-31T08:59:00,alerting,SEV3,external_dependency,latency_spike,True,179,4,f65c5563-9d85-4843-97cc-daa64ddc0f64,False,False
INC-2e8d3404,recsys_clickthrough,staging,2024-12-31T07:00:00,2024-12-31T08:21:00,dashboard,SEV3,external_dependency,latency_spike,True,81,58,65c8cd2c-faf0-45ff-98e8-d14ca177f6c6,True,False
INC-145cbfa3,rag_qa_service,dev,2024-12-31T08:00:00,2024-12-31T14:51:00,alerting,SEV3,external_dependency,latency_spike,True,411,36,f65c5563-9d85-4843-97cc-daa64ddc0f64,False,True
INC-06f2e70e,recsys_clickthrough,staging,2024-12-31T08:00:00,2024-12-31T14:47:00,dashboard,SEV2,infra_outage,latency_spike,True,407,487,ff0705f5-c4f5-4bda-9d6c-5f58534d1f95,True,False
INC-c719e606,rag_qa_service,dev,2024-12-31T13:00:00,2024-12-31T15:17:00,dashboard,SEV2,external_dependency,latency_spike,True,137,11,f65c5563-9d85-4843-97cc-daa64ddc0f64,True,False
INC-fac05fac,recsys_clickthrough,staging,2024-12-31T14:00:00,2024-12-31T15:09:00,user_report,SEV2,infra_outage,latency_spike,True,69,16,088173a2-e953-4e5b-9387-8c469e0354cb,True,False
INC-0040860d,rag_qa_service,dev,2024-12-31T15:00:00,2024-12-31T15:35:00,dashboard,SEV2,external_dependency,latency_spike,True,35,10,f65c5563-9d85-4843-97cc-daa64ddc0f64,False,True
INC-e7da66eb,recsys_clickthrough,staging,2024-12-31T16:00:00,2024-12-31T18:16:00,user_report,SEV2,infra_outage,latency_spike,True,136,9,69067adf-4e7b-48e1-a289-d7472adc32b3,False,False
INC-750d3f88,fraud_detection,staging,2024-12-31T18:00:00,2024-12-31T20:06:00,alerting,SEV2,external_dependency,latency_spike,True,126,37,eabd8ce5-68ba-4906-811b-1aaf662b6b75,False,False
INC-ec7805a0,rag_qa_service,dev,2024-12-31T18:00:00,2024-12-31T22:39:00,alerting,SEV3,external_dependency,latency_spike,True,279,19,f65c5563-9d85-4843-97cc-daa64ddc0f64,True,False
INC-2acc905c,recsys_clickthrough,staging,2024-12-31T16:00:00,2024-12-31T23:55:00,alerting,SEV2,infra_outage,latency_spike,True,475,561,088173a2-e953-4e5b-9387-8c469e0354cb,True,True
INC-0c39acb9,rag_qa_service,dev,2024-12-31T21:00:00,2025-01-01T01:30:00,alerting,SEV2,infra_outage,latency_spike,True,270,32,f65c5563-9d85-4843-97cc-daa64ddc0f64,False,False
INC-dc327327,fraud_detection,prod,2024-12-31T01:00:00,2025-01-01T01:36:00,dashboard,SEV3,infra_outage,latency_spike,True,1476,2163,69d7bd3c-9dff-467b-8776-1b96a4679196,True,True
INC-bf20a9a1,fraud_detection,prod,2025-01-01T03:00:00,2025-01-01T04:24:00,alerting,SEV1,external_dependency,latency_spike,True,84,80,69d7bd3c-9dff-467b-8776-1b96a4679196,True,False
INC-c93964eb,recsys_clickthrough,staging,2025-01-01T06:00:00,2025-01-01T10:59:00,user_report,SEV3,external_dependency,latency_spike,True,299,128,69067adf-4e7b-48e1-a289-d7472adc32b3,True,False
INC-436915fb,fraud_detection,staging,2025-01-01T09:00:00,2025-01-01T13:55:00,alerting,SEV1,external_dependency,error_spike,True,295,489,eabd8ce5-68ba-4906-811b-1aaf662b6b75,True,False
INC-72edf432,rag_qa_service,dev,2025-01-01T09:00:00,2025-01-01T11:15:00,alerting,SEV2,external_dependency,latency_spike,True,135,34,f65c5563-9d85-4843-97cc-daa64ddc0f64,False,True
INC-f569ea35,recsys_clickthrough,staging,2025-01-01T10:00:00,2025-01-01T14:50:00,user_report,SEV2,infra_outage,latency_spike,True,290,118,ff0705f5-c4f5-4bda-9d6c-5f58534d1f95,True,False
INC-c46a6892,recsys_clickthrough,staging,2025-01-01T13:00:00,2025-01-01T16:36:00,user_report,SEV2,infra_outage,latency_spike,True,216,11,69067adf-4e7b-48e1-a289-d7472adc32b3,True,False
INC-0742fc5e,recsys_clickthrough,staging,2025-01-01T15:00:00,2025-01-01T17:23:00,alerting,SEV3,external_dependency,latency_spike,True,143,50,69067adf-4e7b-48e1-a289-d7472adc32b3,True,False
INC-55fc4ba7,recsys_clickthrough,staging,2025-01-01T17:00:00,2025-01-01T17:29:00,alerting,SEV3,infra_outage,latency_spike,True,29,16,69067adf-4e7b-48e1-a289-d7472adc32b3,False,True
INC-17e6cb1f,fraud_detection,staging,2025-01-01T19:00:00,2025-01-02T00:13:00,user_report,SEV3,external_dependency,latency_spike,True,313,111,eabd8ce5-68ba-4906-811b-1aaf662b6b75,False,True
INC-ee471839,recsys_clickthrough,staging,2025-01-01T19:00:00,2025-01-02T01:24:00,dashboard,SEV2,infra_outage,latency_spike,True,384,235,ff0705f5-c4f5-4bda-9d6c-5f58534d1f95,False,False
INC-62042814,recsys_clickthrough,staging,2025-01-02T07:00:00,2025-01-02T15:16:00,dashboard,SEV1,external_dependency,latency_spike,True,496,210,69067adf-4e7b-48e1-a289-d7472adc32b3,True,True
INC-9cb40f27,fraud_detection,staging,2025-01-02T11:00:00,2025-01-02T14:43:00,alerting,SEV2,external_dependency,latency_spike,True,223,66,eabd8ce5-68ba-4906-811b-1aaf662b6b75,False,False
INC-edbb7366,recsys_clickthrough,staging,2025-01-02T13:00:00,2025-01-02T17:01:00,dashboard,SEV1,infra_outage,latency_spike,True,241,12,69067adf-4e7b-48e1-a289-d7472adc32b3,True,False
INC-d4047580,recsys_clickthrough,staging,2025-01-02T15:00:00,2025-01-02T19:00:00,alerting,SEV3,external_dependency,latency_spike,True,240,14,69067adf-4e7b-48e1-a289-d7472adc32b3,False,False
INC-5598a5bb,fraud_detection,staging,2025-01-02T16:00:00,2025-01-02T19:11:00,user_report,SEV2,infra_outage,latency_spike,True,191,27,eabd8ce5-68ba-4906-811b-1aaf662b6b75,False,False
INC-1916f7ee,recsys_clickthrough,staging,2025-01-02T16:00:00,2025-01-02T23:35:00,alerting,SEV3,infra_outage,latency_spike,True,455,274,69067adf-4e7b-48e1-a289-d7472adc32b3,True,True
INC-0f8a9903,recsys_clickthrough,staging,2025-01-02T23:00:00,2025-01-03T00:18:00,user_report,SEV2,external_dependency,latency_spike,True,78,8,69067adf-4e7b-48e1-a289-d7472adc32b3,False,False
INC-49839a99,fraud_detection,staging,2025-01-02T22:00:00,2025-01-03T00:55:00,alerting,SEV1,external_dependency,latency_spike,True,175,56,eabd8ce5-68ba-4906-811b-1aaf662b6b75,True,False
INC-a9bf1855,fraud_detection,staging,2025-01-03T06:00:00,2025-01-03T06:44:00,dashboard,SEV2,external_dependency,latency_spike,True,44,19,eabd8ce5-68ba-4906-811b-1aaf662b6b75,True,True
INC-10495960,recsys_clickthrough,staging,2025-01-03T09:00:00,2025-01-03T15:29:00,dashboard,SEV2,external_dependency,latency_spike,True,389,171,ff0705f5-c4f5-4bda-9d6c-5f58534d1f95,True,False
INC-dd47ce0e,recsys_clickthrough,staging,2025-01-03T16:00:00,2025-01-03T18:33:00,user_report,SEV2,external_dependency,latency_spike,True,153,26,ff0705f5-c4f5-4bda-9d6c-5f58534d1f95,False,False
INC-59de6921,fraud_detection,staging,2025-01-03T18:00:00,2025-01-03T22:38:00,alerting,SEV2,infra_outage,latency_spike,True,278,77,eabd8ce5-68ba-4906-811b-1aaf662b6b75,True,False
INC-773e39a7,recsys_clickthrough,staging,2025-01-03T19:00:00,2025-01-03T23:28:00,user_report,SEV3,external_dependency,latency_spike,True,268,126,ff0705f5-c4f5-4bda-9d6c-5f58534d1f95,True,False
INC-64738308,rag_qa_service,dev,2025-01-01T16:00:00,2025-01-04T00:30:00,dashboard,SEV1,infra_outage,latency_spike,True,3390,801,f65c5563-9d85-4843-97cc-daa64ddc0f64,True,True
INC-bfa0e029,rag_qa_service,dev,2025-01-04T01:00:00,2025-01-04T01:41:00,user_report,SEV2,infra_outage,latency_spike,True,41,7,f65c5563-9d85-4843-97cc-daa64ddc0f64,True,True
INC-a57d01ca,fraud_detection,staging,2025-01-04T09:00:00,2025-01-04T11:29:00,alerting,SEV2,infra_outage,latency_spike,True,149,39,eabd8ce5-68ba-4906-811b-1aaf662b6b75,True,False
INC-9db72101,fraud_detection,staging,2025-01-04T11:00:00,2025-01-04T13:03:00,dashboard,SEV3,infra_outage,latency_spike,True,123,28,eabd8ce5-68ba-4906-811b-1aaf662b6b75,False,True
INC-c2bf28a3,recsys_clickthrough,staging,2025-01-04T08:00:00,2025-01-04T15:56:00,alerting,SEV3,infra_outage,latency_spike,True,476,293,ff0705f5-c4f5-4bda-9d6c-5f58534d1f95,False,False
INC-1be67021,recsys_clickthrough,staging,2025-01-04T18:00:00,2025-01-04T21:03:00,alerting,SEV2,infra_outage,latency_spike,True,183,88,ff0705f5-c4f5-4bda-9d6c-5f58534d1f95,False,False
INC-cdde4d4b,recsys_clickthrough,staging,2025-01-04T22:00:00,2025-01-05T00:05:00,alerting,SEV3,external_dependency,latency_spike,True,125,59,ff0705f5-c4f5-4bda-9d6c-5f58534d1f95,False,True
INC-84d9851e,rag_qa_service,dev,2025-01-04T05:00:00,2025-01-05T00:52:00,user_report,SEV2,data_drift,metric_degradation,True,1192,225,f65c5563-9d85-4843-97cc-daa64ddc0f64,True,False
INC-75cd602f,recsys_clickthrough,staging,2025-01-05T10:00:00,2025-01-05T15:19:00,user_report,SEV2,infra_outage,latency_spike,True,319,239,ff0705f5-c4f5-4bda-9d6c-5f58534d1f95,True,False
INC-59ec97cb,recsys_clickthrough,staging,2025-01-05T16:00:00,2025-01-06T02:07:00,dashboard,SEV2,infra_outage,latency_spike,True,607,437,ff0705f5-c4f5-4bda-9d6c-5f58534d1f95,False,False
INC-4025d53d,recsys_clickthrough,staging,2025-01-06T07:00:00,2025-01-06T11:05:00,dashboard,SEV3,external_dependency,latency_spike,True,245,116,ff0705f5-c4f5-4bda-9d6c-5f58534d1f95,True,False
INC-6ed7fb6a,recsys_clickthrough,staging,2025-01-06T15:00:00,2025-01-06T18:40:00,user_report,SEV3,infra_outage,latency_spike,True,220,49,ff0705f5-c4f5-4bda-9d6c-5f58534d1f95,False,False
INC-77896957,recsys_clickthrough,staging,2025-01-06T18:00:00,2025-01-06T23:58:00,user_report,SEV2,external_dependency,latency_spike,True,358,319,ff0705f5-c4f5-4bda-9d6c-5f58534d1f95,False,True
INC-ba3a889e,recsys_clickthrough,staging,2025-01-07T08:00:00,2025-01-07T14:11:00,alerting,SEV2,infra_outage,latency_spike,True,371,400,ff0705f5-c4f5-4bda-9d6c-5f58534d1f95,False,False
INC-4284d8bc,rag_qa_service,staging,2024-11-12T17:00:00,2024-11-15T03:34:00,dashboard,SEV2,infra_outage,latency_spike,True,3514,3123,bf96e7c8-f7ce-4115-afb0-fe6b04957697,True,False
INC-6cf20c7a,energy_forecasting,prod,2024-12-10T13:00:00,2024-12-13T12:43:00,user_report,SEV1,infra_outage,latency_spike,True,4303,14224,5128f61b-7e3b-405a-8d91-8f7114f14b6a,True,True
INC-b86818ae,recsys_clickthrough,dev,2024-12-10T18:00:00,2024-12-10T20:56:00,user_report,SEV1,infra_outage,latency_spike,True,176,15,54df175d-7131-4636-813b-26d46a213566,False,True
INC-822671b7,fraud_detection,dev,2024-12-22T06:00:00,2024-12-27T01:42:00,alerting,SEV2,external_dependency,latency_spike,True,6942,907,254274fa-9b05-4ee1-ba41-abad3dc9b9f3,True,False
INC-f429a9f9,energy_forecasting,staging,2024-12-30T05:00:00,2024-12-30T23:19:00,alerting,SEV2,data_pipeline_failure,metric_degradation,True,1099,893,9702a9b5-f8ee-42ce-affc-704c1357377a,False,False
INC-15db9f77,energy_forecasting,dev,2024-12-30T07:00:00,2025-01-01T22:49:00,dashboard,SEV1,infra_outage,latency_spike,True,3829,718,c42e35a6-e89b-4eb4-b219-a1153ca40457,True,True
INC-817f9070,rag_qa_service,prod,2024-12-30T18:00:00,2025-01-04T17:43:00,alerting,SEV1,external_dependency,latency_spike,True,7183,18174,26a80e04-2f31-42ca-8892-c6e14265f7f5,False,True
INC-c782c23d,fraud_detection,prod,2025-01-01T06:00:00,2025-01-01T18:27:00,user_report,SEV2,external_dependency,latency_spike,True,747,944,69d7bd3c-9dff-467b-8776-1b96a4679196,False,True
INC-98c08d88,fraud_detection,staging,2025-01-04T18:00:00,2025-01-10T15:00:00,alerting,SEV2,external_dependency,latency_spike,True,8460,5757,eabd8ce5-68ba-4906-811b-1aaf662b6b75,True,False
INC-da4caa01,recsys_clickthrough,staging,2025-01-07T16:00:00,2025-01-09T10:38:00,alerting,SEV1,infra_outage,latency_spike,True,2558,2681,ff0705f5-c4f5-4bda-9d6c-5f58534d1f95,True,False
